Meas Point;Vol.;Conc.;Cond. R;Temp. R;Cond. Q;Temp. Q;
;ml;mg/l;µS/cm;°C;µS/cm;°C;
0;500.0;0.00;6.8;6.2;6.6;6.1;
1;500.5;5.00;17.6;6.2;17.5;6.1;
2;501.0;9.98;28.4;6.3;28.3;6.1;
3;501.5;14.96;39.2;6.3;39.1;6.1;
4;502.0;19.92;50.0;6.3;49.9;6.2;
5;502.5;24.88;60.9;6.3;60.6;6.2;
6;503.0;29.82;71.5;6.4;71.3;6.2;

Date/Time;Meas Point;Cond. R;Cond. Q;Temp. R;Temp. Q;
5/9/2018 8:11:14 PM;0;6.3;6.3;5.5;5.3;
5/9/2018 8:11:15 PM;1;6.3;6.3;5.5;5.3;
5/9/2018 8:11:16 PM;2;6.3;6.3;5.5;5.3;
5/9/2018 8:11:17 PM;3;6.3;6.3;5.5;5.3;
5/9/2018 8:11:18 PM;4;6.3;6.3;5.5;5.3;
5/9/2018 8:11:19 PM;5;6.3;6.3;5.5;5.3;
5/9/2018 8:11:20 PM;6;6.3;6.3;5.5;5.3;
5/9/2018 8:11:21 PM;7;6.3;6.3;5.5;5.3;
5/9/2018 8:11:22 PM;8;6.3;6.3;5.5;5.3;
5/9/2018 8:11:23 PM;9;6.3;6.3;5.5;5.3;
5/9/2018 8:11:24 PM;10;6.3;6.3;5.5;5.3;
5/9/2018 8:11:25 PM;11;6.3;6.3;5.5;5.3;
5/9/2018 8:11:26 PM;12;6.3;6.3;5.5;5.3;
5/9/2018 8:11:27 PM;13;6.3;6.3;5.5;5.3;
5/9/2018 8:11:28 PM;14;6.3;6.3;5.5;5.3;
5/9/2018 8:11:29 PM;15;6.3;6.3;5.5;5.3;
5/9/2018 8:11:30 PM;16;6.3;6.3;5.5;5.3;
5/9/2018 8:11:31 PM;17;6.3;6.3;5.5;5.3;
5/9/2018 8:11:32 PM;18;6.3;6.3;5.5;5.3;
5/9/2018 8:11:33 PM;19;6.3;6.3;5.5;5.3;
5/9/2018 8:11:34 PM;20;6.3;6.3;5.5;5.3;
5/9/2018 8:11:35 PM;21;6.3;6.3;5.5;5.3;
5/9/2018 8:11:36 PM;22;6.3;6.3;5.5;5.3;
5/9/2018 8:11:37 PM;23;6.3;6.3;5.5;5.3;
5/9/2018 8:11:38 PM;24;6.3;6.3;5.5;5.3;
5/9/2018 8:11:39 PM;25;6.3;6.3;5.5;5.3;
5/9/2018 8:11:40 PM;26;6.3;6.3;5.5;5.3;
5/9/2018 8:11:41 PM;27;6.3;6.3;5.5;5.3;
5/9/2018 8:11:42 PM;28;6.3;6.3;5.5;5.3;
5/9/2018 8:11:43 PM;29;6.3;6.3;5.5;5.3;
5/9/2018 8:11:44 PM;30;6.3;6.3;5.5;5.3;
5/9/2018 8:11:45 PM;31;6.3;6.3;5.5;5.3;
5/9/2018 8:11:46 PM;32;6.3;6.3;5.5;5.3;
5/9/2018 8:11:47 PM;33;6.3;6.3;5.5;5.3;
5/9/2018 8:11:48 PM;34;6.3;6.3;5.5;5.3;
5/9/2018 8:11:49 PM;35;6.3;6.3;5.5;5.3;
5/9/2018 8:11:50 PM;36;6.3;6.3;5.5;5.3;
5/9/2018 8:11:51 PM;37;6.3;6.3;5.5;5.3;
5/9/2018 8:11:52 PM;38;6.3;6.3;5.5;5.3;
5/9/2018 8:11:53 PM;39;6.3;6.3;5.5;5.3;
5/9/2018 8:11:54 PM;40;6.3;6.3;5.5;5.3;
5/9/2018 8:11:55 PM;41;6.3;6.3;5.5;5.3;
5/9/2018 8:11:56 PM;42;6.3;6.3;5.5;5.3;
5/9/2018 8:11:57 PM;43;6.3;6.3;5.5;5.3;
5/9/2018 8:11:58 PM;44;6.3;6.3;5.5;5.3;
5/9/2018 8:11:59 PM;45;6.3;6.3;5.5;5.3;
5/9/2018 8:12:00 PM;46;6.3;6.3;5.5;5.3;
5/9/2018 8:12:01 PM;47;6.3;6.3;5.5;5.3;
5/9/2018 8:12:02 PM;48;6.3;6.3;5.5;5.3;
5/9/2018 8:12:03 PM;49;6.3;6.3;5.5;5.3;
5/9/2018 8:12:04 PM;50;6.3;6.3;5.5;5.3;
5/9/2018 8:12:05 PM;51;6.3;6.3;5.5;5.3;
5/9/2018 8:12:06 PM;52;6.3;6.3;5.5;5.3;
5/9/2018 8:12:07 PM;53;6.3;6.3;5.5;5.3;
5/9/2018 8:12:08 PM;54;6.3;6.3;5.5;5.3;
5/9/2018 8:12:09 PM;55;6.3;6.3;5.5;5.3;
5/9/2018 8:12:10 PM;56;6.3;6.3;5.5;5.3;
5/9/2018 8:12:11 PM;57;6.3;6.3;5.5;5.3;
5/9/2018 8:12:12 PM;58;6.3;6.3;5.5;5.3;
5/9/2018 8:12:13 PM;59;6.3;6.3;5.5;5.3;
5/9/2018 8:12:14 PM;60;6.3;6.3;5.5;5.3;
5/9/2018 8:12:15 PM;61;6.3;6.3;5.5;5.3;
5/9/2018 8:12:16 PM;62;6.3;6.3;5.5;5.3;
5/9/2018 8:12:17 PM;63;6.3;6.3;5.5;5.3;
5/9/2018 8:12:18 PM;64;6.3;6.3;5.5;5.3;
5/9/2018 8:12:19 PM;65;6.3;6.3;5.5;5.3;
5/9/2018 8:12:20 PM;66;6.3;6.3;5.5;5.3;
5/9/2018 8:12:21 PM;67;6.3;6.3;5.5;5.3;
5/9/2018 8:12:22 PM;68;6.3;6.3;5.5;5.3;
5/9/2018 8:12:23 PM;69;6.3;6.3;5.5;5.3;
5/9/2018 8:12:24 PM;70;6.3;6.3;5.5;5.3;
5/9/2018 8:12:25 PM;71;6.3;6.3;5.5;5.3;
5/9/2018 8:12:26 PM;72;6.3;6.3;5.5;5.3;
5/9/2018 8:12:27 PM;73;6.3;6.3;5.5;5.3;
5/9/2018 8:12:28 PM;74;6.3;6.3;5.5;5.3;
5/9/2018 8:12:29 PM;75;6.3;6.3;5.5;5.3;
5/9/2018 8:12:30 PM;76;6.3;6.3;5.5;5.3;
5/9/2018 8:12:31 PM;77;6.3;6.3;5.5;5.3;
5/9/2018 8:12:32 PM;78;6.3;6.3;5.5;5.3;
5/9/2018 8:12:33 PM;79;6.3;6.3;5.5;5.3;
5/9/2018 8:12:34 PM;80;6.3;6.3;5.5;5.3;
5/9/2018 8:12:35 PM;81;6.3;6.3;5.5;5.3;
5/9/2018 8:12:36 PM;82;6.3;6.3;5.5;5.3;
5/9/2018 8:12:37 PM;83;6.3;6.3;5.5;5.3;
5/9/2018 8:12:38 PM;84;6.3;6.3;5.5;5.3;
5/9/2018 8:12:39 PM;85;6.3;6.3;5.5;5.3;
5/9/2018 8:12:40 PM;86;6.3;6.3;5.5;5.3;
5/9/2018 8:12:41 PM;87;6.3;6.3;5.5;5.3;
5/9/2018 8:12:42 PM;88;6.3;6.3;5.5;5.3;
5/9/2018 8:12:43 PM;89;6.3;6.3;5.5;5.3;
5/9/2018 8:12:44 PM;90;6.3;6.3;5.5;5.3;
5/9/2018 8:12:45 PM;91;6.3;6.3;5.5;5.3;
5/9/2018 8:12:46 PM;92;6.3;6.3;5.5;5.3;
5/9/2018 8:12:47 PM;93;6.3;6.3;5.5;5.3;
5/9/2018 8:12:48 PM;94;6.3;6.3;5.5;5.3;
5/9/2018 8:12:49 PM;95;6.3;6.3;5.5;5.3;
5/9/2018 8:12:50 PM;96;6.3;6.3;5.5;5.3;
5/9/2018 8:12:51 PM;97;6.3;6.3;5.5;5.3;
5/9/2018 8:12:52 PM;98;6.3;6.3;5.5;5.3;
5/9/2018 8:12:53 PM;99;6.3;6.3;5.5;5.3;
5/9/2018 8:12:54 PM;100;6.3;6.3;5.5;5.3;
5/9/2018 8:12:55 PM;101;6.3;6.3;5.5;5.3;
5/9/2018 8:12:56 PM;102;6.3;6.3;5.5;5.3;
5/9/2018 8:12:57 PM;103;6.3;6.3;5.5;5.3;
5/9/2018 8:12:58 PM;104;6.3;6.3;5.5;5.3;
5/9/2018 8:12:59 PM;105;6.3;6.3;5.5;5.3;
5/9/2018 8:13:00 PM;106;6.3;6.3;5.5;5.3;
5/9/2018 8:13:01 PM;107;6.3;6.3;5.5;5.3;
5/9/2018 8:13:02 PM;108;6.3;6.3;5.5;5.3;
5/9/2018 8:13:03 PM;109;6.3;6.3;5.5;5.3;
5/9/2018 8:13:04 PM;110;6.3;6.3;5.5;5.3;
5/9/2018 8:13:05 PM;111;6.3;6.3;5.5;5.3;
5/9/2018 8:13:06 PM;112;6.3;6.3;5.5;5.3;
5/9/2018 8:13:07 PM;113;6.3;6.3;5.5;5.3;
5/9/2018 8:13:08 PM;114;6.3;6.3;5.5;5.3;
5/9/2018 8:13:09 PM;115;6.3;6.3;5.5;5.3;
5/9/2018 8:13:10 PM;116;6.3;6.3;5.5;5.3;
5/9/2018 8:13:11 PM;117;6.3;6.3;5.5;5.3;
5/9/2018 8:13:12 PM;118;6.3;6.3;5.5;5.3;
5/9/2018 8:13:13 PM;119;6.3;6.3;5.5;5.3;
5/9/2018 8:13:14 PM;120;6.3;6.3;5.5;5.3;
5/9/2018 8:13:15 PM;121;6.3;6.3;5.5;5.3;
5/9/2018 8:13:16 PM;122;6.3;6.3;5.5;5.3;
5/9/2018 8:13:17 PM;123;6.3;6.3;5.5;5.3;
5/9/2018 8:13:18 PM;124;6.3;6.3;5.5;5.3;
5/9/2018 8:13:19 PM;125;6.3;6.3;5.5;5.3;
5/9/2018 8:13:20 PM;126;6.3;6.3;5.5;5.3;
5/9/2018 8:13:21 PM;127;6.3;6.3;5.5;5.3;
5/9/2018 8:13:22 PM;128;6.3;6.3;5.5;5.3;
5/9/2018 8:13:23 PM;129;6.3;6.3;5.5;5.3;
5/9/2018 8:13:24 PM;130;6.3;6.3;5.5;5.3;
5/9/2018 8:13:25 PM;131;6.3;6.3;5.5;5.3;
5/9/2018 8:13:26 PM;132;6.3;6.3;5.5;5.3;
5/9/2018 8:13:27 PM;133;6.3;6.3;5.5;5.3;
5/9/2018 8:13:28 PM;134;6.3;6.3;5.5;5.3;
5/9/2018 8:13:29 PM;135;6.3;6.3;5.5;5.3;
5/9/2018 8:13:30 PM;136;6.3;6.3;5.5;5.3;
5/9/2018 8:13:31 PM;137;6.3;6.3;5.5;5.3;
5/9/2018 8:13:32 PM;138;6.3;6.3;5.5;5.3;
5/9/2018 8:13:33 PM;139;6.3;6.3;5.5;5.3;
5/9/2018 8:13:34 PM;140;6.3;6.3;5.5;5.3;
5/9/2018 8:13:35 PM;141;6.3;6.3;5.5;5.3;
5/9/2018 8:13:36 PM;142;6.3;6.3;5.5;5.3;
5/9/2018 8:13:37 PM;143;6.3;6.3;5.5;5.3;
5/9/2018 8:13:38 PM;144;6.3;6.3;5.5;5.3;
5/9/2018 8:13:39 PM;145;6.3;6.3;5.5;5.3;
5/9/2018 8:13:40 PM;146;6.3;6.3;5.5;5.3;
5/9/2018 8:13:41 PM;147;6.3;6.3;5.5;5.3;
5/9/2018 8:13:42 PM;148;6.3;6.3;5.5;5.3;
5/9/2018 8:13:43 PM;149;6.3;6.3;5.5;5.3;
5/9/2018 8:13:44 PM;150;6.3;6.3;5.5;5.3;
5/9/2018 8:13:45 PM;151;6.3;6.3;5.5;5.3;
5/9/2018 8:13:46 PM;152;6.3;6.3;5.5;5.3;
5/9/2018 8:13:47 PM;153;6.3;6.3;5.5;5.3;
5/9/2018 8:13:48 PM;154;6.3;6.3;5.5;5.3;
5/9/2018 8:13:49 PM;155;6.3;6.3;5.5;5.3;
5/9/2018 8:13:50 PM;156;6.3;6.3;5.5;5.3;
5/9/2018 8:13:51 PM;157;6.3;6.3;5.5;5.3;
5/9/2018 8:13:52 PM;158;6.3;6.3;5.5;5.3;
5/9/2018 8:13:53 PM;159;6.3;6.3;5.5;5.3;
5/9/2018 8:13:54 PM;160;6.3;6.3;5.5;5.3;
5/9/2018 8:13:55 PM;161;6.3;6.3;5.5;5.3;
5/9/2018 8:13:56 PM;162;6.3;6.3;5.5;5.3;
5/9/2018 8:13:57 PM;163;6.3;6.3;5.5;5.3;
5/9/2018 8:13:58 PM;164;6.3;6.3;5.5;5.3;
5/9/2018 8:13:59 PM;165;6.3;6.3;5.5;5.3;
5/9/2018 8:14:00 PM;166;6.3;6.3;5.5;5.3;
5/9/2018 8:14:01 PM;167;6.3;6.3;5.5;5.3;
5/9/2018 8:14:02 PM;168;6.3;6.3;5.5;5.3;
5/9/2018 8:14:03 PM;169;6.3;6.3;5.5;5.3;
5/9/2018 8:14:04 PM;170;6.3;6.3;5.5;5.3;
5/9/2018 8:14:05 PM;171;6.3;6.3;5.5;5.3;
5/9/2018 8:14:06 PM;172;6.3;6.3;5.5;5.3;
5/9/2018 8:14:07 PM;173;6.3;6.3;5.5;5.3;
5/9/2018 8:14:08 PM;174;6.3;6.3;5.5;5.3;
5/9/2018 8:14:09 PM;175;6.3;6.3;5.5;5.2;
5/9/2018 8:14:10 PM;176;6.3;6.3;5.5;5.2;
5/9/2018 8:14:11 PM;177;6.3;6.3;5.5;5.2;
5/9/2018 8:14:12 PM;178;6.3;6.3;5.5;5.2;
5/9/2018 8:14:13 PM;179;6.3;6.3;5.5;5.2;
5/9/2018 8:14:14 PM;180;6.3;6.3;5.5;5.2;
5/9/2018 8:14:15 PM;181;6.3;6.3;5.5;5.2;
5/9/2018 8:14:16 PM;182;6.3;6.3;5.5;5.2;
5/9/2018 8:14:17 PM;183;6.3;6.3;5.5;5.2;
5/9/2018 8:14:18 PM;184;6.3;6.3;5.5;5.2;
5/9/2018 8:14:19 PM;185;6.3;6.3;5.5;5.2;
5/9/2018 8:14:20 PM;186;6.3;6.3;5.5;5.2;
5/9/2018 8:14:21 PM;187;6.3;6.3;5.5;5.2;
5/9/2018 8:14:22 PM;188;6.3;6.3;5.5;5.2;
5/9/2018 8:14:23 PM;189;6.3;6.3;5.5;5.2;
5/9/2018 8:14:24 PM;190;6.3;6.3;5.5;5.2;
5/9/2018 8:14:25 PM;191;6.3;6.3;5.5;5.2;
5/9/2018 8:14:26 PM;192;6.3;6.3;5.5;5.2;
5/9/2018 8:14:27 PM;193;6.3;6.3;5.5;5.2;
5/9/2018 8:14:28 PM;194;6.3;6.3;5.5;5.2;
5/9/2018 8:14:29 PM;195;6.3;6.3;5.5;5.2;
5/9/2018 8:14:30 PM;196;6.3;6.3;5.5;5.2;
5/9/2018 8:14:31 PM;197;6.3;6.3;5.5;5.2;
5/9/2018 8:14:32 PM;198;6.3;6.3;5.5;5.2;
5/9/2018 8:14:33 PM;199;6.3;6.3;5.5;5.2;
5/9/2018 8:14:34 PM;200;6.3;6.3;5.5;5.2;
5/9/2018 8:14:35 PM;201;6.3;6.3;5.5;5.2;
5/9/2018 8:14:36 PM;202;6.3;6.3;5.5;5.2;
5/9/2018 8:14:37 PM;203;6.3;6.3;5.5;5.2;
5/9/2018 8:14:38 PM;204;6.3;6.3;5.5;5.2;
5/9/2018 8:14:39 PM;205;6.3;6.3;5.5;5.2;
5/9/2018 8:14:40 PM;206;6.3;6.3;5.5;5.2;
5/9/2018 8:14:41 PM;207;6.3;6.3;5.5;5.2;
5/9/2018 8:14:42 PM;208;6.3;6.3;5.5;5.2;
5/9/2018 8:14:43 PM;209;6.3;6.3;5.5;5.2;
5/9/2018 8:14:44 PM;210;6.3;6.3;5.5;5.2;
5/9/2018 8:14:45 PM;211;6.3;6.3;5.5;5.2;
5/9/2018 8:14:46 PM;212;6.3;6.3;5.5;5.2;
5/9/2018 8:14:47 PM;213;6.3;6.3;5.5;5.2;
5/9/2018 8:14:48 PM;214;6.3;6.3;5.5;5.2;
5/9/2018 8:14:49 PM;215;6.3;6.3;5.5;5.2;
5/9/2018 8:14:50 PM;216;6.3;6.3;5.5;5.2;
5/9/2018 8:14:51 PM;217;6.3;6.3;5.5;5.2;
5/9/2018 8:14:52 PM;218;6.3;6.3;5.5;5.2;
5/9/2018 8:14:53 PM;219;6.3;6.3;5.5;5.2;
5/9/2018 8:14:54 PM;220;6.3;6.3;5.5;5.2;
5/9/2018 8:14:55 PM;221;6.3;6.3;5.5;5.2;
5/9/2018 8:14:56 PM;222;6.3;6.3;5.5;5.2;
5/9/2018 8:14:57 PM;223;6.3;6.3;5.5;5.2;
5/9/2018 8:14:58 PM;224;6.3;6.3;5.5;5.2;
5/9/2018 8:14:59 PM;225;6.3;6.3;5.5;5.2;
5/9/2018 8:15:00 PM;226;6.3;6.3;5.5;5.2;
5/9/2018 8:15:01 PM;227;6.3;6.3;5.5;5.2;
5/9/2018 8:15:02 PM;228;6.3;6.3;5.5;5.2;
5/9/2018 8:15:03 PM;229;6.3;6.3;5.5;5.2;
5/9/2018 8:15:04 PM;230;6.3;6.3;5.5;5.2;
5/9/2018 8:15:05 PM;231;6.3;6.3;5.5;5.2;
5/9/2018 8:15:06 PM;232;6.3;6.3;5.5;5.2;
5/9/2018 8:15:07 PM;233;6.3;6.3;5.5;5.2;
5/9/2018 8:15:08 PM;234;6.3;6.3;5.5;5.2;
5/9/2018 8:15:09 PM;235;6.3;6.3;5.5;5.2;
5/9/2018 8:15:10 PM;236;6.3;6.3;5.5;5.2;
5/9/2018 8:15:11 PM;237;6.3;6.3;5.5;5.2;
5/9/2018 8:15:12 PM;238;6.3;6.3;5.5;5.2;
5/9/2018 8:15:13 PM;239;6.3;6.3;5.5;5.2;
5/9/2018 8:15:14 PM;240;6.3;6.3;5.5;5.2;
5/9/2018 8:15:15 PM;241;6.3;6.3;5.5;5.2;
5/9/2018 8:15:16 PM;242;6.3;6.3;5.5;5.2;
5/9/2018 8:15:17 PM;243;6.3;6.3;5.5;5.2;
5/9/2018 8:15:18 PM;244;6.3;6.3;5.5;5.2;
5/9/2018 8:15:19 PM;245;6.3;6.3;5.5;5.2;
5/9/2018 8:15:20 PM;246;6.3;6.3;5.5;5.2;
5/9/2018 8:15:21 PM;247;6.3;6.3;5.5;5.2;
5/9/2018 8:15:22 PM;248;6.3;6.3;5.5;5.2;
5/9/2018 8:15:23 PM;249;6.3;6.3;5.5;5.2;
5/9/2018 8:15:24 PM;250;6.3;6.3;5.5;5.2;
5/9/2018 8:15:25 PM;251;6.3;6.3;5.5;5.2;
5/9/2018 8:15:26 PM;252;6.3;6.3;5.5;5.2;
5/9/2018 8:15:27 PM;253;6.3;6.3;5.5;5.2;
5/9/2018 8:15:28 PM;254;6.3;6.3;5.5;5.2;
5/9/2018 8:15:29 PM;255;6.3;6.3;5.5;5.2;
5/9/2018 8:15:30 PM;256;6.3;6.3;5.5;5.2;
5/9/2018 8:15:31 PM;257;6.3;6.3;5.5;5.2;
5/9/2018 8:15:32 PM;258;6.3;6.3;5.5;5.2;
5/9/2018 8:15:33 PM;259;6.3;6.3;5.5;5.2;
5/9/2018 8:15:34 PM;260;6.3;6.3;5.5;5.2;
5/9/2018 8:15:35 PM;261;6.3;6.3;5.5;5.2;
5/9/2018 8:15:36 PM;262;6.3;6.3;5.5;5.2;
5/9/2018 8:15:37 PM;263;6.3;6.3;5.5;5.2;
5/9/2018 8:15:38 PM;264;6.3;6.3;5.5;5.2;
5/9/2018 8:15:39 PM;265;6.3;6.3;5.5;5.2;
5/9/2018 8:15:40 PM;266;6.3;6.3;5.5;5.2;
5/9/2018 8:15:41 PM;267;6.3;6.3;5.5;5.2;
5/9/2018 8:15:42 PM;268;6.3;6.3;5.5;5.2;
5/9/2018 8:15:43 PM;269;6.3;6.3;5.5;5.2;
5/9/2018 8:15:44 PM;270;6.3;6.3;5.5;5.2;
5/9/2018 8:15:45 PM;271;6.3;6.3;5.5;5.2;
5/9/2018 8:15:46 PM;272;6.3;6.3;5.5;5.2;
5/9/2018 8:15:47 PM;273;6.3;6.3;5.5;5.2;
5/9/2018 8:15:48 PM;274;6.3;6.3;5.5;5.2;
5/9/2018 8:15:49 PM;275;6.3;6.3;5.5;5.2;
5/9/2018 8:15:50 PM;276;6.3;6.3;5.5;5.2;
5/9/2018 8:15:51 PM;277;6.3;6.3;5.5;5.2;
5/9/2018 8:15:52 PM;278;6.3;6.3;5.5;5.2;
5/9/2018 8:15:53 PM;279;6.3;6.3;5.5;5.2;
5/9/2018 8:15:54 PM;280;6.3;6.3;5.5;5.2;
5/9/2018 8:15:55 PM;281;6.3;6.3;5.5;5.2;
5/9/2018 8:15:56 PM;282;6.3;6.3;5.5;5.2;
5/9/2018 8:15:57 PM;283;6.3;6.3;5.5;5.2;
5/9/2018 8:15:58 PM;284;6.3;6.3;5.5;5.2;
5/9/2018 8:15:59 PM;285;6.3;6.3;5.5;5.2;
5/9/2018 8:16:00 PM;286;6.3;6.3;5.5;5.2;
5/9/2018 8:16:01 PM;287;6.3;6.3;5.5;5.2;
5/9/2018 8:16:02 PM;288;6.3;6.3;5.5;5.2;
5/9/2018 8:16:03 PM;289;6.3;6.3;5.5;5.2;
5/9/2018 8:16:04 PM;290;6.3;6.3;5.5;5.2;
5/9/2018 8:16:05 PM;291;6.3;6.3;5.5;5.2;
5/9/2018 8:16:06 PM;292;6.3;6.3;5.5;5.2;
5/9/2018 8:16:07 PM;293;6.3;6.3;5.5;5.2;
5/9/2018 8:16:08 PM;294;6.3;6.3;5.5;5.2;
5/9/2018 8:16:09 PM;295;6.3;6.3;5.5;5.2;
5/9/2018 8:16:10 PM;296;6.3;6.3;5.5;5.2;
5/9/2018 8:16:11 PM;297;6.3;6.3;5.5;5.2;
5/9/2018 8:16:12 PM;298;6.3;6.3;5.5;5.2;
5/9/2018 8:16:13 PM;299;6.3;6.3;5.5;5.2;
5/9/2018 8:16:14 PM;300;6.3;6.3;5.5;5.2;
5/9/2018 8:16:15 PM;301;6.3;6.3;5.5;5.2;
5/9/2018 8:16:16 PM;302;6.3;6.3;5.5;5.2;
5/9/2018 8:16:17 PM;303;6.3;6.3;5.5;5.2;
5/9/2018 8:16:18 PM;304;6.3;6.3;5.5;5.2;
5/9/2018 8:16:19 PM;305;6.3;6.3;5.5;5.2;
5/9/2018 8:16:20 PM;306;6.3;6.3;5.5;5.2;
5/9/2018 8:16:21 PM;307;6.3;6.3;5.5;5.2;
5/9/2018 8:16:22 PM;308;6.3;6.3;5.5;5.2;
5/9/2018 8:16:23 PM;309;6.3;6.3;5.5;5.2;
5/9/2018 8:16:24 PM;310;6.3;6.3;5.5;5.2;
5/9/2018 8:16:25 PM;311;6.3;6.3;5.5;5.2;
5/9/2018 8:16:26 PM;312;6.3;6.3;5.5;5.2;
5/9/2018 8:16:27 PM;313;6.3;6.3;5.5;5.2;
5/9/2018 8:16:28 PM;314;6.3;6.3;5.5;5.2;
5/9/2018 8:16:29 PM;315;6.3;6.3;5.5;5.2;
5/9/2018 8:16:30 PM;316;6.3;6.3;5.5;5.2;
5/9/2018 8:16:31 PM;317;6.3;6.3;5.5;5.2;
5/9/2018 8:16:32 PM;318;6.3;6.3;5.5;5.2;
5/9/2018 8:16:33 PM;319;6.3;6.3;5.5;5.2;
5/9/2018 8:16:34 PM;320;6.3;6.3;5.5;5.2;
5/9/2018 8:16:35 PM;321;6.3;6.3;5.5;5.2;
5/9/2018 8:16:36 PM;322;6.3;6.3;5.5;5.2;
5/9/2018 8:16:37 PM;323;6.3;6.3;5.5;5.2;
5/9/2018 8:16:38 PM;324;6.3;6.3;5.5;5.2;
5/9/2018 8:16:39 PM;325;6.3;6.3;5.5;5.2;
5/9/2018 8:16:40 PM;326;6.3;6.3;5.5;5.2;
5/9/2018 8:16:41 PM;327;6.3;6.3;5.5;5.2;
5/9/2018 8:16:42 PM;328;6.3;6.3;5.5;5.2;
5/9/2018 8:16:43 PM;329;6.3;6.3;5.5;5.2;
5/9/2018 8:16:44 PM;330;6.3;6.3;5.4;5.2;
5/9/2018 8:16:45 PM;331;6.3;6.3;5.4;5.2;
5/9/2018 8:16:46 PM;332;6.3;6.3;5.4;5.2;
5/9/2018 8:16:47 PM;333;6.3;6.3;5.4;5.2;
5/9/2018 8:16:48 PM;334;6.3;6.3;5.4;5.2;
5/9/2018 8:16:49 PM;335;6.3;6.3;5.4;5.2;
5/9/2018 8:16:50 PM;336;6.3;6.3;5.4;5.2;
5/9/2018 8:16:51 PM;337;6.3;6.3;5.4;5.2;
5/9/2018 8:16:52 PM;338;6.3;6.3;5.4;5.2;
5/9/2018 8:16:53 PM;339;6.3;6.3;5.4;5.2;
5/9/2018 8:16:54 PM;340;6.3;6.3;5.4;5.2;
5/9/2018 8:16:55 PM;341;6.3;6.3;5.4;5.2;
5/9/2018 8:16:56 PM;342;6.3;6.3;5.4;5.2;
5/9/2018 8:16:57 PM;343;6.3;6.3;5.4;5.2;
5/9/2018 8:16:58 PM;344;6.3;6.3;5.4;5.2;
5/9/2018 8:16:59 PM;345;6.3;6.3;5.4;5.2;
5/9/2018 8:17:00 PM;346;6.3;6.3;5.4;5.2;
5/9/2018 8:17:01 PM;347;6.3;6.3;5.4;5.2;
5/9/2018 8:17:02 PM;348;6.3;6.3;5.4;5.2;
5/9/2018 8:17:03 PM;349;6.3;6.3;5.4;5.2;
5/9/2018 8:17:04 PM;350;6.3;6.3;5.4;5.2;
5/9/2018 8:17:05 PM;351;6.3;6.3;5.4;5.2;
5/9/2018 8:17:06 PM;352;6.3;6.3;5.4;5.2;
5/9/2018 8:17:07 PM;353;6.3;6.3;5.4;5.2;
5/9/2018 8:17:08 PM;354;6.3;6.3;5.4;5.2;
5/9/2018 8:17:09 PM;355;6.3;6.3;5.4;5.2;
5/9/2018 8:17:10 PM;356;6.3;6.3;5.4;5.2;
5/9/2018 8:17:11 PM;357;6.3;6.3;5.4;5.2;
5/9/2018 8:17:12 PM;358;6.3;6.3;5.4;5.2;
5/9/2018 8:17:13 PM;359;6.3;6.3;5.4;5.2;
5/9/2018 8:17:14 PM;360;6.3;6.3;5.4;5.2;
5/9/2018 8:17:15 PM;361;6.3;6.3;5.4;5.2;
5/9/2018 8:17:16 PM;362;6.3;6.3;5.4;5.2;
5/9/2018 8:17:17 PM;363;6.3;6.3;5.4;5.2;
5/9/2018 8:17:18 PM;364;6.3;6.3;5.4;5.2;
5/9/2018 8:17:19 PM;365;6.3;6.3;5.4;5.2;
5/9/2018 8:17:20 PM;366;6.3;6.3;5.4;5.2;
5/9/2018 8:17:21 PM;367;6.3;6.3;5.4;5.2;
5/9/2018 8:17:22 PM;368;6.3;6.3;5.4;5.2;
5/9/2018 8:17:23 PM;369;6.3;6.3;5.4;5.2;
5/9/2018 8:17:24 PM;370;6.3;6.3;5.4;5.2;
5/9/2018 8:17:25 PM;371;6.3;6.3;5.4;5.2;
5/9/2018 8:17:26 PM;372;6.3;6.3;5.4;5.2;
5/9/2018 8:17:27 PM;373;6.3;6.3;5.4;5.2;
5/9/2018 8:17:28 PM;374;6.3;6.3;5.4;5.2;
5/9/2018 8:17:29 PM;375;6.3;6.3;5.4;5.2;
5/9/2018 8:17:30 PM;376;6.3;6.3;5.4;5.2;
5/9/2018 8:17:31 PM;377;6.3;6.3;5.4;5.2;
5/9/2018 8:17:32 PM;378;6.3;6.3;5.4;5.2;
5/9/2018 8:17:33 PM;379;6.3;6.3;5.4;5.2;
5/9/2018 8:17:34 PM;380;6.3;6.3;5.4;5.2;
5/9/2018 8:17:35 PM;381;6.3;6.3;5.4;5.2;
5/9/2018 8:17:36 PM;382;6.3;6.3;5.4;5.2;
5/9/2018 8:17:37 PM;383;6.3;6.3;5.4;5.2;
5/9/2018 8:17:38 PM;384;6.3;6.3;5.4;5.2;
5/9/2018 8:17:39 PM;385;6.3;6.3;5.4;5.2;
5/9/2018 8:17:40 PM;386;6.3;6.3;5.4;5.2;
5/9/2018 8:17:41 PM;387;6.3;6.3;5.4;5.2;
5/9/2018 8:17:42 PM;388;6.3;6.3;5.4;5.2;
5/9/2018 8:17:43 PM;389;6.3;6.3;5.4;5.2;
5/9/2018 8:17:44 PM;390;6.3;6.3;5.4;5.2;
5/9/2018 8:17:45 PM;391;6.3;6.3;5.4;5.2;
5/9/2018 8:17:46 PM;392;6.3;6.3;5.4;5.2;
5/9/2018 8:17:47 PM;393;6.3;6.3;5.4;5.2;
5/9/2018 8:17:48 PM;394;6.3;6.3;5.4;5.2;
5/9/2018 8:17:49 PM;395;6.3;6.3;5.4;5.2;
5/9/2018 8:17:50 PM;396;6.3;6.3;5.4;5.2;
5/9/2018 8:17:51 PM;397;6.3;6.3;5.4;5.2;
5/9/2018 8:17:52 PM;398;6.3;6.3;5.4;5.2;
5/9/2018 8:17:53 PM;399;6.3;6.3;5.4;5.2;
5/9/2018 8:17:54 PM;400;6.3;6.3;5.4;5.2;
5/9/2018 8:17:55 PM;401;6.3;6.3;5.4;5.2;
5/9/2018 8:17:56 PM;402;6.3;6.3;5.4;5.2;
5/9/2018 8:17:57 PM;403;6.3;6.3;5.4;5.2;
5/9/2018 8:17:58 PM;404;6.3;6.3;5.4;5.2;
5/9/2018 8:17:59 PM;405;6.3;6.3;5.4;5.2;
5/9/2018 8:18:00 PM;406;6.3;6.3;5.4;5.2;
5/9/2018 8:18:01 PM;407;6.3;6.3;5.4;5.2;
5/9/2018 8:18:02 PM;408;6.3;6.3;5.4;5.2;
5/9/2018 8:18:03 PM;409;6.3;6.3;5.4;5.2;
5/9/2018 8:18:04 PM;410;6.3;6.3;5.4;5.2;
5/9/2018 8:18:05 PM;411;6.3;6.3;5.4;5.2;
5/9/2018 8:18:06 PM;412;6.3;6.3;5.4;5.2;
5/9/2018 8:18:07 PM;413;6.3;6.3;5.4;5.2;
5/9/2018 8:18:08 PM;414;6.3;6.3;5.4;5.2;
5/9/2018 8:18:09 PM;415;6.3;6.3;5.4;5.2;
5/9/2018 8:18:10 PM;416;6.3;6.3;5.4;5.2;
5/9/2018 8:18:11 PM;417;6.3;6.3;5.4;5.2;
5/9/2018 8:18:12 PM;418;6.3;6.3;5.4;5.2;
5/9/2018 8:18:13 PM;419;6.3;6.2;5.4;5.2;
5/9/2018 8:18:14 PM;420;6.3;6.2;5.4;5.2;
5/9/2018 8:18:15 PM;421;6.3;6.2;5.4;5.2;
5/9/2018 8:18:16 PM;422;6.3;6.2;5.4;5.2;
5/9/2018 8:18:17 PM;423;6.3;6.2;5.4;5.2;
5/9/2018 8:18:18 PM;424;6.3;6.3;5.4;5.2;
5/9/2018 8:18:19 PM;425;6.3;6.3;5.4;5.2;
5/9/2018 8:18:20 PM;426;6.3;6.3;5.4;5.2;
5/9/2018 8:18:21 PM;427;6.3;6.3;5.4;5.2;
5/9/2018 8:18:22 PM;428;6.3;6.3;5.4;5.2;
5/9/2018 8:18:23 PM;429;6.3;6.3;5.4;5.2;
5/9/2018 8:18:24 PM;430;6.3;6.3;5.4;5.2;
5/9/2018 8:18:25 PM;431;6.3;6.2;5.4;5.2;
5/9/2018 8:18:26 PM;432;6.3;6.2;5.4;5.2;
5/9/2018 8:18:27 PM;433;6.3;6.2;5.4;5.2;
5/9/2018 8:18:28 PM;434;6.3;6.2;5.4;5.2;
5/9/2018 8:18:29 PM;435;6.3;6.2;5.4;5.2;
5/9/2018 8:18:30 PM;436;6.3;6.3;5.4;5.2;
5/9/2018 8:18:31 PM;437;6.3;6.3;5.4;5.2;
5/9/2018 8:18:32 PM;438;6.3;6.3;5.4;5.2;
5/9/2018 8:18:33 PM;439;6.3;6.3;5.4;5.2;
5/9/2018 8:18:34 PM;440;6.3;6.3;5.4;5.2;
5/9/2018 8:18:35 PM;441;6.3;6.3;5.4;5.2;
5/9/2018 8:18:36 PM;442;6.3;6.3;5.4;5.2;
5/9/2018 8:18:37 PM;443;6.3;6.3;5.4;5.2;
5/9/2018 8:18:38 PM;444;6.3;6.3;5.4;5.2;
5/9/2018 8:18:39 PM;445;6.3;6.3;5.4;5.2;
5/9/2018 8:18:40 PM;446;6.3;6.3;5.4;5.2;
5/9/2018 8:18:41 PM;447;6.3;6.3;5.4;5.2;
5/9/2018 8:18:42 PM;448;6.3;6.3;5.4;5.2;
5/9/2018 8:18:43 PM;449;6.3;6.3;5.4;5.2;
5/9/2018 8:18:44 PM;450;6.3;6.3;5.4;5.2;
5/9/2018 8:18:45 PM;451;6.3;6.3;5.4;5.2;
5/9/2018 8:18:46 PM;452;6.3;6.3;5.4;5.2;
5/9/2018 8:18:47 PM;453;6.3;6.3;5.4;5.2;
5/9/2018 8:18:48 PM;454;6.3;6.3;5.4;5.2;
5/9/2018 8:18:49 PM;455;6.3;6.3;5.4;5.2;
5/9/2018 8:18:50 PM;456;6.3;6.3;5.4;5.2;
5/9/2018 8:18:51 PM;457;6.3;6.3;5.4;5.2;
5/9/2018 8:18:52 PM;458;6.3;6.3;5.4;5.2;
5/9/2018 8:18:53 PM;459;6.3;6.3;5.4;5.2;
5/9/2018 8:18:54 PM;460;6.3;6.3;5.4;5.2;
5/9/2018 8:18:55 PM;461;6.3;6.3;5.4;5.2;
5/9/2018 8:18:56 PM;462;6.3;6.3;5.4;5.2;
5/9/2018 8:18:57 PM;463;6.3;6.3;5.4;5.2;
5/9/2018 8:18:58 PM;464;6.3;6.3;5.4;5.2;
5/9/2018 8:18:59 PM;465;6.3;6.3;5.4;5.2;
5/9/2018 8:19:00 PM;466;6.3;6.3;5.4;5.2;
5/9/2018 8:19:01 PM;467;6.3;6.2;5.4;5.2;
5/9/2018 8:19:02 PM;468;6.3;6.2;5.4;5.2;
5/9/2018 8:19:03 PM;469;6.3;6.2;5.4;5.2;
5/9/2018 8:19:04 PM;470;6.3;6.2;5.4;5.2;
5/9/2018 8:19:05 PM;471;6.3;6.2;5.4;5.2;
5/9/2018 8:19:06 PM;472;6.3;6.3;5.4;5.2;
5/9/2018 8:19:07 PM;473;6.3;6.3;5.4;5.2;
5/9/2018 8:19:08 PM;474;6.3;6.3;5.4;5.2;
5/9/2018 8:19:09 PM;475;6.3;6.3;5.4;5.2;
5/9/2018 8:19:10 PM;476;6.3;6.3;5.4;5.2;
5/9/2018 8:19:11 PM;477;6.3;6.3;5.4;5.2;
5/9/2018 8:19:12 PM;478;6.3;6.3;5.4;5.2;
5/9/2018 8:19:13 PM;479;6.3;6.3;5.4;5.2;
5/9/2018 8:19:14 PM;480;6.3;6.3;5.4;5.2;
5/9/2018 8:19:15 PM;481;6.3;6.3;5.4;5.2;
5/9/2018 8:19:16 PM;482;6.3;6.3;5.4;5.2;
5/9/2018 8:19:17 PM;483;6.3;6.3;5.4;5.2;
5/9/2018 8:19:18 PM;484;6.3;6.3;5.4;5.2;
5/9/2018 8:19:19 PM;485;6.3;6.3;5.4;5.2;
5/9/2018 8:19:20 PM;486;6.3;6.3;5.4;5.2;
5/9/2018 8:19:21 PM;487;6.3;6.3;5.4;5.2;
5/9/2018 8:19:22 PM;488;6.3;6.3;5.4;5.2;
5/9/2018 8:19:23 PM;489;6.3;6.3;5.4;5.2;
5/9/2018 8:19:24 PM;490;6.3;6.3;5.4;5.2;
5/9/2018 8:19:25 PM;491;6.3;6.3;5.4;5.2;
5/9/2018 8:19:26 PM;492;6.3;6.3;5.4;5.2;
5/9/2018 8:19:27 PM;493;6.3;6.3;5.4;5.2;
5/9/2018 8:19:28 PM;494;6.3;6.3;5.4;5.2;
5/9/2018 8:19:29 PM;495;6.3;6.3;5.4;5.2;
5/9/2018 8:19:30 PM;496;6.3;6.3;5.4;5.2;
5/9/2018 8:19:31 PM;497;6.3;6.3;5.4;5.2;
5/9/2018 8:19:32 PM;498;6.3;6.3;5.4;5.2;
5/9/2018 8:19:33 PM;499;6.3;6.3;5.4;5.2;
5/9/2018 8:19:34 PM;500;6.3;6.3;5.4;5.2;
5/9/2018 8:19:35 PM;501;6.3;6.3;5.4;5.2;
5/9/2018 8:19:36 PM;502;6.3;6.3;5.4;5.2;
5/9/2018 8:19:37 PM;503;6.3;6.3;5.4;5.2;
5/9/2018 8:19:38 PM;504;6.3;6.3;5.4;5.2;
5/9/2018 8:19:39 PM;505;6.3;6.3;5.4;5.2;
5/9/2018 8:19:40 PM;506;6.3;6.2;5.4;5.2;
5/9/2018 8:19:41 PM;507;6.3;6.2;5.4;5.2;
5/9/2018 8:19:42 PM;508;6.3;6.2;5.4;5.2;
5/9/2018 8:19:43 PM;509;6.3;6.2;5.4;5.2;
5/9/2018 8:19:44 PM;510;6.3;6.2;5.4;5.2;
5/9/2018 8:19:45 PM;511;6.3;6.3;5.4;5.2;
5/9/2018 8:19:46 PM;512;6.3;6.3;5.4;5.2;
5/9/2018 8:19:47 PM;513;6.3;6.3;5.4;5.2;
5/9/2018 8:19:48 PM;514;6.3;6.3;5.4;5.2;
5/9/2018 8:19:49 PM;515;6.3;6.3;5.4;5.2;
5/9/2018 8:19:50 PM;516;6.3;6.3;5.4;5.2;
5/9/2018 8:19:51 PM;517;6.3;6.3;5.4;5.2;
5/9/2018 8:19:52 PM;518;6.3;6.3;5.4;5.2;
5/9/2018 8:19:53 PM;519;6.3;6.3;5.4;5.2;
5/9/2018 8:19:54 PM;520;6.3;6.3;5.4;5.2;
5/9/2018 8:19:55 PM;521;6.3;6.3;5.4;5.2;
5/9/2018 8:19:56 PM;522;6.3;6.3;5.4;5.2;
5/9/2018 8:19:57 PM;523;6.3;6.3;5.4;5.2;
5/9/2018 8:19:58 PM;524;6.3;6.3;5.4;5.2;
5/9/2018 8:19:59 PM;525;6.3;6.3;5.4;5.2;
5/9/2018 8:20:00 PM;526;6.3;6.3;5.4;5.2;
5/9/2018 8:20:01 PM;527;6.3;6.3;5.4;5.2;
5/9/2018 8:20:02 PM;528;6.3;6.3;5.4;5.2;
5/9/2018 8:20:03 PM;529;6.3;6.3;5.4;5.2;
5/9/2018 8:20:04 PM;530;6.3;6.3;5.4;5.2;
5/9/2018 8:20:05 PM;531;6.3;6.3;5.4;5.2;
5/9/2018 8:20:06 PM;532;6.3;6.3;5.4;5.2;
5/9/2018 8:20:07 PM;533;6.3;6.3;5.4;5.2;
5/9/2018 8:20:08 PM;534;6.3;6.3;5.4;5.2;
5/9/2018 8:20:09 PM;535;6.3;6.3;5.4;5.2;
5/9/2018 8:20:10 PM;536;6.3;6.2;5.4;5.2;
5/9/2018 8:20:11 PM;537;6.3;6.2;5.4;5.2;
5/9/2018 8:20:12 PM;538;6.3;6.2;5.4;5.2;
5/9/2018 8:20:13 PM;539;6.3;6.2;5.4;5.2;
5/9/2018 8:20:14 PM;540;6.3;6.2;5.4;5.2;
5/9/2018 8:20:15 PM;541;6.3;6.3;5.4;5.2;
5/9/2018 8:20:16 PM;542;6.3;6.3;5.4;5.2;
5/9/2018 8:20:17 PM;543;6.3;6.3;5.4;5.2;
5/9/2018 8:20:18 PM;544;6.3;6.3;5.4;5.2;
5/9/2018 8:20:19 PM;545;6.3;6.3;5.4;5.2;
5/9/2018 8:20:20 PM;546;6.3;6.3;5.4;5.2;
5/9/2018 8:20:21 PM;547;6.3;6.3;5.4;5.2;
5/9/2018 8:20:22 PM;548;6.3;6.3;5.4;5.2;
5/9/2018 8:20:23 PM;549;6.3;6.3;5.4;5.2;
5/9/2018 8:20:24 PM;550;6.3;6.3;5.4;5.2;
5/9/2018 8:20:25 PM;551;6.3;6.3;5.4;5.2;
5/9/2018 8:20:26 PM;552;6.3;6.3;5.4;5.2;
5/9/2018 8:20:27 PM;553;6.3;6.3;5.4;5.2;
5/9/2018 8:20:28 PM;554;6.3;6.3;5.4;5.2;
5/9/2018 8:20:29 PM;555;6.3;6.3;5.4;5.2;
5/9/2018 8:20:30 PM;556;6.3;6.3;5.4;5.2;
5/9/2018 8:20:31 PM;557;6.3;6.3;5.4;5.2;
5/9/2018 8:20:32 PM;558;6.3;6.3;5.4;5.2;
5/9/2018 8:20:33 PM;559;6.3;6.3;5.4;5.2;
5/9/2018 8:20:34 PM;560;6.3;6.3;5.4;5.2;
5/9/2018 8:20:35 PM;561;6.3;6.3;5.4;5.2;
5/9/2018 8:20:36 PM;562;6.3;6.3;5.4;5.2;
5/9/2018 8:20:37 PM;563;6.3;6.3;5.4;5.2;
5/9/2018 8:20:38 PM;564;6.3;6.3;5.4;5.2;
5/9/2018 8:20:39 PM;565;6.3;6.3;5.4;5.2;
5/9/2018 8:20:40 PM;566;6.3;6.3;5.4;5.2;
5/9/2018 8:20:41 PM;567;6.3;6.3;5.4;5.2;
5/9/2018 8:20:42 PM;568;6.3;6.3;5.4;5.2;
5/9/2018 8:20:43 PM;569;6.3;6.2;5.4;5.2;
5/9/2018 8:20:44 PM;570;6.3;6.2;5.4;5.2;
5/9/2018 8:20:45 PM;571;6.3;6.2;5.4;5.2;
5/9/2018 8:20:46 PM;572;6.3;6.2;5.4;5.2;
5/9/2018 8:20:47 PM;573;6.3;6.2;5.4;5.2;
5/9/2018 8:20:48 PM;574;6.3;6.3;5.4;5.2;
5/9/2018 8:20:49 PM;575;6.3;6.3;5.4;5.2;
5/9/2018 8:20:50 PM;576;6.3;6.3;5.4;5.2;
5/9/2018 8:20:51 PM;577;6.3;6.3;5.4;5.2;
5/9/2018 8:20:52 PM;578;6.3;6.3;5.4;5.2;
5/9/2018 8:20:53 PM;579;6.3;6.3;5.4;5.2;
5/9/2018 8:20:54 PM;580;6.3;6.3;5.4;5.2;
5/9/2018 8:20:55 PM;581;6.3;6.3;5.4;5.2;
5/9/2018 8:20:56 PM;582;6.3;6.3;5.4;5.2;
5/9/2018 8:20:57 PM;583;6.3;6.3;5.4;5.2;
5/9/2018 8:20:58 PM;584;6.3;6.3;5.4;5.2;
5/9/2018 8:20:59 PM;585;6.3;6.3;5.4;5.2;
5/9/2018 8:21:00 PM;586;6.3;6.3;5.4;5.2;
5/9/2018 8:21:01 PM;587;6.3;6.3;5.4;5.2;
5/9/2018 8:21:02 PM;588;6.3;6.3;5.4;5.2;
5/9/2018 8:21:03 PM;589;6.3;6.3;5.4;5.2;
5/9/2018 8:21:04 PM;590;6.3;6.3;5.4;5.2;
5/9/2018 8:21:05 PM;591;6.3;6.3;5.4;5.2;
5/9/2018 8:21:06 PM;592;6.3;6.3;5.4;5.2;
5/9/2018 8:21:07 PM;593;6.3;6.3;5.4;5.2;
5/9/2018 8:21:08 PM;594;6.3;6.3;5.4;5.2;
5/9/2018 8:21:09 PM;595;6.3;6.3;5.4;5.2;
5/9/2018 8:21:10 PM;596;6.3;6.3;5.4;5.2;
5/9/2018 8:21:11 PM;597;6.3;6.3;5.4;5.2;
5/9/2018 8:21:12 PM;598;6.3;6.3;5.4;5.2;
5/9/2018 8:21:13 PM;599;6.3;6.2;5.4;5.2;
5/9/2018 8:21:14 PM;600;6.3;6.2;5.4;5.2;
5/9/2018 8:21:15 PM;601;6.3;6.2;5.4;5.2;
5/9/2018 8:21:16 PM;602;6.3;6.2;5.4;5.2;
5/9/2018 8:21:17 PM;603;6.3;6.2;5.4;5.2;
5/9/2018 8:21:18 PM;604;6.3;6.3;5.4;5.2;
5/9/2018 8:21:19 PM;605;6.3;6.3;5.4;5.2;
5/9/2018 8:21:20 PM;606;6.3;6.3;5.4;5.2;
5/9/2018 8:21:21 PM;607;6.3;6.3;5.4;5.2;
5/9/2018 8:21:22 PM;608;6.3;6.2;5.4;5.2;
5/9/2018 8:21:23 PM;609;6.3;6.2;5.4;5.2;
5/9/2018 8:21:24 PM;610;6.3;6.2;5.4;5.2;
5/9/2018 8:21:25 PM;611;6.3;6.2;5.4;5.2;
5/9/2018 8:21:26 PM;612;6.3;6.2;5.4;5.2;
5/9/2018 8:21:27 PM;613;6.3;6.3;5.4;5.2;
5/9/2018 8:21:28 PM;614;6.3;6.2;5.4;5.2;
5/9/2018 8:21:29 PM;615;6.3;6.2;5.4;5.2;
5/9/2018 8:21:30 PM;616;6.3;6.2;5.4;5.2;
5/9/2018 8:21:31 PM;617;6.3;6.2;5.4;5.2;
5/9/2018 8:21:32 PM;618;6.3;6.2;5.4;5.2;
5/9/2018 8:21:33 PM;619;6.3;6.3;5.4;5.2;
5/9/2018 8:21:34 PM;620;6.3;6.3;5.4;5.2;
5/9/2018 8:21:35 PM;621;6.3;6.3;5.4;5.2;
5/9/2018 8:21:36 PM;622;6.3;6.3;5.4;5.2;
5/9/2018 8:21:37 PM;623;6.3;6.3;5.4;5.2;
5/9/2018 8:21:38 PM;624;6.3;6.3;5.4;5.2;
5/9/2018 8:21:39 PM;625;6.3;6.3;5.4;5.2;
5/9/2018 8:21:40 PM;626;6.3;6.3;5.4;5.2;
5/9/2018 8:21:41 PM;627;6.3;6.3;5.4;5.2;
5/9/2018 8:21:42 PM;628;6.3;6.3;5.4;5.2;
5/9/2018 8:21:43 PM;629;6.3;6.3;5.4;5.2;
5/9/2018 8:21:44 PM;630;6.3;6.2;5.4;5.2;
5/9/2018 8:21:45 PM;631;6.3;6.2;5.4;5.2;
5/9/2018 8:21:46 PM;632;6.3;6.2;5.4;5.2;
5/9/2018 8:21:47 PM;633;6.3;6.2;5.4;5.2;
5/9/2018 8:21:48 PM;634;6.3;6.2;5.4;5.2;
5/9/2018 8:21:49 PM;635;6.3;6.3;5.4;5.2;
5/9/2018 8:21:50 PM;636;6.3;6.3;5.4;5.2;
5/9/2018 8:21:51 PM;637;6.3;6.3;5.4;5.2;
5/9/2018 8:21:52 PM;638;6.3;6.3;5.4;5.2;
5/9/2018 8:21:53 PM;639;6.3;6.3;5.4;5.2;
5/9/2018 8:21:54 PM;640;6.3;6.3;5.4;5.2;
5/9/2018 8:21:55 PM;641;6.3;6.3;5.4;5.2;
5/9/2018 8:21:56 PM;642;6.3;6.3;5.4;5.2;
5/9/2018 8:21:57 PM;643;6.3;6.3;5.4;5.2;
5/9/2018 8:21:58 PM;644;6.3;6.3;5.4;5.2;
5/9/2018 8:21:59 PM;645;6.3;6.3;5.4;5.2;
5/9/2018 8:22:00 PM;646;6.3;6.3;5.4;5.2;
5/9/2018 8:22:01 PM;647;6.3;6.2;5.4;5.2;
5/9/2018 8:22:02 PM;648;6.3;6.2;5.4;5.2;
5/9/2018 8:22:03 PM;649;6.3;6.2;5.4;5.2;
5/9/2018 8:22:04 PM;650;6.3;6.2;5.4;5.2;
5/9/2018 8:22:05 PM;651;6.3;6.2;5.4;5.2;
5/9/2018 8:22:06 PM;652;6.3;6.2;5.4;5.2;
5/9/2018 8:22:07 PM;653;6.3;6.2;5.4;5.2;
5/9/2018 8:22:08 PM;654;6.3;6.2;5.4;5.2;
5/9/2018 8:22:09 PM;655;6.3;6.2;5.4;5.2;
5/9/2018 8:22:10 PM;656;6.3;6.2;5.4;5.2;
5/9/2018 8:22:11 PM;657;6.3;6.2;5.4;5.2;
5/9/2018 8:22:12 PM;658;6.3;6.2;5.4;5.2;
5/9/2018 8:22:13 PM;659;6.3;6.2;5.4;5.2;
5/9/2018 8:22:14 PM;660;6.3;6.2;5.4;5.2;
5/9/2018 8:22:15 PM;661;6.3;6.3;5.4;5.2;
5/9/2018 8:22:16 PM;662;6.3;6.3;5.4;5.2;
5/9/2018 8:22:17 PM;663;6.3;6.2;5.4;5.2;
5/9/2018 8:22:18 PM;664;6.3;6.2;5.4;5.2;
5/9/2018 8:22:19 PM;665;6.3;6.2;5.4;5.2;
5/9/2018 8:22:20 PM;666;6.3;6.2;5.4;5.2;
5/9/2018 8:22:21 PM;667;6.3;6.2;5.4;5.2;
5/9/2018 8:22:22 PM;668;6.3;6.2;5.4;5.2;
5/9/2018 8:22:23 PM;669;6.3;6.2;5.4;5.2;
5/9/2018 8:22:24 PM;670;6.3;6.2;5.4;5.2;
5/9/2018 8:22:25 PM;671;6.3;6.2;5.4;5.2;
5/9/2018 8:22:26 PM;672;6.3;6.2;5.4;5.2;
5/9/2018 8:22:27 PM;673;6.3;6.2;5.4;5.2;
5/9/2018 8:22:28 PM;674;6.3;6.2;5.4;5.2;
5/9/2018 8:22:29 PM;675;6.3;6.2;5.4;5.2;
5/9/2018 8:22:30 PM;676;6.3;6.2;5.4;5.2;
5/9/2018 8:22:31 PM;677;6.3;6.2;5.4;5.2;
5/9/2018 8:22:32 PM;678;6.3;6.2;5.4;5.2;
5/9/2018 8:22:33 PM;679;6.3;6.2;5.4;5.2;
5/9/2018 8:22:34 PM;680;6.3;6.2;5.4;5.2;
5/9/2018 8:22:35 PM;681;6.3;6.2;5.4;5.2;
5/9/2018 8:22:36 PM;682;6.3;6.3;5.4;5.2;
5/9/2018 8:22:37 PM;683;6.3;6.3;5.4;5.2;
5/9/2018 8:22:38 PM;684;6.3;6.3;5.4;5.2;
5/9/2018 8:22:39 PM;685;6.3;6.3;5.4;5.2;
5/9/2018 8:22:40 PM;686;6.3;6.2;5.4;5.2;
5/9/2018 8:22:41 PM;687;6.3;6.2;5.4;5.2;
5/9/2018 8:22:42 PM;688;6.3;6.2;5.4;5.2;
5/9/2018 8:22:43 PM;689;6.3;6.2;5.4;5.2;
5/9/2018 8:22:44 PM;690;6.3;6.2;5.4;5.2;
5/9/2018 8:22:45 PM;691;6.3;6.2;5.4;5.2;
5/9/2018 8:22:46 PM;692;6.3;6.2;5.4;5.2;
5/9/2018 8:22:47 PM;693;6.3;6.2;5.4;5.2;
5/9/2018 8:22:48 PM;694;6.3;6.3;5.4;5.2;
5/9/2018 8:22:49 PM;695;6.3;6.2;5.4;5.2;
5/9/2018 8:22:50 PM;696;6.3;6.2;5.4;5.2;
5/9/2018 8:22:51 PM;697;6.3;6.2;5.4;5.2;
5/9/2018 8:22:52 PM;698;6.3;6.2;5.4;5.2;
5/9/2018 8:22:53 PM;699;6.3;6.2;5.4;5.2;
5/9/2018 8:22:54 PM;700;6.3;6.2;5.4;5.2;
5/9/2018 8:22:55 PM;701;6.3;6.2;5.4;5.2;
5/9/2018 8:22:56 PM;702;6.3;6.2;5.4;5.2;
5/9/2018 8:22:57 PM;703;6.3;6.2;5.4;5.2;
5/9/2018 8:22:58 PM;704;6.3;6.2;5.4;5.2;
5/9/2018 8:22:59 PM;705;6.3;6.3;5.4;5.2;
5/9/2018 8:23:00 PM;706;6.3;6.2;5.4;5.2;
5/9/2018 8:23:01 PM;707;6.3;6.2;5.4;5.2;
5/9/2018 8:23:02 PM;708;6.3;6.2;5.4;5.2;
5/9/2018 8:23:03 PM;709;6.3;6.2;5.4;5.2;
5/9/2018 8:23:04 PM;710;6.3;6.2;5.4;5.2;
5/9/2018 8:23:05 PM;711;6.3;6.2;5.4;5.2;
5/9/2018 8:23:06 PM;712;6.3;6.2;5.4;5.2;
5/9/2018 8:23:07 PM;713;6.3;6.2;5.4;5.2;
5/9/2018 8:23:08 PM;714;6.3;6.2;5.4;5.2;
5/9/2018 8:23:09 PM;715;6.3;6.3;5.4;5.2;
5/9/2018 8:23:10 PM;716;6.3;6.2;5.4;5.2;
5/9/2018 8:23:11 PM;717;6.3;6.2;5.4;5.2;
5/9/2018 8:23:12 PM;718;6.3;6.2;5.4;5.2;
5/9/2018 8:23:13 PM;719;6.3;6.2;5.4;5.2;
5/9/2018 8:23:14 PM;720;6.3;6.2;5.4;5.2;
5/9/2018 8:23:15 PM;721;6.3;6.3;5.4;5.2;
5/9/2018 8:23:16 PM;722;6.3;6.2;5.4;5.2;
5/9/2018 8:23:17 PM;723;6.3;6.2;5.4;5.2;
5/9/2018 8:23:18 PM;724;6.3;6.2;5.4;5.2;
5/9/2018 8:23:19 PM;725;6.3;6.2;5.4;5.2;
5/9/2018 8:23:20 PM;726;6.3;6.2;5.4;5.2;
5/9/2018 8:23:21 PM;727;6.3;6.2;5.4;5.2;
5/9/2018 8:23:22 PM;728;6.3;6.2;5.4;5.2;
5/9/2018 8:23:23 PM;729;6.3;6.2;5.4;5.2;
5/9/2018 8:23:24 PM;730;6.3;6.2;5.4;5.2;
5/9/2018 8:23:25 PM;731;6.3;6.2;5.4;5.2;
5/9/2018 8:23:26 PM;732;6.3;6.2;5.4;5.2;
5/9/2018 8:23:27 PM;733;6.3;6.3;5.4;5.2;
5/9/2018 8:23:28 PM;734;6.3;6.3;5.4;5.2;
5/9/2018 8:23:29 PM;735;6.3;6.3;5.4;5.2;
5/9/2018 8:23:30 PM;736;6.3;6.3;5.4;5.2;
5/9/2018 8:23:31 PM;737;6.3;6.3;5.4;5.2;
5/9/2018 8:23:32 PM;738;6.3;6.3;5.4;5.2;
5/9/2018 8:23:33 PM;739;6.3;6.3;5.4;5.2;
5/9/2018 8:23:34 PM;740;6.3;6.3;5.4;5.2;
5/9/2018 8:23:35 PM;741;6.3;6.3;5.4;5.2;
5/9/2018 8:23:36 PM;742;6.3;6.3;5.4;5.2;
5/9/2018 8:23:37 PM;743;6.3;6.3;5.4;5.2;
5/9/2018 8:23:38 PM;744;6.3;6.3;5.4;5.2;
5/9/2018 8:23:39 PM;745;6.3;6.3;5.4;5.2;
5/9/2018 8:23:40 PM;746;6.3;6.3;5.4;5.2;
5/9/2018 8:23:41 PM;747;6.3;6.2;5.4;5.2;
5/9/2018 8:23:42 PM;748;6.3;6.2;5.4;5.2;
5/9/2018 8:23:43 PM;749;6.3;6.2;5.4;5.2;
5/9/2018 8:23:44 PM;750;6.3;6.2;5.4;5.2;
5/9/2018 8:23:45 PM;751;6.3;6.2;5.4;5.2;
5/9/2018 8:23:46 PM;752;6.3;6.2;5.4;5.2;
5/9/2018 8:23:47 PM;753;6.3;6.2;5.4;5.2;
5/9/2018 8:23:48 PM;754;6.3;6.2;5.4;5.2;
5/9/2018 8:23:49 PM;755;6.3;6.2;5.4;5.2;
5/9/2018 8:23:50 PM;756;6.3;6.2;5.4;5.2;
5/9/2018 8:23:51 PM;757;6.3;6.2;5.4;5.2;
5/9/2018 8:23:52 PM;758;6.3;6.2;5.4;5.2;
5/9/2018 8:23:53 PM;759;6.3;6.2;5.4;5.2;
5/9/2018 8:23:54 PM;760;6.3;6.2;5.4;5.2;
5/9/2018 8:23:55 PM;761;6.3;6.2;5.4;5.2;
5/9/2018 8:23:56 PM;762;6.3;6.2;5.4;5.2;
5/9/2018 8:23:57 PM;763;6.3;6.2;5.4;5.2;
5/9/2018 8:23:58 PM;764;6.3;6.2;5.4;5.2;
5/9/2018 8:23:59 PM;765;6.3;6.2;5.4;5.2;
5/9/2018 8:24:00 PM;766;6.3;6.2;5.4;5.2;
5/9/2018 8:24:01 PM;767;6.3;6.2;5.4;5.2;
5/9/2018 8:24:02 PM;768;6.3;6.2;5.4;5.2;
5/9/2018 8:24:03 PM;769;6.3;6.3;5.4;5.2;
5/9/2018 8:24:04 PM;770;6.3;6.3;5.4;5.2;
5/9/2018 8:24:05 PM;771;6.3;6.3;5.4;5.2;
5/9/2018 8:24:06 PM;772;6.3;6.3;5.4;5.2;
5/9/2018 8:24:07 PM;773;6.3;6.3;5.4;5.2;
5/9/2018 8:24:08 PM;774;6.3;6.3;5.4;5.2;
5/9/2018 8:24:09 PM;775;6.3;6.3;5.4;5.2;
5/9/2018 8:24:10 PM;776;6.3;6.2;5.4;5.2;
5/9/2018 8:24:11 PM;777;6.3;6.2;5.4;5.2;
5/9/2018 8:24:12 PM;778;6.3;6.2;5.4;5.2;
5/9/2018 8:24:13 PM;779;6.3;6.2;5.4;5.2;
5/9/2018 8:24:14 PM;780;6.3;6.2;5.4;5.2;
5/9/2018 8:24:15 PM;781;6.3;6.2;5.4;5.2;
5/9/2018 8:24:16 PM;782;6.3;6.2;5.4;5.2;
5/9/2018 8:24:17 PM;783;6.3;6.3;5.4;5.2;
5/9/2018 8:24:18 PM;784;6.3;6.3;5.4;5.2;
5/9/2018 8:24:19 PM;785;6.3;6.3;5.4;5.2;
5/9/2018 8:24:20 PM;786;6.3;6.3;5.4;5.2;
5/9/2018 8:24:21 PM;787;6.3;6.2;5.4;5.2;
5/9/2018 8:24:22 PM;788;6.3;6.2;5.4;5.2;
5/9/2018 8:24:23 PM;789;6.3;6.2;5.4;5.2;
5/9/2018 8:24:24 PM;790;6.3;6.2;5.4;5.2;
5/9/2018 8:24:25 PM;791;6.3;6.2;5.4;5.2;
5/9/2018 8:24:26 PM;792;6.3;6.2;5.4;5.2;
5/9/2018 8:24:27 PM;793;6.3;6.2;5.4;5.2;
5/9/2018 8:24:28 PM;794;6.3;6.2;5.4;5.2;
5/9/2018 8:24:29 PM;795;6.3;6.3;5.4;5.2;
5/9/2018 8:24:30 PM;796;6.3;6.3;5.4;5.2;
5/9/2018 8:24:31 PM;797;6.3;6.3;5.4;5.2;
5/9/2018 8:24:32 PM;798;6.3;6.3;5.4;5.2;
5/9/2018 8:24:33 PM;799;6.3;6.3;5.4;5.2;
5/9/2018 8:24:34 PM;800;6.3;6.3;5.4;5.2;
5/9/2018 8:24:35 PM;801;6.3;6.3;5.4;5.2;
5/9/2018 8:24:36 PM;802;6.3;6.2;5.4;5.2;
5/9/2018 8:24:37 PM;803;6.3;6.2;5.4;5.2;
5/9/2018 8:24:38 PM;804;6.3;6.2;5.4;5.2;
5/9/2018 8:24:39 PM;805;6.3;6.2;5.4;5.2;
5/9/2018 8:24:40 PM;806;6.3;6.2;5.4;5.2;
5/9/2018 8:24:41 PM;807;6.3;6.3;5.4;5.2;
5/9/2018 8:24:42 PM;808;6.3;6.2;5.4;5.2;
5/9/2018 8:24:43 PM;809;6.3;6.2;5.4;5.2;
5/9/2018 8:24:44 PM;810;6.3;6.2;5.4;5.2;
5/9/2018 8:24:45 PM;811;6.3;6.2;5.4;5.2;
5/9/2018 8:24:46 PM;812;6.3;6.2;5.4;5.2;
5/9/2018 8:24:47 PM;813;6.3;6.2;5.4;5.2;
5/9/2018 8:24:48 PM;814;6.3;6.2;5.4;5.2;
5/9/2018 8:24:49 PM;815;6.3;6.2;5.4;5.2;
5/9/2018 8:24:50 PM;816;6.3;6.2;5.4;5.2;
5/9/2018 8:24:51 PM;817;6.3;6.2;5.4;5.2;
5/9/2018 8:24:52 PM;818;6.3;6.3;5.4;5.2;
5/9/2018 8:24:53 PM;819;6.3;6.3;5.4;5.2;
5/9/2018 8:24:54 PM;820;6.3;6.2;5.4;5.2;
5/9/2018 8:24:55 PM;821;6.3;6.2;5.4;5.2;
5/9/2018 8:24:56 PM;822;6.3;6.2;5.4;5.2;
5/9/2018 8:24:57 PM;823;6.3;6.2;5.4;5.2;
5/9/2018 8:24:58 PM;824;6.3;6.2;5.4;5.2;
5/9/2018 8:24:59 PM;825;6.3;6.2;5.4;5.2;
5/9/2018 8:25:00 PM;826;6.3;6.2;5.4;5.2;
5/9/2018 8:25:01 PM;827;6.3;6.2;5.4;5.2;
5/9/2018 8:25:02 PM;828;6.3;6.2;5.4;5.2;
5/9/2018 8:25:03 PM;829;6.3;6.2;5.4;5.2;
5/9/2018 8:25:04 PM;830;6.3;6.3;5.4;5.2;
5/9/2018 8:25:05 PM;831;6.3;6.3;5.4;5.2;
5/9/2018 8:25:06 PM;832;6.3;6.2;5.4;5.2;
5/9/2018 8:25:07 PM;833;6.3;6.2;5.4;5.2;
5/9/2018 8:25:08 PM;834;6.3;6.2;5.4;5.2;
5/9/2018 8:25:09 PM;835;6.3;6.2;5.4;5.2;
5/9/2018 8:25:10 PM;836;6.3;6.2;5.4;5.2;
5/9/2018 8:25:11 PM;837;6.3;6.2;5.4;5.2;
5/9/2018 8:25:12 PM;838;6.3;6.2;5.4;5.2;
5/9/2018 8:25:13 PM;839;6.3;6.2;5.4;5.2;
5/9/2018 8:25:14 PM;840;6.3;6.2;5.4;5.2;
5/9/2018 8:25:15 PM;841;6.3;6.2;5.4;5.2;
5/9/2018 8:25:16 PM;842;6.3;6.2;5.4;5.2;
5/9/2018 8:25:17 PM;843;6.3;6.2;5.4;5.2;
5/9/2018 8:25:18 PM;844;6.3;6.2;5.4;5.2;
5/9/2018 8:25:19 PM;845;6.3;6.2;5.4;5.2;
5/9/2018 8:25:20 PM;846;6.3;6.2;5.4;5.2;
5/9/2018 8:25:21 PM;847;6.3;6.2;5.4;5.2;
5/9/2018 8:25:22 PM;848;6.3;6.2;5.4;5.2;
5/9/2018 8:25:23 PM;849;6.3;6.2;5.4;5.2;
5/9/2018 8:25:24 PM;850;6.3;6.2;5.4;5.2;
5/9/2018 8:25:25 PM;851;6.3;6.3;5.4;5.2;
5/9/2018 8:25:26 PM;852;6.3;6.3;5.4;5.2;
5/9/2018 8:25:27 PM;853;6.3;6.3;5.4;5.2;
5/9/2018 8:25:28 PM;854;6.3;6.3;5.4;5.2;
5/9/2018 8:25:29 PM;855;6.3;6.3;5.4;5.2;
5/9/2018 8:25:30 PM;856;6.3;6.3;5.4;5.2;
5/9/2018 8:25:31 PM;857;6.3;6.3;5.4;5.2;
5/9/2018 8:25:32 PM;858;6.3;6.3;5.4;5.2;
5/9/2018 8:25:33 PM;859;6.3;6.4;5.4;5.2;
5/9/2018 8:25:34 PM;860;6.3;6.4;5.4;5.2;
5/9/2018 8:25:35 PM;861;6.3;6.5;5.4;5.2;
5/9/2018 8:25:36 PM;862;6.3;6.5;5.4;5.2;
5/9/2018 8:25:37 PM;863;6.3;6.5;5.4;5.2;
5/9/2018 8:25:38 PM;864;6.3;6.5;5.4;5.2;
5/9/2018 8:25:39 PM;865;6.3;6.5;5.4;5.2;
5/9/2018 8:25:40 PM;866;6.3;6.5;5.4;5.2;
5/9/2018 8:25:41 PM;867;6.3;6.5;5.4;5.2;
5/9/2018 8:25:42 PM;868;6.3;6.5;5.4;5.2;
5/9/2018 8:25:43 PM;869;6.3;6.5;5.4;5.2;
5/9/2018 8:25:44 PM;870;6.3;6.5;5.4;5.2;
5/9/2018 8:25:45 PM;871;6.3;6.5;5.4;5.2;
5/9/2018 8:25:46 PM;872;6.3;6.5;5.4;5.2;
5/9/2018 8:25:47 PM;873;6.3;6.6;5.4;5.2;
5/9/2018 8:25:48 PM;874;6.3;6.6;5.4;5.2;
5/9/2018 8:25:49 PM;875;6.3;6.6;5.4;5.2;
5/9/2018 8:25:50 PM;876;6.3;6.7;5.4;5.2;
5/9/2018 8:25:51 PM;877;6.3;6.7;5.4;5.2;
5/9/2018 8:25:52 PM;878;6.3;6.7;5.4;5.2;
5/9/2018 8:25:53 PM;879;6.3;7.0;5.4;5.2;
5/9/2018 8:25:54 PM;880;6.3;7.1;5.4;5.2;
5/9/2018 8:25:55 PM;881;6.3;7.3;5.4;5.2;
5/9/2018 8:25:56 PM;882;6.3;7.5;5.4;5.2;
5/9/2018 8:25:57 PM;883;6.3;7.7;5.4;5.2;
5/9/2018 8:25:58 PM;884;6.3;7.6;5.4;5.2;
5/9/2018 8:25:59 PM;885;6.3;7.6;5.4;5.2;
5/9/2018 8:26:00 PM;886;6.3;7.6;5.4;5.2;
5/9/2018 8:26:01 PM;887;6.3;7.7;5.4;5.2;
5/9/2018 8:26:02 PM;888;6.3;7.6;5.4;5.2;
5/9/2018 8:26:03 PM;889;6.3;7.6;5.4;5.2;
5/9/2018 8:26:04 PM;890;6.3;7.5;5.4;5.2;
5/9/2018 8:26:05 PM;891;6.3;7.5;5.4;5.2;
5/9/2018 8:26:06 PM;892;6.3;7.6;5.4;5.2;
5/9/2018 8:26:07 PM;893;6.3;7.8;5.4;5.2;
5/9/2018 8:26:08 PM;894;6.3;8.3;5.4;5.2;
5/9/2018 8:26:09 PM;895;6.3;8.8;5.4;5.2;
5/9/2018 8:26:10 PM;896;6.3;9.3;5.4;5.2;
5/9/2018 8:26:11 PM;897;6.3;9.8;5.4;5.2;
5/9/2018 8:26:12 PM;898;6.3;10.3;5.4;5.2;
5/9/2018 8:26:13 PM;899;6.3;10.8;5.4;5.2;
5/9/2018 8:26:14 PM;900;6.3;11.2;5.4;5.2;
5/9/2018 8:26:15 PM;901;6.3;11.6;5.4;5.2;
5/9/2018 8:26:16 PM;902;6.3;11.9;5.4;5.2;
5/9/2018 8:26:17 PM;903;6.3;12.0;5.4;5.2;
5/9/2018 8:26:18 PM;904;6.3;12.0;5.4;5.2;
5/9/2018 8:26:19 PM;905;6.3;12.1;5.4;5.2;
5/9/2018 8:26:20 PM;906;6.3;12.3;5.4;5.2;
5/9/2018 8:26:21 PM;907;6.3;12.3;5.4;5.2;
5/9/2018 8:26:22 PM;908;6.3;12.4;5.4;5.2;
5/9/2018 8:26:23 PM;909;6.3;12.5;5.4;5.2;
5/9/2018 8:26:24 PM;910;6.3;12.5;5.4;5.2;
5/9/2018 8:26:25 PM;911;6.3;12.6;5.4;5.2;
5/9/2018 8:26:26 PM;912;6.3;12.7;5.4;5.2;
5/9/2018 8:26:27 PM;913;6.3;12.7;5.4;5.2;
5/9/2018 8:26:28 PM;914;6.3;12.4;5.4;5.2;
5/9/2018 8:26:29 PM;915;6.3;12.2;5.4;5.2;
5/9/2018 8:26:30 PM;916;6.3;11.9;5.4;5.2;
5/9/2018 8:26:31 PM;917;6.3;11.6;5.4;5.2;
5/9/2018 8:26:32 PM;918;6.3;11.4;5.4;5.2;
5/9/2018 8:26:33 PM;919;6.3;11.3;5.4;5.2;
5/9/2018 8:26:34 PM;920;6.3;11.2;5.4;5.2;
5/9/2018 8:26:35 PM;921;6.3;11.1;5.4;5.2;
5/9/2018 8:26:36 PM;922;6.3;10.9;5.4;5.2;
5/9/2018 8:26:37 PM;923;6.3;10.9;5.4;5.2;
5/9/2018 8:26:38 PM;924;6.3;10.9;5.4;5.2;
5/9/2018 8:26:39 PM;925;6.3;11.0;5.4;5.2;
5/9/2018 8:26:40 PM;926;6.3;11.3;5.4;5.2;
5/9/2018 8:26:41 PM;927;6.3;11.5;5.4;5.2;
5/9/2018 8:26:42 PM;928;6.3;11.7;5.4;5.2;
5/9/2018 8:26:43 PM;929;6.3;11.9;5.4;5.2;
5/9/2018 8:26:44 PM;930;6.3;12.2;5.4;5.2;
5/9/2018 8:26:45 PM;931;6.3;12.4;5.4;5.2;
5/9/2018 8:26:46 PM;932;6.3;12.5;5.4;5.2;
5/9/2018 8:26:47 PM;933;6.3;12.6;5.4;5.2;
5/9/2018 8:26:48 PM;934;6.3;12.7;5.4;5.2;
5/9/2018 8:26:49 PM;935;6.3;12.7;5.4;5.2;
5/9/2018 8:26:50 PM;936;6.3;12.9;5.4;5.2;
5/9/2018 8:26:51 PM;937;6.3;13.1;5.4;5.2;
5/9/2018 8:26:52 PM;938;6.3;13.7;5.4;5.2;
5/9/2018 8:26:53 PM;939;6.3;14.3;5.4;5.2;
5/9/2018 8:26:54 PM;940;6.3;14.8;5.4;5.2;
5/9/2018 8:26:55 PM;941;6.3;15.1;5.4;5.2;
5/9/2018 8:26:56 PM;942;6.3;15.1;5.4;5.2;
5/9/2018 8:26:57 PM;943;6.3;14.8;5.4;5.2;
5/9/2018 8:26:58 PM;944;6.3;14.6;5.4;5.2;
5/9/2018 8:26:59 PM;945;6.3;14.5;5.4;5.2;
5/9/2018 8:27:00 PM;946;6.3;14.4;5.4;5.2;
5/9/2018 8:27:01 PM;947;6.3;15.1;5.4;5.2;
5/9/2018 8:27:02 PM;948;6.3;15.6;5.4;5.2;
5/9/2018 8:27:03 PM;949;6.3;15.8;5.4;5.2;
5/9/2018 8:27:04 PM;950;6.3;15.9;5.4;5.2;
5/9/2018 8:27:05 PM;951;6.3;16.0;5.4;5.2;
5/9/2018 8:27:06 PM;952;6.3;15.3;5.4;5.2;
5/9/2018 8:27:07 PM;953;6.3;15.0;5.4;5.2;
5/9/2018 8:27:08 PM;954;6.3;14.8;5.4;5.2;
5/9/2018 8:27:09 PM;955;6.3;14.8;5.4;5.2;
5/9/2018 8:27:10 PM;956;6.3;14.8;5.4;5.2;
5/9/2018 8:27:11 PM;957;6.3;15.3;5.4;5.2;
5/9/2018 8:27:12 PM;958;6.3;15.6;5.4;5.2;
5/9/2018 8:27:13 PM;959;6.3;15.9;5.4;5.2;
5/9/2018 8:27:14 PM;960;6.3;16.2;5.4;5.2;
5/9/2018 8:27:15 PM;961;6.3;16.7;5.4;5.2;
5/9/2018 8:27:16 PM;962;6.3;16.9;5.4;5.2;
5/9/2018 8:27:17 PM;963;6.3;17.1;5.4;5.2;
5/9/2018 8:27:18 PM;964;6.3;17.3;5.4;5.2;
5/9/2018 8:27:19 PM;965;6.3;17.5;5.4;5.2;
5/9/2018 8:27:20 PM;966;6.3;17.5;5.4;5.2;
5/9/2018 8:27:21 PM;967;6.3;17.9;5.4;5.2;
5/9/2018 8:27:22 PM;968;6.3;18.5;5.4;5.2;
5/9/2018 8:27:23 PM;969;6.3;19.6;5.4;5.2;
5/9/2018 8:27:24 PM;970;6.3;20.7;5.4;5.2;
5/9/2018 8:27:25 PM;971;6.3;21.6;5.4;5.2;
5/9/2018 8:27:26 PM;972;6.3;22.1;5.4;5.2;
5/9/2018 8:27:27 PM;973;6.3;22.4;5.4;5.2;
5/9/2018 8:27:28 PM;974;6.3;22.0;5.4;5.2;
5/9/2018 8:27:29 PM;975;6.3;21.5;5.4;5.2;
5/9/2018 8:27:30 PM;976;6.3;21.1;5.4;5.2;
5/9/2018 8:27:31 PM;977;6.3;20.8;5.4;5.2;
5/9/2018 8:27:32 PM;978;6.3;20.5;5.4;5.2;
5/9/2018 8:27:33 PM;979;6.3;20.3;5.4;5.2;
5/9/2018 8:27:34 PM;980;6.3;20.2;5.4;5.2;
5/9/2018 8:27:35 PM;981;6.3;20.2;5.4;5.2;
5/9/2018 8:27:36 PM;982;6.3;20.2;5.4;5.2;
5/9/2018 8:27:37 PM;983;6.3;20.3;5.4;5.2;
5/9/2018 8:27:38 PM;984;6.3;20.4;5.4;5.2;
5/9/2018 8:27:39 PM;985;6.3;20.5;5.4;5.2;
5/9/2018 8:27:40 PM;986;6.3;20.6;5.4;5.2;
5/9/2018 8:27:41 PM;987;6.3;20.7;5.4;5.2;
5/9/2018 8:27:42 PM;988;6.3;20.9;5.4;5.2;
5/9/2018 8:27:43 PM;989;6.3;21.0;5.4;5.2;
5/9/2018 8:27:44 PM;990;6.3;21.2;5.4;5.2;
5/9/2018 8:27:45 PM;991;6.3;21.3;5.4;5.2;
5/9/2018 8:27:46 PM;992;6.3;21.3;5.4;5.2;
5/9/2018 8:27:47 PM;993;6.3;21.2;5.4;5.2;
5/9/2018 8:27:48 PM;994;6.3;21.2;5.4;5.2;
5/9/2018 8:27:49 PM;995;6.3;21.1;5.4;5.2;
5/9/2018 8:27:50 PM;996;6.3;20.9;5.4;5.2;
5/9/2018 8:27:51 PM;997;6.3;20.9;5.4;5.2;
5/9/2018 8:27:52 PM;998;6.3;20.8;5.4;5.2;
5/9/2018 8:27:53 PM;999;6.3;20.7;5.4;5.2;
5/9/2018 8:27:54 PM;1000;6.3;20.6;5.4;5.2;
5/9/2018 8:27:55 PM;1001;6.3;20.6;5.4;5.2;
5/9/2018 8:27:56 PM;1002;6.3;20.6;5.4;5.2;
5/9/2018 8:27:57 PM;1003;6.3;20.5;5.4;5.2;
5/9/2018 8:27:58 PM;1004;6.3;20.4;5.4;5.2;
5/9/2018 8:27:59 PM;1005;6.3;20.2;5.4;5.2;
5/9/2018 8:28:00 PM;1006;6.3;20.0;5.4;5.2;
5/9/2018 8:28:01 PM;1007;6.3;19.9;5.4;5.2;
5/9/2018 8:28:02 PM;1008;6.3;19.8;5.4;5.2;
5/9/2018 8:28:03 PM;1009;6.3;19.7;5.4;5.2;
5/9/2018 8:28:04 PM;1010;6.3;19.6;5.4;5.2;
5/9/2018 8:28:05 PM;1011;6.3;19.6;5.4;5.2;
5/9/2018 8:28:06 PM;1012;6.3;19.5;5.4;5.2;
5/9/2018 8:28:07 PM;1013;6.3;19.5;5.4;5.2;
5/9/2018 8:28:08 PM;1014;6.3;19.5;5.4;5.2;
5/9/2018 8:28:09 PM;1015;6.3;19.4;5.4;5.2;
5/9/2018 8:28:10 PM;1016;6.3;19.3;5.4;5.2;
5/9/2018 8:28:11 PM;1017;6.3;19.1;5.4;5.2;
5/9/2018 8:28:12 PM;1018;6.3;19.0;5.4;5.2;
5/9/2018 8:28:13 PM;1019;6.3;18.8;5.4;5.2;
5/9/2018 8:28:14 PM;1020;6.3;18.7;5.4;5.2;
5/9/2018 8:28:15 PM;1021;6.3;18.6;5.4;5.2;
5/9/2018 8:28:16 PM;1022;6.3;18.6;5.4;5.2;
5/9/2018 8:28:17 PM;1023;6.3;18.6;5.4;5.2;
5/9/2018 8:28:18 PM;1024;6.3;18.6;5.4;5.2;
5/9/2018 8:28:19 PM;1025;6.3;18.6;5.4;5.2;
5/9/2018 8:28:20 PM;1026;6.3;18.6;5.4;5.2;
5/9/2018 8:28:21 PM;1027;6.3;18.5;5.4;5.2;
5/9/2018 8:28:22 PM;1028;6.3;18.3;5.4;5.2;
5/9/2018 8:28:23 PM;1029;6.3;18.2;5.4;5.2;
5/9/2018 8:28:24 PM;1030;6.3;18.0;5.4;5.2;
5/9/2018 8:28:25 PM;1031;6.3;17.9;5.4;5.2;
5/9/2018 8:28:26 PM;1032;6.3;17.8;5.4;5.2;
5/9/2018 8:28:27 PM;1033;6.3;17.7;5.4;5.2;
5/9/2018 8:28:28 PM;1034;6.3;17.6;5.4;5.2;
5/9/2018 8:28:29 PM;1035;6.3;17.6;5.4;5.2;
5/9/2018 8:28:30 PM;1036;6.3;17.5;5.4;5.2;
5/9/2018 8:28:31 PM;1037;6.3;17.4;5.4;5.2;
5/9/2018 8:28:32 PM;1038;6.3;17.3;5.4;5.2;
5/9/2018 8:28:33 PM;1039;6.3;17.1;5.4;5.2;
5/9/2018 8:28:34 PM;1040;6.3;16.9;5.4;5.2;
5/9/2018 8:28:35 PM;1041;6.3;16.7;5.4;5.2;
5/9/2018 8:28:36 PM;1042;6.3;16.6;5.4;5.2;
5/9/2018 8:28:37 PM;1043;6.3;16.5;5.4;5.2;
5/9/2018 8:28:38 PM;1044;6.3;16.4;5.4;5.2;
5/9/2018 8:28:39 PM;1045;6.3;16.4;5.4;5.2;
5/9/2018 8:28:40 PM;1046;6.3;16.3;5.4;5.2;
5/9/2018 8:28:41 PM;1047;6.3;16.2;5.4;5.2;
5/9/2018 8:28:42 PM;1048;6.3;16.2;5.4;5.2;
5/9/2018 8:28:43 PM;1049;6.3;16.2;5.4;5.2;
5/9/2018 8:28:44 PM;1050;6.3;16.2;5.4;5.2;
5/9/2018 8:28:45 PM;1051;6.3;16.1;5.4;5.2;
5/9/2018 8:28:46 PM;1052;6.3;16.1;5.4;5.2;
5/9/2018 8:28:47 PM;1053;6.3;16.0;5.4;5.2;
5/9/2018 8:28:48 PM;1054;6.3;15.9;5.4;5.2;
5/9/2018 8:28:49 PM;1055;6.3;15.9;5.4;5.1;
5/9/2018 8:28:50 PM;1056;6.3;15.9;5.4;5.1;
5/9/2018 8:28:51 PM;1057;6.3;15.9;5.4;5.1;
5/9/2018 8:28:52 PM;1058;6.3;15.9;5.4;5.1;
5/9/2018 8:28:53 PM;1059;6.3;16.0;5.4;5.1;
5/9/2018 8:28:54 PM;1060;6.3;15.9;5.4;5.2;
5/9/2018 8:28:55 PM;1061;6.3;15.8;5.4;5.1;
5/9/2018 8:28:56 PM;1062;6.3;15.7;5.4;5.1;
5/9/2018 8:28:57 PM;1063;6.3;15.6;5.4;5.1;
5/9/2018 8:28:58 PM;1064;6.3;15.4;5.4;5.1;
5/9/2018 8:28:59 PM;1065;6.3;15.2;5.4;5.1;
5/9/2018 8:29:00 PM;1066;6.3;15.0;5.4;5.1;
5/9/2018 8:29:01 PM;1067;6.3;14.8;5.4;5.1;
5/9/2018 8:29:02 PM;1068;6.3;14.7;5.4;5.1;
5/9/2018 8:29:03 PM;1069;6.3;14.6;5.4;5.1;
5/9/2018 8:29:04 PM;1070;6.3;14.6;5.4;5.1;
5/9/2018 8:29:05 PM;1071;6.3;14.6;5.4;5.1;
5/9/2018 8:29:06 PM;1072;6.3;14.5;5.4;5.1;
5/9/2018 8:29:07 PM;1073;6.3;14.5;5.4;5.1;
5/9/2018 8:29:08 PM;1074;6.3;14.5;5.4;5.1;
5/9/2018 8:29:09 PM;1075;6.3;14.5;5.4;5.1;
5/9/2018 8:29:10 PM;1076;6.3;14.4;5.4;5.1;
5/9/2018 8:29:11 PM;1077;6.3;14.3;5.4;5.1;
5/9/2018 8:29:12 PM;1078;6.3;14.2;5.4;5.1;
5/9/2018 8:29:13 PM;1079;6.3;14.0;5.4;5.1;
5/9/2018 8:29:14 PM;1080;6.3;13.7;5.4;5.1;
5/9/2018 8:29:15 PM;1081;6.3;13.5;5.4;5.1;
5/9/2018 8:29:16 PM;1082;6.3;13.4;5.4;5.1;
5/9/2018 8:29:17 PM;1083;6.3;13.3;5.4;5.1;
5/9/2018 8:29:18 PM;1084;6.3;13.3;5.4;5.1;
5/9/2018 8:29:19 PM;1085;6.3;13.4;5.4;5.1;
5/9/2018 8:29:20 PM;1086;6.3;13.4;5.4;5.1;
5/9/2018 8:29:21 PM;1087;6.3;13.3;5.4;5.1;
5/9/2018 8:29:22 PM;1088;6.3;13.2;5.4;5.1;
5/9/2018 8:29:23 PM;1089;6.3;13.1;5.4;5.1;
5/9/2018 8:29:24 PM;1090;6.3;13.1;5.4;5.1;
5/9/2018 8:29:25 PM;1091;6.3;13.1;5.4;5.1;
5/9/2018 8:29:26 PM;1092;6.3;13.2;5.4;5.1;
5/9/2018 8:29:27 PM;1093;6.3;13.2;5.4;5.1;
5/9/2018 8:29:28 PM;1094;6.3;13.0;5.4;5.1;
5/9/2018 8:29:29 PM;1095;6.3;12.9;5.4;5.1;
5/9/2018 8:29:30 PM;1096;6.3;12.7;5.4;5.1;
5/9/2018 8:29:31 PM;1097;6.3;12.6;5.4;5.1;
5/9/2018 8:29:32 PM;1098;6.3;12.5;5.4;5.1;
5/9/2018 8:29:33 PM;1099;6.3;12.6;5.4;5.1;
5/9/2018 8:29:34 PM;1100;6.3;12.6;5.4;5.1;
5/9/2018 8:29:35 PM;1101;6.3;12.5;5.4;5.1;
5/9/2018 8:29:36 PM;1102;6.3;12.3;5.4;5.1;
5/9/2018 8:29:37 PM;1103;6.3;12.2;5.4;5.1;
5/9/2018 8:29:38 PM;1104;6.3;12.1;5.4;5.1;
5/9/2018 8:29:39 PM;1105;6.3;12.0;5.4;5.1;
5/9/2018 8:29:40 PM;1106;6.3;12.0;5.4;5.1;
5/9/2018 8:29:41 PM;1107;6.3;12.0;5.4;5.1;
5/9/2018 8:29:42 PM;1108;6.3;11.9;5.4;5.1;
5/9/2018 8:29:43 PM;1109;6.3;11.8;5.4;5.1;
5/9/2018 8:29:44 PM;1110;6.3;11.7;5.4;5.1;
5/9/2018 8:29:45 PM;1111;6.3;11.6;5.4;5.1;
5/9/2018 8:29:46 PM;1112;6.3;11.6;5.4;5.1;
5/9/2018 8:29:47 PM;1113;6.3;11.6;5.4;5.1;
5/9/2018 8:29:48 PM;1114;6.3;11.6;5.4;5.1;
5/9/2018 8:29:49 PM;1115;6.3;11.6;5.4;5.1;
5/9/2018 8:29:50 PM;1116;6.3;11.7;5.4;5.1;
5/9/2018 8:29:51 PM;1117;6.3;11.7;5.4;5.1;
5/9/2018 8:29:52 PM;1118;6.3;11.7;5.4;5.1;
5/9/2018 8:29:53 PM;1119;6.3;11.7;5.4;5.1;
5/9/2018 8:29:54 PM;1120;6.3;11.7;5.4;5.1;
5/9/2018 8:29:55 PM;1121;6.3;11.7;5.4;5.1;
5/9/2018 8:29:56 PM;1122;6.3;11.7;5.4;5.1;
5/9/2018 8:29:57 PM;1123;6.3;11.7;5.4;5.1;
5/9/2018 8:29:58 PM;1124;6.3;11.7;5.4;5.1;
5/9/2018 8:29:59 PM;1125;6.3;11.7;5.4;5.1;
5/9/2018 8:30:00 PM;1126;6.3;11.8;5.4;5.1;
5/9/2018 8:30:01 PM;1127;6.3;11.8;5.4;5.1;
5/9/2018 8:30:02 PM;1128;6.3;11.8;5.4;5.1;
5/9/2018 8:30:03 PM;1129;6.3;11.8;5.4;5.1;
5/9/2018 8:30:04 PM;1130;6.3;11.7;5.4;5.1;
5/9/2018 8:30:05 PM;1131;6.3;11.7;5.4;5.1;
5/9/2018 8:30:06 PM;1132;6.3;11.7;5.4;5.1;
5/9/2018 8:30:07 PM;1133;6.3;11.8;5.4;5.1;
5/9/2018 8:30:08 PM;1134;6.3;11.8;5.4;5.1;
5/9/2018 8:30:09 PM;1135;6.3;11.8;5.4;5.1;
5/9/2018 8:30:10 PM;1136;6.3;11.7;5.4;5.1;
5/9/2018 8:30:11 PM;1137;6.3;11.5;5.4;5.1;
5/9/2018 8:30:12 PM;1138;6.3;11.4;5.4;5.1;
5/9/2018 8:30:13 PM;1139;6.3;11.3;5.4;5.1;
5/9/2018 8:30:14 PM;1140;6.3;11.2;5.4;5.1;
5/9/2018 8:30:15 PM;1141;6.3;11.1;5.4;5.1;
5/9/2018 8:30:16 PM;1142;6.3;11.1;5.4;5.1;
5/9/2018 8:30:17 PM;1143;6.3;11.0;5.4;5.1;
5/9/2018 8:30:18 PM;1144;6.3;11.0;5.4;5.1;
5/9/2018 8:30:19 PM;1145;6.3;10.9;5.4;5.1;
5/9/2018 8:30:20 PM;1146;6.3;10.9;5.4;5.1;
5/9/2018 8:30:21 PM;1147;6.3;10.9;5.4;5.1;
5/9/2018 8:30:22 PM;1148;6.3;10.8;5.4;5.1;
5/9/2018 8:30:23 PM;1149;6.3;10.8;5.4;5.1;
5/9/2018 8:30:24 PM;1150;6.3;10.8;5.4;5.1;
5/9/2018 8:30:25 PM;1151;6.3;10.8;5.4;5.1;
5/9/2018 8:30:26 PM;1152;6.3;10.8;5.4;5.1;
5/9/2018 8:30:27 PM;1153;6.3;10.8;5.4;5.1;
5/9/2018 8:30:28 PM;1154;6.3;10.8;5.4;5.1;
5/9/2018 8:30:29 PM;1155;6.3;10.9;5.4;5.1;
5/9/2018 8:30:30 PM;1156;6.3;10.9;5.4;5.1;
5/9/2018 8:30:31 PM;1157;6.3;10.8;5.4;5.1;
5/9/2018 8:30:32 PM;1158;6.3;10.7;5.4;5.1;
5/9/2018 8:30:33 PM;1159;6.3;10.6;5.4;5.1;
5/9/2018 8:30:34 PM;1160;6.3;10.4;5.4;5.1;
5/9/2018 8:30:35 PM;1161;6.3;10.3;5.4;5.1;
5/9/2018 8:30:36 PM;1162;6.3;10.3;5.4;5.1;
5/9/2018 8:30:37 PM;1163;6.3;10.3;5.4;5.1;
5/9/2018 8:30:38 PM;1164;6.3;10.3;5.4;5.1;
5/9/2018 8:30:39 PM;1165;6.3;10.3;5.4;5.1;
5/9/2018 8:30:40 PM;1166;6.3;10.2;5.4;5.1;
5/9/2018 8:30:41 PM;1167;6.3;10.1;5.4;5.1;
5/9/2018 8:30:42 PM;1168;6.3;10.0;5.4;5.1;
5/9/2018 8:30:43 PM;1169;6.3;9.9;5.4;5.1;
5/9/2018 8:30:44 PM;1170;6.3;9.9;5.4;5.1;
5/9/2018 8:30:45 PM;1171;6.3;9.9;5.4;5.1;
5/9/2018 8:30:46 PM;1172;6.3;9.9;5.4;5.1;
5/9/2018 8:30:47 PM;1173;6.3;10.0;5.4;5.1;
5/9/2018 8:30:48 PM;1174;6.3;10.1;5.4;5.1;
5/9/2018 8:30:49 PM;1175;6.3;10.2;5.4;5.1;
5/9/2018 8:30:50 PM;1176;6.3;10.2;5.4;5.1;
5/9/2018 8:30:51 PM;1177;6.3;10.2;5.4;5.1;
5/9/2018 8:30:52 PM;1178;6.3;10.2;5.4;5.1;
5/9/2018 8:30:53 PM;1179;6.3;10.1;5.4;5.1;
5/9/2018 8:30:54 PM;1180;6.3;10.0;5.4;5.1;
5/9/2018 8:30:55 PM;1181;6.3;10.0;5.4;5.1;
5/9/2018 8:30:56 PM;1182;6.3;9.9;5.4;5.1;
5/9/2018 8:30:57 PM;1183;6.3;9.8;5.4;5.1;
5/9/2018 8:30:58 PM;1184;6.3;9.8;5.4;5.1;
5/9/2018 8:30:59 PM;1185;6.3;9.8;5.4;5.1;
5/9/2018 8:31:00 PM;1186;6.3;9.8;5.4;5.1;
5/9/2018 8:31:01 PM;1187;6.3;9.8;5.4;5.1;
5/9/2018 8:31:02 PM;1188;6.3;9.8;5.4;5.1;
5/9/2018 8:31:03 PM;1189;6.3;9.8;5.4;5.1;
5/9/2018 8:31:04 PM;1190;6.3;9.7;5.4;5.1;
5/9/2018 8:31:05 PM;1191;6.3;9.7;5.4;5.1;
5/9/2018 8:31:06 PM;1192;6.3;9.6;5.4;5.1;
5/9/2018 8:31:07 PM;1193;6.3;9.6;5.4;5.1;
5/9/2018 8:31:08 PM;1194;6.3;9.5;5.4;5.1;
5/9/2018 8:31:09 PM;1195;6.3;9.4;5.4;5.1;
5/9/2018 8:31:10 PM;1196;6.3;9.4;5.4;5.1;
5/9/2018 8:31:11 PM;1197;6.3;9.3;5.4;5.1;
5/9/2018 8:31:12 PM;1198;6.3;9.4;5.4;5.1;
5/9/2018 8:31:13 PM;1199;6.3;9.4;5.4;5.1;
5/9/2018 8:31:14 PM;1200;6.3;9.3;5.4;5.1;
5/9/2018 8:31:15 PM;1201;6.3;9.3;5.4;5.1;
5/9/2018 8:31:16 PM;1202;6.3;9.2;5.4;5.1;
5/9/2018 8:31:17 PM;1203;6.3;9.1;5.4;5.1;
5/9/2018 8:31:18 PM;1204;6.3;9.1;5.4;5.1;
5/9/2018 8:31:19 PM;1205;6.3;9.1;5.4;5.1;
5/9/2018 8:31:20 PM;1206;6.3;9.1;5.4;5.1;
5/9/2018 8:31:21 PM;1207;6.3;9.2;5.4;5.1;
5/9/2018 8:31:22 PM;1208;6.3;9.2;5.4;5.1;
5/9/2018 8:31:23 PM;1209;6.3;9.2;5.4;5.1;
5/9/2018 8:31:24 PM;1210;6.3;9.2;5.4;5.1;
5/9/2018 8:31:25 PM;1211;6.3;9.2;5.4;5.1;
5/9/2018 8:31:26 PM;1212;6.3;9.1;5.4;5.1;
5/9/2018 8:31:27 PM;1213;6.3;9.0;5.4;5.1;
5/9/2018 8:31:28 PM;1214;6.3;8.9;5.4;5.1;
5/9/2018 8:31:29 PM;1215;6.3;8.8;5.4;5.1;
5/9/2018 8:31:30 PM;1216;6.3;8.7;5.4;5.1;
5/9/2018 8:31:31 PM;1217;6.3;8.6;5.4;5.1;
5/9/2018 8:31:32 PM;1218;6.3;8.6;5.4;5.1;
5/9/2018 8:31:33 PM;1219;6.3;8.6;5.4;5.1;
5/9/2018 8:31:34 PM;1220;6.3;8.6;5.4;5.1;
5/9/2018 8:31:35 PM;1221;6.3;8.6;5.4;5.1;
5/9/2018 8:31:36 PM;1222;6.3;8.7;5.4;5.1;
5/9/2018 8:31:37 PM;1223;6.3;8.7;5.4;5.1;
5/9/2018 8:31:38 PM;1224;6.3;8.7;5.4;5.1;
5/9/2018 8:31:39 PM;1225;6.3;8.7;5.4;5.1;
5/9/2018 8:31:40 PM;1226;6.3;8.6;5.4;5.1;
5/9/2018 8:31:41 PM;1227;6.3;8.6;5.4;5.1;
5/9/2018 8:31:42 PM;1228;6.3;8.6;5.4;5.1;
5/9/2018 8:31:43 PM;1229;6.3;8.6;5.4;5.1;
5/9/2018 8:31:44 PM;1230;6.3;8.6;5.4;5.1;
5/9/2018 8:31:45 PM;1231;6.3;8.7;5.4;5.1;
5/9/2018 8:31:46 PM;1232;6.3;8.8;5.4;5.1;
5/9/2018 8:31:47 PM;1233;6.3;8.9;5.4;5.1;
5/9/2018 8:31:48 PM;1234;6.3;8.9;5.4;5.1;
5/9/2018 8:31:49 PM;1235;6.3;8.9;5.4;5.1;
5/9/2018 8:31:50 PM;1236;6.3;8.9;5.4;5.1;
5/9/2018 8:31:51 PM;1237;6.3;8.8;5.4;5.1;
5/9/2018 8:31:52 PM;1238;6.3;8.8;5.4;5.1;
5/9/2018 8:31:53 PM;1239;6.3;8.8;5.4;5.1;
5/9/2018 8:31:54 PM;1240;6.3;8.7;5.4;5.1;
5/9/2018 8:31:55 PM;1241;6.3;8.6;5.4;5.1;
5/9/2018 8:31:56 PM;1242;6.3;8.6;5.4;5.1;
5/9/2018 8:31:57 PM;1243;6.3;8.5;5.4;5.1;
5/9/2018 8:31:58 PM;1244;6.3;8.5;5.4;5.1;
5/9/2018 8:31:59 PM;1245;6.3;8.6;5.4;5.1;
5/9/2018 8:32:00 PM;1246;6.3;8.5;5.4;5.1;
5/9/2018 8:32:01 PM;1247;6.3;8.5;5.4;5.1;
5/9/2018 8:32:02 PM;1248;6.3;8.5;5.4;5.1;
5/9/2018 8:32:03 PM;1249;6.3;8.5;5.4;5.1;
5/9/2018 8:32:04 PM;1250;6.3;8.5;5.4;5.1;
5/9/2018 8:32:05 PM;1251;6.3;8.5;5.4;5.1;
5/9/2018 8:32:06 PM;1252;6.3;8.5;5.4;5.1;
5/9/2018 8:32:07 PM;1253;6.3;8.5;5.4;5.1;
5/9/2018 8:32:08 PM;1254;6.3;8.5;5.4;5.1;
5/9/2018 8:32:09 PM;1255;6.3;8.4;5.4;5.1;
5/9/2018 8:32:10 PM;1256;6.3;8.4;5.4;5.1;
5/9/2018 8:32:11 PM;1257;6.3;8.4;5.4;5.1;
5/9/2018 8:32:12 PM;1258;6.3;8.3;5.4;5.1;
5/9/2018 8:32:13 PM;1259;6.3;8.3;5.4;5.1;
5/9/2018 8:32:14 PM;1260;6.3;8.3;5.4;5.1;
5/9/2018 8:32:15 PM;1261;6.3;8.3;5.4;5.1;
5/9/2018 8:32:16 PM;1262;6.3;8.3;5.4;5.1;
5/9/2018 8:32:17 PM;1263;6.3;8.3;5.4;5.1;
5/9/2018 8:32:18 PM;1264;6.3;8.3;5.4;5.1;
5/9/2018 8:32:19 PM;1265;6.3;8.3;5.4;5.1;
5/9/2018 8:32:20 PM;1266;6.3;8.3;5.4;5.1;
5/9/2018 8:32:21 PM;1267;6.3;8.3;5.4;5.1;
5/9/2018 8:32:22 PM;1268;6.3;8.3;5.4;5.1;
5/9/2018 8:32:23 PM;1269;6.3;8.3;5.4;5.1;
5/9/2018 8:32:24 PM;1270;6.3;8.3;5.4;5.1;
5/9/2018 8:32:25 PM;1271;6.3;8.3;5.4;5.1;
5/9/2018 8:32:26 PM;1272;6.3;8.4;5.4;5.1;
5/9/2018 8:32:27 PM;1273;6.3;8.4;5.4;5.1;
5/9/2018 8:32:28 PM;1274;6.3;8.4;5.4;5.1;
5/9/2018 8:32:29 PM;1275;6.3;8.5;5.4;5.1;
5/9/2018 8:32:30 PM;1276;6.3;8.5;5.3;5.1;
5/9/2018 8:32:31 PM;1277;6.3;8.5;5.3;5.1;
5/9/2018 8:32:32 PM;1278;6.3;8.5;5.3;5.1;
5/9/2018 8:32:33 PM;1279;6.3;8.5;5.3;5.1;
5/9/2018 8:32:34 PM;1280;6.3;8.4;5.3;5.1;
5/9/2018 8:32:35 PM;1281;6.3;8.4;5.3;5.1;
5/9/2018 8:32:36 PM;1282;6.3;8.3;5.3;5.1;
5/9/2018 8:32:37 PM;1283;6.3;8.2;5.3;5.1;
5/9/2018 8:32:38 PM;1284;6.3;8.1;5.3;5.1;
5/9/2018 8:32:39 PM;1285;6.3;8.0;5.3;5.1;
5/9/2018 8:32:40 PM;1286;6.3;7.9;5.3;5.1;
5/9/2018 8:32:41 PM;1287;6.3;7.9;5.3;5.1;
5/9/2018 8:32:42 PM;1288;6.3;7.8;5.3;5.1;
5/9/2018 8:32:43 PM;1289;6.3;7.9;5.3;5.1;
5/9/2018 8:32:44 PM;1290;6.3;7.8;5.3;5.1;
5/9/2018 8:32:45 PM;1291;6.3;7.9;5.3;5.1;
5/9/2018 8:32:46 PM;1292;6.3;7.9;5.3;5.1;
5/9/2018 8:32:47 PM;1293;6.3;7.9;5.3;5.1;
5/9/2018 8:32:48 PM;1294;6.3;7.9;5.3;5.1;
5/9/2018 8:32:49 PM;1295;6.3;8.0;5.3;5.1;
5/9/2018 8:32:50 PM;1296;6.3;8.0;5.3;5.1;
5/9/2018 8:32:51 PM;1297;6.3;8.0;5.3;5.1;
5/9/2018 8:32:52 PM;1298;6.3;8.0;5.3;5.1;
5/9/2018 8:32:53 PM;1299;6.3;8.0;5.3;5.1;
5/9/2018 8:32:54 PM;1300;6.3;8.0;5.3;5.1;
5/9/2018 8:32:55 PM;1301;6.3;8.0;5.3;5.1;
5/9/2018 8:32:56 PM;1302;6.3;8.0;5.3;5.1;
5/9/2018 8:32:57 PM;1303;6.3;8.0;5.3;5.1;
5/9/2018 8:32:58 PM;1304;6.3;8.0;5.3;5.1;
5/9/2018 8:32:59 PM;1305;6.3;8.0;5.3;5.1;
5/9/2018 8:33:00 PM;1306;6.3;8.0;5.3;5.1;
5/9/2018 8:33:01 PM;1307;6.3;8.0;5.3;5.1;
5/9/2018 8:33:02 PM;1308;6.3;8.0;5.3;5.1;
5/9/2018 8:33:03 PM;1309;6.3;7.9;5.3;5.1;
5/9/2018 8:33:04 PM;1310;6.3;7.9;5.3;5.1;
5/9/2018 8:33:05 PM;1311;6.3;7.8;5.3;5.1;
5/9/2018 8:33:06 PM;1312;6.3;7.8;5.3;5.1;
5/9/2018 8:33:07 PM;1313;6.3;7.8;5.3;5.1;
5/9/2018 8:33:08 PM;1314;6.3;7.7;5.3;5.1;
5/9/2018 8:33:09 PM;1315;6.3;7.7;5.3;5.1;
5/9/2018 8:33:10 PM;1316;6.3;7.7;5.3;5.1;
5/9/2018 8:33:11 PM;1317;6.3;7.6;5.3;5.1;
5/9/2018 8:33:12 PM;1318;6.3;7.6;5.3;5.1;
5/9/2018 8:33:13 PM;1319;6.3;7.6;5.3;5.1;
5/9/2018 8:33:14 PM;1320;6.3;7.6;5.3;5.1;
5/9/2018 8:33:15 PM;1321;6.3;7.5;5.3;5.1;
5/9/2018 8:33:16 PM;1322;6.3;7.5;5.3;5.1;
5/9/2018 8:33:17 PM;1323;6.3;7.5;5.3;5.1;
5/9/2018 8:33:18 PM;1324;6.3;7.5;5.3;5.1;
5/9/2018 8:33:19 PM;1325;6.3;7.6;5.3;5.1;
5/9/2018 8:33:20 PM;1326;6.3;7.6;5.3;5.1;
5/9/2018 8:33:21 PM;1327;6.3;7.6;5.3;5.1;
5/9/2018 8:33:22 PM;1328;6.3;7.6;5.3;5.1;
5/9/2018 8:33:23 PM;1329;6.3;7.6;5.3;5.1;
5/9/2018 8:33:24 PM;1330;6.3;7.6;5.3;5.1;
5/9/2018 8:33:25 PM;1331;6.3;7.6;5.3;5.1;
5/9/2018 8:33:26 PM;1332;6.3;7.6;5.3;5.1;
5/9/2018 8:33:27 PM;1333;6.3;7.5;5.3;5.1;
5/9/2018 8:33:28 PM;1334;6.3;7.4;5.3;5.1;
5/9/2018 8:33:29 PM;1335;6.3;7.4;5.3;5.1;
5/9/2018 8:33:30 PM;1336;6.3;7.3;5.3;5.1;
5/9/2018 8:33:31 PM;1337;6.3;7.3;5.3;5.1;
5/9/2018 8:33:32 PM;1338;6.3;7.3;5.3;5.1;
5/9/2018 8:33:33 PM;1339;6.3;7.3;5.3;5.1;
5/9/2018 8:33:34 PM;1340;6.3;7.3;5.3;5.1;
5/9/2018 8:33:35 PM;1341;6.3;7.3;5.3;5.1;
5/9/2018 8:33:36 PM;1342;6.3;7.3;5.3;5.1;
5/9/2018 8:33:37 PM;1343;6.3;7.3;5.3;5.1;
5/9/2018 8:33:38 PM;1344;6.3;7.3;5.3;5.1;
5/9/2018 8:33:39 PM;1345;6.3;7.4;5.3;5.1;
5/9/2018 8:33:40 PM;1346;6.3;7.4;5.3;5.1;
5/9/2018 8:33:41 PM;1347;6.3;7.5;5.3;5.1;
5/9/2018 8:33:42 PM;1348;6.3;7.5;5.3;5.1;
5/9/2018 8:33:43 PM;1349;6.3;7.5;5.3;5.1;
5/9/2018 8:33:44 PM;1350;6.3;7.5;5.3;5.1;
5/9/2018 8:33:45 PM;1351;6.3;7.5;5.3;5.1;
5/9/2018 8:33:46 PM;1352;6.3;7.5;5.3;5.1;
5/9/2018 8:33:47 PM;1353;6.3;7.5;5.3;5.1;
5/9/2018 8:33:48 PM;1354;6.3;7.5;5.3;5.1;
5/9/2018 8:33:49 PM;1355;6.3;7.5;5.3;5.1;
5/9/2018 8:33:50 PM;1356;6.3;7.5;5.3;5.1;
5/9/2018 8:33:51 PM;1357;6.3;7.5;5.3;5.1;
5/9/2018 8:33:52 PM;1358;6.3;7.5;5.3;5.1;
5/9/2018 8:33:53 PM;1359;6.3;7.5;5.3;5.1;
5/9/2018 8:33:54 PM;1360;6.3;7.5;5.3;5.1;
5/9/2018 8:33:55 PM;1361;6.3;7.5;5.3;5.1;
5/9/2018 8:33:56 PM;1362;6.3;7.5;5.3;5.1;
5/9/2018 8:33:57 PM;1363;6.3;7.5;5.3;5.1;
5/9/2018 8:33:58 PM;1364;6.3;7.4;5.3;5.1;
5/9/2018 8:33:59 PM;1365;6.3;7.4;5.3;5.1;
5/9/2018 8:34:00 PM;1366;6.3;7.4;5.3;5.1;
5/9/2018 8:34:01 PM;1367;6.3;7.4;5.3;5.1;
5/9/2018 8:34:02 PM;1368;6.3;7.4;5.3;5.1;
5/9/2018 8:34:03 PM;1369;6.3;7.4;5.3;5.1;
5/9/2018 8:34:04 PM;1370;6.3;7.4;5.3;5.1;
5/9/2018 8:34:05 PM;1371;6.3;7.4;5.3;5.1;
5/9/2018 8:34:06 PM;1372;6.3;7.3;5.3;5.1;
5/9/2018 8:34:07 PM;1373;6.3;7.2;5.3;5.1;
5/9/2018 8:34:08 PM;1374;6.3;7.1;5.3;5.1;
5/9/2018 8:34:09 PM;1375;6.3;7.0;5.3;5.1;
5/9/2018 8:34:10 PM;1376;6.3;7.0;5.3;5.1;
5/9/2018 8:34:11 PM;1377;6.3;6.9;5.3;5.1;
5/9/2018 8:34:12 PM;1378;6.3;6.9;5.3;5.1;
5/9/2018 8:34:13 PM;1379;6.3;6.9;5.3;5.1;
5/9/2018 8:34:14 PM;1380;6.3;6.9;5.3;5.1;
5/9/2018 8:34:15 PM;1381;6.3;6.9;5.3;5.1;
5/9/2018 8:34:16 PM;1382;6.3;7.0;5.3;5.1;
5/9/2018 8:34:17 PM;1383;6.3;7.0;5.3;5.1;
5/9/2018 8:34:18 PM;1384;6.3;7.0;5.3;5.1;
5/9/2018 8:34:19 PM;1385;6.3;7.0;5.3;5.1;
5/9/2018 8:34:20 PM;1386;6.3;7.0;5.3;5.1;
5/9/2018 8:34:21 PM;1387;6.3;7.0;5.3;5.1;
5/9/2018 8:34:22 PM;1388;6.3;7.1;5.3;5.1;
5/9/2018 8:34:23 PM;1389;6.3;7.1;5.3;5.1;
5/9/2018 8:34:24 PM;1390;6.3;7.2;5.3;5.1;
5/9/2018 8:34:25 PM;1391;6.3;7.2;5.3;5.1;
5/9/2018 8:34:26 PM;1392;6.3;7.3;5.3;5.1;
5/9/2018 8:34:27 PM;1393;6.3;7.3;5.3;5.1;
5/9/2018 8:34:28 PM;1394;6.3;7.3;5.3;5.1;
5/9/2018 8:34:29 PM;1395;6.3;7.3;5.3;5.1;
5/9/2018 8:34:30 PM;1396;6.3;7.3;5.3;5.1;
5/9/2018 8:34:31 PM;1397;6.3;7.3;5.3;5.1;
5/9/2018 8:34:32 PM;1398;6.3;7.3;5.3;5.1;
5/9/2018 8:34:33 PM;1399;6.3;7.2;5.3;5.1;
5/9/2018 8:34:34 PM;1400;6.3;7.2;5.3;5.1;
5/9/2018 8:34:35 PM;1401;6.3;7.2;5.3;5.1;
5/9/2018 8:34:36 PM;1402;6.3;7.2;5.3;5.1;
5/9/2018 8:34:37 PM;1403;6.3;7.2;5.3;5.1;
5/9/2018 8:34:38 PM;1404;6.3;7.2;5.3;5.1;
5/9/2018 8:34:39 PM;1405;6.3;7.2;5.3;5.1;
5/9/2018 8:34:40 PM;1406;6.3;7.2;5.3;5.1;
5/9/2018 8:34:41 PM;1407;6.3;7.2;5.3;5.1;
5/9/2018 8:34:42 PM;1408;6.3;7.2;5.3;5.1;
5/9/2018 8:34:43 PM;1409;6.3;7.2;5.3;5.1;
5/9/2018 8:34:44 PM;1410;6.3;7.2;5.3;5.1;
5/9/2018 8:34:45 PM;1411;6.3;7.2;5.3;5.1;
5/9/2018 8:34:46 PM;1412;6.3;7.2;5.3;5.1;
5/9/2018 8:34:47 PM;1413;6.3;7.2;5.3;5.1;
5/9/2018 8:34:48 PM;1414;6.3;7.2;5.3;5.1;
5/9/2018 8:34:49 PM;1415;6.3;7.2;5.3;5.1;
5/9/2018 8:34:50 PM;1416;6.3;7.2;5.3;5.1;
5/9/2018 8:34:51 PM;1417;6.3;7.2;5.3;5.1;
5/9/2018 8:34:52 PM;1418;6.3;7.2;5.3;5.1;
5/9/2018 8:34:53 PM;1419;6.3;7.2;5.3;5.1;
5/9/2018 8:34:54 PM;1420;6.3;7.2;5.3;5.1;
5/9/2018 8:34:55 PM;1421;6.3;7.2;5.3;5.1;
5/9/2018 8:34:56 PM;1422;6.3;7.2;5.3;5.1;
5/9/2018 8:34:57 PM;1423;6.3;7.2;5.3;5.1;
5/9/2018 8:34:58 PM;1424;6.3;7.2;5.3;5.1;
5/9/2018 8:34:59 PM;1425;6.3;7.2;5.3;5.1;
5/9/2018 8:35:00 PM;1426;6.3;7.2;5.3;5.1;
5/9/2018 8:35:01 PM;1427;6.3;7.2;5.3;5.1;
5/9/2018 8:35:02 PM;1428;6.3;7.2;5.3;5.1;
5/9/2018 8:35:03 PM;1429;6.3;7.2;5.3;5.1;
5/9/2018 8:35:04 PM;1430;6.3;7.2;5.3;5.1;
5/9/2018 8:35:05 PM;1431;6.3;7.1;5.3;5.1;
5/9/2018 8:35:06 PM;1432;6.3;7.1;5.3;5.1;
5/9/2018 8:35:07 PM;1433;6.3;7.1;5.3;5.1;
5/9/2018 8:35:08 PM;1434;6.3;7.1;5.3;5.1;
5/9/2018 8:35:09 PM;1435;6.3;7.1;5.3;5.1;
5/9/2018 8:35:10 PM;1436;6.3;7.2;5.3;5.1;
5/9/2018 8:35:11 PM;1437;6.3;7.2;5.3;5.1;
5/9/2018 8:35:12 PM;1438;6.3;7.2;5.3;5.1;
5/9/2018 8:35:13 PM;1439;6.3;7.1;5.3;5.1;
5/9/2018 8:35:14 PM;1440;6.3;7.1;5.3;5.1;
5/9/2018 8:35:15 PM;1441;6.3;7.0;5.3;5.1;
5/9/2018 8:35:16 PM;1442;6.3;7.0;5.3;5.1;
5/9/2018 8:35:17 PM;1443;6.3;7.0;5.3;5.1;
5/9/2018 8:35:18 PM;1444;6.3;7.0;5.3;5.1;
5/9/2018 8:35:19 PM;1445;6.3;7.0;5.3;5.1;
5/9/2018 8:35:20 PM;1446;6.3;7.0;5.3;5.1;
5/9/2018 8:35:21 PM;1447;6.3;7.0;5.3;5.1;
5/9/2018 8:35:22 PM;1448;6.3;7.0;5.3;5.1;
5/9/2018 8:35:23 PM;1449;6.3;7.0;5.3;5.1;
5/9/2018 8:35:24 PM;1450;6.3;6.9;5.3;5.1;
5/9/2018 8:35:25 PM;1451;6.3;6.9;5.3;5.1;
5/9/2018 8:35:26 PM;1452;6.3;6.8;5.3;5.1;
5/9/2018 8:35:27 PM;1453;6.3;6.8;5.3;5.1;
5/9/2018 8:35:28 PM;1454;6.3;6.8;5.3;5.1;
5/9/2018 8:35:29 PM;1455;6.3;6.8;5.3;5.1;
5/9/2018 8:35:30 PM;1456;6.3;6.9;5.3;5.1;
5/9/2018 8:35:31 PM;1457;6.3;6.9;5.3;5.1;
5/9/2018 8:35:32 PM;1458;6.3;6.9;5.3;5.1;
5/9/2018 8:35:33 PM;1459;6.3;6.9;5.3;5.1;
5/9/2018 8:35:34 PM;1460;6.3;6.9;5.3;5.1;
5/9/2018 8:35:35 PM;1461;6.3;6.9;5.3;5.1;
5/9/2018 8:35:36 PM;1462;6.3;6.9;5.3;5.1;
5/9/2018 8:35:37 PM;1463;6.3;6.9;5.3;5.1;
5/9/2018 8:35:38 PM;1464;6.3;6.8;5.3;5.1;
5/9/2018 8:35:39 PM;1465;6.3;6.8;5.3;5.1;
5/9/2018 8:35:40 PM;1466;6.3;6.8;5.3;5.1;
5/9/2018 8:35:41 PM;1467;6.3;6.8;5.3;5.1;
5/9/2018 8:35:42 PM;1468;6.3;6.8;5.3;5.1;
5/9/2018 8:35:43 PM;1469;6.3;6.8;5.3;5.1;
5/9/2018 8:35:44 PM;1470;6.3;6.8;5.3;5.1;
5/9/2018 8:35:45 PM;1471;6.3;6.8;5.3;5.1;
5/9/2018 8:35:46 PM;1472;6.3;6.8;5.3;5.1;
5/9/2018 8:35:47 PM;1473;6.3;6.8;5.3;5.1;
5/9/2018 8:35:48 PM;1474;6.3;6.8;5.3;5.1;
5/9/2018 8:35:49 PM;1475;6.3;6.8;5.3;5.1;
5/9/2018 8:35:50 PM;1476;6.3;6.8;5.3;5.1;
5/9/2018 8:35:51 PM;1477;6.3;6.8;5.3;5.1;
5/9/2018 8:35:52 PM;1478;6.3;6.8;5.3;5.1;
5/9/2018 8:35:53 PM;1479;6.3;6.8;5.3;5.1;
5/9/2018 8:35:54 PM;1480;6.3;6.7;5.3;5.1;
5/9/2018 8:35:55 PM;1481;6.3;6.7;5.3;5.1;
5/9/2018 8:35:56 PM;1482;6.3;6.7;5.3;5.1;
5/9/2018 8:35:57 PM;1483;6.3;6.7;5.3;5.1;
5/9/2018 8:35:58 PM;1484;6.3;6.7;5.3;5.1;
5/9/2018 8:35:59 PM;1485;6.3;6.7;5.3;5.1;
5/9/2018 8:36:00 PM;1486;6.3;6.7;5.3;5.1;
5/9/2018 8:36:01 PM;1487;6.3;6.7;5.3;5.1;
5/9/2018 8:36:02 PM;1488;6.4;6.7;5.3;5.1;
5/9/2018 8:36:03 PM;1489;6.4;6.7;5.3;5.1;
5/9/2018 8:36:04 PM;1490;6.5;6.7;5.3;5.1;
5/9/2018 8:36:05 PM;1491;6.4;6.7;5.3;5.1;
5/9/2018 8:36:06 PM;1492;6.4;6.7;5.3;5.1;
5/9/2018 8:36:07 PM;1493;6.4;6.7;5.3;5.1;
5/9/2018 8:36:08 PM;1494;6.5;6.8;5.3;5.1;
5/9/2018 8:36:09 PM;1495;6.5;6.8;5.3;5.1;
5/9/2018 8:36:10 PM;1496;6.5;6.8;5.3;5.1;
5/9/2018 8:36:11 PM;1497;6.6;6.8;5.3;5.1;
5/9/2018 8:36:12 PM;1498;6.6;6.8;5.3;5.1;
5/9/2018 8:36:13 PM;1499;6.6;6.8;5.3;5.1;
5/9/2018 8:36:14 PM;1500;6.6;6.8;5.3;5.1;
5/9/2018 8:36:15 PM;1501;6.5;6.8;5.3;5.1;
5/9/2018 8:36:16 PM;1502;6.5;6.8;5.3;5.1;
5/9/2018 8:36:17 PM;1503;6.5;6.8;5.3;5.1;
5/9/2018 8:36:18 PM;1504;6.5;6.8;5.3;5.1;
5/9/2018 8:36:19 PM;1505;6.5;6.8;5.3;5.1;
5/9/2018 8:36:20 PM;1506;6.6;6.8;5.3;5.1;
5/9/2018 8:36:21 PM;1507;6.6;6.8;5.3;5.1;
5/9/2018 8:36:22 PM;1508;6.7;6.8;5.3;5.1;
5/9/2018 8:36:23 PM;1509;6.7;6.8;5.3;5.1;
5/9/2018 8:36:24 PM;1510;6.8;6.8;5.3;5.1;
5/9/2018 8:36:25 PM;1511;6.9;6.8;5.3;5.1;
5/9/2018 8:36:26 PM;1512;7.0;6.8;5.3;5.1;
5/9/2018 8:36:27 PM;1513;7.1;6.8;5.3;5.1;
5/9/2018 8:36:28 PM;1514;7.2;6.8;5.3;5.1;
5/9/2018 8:36:29 PM;1515;7.3;6.8;5.3;5.1;
5/9/2018 8:36:30 PM;1516;7.3;6.8;5.3;5.1;
5/9/2018 8:36:31 PM;1517;7.3;6.8;5.3;5.1;
5/9/2018 8:36:32 PM;1518;7.3;6.8;5.3;5.1;
5/9/2018 8:36:33 PM;1519;7.2;6.8;5.3;5.1;
5/9/2018 8:36:34 PM;1520;7.2;6.8;5.3;5.1;
5/9/2018 8:36:35 PM;1521;7.2;6.8;5.3;5.1;
5/9/2018 8:36:36 PM;1522;7.4;6.8;5.3;5.1;
5/9/2018 8:36:37 PM;1523;7.6;6.8;5.3;5.1;
5/9/2018 8:36:38 PM;1524;7.6;6.7;5.3;5.1;
5/9/2018 8:36:39 PM;1525;7.6;6.7;5.3;5.1;
5/9/2018 8:36:40 PM;1526;7.5;6.7;5.3;5.1;
5/9/2018 8:36:41 PM;1527;7.4;6.7;5.3;5.1;
5/9/2018 8:36:42 PM;1528;7.3;6.7;5.3;5.1;
5/9/2018 8:36:43 PM;1529;7.3;6.7;5.3;5.1;
5/9/2018 8:36:44 PM;1530;7.4;6.7;5.3;5.1;
5/9/2018 8:36:45 PM;1531;7.4;6.7;5.3;5.1;
5/9/2018 8:36:46 PM;1532;7.4;6.7;5.3;5.1;
5/9/2018 8:36:47 PM;1533;7.5;6.7;5.3;5.1;
5/9/2018 8:36:48 PM;1534;7.5;6.7;5.3;5.1;
5/9/2018 8:36:49 PM;1535;7.5;6.7;5.3;5.1;
5/9/2018 8:36:50 PM;1536;7.5;6.7;5.3;5.1;
5/9/2018 8:36:51 PM;1537;7.7;6.7;5.3;5.1;
5/9/2018 8:36:52 PM;1538;7.8;6.7;5.3;5.1;
5/9/2018 8:36:53 PM;1539;8.0;6.8;5.3;5.1;
5/9/2018 8:36:54 PM;1540;8.1;6.8;5.3;5.1;
5/9/2018 8:36:55 PM;1541;8.2;6.8;5.3;5.1;
5/9/2018 8:36:56 PM;1542;8.4;6.8;5.3;5.1;
5/9/2018 8:36:57 PM;1543;8.7;6.8;5.3;5.1;
5/9/2018 8:36:58 PM;1544;9.0;6.8;5.3;5.1;
5/9/2018 8:36:59 PM;1545;9.3;6.8;5.3;5.1;
5/9/2018 8:37:00 PM;1546;9.4;6.8;5.3;5.1;
5/9/2018 8:37:01 PM;1547;9.2;6.8;5.3;5.1;
5/9/2018 8:37:02 PM;1548;9.0;6.8;5.3;5.1;
5/9/2018 8:37:03 PM;1549;8.9;6.7;5.3;5.1;
5/9/2018 8:37:04 PM;1550;8.8;6.7;5.3;5.1;
5/9/2018 8:37:05 PM;1551;8.9;6.7;5.3;5.1;
5/9/2018 8:37:06 PM;1552;9.3;6.7;5.3;5.1;
5/9/2018 8:37:07 PM;1553;9.6;6.7;5.3;5.1;
5/9/2018 8:37:08 PM;1554;9.7;6.7;5.3;5.1;
5/9/2018 8:37:09 PM;1555;9.8;6.7;5.3;5.1;
5/9/2018 8:37:10 PM;1556;9.7;6.7;5.3;5.1;
5/9/2018 8:37:11 PM;1557;9.5;6.7;5.3;5.1;
5/9/2018 8:37:12 PM;1558;9.3;6.6;5.3;5.1;
5/9/2018 8:37:13 PM;1559;9.2;6.6;5.3;5.1;
5/9/2018 8:37:14 PM;1560;9.3;6.6;5.3;5.1;
5/9/2018 8:37:15 PM;1561;9.4;6.6;5.3;5.1;
5/9/2018 8:37:16 PM;1562;9.6;6.6;5.3;5.1;
5/9/2018 8:37:17 PM;1563;10.0;6.7;5.3;5.1;
5/9/2018 8:37:18 PM;1564;10.4;6.7;5.3;5.1;
5/9/2018 8:37:19 PM;1565;10.5;6.7;5.3;5.1;
5/9/2018 8:37:20 PM;1566;10.7;6.7;5.3;5.1;
5/9/2018 8:37:21 PM;1567;10.9;6.7;5.3;5.1;
5/9/2018 8:37:22 PM;1568;11.1;6.7;5.3;5.1;
5/9/2018 8:37:23 PM;1569;11.3;6.7;5.3;5.1;
5/9/2018 8:37:24 PM;1570;11.5;6.7;5.3;5.1;
5/9/2018 8:37:25 PM;1571;11.4;6.7;5.3;5.1;
5/9/2018 8:37:26 PM;1572;11.3;6.7;5.3;5.1;
5/9/2018 8:37:27 PM;1573;11.1;6.7;5.3;5.1;
5/9/2018 8:37:28 PM;1574;11.0;6.7;5.3;5.1;
5/9/2018 8:37:29 PM;1575;11.0;6.7;5.3;5.1;
5/9/2018 8:37:30 PM;1576;11.1;6.7;5.3;5.1;
5/9/2018 8:37:31 PM;1577;11.2;6.7;5.3;5.1;
5/9/2018 8:37:32 PM;1578;11.5;6.7;5.3;5.1;
5/9/2018 8:37:33 PM;1579;11.5;6.7;5.3;5.1;
5/9/2018 8:37:34 PM;1580;11.5;6.7;5.3;5.1;
5/9/2018 8:37:35 PM;1581;11.7;6.7;5.3;5.1;
5/9/2018 8:37:36 PM;1582;11.7;6.7;5.3;5.1;
5/9/2018 8:37:37 PM;1583;11.6;6.7;5.3;5.1;
5/9/2018 8:37:38 PM;1584;11.5;6.7;5.3;5.1;
5/9/2018 8:37:39 PM;1585;11.4;6.7;5.3;5.1;
5/9/2018 8:37:40 PM;1586;11.5;6.7;5.3;5.1;
5/9/2018 8:37:41 PM;1587;11.6;6.7;5.3;5.1;
5/9/2018 8:37:42 PM;1588;11.9;6.7;5.3;5.1;
5/9/2018 8:37:43 PM;1589;12.2;6.7;5.3;5.1;
5/9/2018 8:37:44 PM;1590;12.5;6.7;5.3;5.1;
5/9/2018 8:37:45 PM;1591;12.7;6.7;5.3;5.1;
5/9/2018 8:37:46 PM;1592;12.9;6.7;5.3;5.1;
5/9/2018 8:37:47 PM;1593;12.9;6.6;5.3;5.1;
5/9/2018 8:37:48 PM;1594;13.0;6.6;5.3;5.1;
5/9/2018 8:37:49 PM;1595;13.1;6.5;5.3;5.1;
5/9/2018 8:37:50 PM;1596;13.1;6.5;5.3;5.1;
5/9/2018 8:37:51 PM;1597;13.0;6.5;5.3;5.1;
5/9/2018 8:37:52 PM;1598;13.1;6.5;5.3;5.1;
5/9/2018 8:37:53 PM;1599;13.1;6.5;5.3;5.1;
5/9/2018 8:37:54 PM;1600;13.2;6.6;5.3;5.1;
5/9/2018 8:37:55 PM;1601;13.1;6.6;5.3;5.1;
5/9/2018 8:37:56 PM;1602;13.2;6.6;5.3;5.1;
5/9/2018 8:37:57 PM;1603;13.3;6.5;5.3;5.1;
5/9/2018 8:37:58 PM;1604;13.5;6.5;5.3;5.1;
5/9/2018 8:37:59 PM;1605;13.8;6.5;5.3;5.1;
5/9/2018 8:38:00 PM;1606;14.1;6.5;5.3;5.1;
5/9/2018 8:38:01 PM;1607;14.4;6.5;5.3;5.1;
5/9/2018 8:38:02 PM;1608;14.6;6.5;5.3;5.1;
5/9/2018 8:38:03 PM;1609;14.7;6.5;5.3;5.1;
5/9/2018 8:38:04 PM;1610;14.8;6.5;5.3;5.1;
5/9/2018 8:38:05 PM;1611;15.0;6.5;5.3;5.1;
5/9/2018 8:38:06 PM;1612;15.2;6.5;5.3;5.1;
5/9/2018 8:38:07 PM;1613;15.3;6.5;5.3;5.1;
5/9/2018 8:38:08 PM;1614;15.3;6.5;5.3;5.1;
5/9/2018 8:38:09 PM;1615;15.3;6.5;5.3;5.1;
5/9/2018 8:38:10 PM;1616;15.1;6.5;5.3;5.1;
5/9/2018 8:38:11 PM;1617;15.0;6.5;5.3;5.1;
5/9/2018 8:38:12 PM;1618;15.1;6.5;5.3;5.1;
5/9/2018 8:38:13 PM;1619;15.3;6.5;5.3;5.1;
5/9/2018 8:38:14 PM;1620;15.5;6.5;5.3;5.1;
5/9/2018 8:38:15 PM;1621;15.7;6.5;5.3;5.1;
5/9/2018 8:38:16 PM;1622;15.6;6.5;5.3;5.1;
5/9/2018 8:38:17 PM;1623;15.6;6.5;5.3;5.1;
5/9/2018 8:38:18 PM;1624;15.8;6.5;5.3;5.1;
5/9/2018 8:38:19 PM;1625;15.8;6.5;5.3;5.1;
5/9/2018 8:38:20 PM;1626;15.8;6.5;5.3;5.1;
5/9/2018 8:38:21 PM;1627;16.1;6.5;5.3;5.1;
5/9/2018 8:38:22 PM;1628;16.2;6.5;5.3;5.1;
5/9/2018 8:38:23 PM;1629;16.2;6.5;5.3;5.1;
5/9/2018 8:38:24 PM;1630;16.3;6.5;5.3;5.1;
5/9/2018 8:38:25 PM;1631;16.5;6.5;5.3;5.1;
5/9/2018 8:38:26 PM;1632;16.6;6.5;5.3;5.1;
5/9/2018 8:38:27 PM;1633;16.7;6.5;5.3;5.1;
5/9/2018 8:38:28 PM;1634;16.7;6.5;5.3;5.1;
5/9/2018 8:38:29 PM;1635;16.7;6.5;5.3;5.1;
5/9/2018 8:38:30 PM;1636;16.6;6.5;5.3;5.1;
5/9/2018 8:38:31 PM;1637;16.4;6.5;5.3;5.1;
5/9/2018 8:38:32 PM;1638;16.2;6.5;5.3;5.1;
5/9/2018 8:38:33 PM;1639;16.2;6.5;5.3;5.1;
5/9/2018 8:38:34 PM;1640;16.1;6.5;5.3;5.1;
5/9/2018 8:38:35 PM;1641;16.2;6.5;5.3;5.1;
5/9/2018 8:38:36 PM;1642;16.3;6.5;5.3;5.1;
5/9/2018 8:38:37 PM;1643;16.4;6.5;5.3;5.1;
5/9/2018 8:38:38 PM;1644;16.4;6.5;5.3;5.1;
5/9/2018 8:38:39 PM;1645;16.6;6.5;5.3;5.1;
5/9/2018 8:38:40 PM;1646;16.6;6.5;5.3;5.1;
5/9/2018 8:38:41 PM;1647;16.7;6.5;5.3;5.1;
5/9/2018 8:38:42 PM;1648;16.9;6.5;5.3;5.1;
5/9/2018 8:38:43 PM;1649;17.0;6.5;5.3;5.1;
5/9/2018 8:38:44 PM;1650;17.1;6.5;5.3;5.1;
5/9/2018 8:38:45 PM;1651;17.0;6.5;5.3;5.1;
5/9/2018 8:38:46 PM;1652;17.0;6.5;5.3;5.1;
5/9/2018 8:38:47 PM;1653;16.9;6.5;5.3;5.1;
5/9/2018 8:38:48 PM;1654;16.9;6.5;5.3;5.1;
5/9/2018 8:38:49 PM;1655;17.0;6.5;5.3;5.1;
5/9/2018 8:38:50 PM;1656;17.1;6.5;5.3;5.1;
5/9/2018 8:38:51 PM;1657;17.3;6.5;5.3;5.1;
5/9/2018 8:38:52 PM;1658;17.3;6.5;5.3;5.1;
5/9/2018 8:38:53 PM;1659;17.3;6.5;5.3;5.1;
5/9/2018 8:38:54 PM;1660;17.3;6.5;5.3;5.1;
5/9/2018 8:38:55 PM;1661;17.4;6.5;5.3;5.1;
5/9/2018 8:38:56 PM;1662;17.3;6.5;5.3;5.1;
5/9/2018 8:38:57 PM;1663;17.2;6.5;5.3;5.1;
5/9/2018 8:38:58 PM;1664;17.2;6.5;5.3;5.1;
5/9/2018 8:38:59 PM;1665;17.2;6.5;5.3;5.1;
5/9/2018 8:39:00 PM;1666;17.2;6.5;5.3;5.1;
5/9/2018 8:39:01 PM;1667;17.2;6.5;5.3;5.1;
5/9/2018 8:39:02 PM;1668;17.2;6.5;5.3;5.1;
5/9/2018 8:39:03 PM;1669;17.2;6.5;5.3;5.1;
5/9/2018 8:39:04 PM;1670;17.1;6.5;5.3;5.1;
5/9/2018 8:39:05 PM;1671;17.1;6.5;5.3;5.1;
5/9/2018 8:39:06 PM;1672;17.0;6.5;5.3;5.1;
5/9/2018 8:39:07 PM;1673;17.0;6.5;5.3;5.1;
5/9/2018 8:39:08 PM;1674;17.0;6.5;5.3;5.1;
5/9/2018 8:39:09 PM;1675;17.0;6.5;5.3;5.1;
5/9/2018 8:39:10 PM;1676;17.0;6.5;5.3;5.1;
5/9/2018 8:39:11 PM;1677;17.0;6.5;5.3;5.1;
5/9/2018 8:39:12 PM;1678;17.0;6.5;5.3;5.1;
5/9/2018 8:39:13 PM;1679;17.0;6.5;5.3;5.1;
5/9/2018 8:39:14 PM;1680;17.0;6.5;5.3;5.1;
5/9/2018 8:39:15 PM;1681;17.0;6.4;5.3;5.1;
5/9/2018 8:39:16 PM;1682;17.1;6.4;5.3;5.1;
5/9/2018 8:39:17 PM;1683;17.1;6.3;5.3;5.1;
5/9/2018 8:39:18 PM;1684;17.2;6.3;5.3;5.1;
5/9/2018 8:39:19 PM;1685;17.2;6.3;5.3;5.1;
5/9/2018 8:39:20 PM;1686;17.2;6.3;5.3;5.1;
5/9/2018 8:39:21 PM;1687;17.1;6.3;5.3;5.1;
5/9/2018 8:39:22 PM;1688;17.1;6.3;5.3;5.1;
5/9/2018 8:39:23 PM;1689;17.1;6.3;5.3;5.1;
5/9/2018 8:39:24 PM;1690;17.1;6.3;5.3;5.1;
5/9/2018 8:39:25 PM;1691;17.1;6.3;5.3;5.1;
5/9/2018 8:39:26 PM;1692;17.1;6.3;5.3;5.1;
5/9/2018 8:39:27 PM;1693;17.0;6.3;5.3;5.1;
5/9/2018 8:39:28 PM;1694;16.9;6.3;5.3;5.1;
5/9/2018 8:39:29 PM;1695;16.9;6.3;5.3;5.1;
5/9/2018 8:39:30 PM;1696;16.8;6.3;5.3;5.1;
5/9/2018 8:39:31 PM;1697;16.8;6.3;5.3;5.1;
5/9/2018 8:39:32 PM;1698;16.8;6.3;5.3;5.1;
5/9/2018 8:39:33 PM;1699;16.8;6.3;5.3;5.1;
5/9/2018 8:39:34 PM;1700;16.8;6.4;5.3;5.1;
5/9/2018 8:39:35 PM;1701;16.9;6.4;5.3;5.1;
5/9/2018 8:39:36 PM;1702;16.9;6.4;5.3;5.1;
5/9/2018 8:39:37 PM;1703;16.8;6.4;5.3;5.1;
5/9/2018 8:39:38 PM;1704;16.7;6.5;5.3;5.1;
5/9/2018 8:39:39 PM;1705;16.7;6.4;5.3;5.1;
5/9/2018 8:39:40 PM;1706;16.6;6.4;5.3;5.1;
5/9/2018 8:39:41 PM;1707;16.6;6.4;5.3;5.1;
5/9/2018 8:39:42 PM;1708;16.6;6.4;5.3;5.1;
5/9/2018 8:39:43 PM;1709;16.6;6.4;5.3;5.1;
5/9/2018 8:39:44 PM;1710;16.6;6.4;5.3;5.1;
5/9/2018 8:39:45 PM;1711;16.5;6.3;5.3;5.1;
5/9/2018 8:39:46 PM;1712;16.5;6.3;5.3;5.1;
5/9/2018 8:39:47 PM;1713;16.5;6.3;5.3;5.1;
5/9/2018 8:39:48 PM;1714;16.5;6.3;5.3;5.1;
5/9/2018 8:39:49 PM;1715;16.5;6.3;5.3;5.1;
5/9/2018 8:39:50 PM;1716;16.5;6.3;5.3;5.1;
5/9/2018 8:39:51 PM;1717;16.5;6.3;5.3;5.1;
5/9/2018 8:39:52 PM;1718;16.5;6.3;5.3;5.1;
5/9/2018 8:39:53 PM;1719;16.4;6.3;5.3;5.1;
5/9/2018 8:39:54 PM;1720;16.4;6.3;5.3;5.1;
5/9/2018 8:39:55 PM;1721;16.4;6.3;5.3;5.1;
5/9/2018 8:39:56 PM;1722;16.4;6.3;5.3;5.1;
5/9/2018 8:39:57 PM;1723;16.3;6.3;5.3;5.1;
5/9/2018 8:39:58 PM;1724;16.2;6.3;5.3;5.1;
5/9/2018 8:39:59 PM;1725;16.2;6.3;5.3;5.1;
5/9/2018 8:40:00 PM;1726;16.1;6.3;5.3;5.1;
5/9/2018 8:40:01 PM;1727;16.0;6.3;5.3;5.1;
5/9/2018 8:40:02 PM;1728;16.0;6.4;5.3;5.1;
5/9/2018 8:40:03 PM;1729;16.0;6.3;5.3;5.1;
5/9/2018 8:40:04 PM;1730;15.9;6.4;5.3;5.1;
5/9/2018 8:40:05 PM;1731;15.9;6.4;5.3;5.1;
5/9/2018 8:40:06 PM;1732;15.8;6.4;5.3;5.1;
5/9/2018 8:40:07 PM;1733;15.7;6.3;5.3;5.1;
5/9/2018 8:40:08 PM;1734;15.7;6.3;5.3;5.1;
5/9/2018 8:40:09 PM;1735;15.7;6.3;5.3;5.1;
5/9/2018 8:40:10 PM;1736;15.7;6.3;5.3;5.1;
5/9/2018 8:40:11 PM;1737;15.8;6.3;5.3;5.1;
5/9/2018 8:40:12 PM;1738;15.8;6.3;5.3;5.1;
5/9/2018 8:40:13 PM;1739;15.8;6.3;5.3;5.1;
5/9/2018 8:40:14 PM;1740;15.7;6.3;5.3;5.1;
5/9/2018 8:40:15 PM;1741;15.6;6.3;5.3;5.1;
5/9/2018 8:40:16 PM;1742;15.4;6.3;5.3;5.1;
5/9/2018 8:40:17 PM;1743;15.2;6.3;5.3;5.1;
5/9/2018 8:40:18 PM;1744;15.0;6.3;5.3;5.1;
5/9/2018 8:40:19 PM;1745;14.9;6.3;5.3;5.1;
5/9/2018 8:40:20 PM;1746;14.8;6.3;5.3;5.1;
5/9/2018 8:40:21 PM;1747;14.7;6.3;5.3;5.1;
5/9/2018 8:40:22 PM;1748;14.7;6.3;5.3;5.1;
5/9/2018 8:40:23 PM;1749;14.7;6.3;5.3;5.1;
5/9/2018 8:40:24 PM;1750;14.7;6.3;5.3;5.1;
5/9/2018 8:40:25 PM;1751;14.7;6.3;5.3;5.1;
5/9/2018 8:40:26 PM;1752;14.7;6.3;5.3;5.1;
5/9/2018 8:40:27 PM;1753;14.7;6.3;5.3;5.1;
5/9/2018 8:40:28 PM;1754;14.6;6.3;5.3;5.1;
5/9/2018 8:40:29 PM;1755;14.6;6.3;5.3;5.1;
5/9/2018 8:40:30 PM;1756;14.5;6.3;5.3;5.1;
5/9/2018 8:40:31 PM;1757;14.5;6.3;5.3;5.1;
5/9/2018 8:40:32 PM;1758;14.5;6.3;5.3;5.1;
5/9/2018 8:40:33 PM;1759;14.6;6.3;5.3;5.1;
5/9/2018 8:40:34 PM;1760;14.7;6.3;5.3;5.1;
5/9/2018 8:40:35 PM;1761;14.7;6.3;5.3;5.1;
5/9/2018 8:40:36 PM;1762;14.8;6.3;5.3;5.1;
5/9/2018 8:40:37 PM;1763;14.7;6.3;5.3;5.1;
5/9/2018 8:40:38 PM;1764;14.6;6.3;5.3;5.1;
5/9/2018 8:40:39 PM;1765;14.5;6.3;5.3;5.1;
5/9/2018 8:40:40 PM;1766;14.4;6.3;5.3;5.1;
5/9/2018 8:40:41 PM;1767;14.3;6.3;5.3;5.1;
5/9/2018 8:40:42 PM;1768;14.3;6.3;5.3;5.1;
5/9/2018 8:40:43 PM;1769;14.3;6.3;5.3;5.1;
5/9/2018 8:40:44 PM;1770;14.2;6.3;5.3;5.1;
5/9/2018 8:40:45 PM;1771;14.1;6.3;5.3;5.1;
5/9/2018 8:40:46 PM;1772;13.9;6.3;5.3;5.1;
5/9/2018 8:40:47 PM;1773;13.7;6.3;5.3;5.1;
5/9/2018 8:40:48 PM;1774;13.6;6.3;5.3;5.1;
5/9/2018 8:40:49 PM;1775;13.6;6.3;5.3;5.1;
5/9/2018 8:40:50 PM;1776;13.6;6.3;5.3;5.1;
5/9/2018 8:40:51 PM;1777;13.6;6.3;5.3;5.1;
5/9/2018 8:40:52 PM;1778;13.6;6.3;5.3;5.1;
5/9/2018 8:40:53 PM;1779;13.5;6.3;5.3;5.1;
5/9/2018 8:40:54 PM;1780;13.2;6.3;5.3;5.1;
5/9/2018 8:40:55 PM;1781;13.1;6.3;5.3;5.1;
5/9/2018 8:40:56 PM;1782;13.0;6.3;5.3;5.1;
5/9/2018 8:40:57 PM;1783;12.9;6.3;5.3;5.1;
5/9/2018 8:40:58 PM;1784;12.9;6.3;5.3;5.1;
5/9/2018 8:40:59 PM;1785;13.1;6.3;5.3;5.1;
5/9/2018 8:41:00 PM;1786;13.2;6.3;5.3;5.1;
5/9/2018 8:41:01 PM;1787;13.2;6.3;5.3;5.1;
5/9/2018 8:41:02 PM;1788;13.3;6.3;5.3;5.1;
5/9/2018 8:41:03 PM;1789;13.2;6.3;5.3;5.1;
5/9/2018 8:41:04 PM;1790;13.2;6.3;5.3;5.1;
5/9/2018 8:41:05 PM;1791;13.1;6.3;5.3;5.1;
5/9/2018 8:41:06 PM;1792;12.9;6.3;5.3;5.1;
5/9/2018 8:41:07 PM;1793;12.8;6.3;5.3;5.1;
5/9/2018 8:41:08 PM;1794;12.8;6.3;5.3;5.1;
5/9/2018 8:41:09 PM;1795;12.8;6.3;5.3;5.1;
5/9/2018 8:41:10 PM;1796;13.0;6.3;5.3;5.1;
5/9/2018 8:41:11 PM;1797;13.1;6.3;5.3;5.1;
5/9/2018 8:41:12 PM;1798;13.1;6.3;5.3;5.1;
5/9/2018 8:41:13 PM;1799;13.1;6.3;5.3;5.1;
5/9/2018 8:41:14 PM;1800;13.1;6.3;5.3;5.1;
5/9/2018 8:41:15 PM;1801;13.0;6.3;5.3;5.1;
5/9/2018 8:41:16 PM;1802;12.8;6.3;5.3;5.1;
5/9/2018 8:41:17 PM;1803;12.7;6.3;5.3;5.1;
5/9/2018 8:41:18 PM;1804;12.4;6.3;5.3;5.1;
5/9/2018 8:41:19 PM;1805;12.2;6.3;5.3;5.1;
5/9/2018 8:41:20 PM;1806;12.1;6.3;5.3;5.1;
5/9/2018 8:41:21 PM;1807;12.1;6.3;5.3;5.1;
5/9/2018 8:41:22 PM;1808;12.3;6.3;5.3;5.1;
5/9/2018 8:41:23 PM;1809;12.4;6.3;5.3;5.1;
5/9/2018 8:41:24 PM;1810;12.4;6.3;5.3;5.1;
5/9/2018 8:41:25 PM;1811;12.3;6.3;5.3;5.1;
5/9/2018 8:41:26 PM;1812;12.2;6.3;5.3;5.1;
5/9/2018 8:41:27 PM;1813;12.1;6.3;5.3;5.1;
5/9/2018 8:41:28 PM;1814;12.1;6.3;5.3;5.1;
5/9/2018 8:41:29 PM;1815;12.2;6.3;5.3;5.1;
5/9/2018 8:41:30 PM;1816;12.3;6.3;5.3;5.1;
5/9/2018 8:41:31 PM;1817;12.3;6.3;5.3;5.1;
5/9/2018 8:41:32 PM;1818;12.2;6.3;5.3;5.1;
5/9/2018 8:41:33 PM;1819;12.1;6.3;5.3;5.1;
5/9/2018 8:41:34 PM;1820;11.9;6.3;5.3;5.1;
5/9/2018 8:41:35 PM;1821;11.9;6.3;5.3;5.1;
5/9/2018 8:41:36 PM;1822;11.9;6.3;5.3;5.1;
5/9/2018 8:41:37 PM;1823;11.8;6.3;5.3;5.1;
5/9/2018 8:41:38 PM;1824;11.8;6.3;5.3;5.1;
5/9/2018 8:41:39 PM;1825;11.5;6.3;5.3;5.1;
5/9/2018 8:41:40 PM;1826;11.3;6.3;5.3;5.1;
5/9/2018 8:41:41 PM;1827;11.3;6.3;5.3;5.1;
5/9/2018 8:41:42 PM;1828;11.2;6.3;5.3;5.1;
5/9/2018 8:41:43 PM;1829;11.1;6.3;5.3;5.1;
5/9/2018 8:41:44 PM;1830;11.1;6.3;5.3;5.1;
5/9/2018 8:41:45 PM;1831;11.2;6.3;5.3;5.1;
5/9/2018 8:41:46 PM;1832;11.0;6.3;5.3;5.1;
5/9/2018 8:41:47 PM;1833;11.0;6.3;5.3;5.1;
5/9/2018 8:41:48 PM;1834;11.0;6.3;5.3;5.1;
5/9/2018 8:41:49 PM;1835;11.1;6.3;5.3;5.1;
5/9/2018 8:41:50 PM;1836;11.0;6.3;5.3;5.1;
5/9/2018 8:41:51 PM;1837;11.1;6.3;5.3;5.1;
5/9/2018 8:41:52 PM;1838;11.1;6.3;5.3;5.1;
5/9/2018 8:41:53 PM;1839;11.2;6.3;5.3;5.1;
5/9/2018 8:41:54 PM;1840;11.3;6.3;5.3;5.1;
5/9/2018 8:41:55 PM;1841;11.3;6.3;5.3;5.1;
5/9/2018 8:41:56 PM;1842;11.3;6.3;5.3;5.1;
5/9/2018 8:41:57 PM;1843;11.2;6.3;5.3;5.1;
5/9/2018 8:41:58 PM;1844;11.1;6.3;5.3;5.1;
5/9/2018 8:41:59 PM;1845;11.0;6.3;5.3;5.1;
5/9/2018 8:42:00 PM;1846;10.9;6.3;5.3;5.1;
5/9/2018 8:42:01 PM;1847;10.8;6.3;5.3;5.1;
5/9/2018 8:42:02 PM;1848;10.7;6.3;5.3;5.1;
5/9/2018 8:42:03 PM;1849;10.6;6.3;5.3;5.1;
5/9/2018 8:42:04 PM;1850;10.6;6.3;5.3;5.1;
5/9/2018 8:42:05 PM;1851;10.7;6.3;5.3;5.1;
5/9/2018 8:42:06 PM;1852;10.7;6.3;5.3;5.1;
5/9/2018 8:42:07 PM;1853;10.8;6.3;5.3;5.1;
5/9/2018 8:42:08 PM;1854;10.8;6.3;5.3;5.1;
5/9/2018 8:42:09 PM;1855;10.7;6.3;5.3;5.1;
5/9/2018 8:42:10 PM;1856;10.7;6.3;5.3;5.1;
5/9/2018 8:42:11 PM;1857;10.7;6.3;5.3;5.1;
5/9/2018 8:42:12 PM;1858;10.7;6.3;5.3;5.1;
5/9/2018 8:42:13 PM;1859;10.7;6.3;5.3;5.1;
5/9/2018 8:42:14 PM;1860;10.8;6.3;5.3;5.1;
5/9/2018 8:42:15 PM;1861;10.8;;5.3;;
5/9/2018 8:42:16 PM;1862;10.8;;5.3;;
5/9/2018 8:42:17 PM;1863;10.8;;5.3;;
5/9/2018 8:42:18 PM;1864;10.7;;5.3;;
5/9/2018 8:42:19 PM;1865;10.6;;5.3;;
5/9/2018 8:42:20 PM;1866;10.6;;5.3;;
5/9/2018 8:42:21 PM;1867;10.5;;5.3;;
5/9/2018 8:42:22 PM;1868;10.4;;5.3;;
5/9/2018 8:42:23 PM;1869;10.4;;5.3;;
5/9/2018 8:42:24 PM;1870;10.5;;5.3;;
5/9/2018 8:42:25 PM;1871;10.4;;5.3;;
5/9/2018 8:42:26 PM;1872;10.4;;5.3;;
5/9/2018 8:42:27 PM;1873;10.3;;5.3;;
5/9/2018 8:42:28 PM;1874;10.3;;5.3;;
5/9/2018 8:42:29 PM;1875;10.1;;5.3;;
5/9/2018 8:42:30 PM;1876;10.1;;5.3;;
5/9/2018 8:42:31 PM;1877;10.0;;5.3;;
5/9/2018 8:42:32 PM;1878;9.9;;5.3;;
5/9/2018 8:42:33 PM;1879;9.8;;5.3;;
5/9/2018 8:42:34 PM;1880;9.8;;5.3;;
5/9/2018 8:42:35 PM;1881;9.7;;5.3;;
5/9/2018 8:42:36 PM;1882;9.6;;5.3;;
5/9/2018 8:42:37 PM;1883;9.6;;5.3;;
5/9/2018 8:42:38 PM;1884;9.5;;5.3;;
5/9/2018 8:42:39 PM;1885;9.5;;5.3;;
5/9/2018 8:42:40 PM;1886;9.5;;5.3;;
5/9/2018 8:42:41 PM;1887;9.7;;5.3;;
5/9/2018 8:42:42 PM;1888;9.8;;5.3;;
5/9/2018 8:42:43 PM;1889;9.9;;5.3;;
5/9/2018 8:42:44 PM;1890;9.9;;5.3;;
5/9/2018 8:42:45 PM;1891;9.8;;5.3;;
5/9/2018 8:42:46 PM;1892;9.6;;5.3;;
5/9/2018 8:42:47 PM;1893;9.5;;5.3;;
5/9/2018 8:42:48 PM;1894;9.4;;5.3;;
5/9/2018 8:42:49 PM;1895;9.3;;5.3;;
5/9/2018 8:42:50 PM;1896;9.3;;5.3;;
5/9/2018 8:42:51 PM;1897;9.4;;5.3;;
5/9/2018 8:42:52 PM;1898;9.4;;5.3;;
5/9/2018 8:42:53 PM;1899;9.4;;5.3;;
5/9/2018 8:42:54 PM;1900;9.3;;5.3;;
5/9/2018 8:42:55 PM;1901;9.2;;5.3;;
5/9/2018 8:42:56 PM;1902;9.1;;5.3;;
5/9/2018 8:42:57 PM;1903;9.1;;5.3;;
5/9/2018 8:42:58 PM;1904;9.1;;5.3;;
5/9/2018 8:42:59 PM;1905;9.2;;5.3;;
5/9/2018 8:43:00 PM;1906;9.3;;5.3;;
5/9/2018 8:43:01 PM;1907;9.3;;5.3;;
5/9/2018 8:43:02 PM;1908;9.2;;5.3;;
5/9/2018 8:43:03 PM;1909;9.1;;5.3;;
5/9/2018 8:43:04 PM;1910;9.1;;5.3;;
5/9/2018 8:43:05 PM;1911;9.0;;5.3;;
5/9/2018 8:43:06 PM;1912;9.0;;5.3;;
5/9/2018 8:43:07 PM;1913;9.0;;5.3;;
5/9/2018 8:43:08 PM;1914;9.0;;5.3;;
5/9/2018 8:43:09 PM;1915;9.0;;5.3;;
5/9/2018 8:43:10 PM;1916;9.0;;5.3;;
5/9/2018 8:43:11 PM;1917;9.0;;5.3;;
5/9/2018 8:43:12 PM;1918;9.0;;5.3;;
5/9/2018 8:43:13 PM;1919;9.0;;5.3;;
5/9/2018 8:43:14 PM;1920;9.1;;5.3;;
5/9/2018 8:43:15 PM;1921;9.1;;5.3;;
5/9/2018 8:43:16 PM;1922;9.1;;5.3;;
5/9/2018 8:43:17 PM;1923;9.0;;5.3;;
5/9/2018 8:43:18 PM;1924;8.9;;5.3;;
5/9/2018 8:43:19 PM;1925;8.8;;5.3;;
5/9/2018 8:43:20 PM;1926;8.7;;5.3;;
5/9/2018 8:43:21 PM;1927;8.6;;5.3;;
5/9/2018 8:43:22 PM;1928;8.6;;5.3;;
5/9/2018 8:43:23 PM;1929;8.6;;5.3;;
5/9/2018 8:43:24 PM;1930;8.6;;5.3;;
5/9/2018 8:43:25 PM;1931;8.6;;5.3;;
5/9/2018 8:43:26 PM;1932;8.6;;5.3;;
5/9/2018 8:43:27 PM;1933;8.6;;5.3;;
5/9/2018 8:43:28 PM;1934;8.6;;5.3;;
5/9/2018 8:43:29 PM;1935;8.7;;5.3;;
5/9/2018 8:43:30 PM;1936;8.7;;5.3;;
5/9/2018 8:43:31 PM;1937;8.7;;5.3;;
5/9/2018 8:43:32 PM;1938;8.8;;5.3;;
5/9/2018 8:43:33 PM;1939;8.8;;5.3;;
5/9/2018 8:43:34 PM;1940;8.7;;5.3;;
5/9/2018 8:43:35 PM;1941;8.7;;5.3;;
5/9/2018 8:43:36 PM;1942;8.7;;5.3;;
5/9/2018 8:43:37 PM;1943;8.7;;5.3;;
5/9/2018 8:43:38 PM;1944;8.6;;5.3;;
5/9/2018 8:43:39 PM;1945;8.6;;5.3;;
5/9/2018 8:43:40 PM;1946;8.5;;5.3;;
5/9/2018 8:43:41 PM;1947;8.5;;5.3;;
5/9/2018 8:43:42 PM;1948;8.5;;5.3;;
5/9/2018 8:43:43 PM;1949;8.6;;5.3;;
5/9/2018 8:43:44 PM;1950;8.6;;5.3;;
5/9/2018 8:43:45 PM;1951;8.6;;5.3;;
5/9/2018 8:43:46 PM;1952;8.5;;5.3;;
5/9/2018 8:43:47 PM;1953;8.5;;5.3;;
5/9/2018 8:43:48 PM;1954;8.4;;5.3;;
5/9/2018 8:43:49 PM;1955;8.3;;5.3;;
5/9/2018 8:43:50 PM;1956;8.2;;5.3;;
5/9/2018 8:43:51 PM;1957;8.2;;5.3;;
5/9/2018 8:43:52 PM;1958;8.2;;5.3;;
5/9/2018 8:43:53 PM;1959;8.2;;5.3;;
5/9/2018 8:43:54 PM;1960;8.3;;5.3;;
5/9/2018 8:43:55 PM;1961;8.3;;5.3;;
5/9/2018 8:43:56 PM;1962;8.2;;5.3;;
5/9/2018 8:43:57 PM;1963;8.2;;5.3;;
5/9/2018 8:43:58 PM;1964;8.2;;5.3;;
5/9/2018 8:43:59 PM;1965;8.2;;5.3;;
5/9/2018 8:44:00 PM;1966;8.2;;5.3;;
5/9/2018 8:44:01 PM;1967;8.3;;5.3;;
5/9/2018 8:44:02 PM;1968;8.2;;5.3;;
5/9/2018 8:44:03 PM;1969;8.2;;5.3;;
5/9/2018 8:44:04 PM;1970;8.1;;5.3;;
5/9/2018 8:44:05 PM;1971;8.1;;5.3;;
5/9/2018 8:44:06 PM;1972;8.0;;5.3;;
5/9/2018 8:44:07 PM;1973;8.0;;5.3;;
5/9/2018 8:44:08 PM;1974;7.9;;5.3;;
5/9/2018 8:44:09 PM;1975;7.9;;5.3;;
5/9/2018 8:44:10 PM;1976;7.9;;5.3;;
5/9/2018 8:44:11 PM;1977;8.0;;5.3;;
5/9/2018 8:44:12 PM;1978;8.1;;5.3;;
5/9/2018 8:44:13 PM;1979;8.1;;5.3;;
5/9/2018 8:44:14 PM;1980;8.2;;5.3;;
5/9/2018 8:44:15 PM;1981;8.1;;5.3;;
5/9/2018 8:44:16 PM;1982;8.0;;5.3;;
5/9/2018 8:44:17 PM;1983;8.0;;5.3;;
5/9/2018 8:44:18 PM;1984;7.9;;5.3;;
5/9/2018 8:44:19 PM;1985;7.8;;5.3;;
5/9/2018 8:44:20 PM;1986;7.8;;5.3;;
5/9/2018 8:44:21 PM;1987;7.8;;5.3;;
5/9/2018 8:44:22 PM;1988;7.8;;5.3;;
5/9/2018 8:44:23 PM;1989;7.8;;5.3;;
5/9/2018 8:44:24 PM;1990;7.8;;5.3;;
5/9/2018 8:44:25 PM;1991;7.8;;5.3;;
5/9/2018 8:44:26 PM;1992;7.8;;5.3;;
5/9/2018 8:44:27 PM;1993;7.9;;5.3;;
5/9/2018 8:44:28 PM;1994;7.9;;5.3;;
5/9/2018 8:44:29 PM;1995;7.9;;5.3;;
5/9/2018 8:44:30 PM;1996;7.8;;5.3;;
5/9/2018 8:44:31 PM;1997;7.7;;5.3;;
5/9/2018 8:44:32 PM;1998;7.6;;5.3;;
5/9/2018 8:44:33 PM;1999;7.6;;5.3;;
5/9/2018 8:44:34 PM;2000;7.6;;5.3;;
5/9/2018 8:44:35 PM;2001;7.7;;5.3;;
5/9/2018 8:44:36 PM;2002;7.7;;5.3;;
5/9/2018 8:44:37 PM;2003;7.8;;5.3;;
5/9/2018 8:44:38 PM;2004;7.7;;5.3;;
5/9/2018 8:44:39 PM;2005;7.7;;5.3;;
5/9/2018 8:44:40 PM;2006;7.7;;5.3;;
5/9/2018 8:44:41 PM;2007;7.7;;5.3;;
5/9/2018 8:44:42 PM;2008;7.7;;5.3;;
5/9/2018 8:44:43 PM;2009;7.7;;5.3;;
5/9/2018 8:44:44 PM;2010;7.8;;5.3;;
5/9/2018 8:44:45 PM;2011;7.8;;5.3;;
5/9/2018 8:44:46 PM;2012;7.8;;5.3;;
5/9/2018 8:44:47 PM;2013;7.8;;5.3;;
5/9/2018 8:44:48 PM;2014;7.7;;5.3;;
5/9/2018 8:44:49 PM;2015;7.7;;5.3;;
5/9/2018 8:44:50 PM;2016;7.6;;5.3;;
5/9/2018 8:44:51 PM;2017;7.6;;5.3;;
5/9/2018 8:44:52 PM;2018;7.6;;5.3;;
5/9/2018 8:44:53 PM;2019;7.7;;5.3;;
5/9/2018 8:44:54 PM;2020;7.7;;5.3;;
5/9/2018 8:44:55 PM;2021;7.7;;5.3;;
5/9/2018 8:44:56 PM;2022;7.7;;5.3;;
5/9/2018 8:44:57 PM;2023;7.7;;5.3;;
5/9/2018 8:44:58 PM;2024;7.6;;5.3;;
5/9/2018 8:44:59 PM;2025;7.6;;5.3;;
5/9/2018 8:45:00 PM;2026;7.5;;5.3;;
5/9/2018 8:45:01 PM;2027;7.5;;5.3;;
5/9/2018 8:45:02 PM;2028;7.5;;5.3;;
5/9/2018 8:45:03 PM;2029;7.5;;5.3;;
5/9/2018 8:45:04 PM;2030;7.5;;5.3;;
5/9/2018 8:45:05 PM;2031;7.6;;5.3;;
5/9/2018 8:45:06 PM;2032;7.5;;5.3;;
5/9/2018 8:45:07 PM;2033;7.5;;5.3;;
5/9/2018 8:45:08 PM;2034;7.5;;5.3;;
5/9/2018 8:45:09 PM;2035;7.4;;5.3;;
5/9/2018 8:45:10 PM;2036;7.4;;5.3;;
5/9/2018 8:45:11 PM;2037;7.4;;5.3;;
5/9/2018 8:45:12 PM;2038;7.4;;5.3;;
5/9/2018 8:45:13 PM;2039;7.4;;5.3;;
5/9/2018 8:45:14 PM;2040;7.4;;5.3;;
5/9/2018 8:45:15 PM;2041;7.5;;5.3;;
5/9/2018 8:45:16 PM;2042;7.5;;5.3;;
5/9/2018 8:45:17 PM;2043;7.5;;5.3;;
5/9/2018 8:45:18 PM;2044;7.5;;5.3;;
5/9/2018 8:45:19 PM;2045;7.4;;5.3;;
5/9/2018 8:45:20 PM;2046;7.4;;5.3;;
5/9/2018 8:45:21 PM;2047;7.3;;5.3;;
5/9/2018 8:45:22 PM;2048;7.3;;5.3;;
5/9/2018 8:45:23 PM;2049;7.3;;5.3;;
5/9/2018 8:45:24 PM;2050;7.4;;5.3;;
5/9/2018 8:45:25 PM;2051;7.4;;5.3;;
5/9/2018 8:45:26 PM;2052;7.5;;5.3;;
5/9/2018 8:45:27 PM;2053;7.5;;5.3;;
5/9/2018 8:45:28 PM;2054;7.5;;5.3;;
5/9/2018 8:45:29 PM;2055;7.4;;5.3;;
5/9/2018 8:45:30 PM;2056;7.4;;5.3;;
5/9/2018 8:45:31 PM;2057;7.3;;5.3;;
5/9/2018 8:45:32 PM;2058;7.3;;5.3;;
5/9/2018 8:45:33 PM;2059;7.3;;5.3;;
5/9/2018 8:45:34 PM;2060;7.4;;5.3;;
5/9/2018 8:45:35 PM;2061;7.4;;5.3;;
5/9/2018 8:45:36 PM;2062;7.4;;5.3;;
5/9/2018 8:45:37 PM;2063;7.3;;5.3;;
5/9/2018 8:45:38 PM;2064;7.2;;5.3;;
5/9/2018 8:45:39 PM;2065;7.1;;5.3;;
5/9/2018 8:45:40 PM;2066;7.1;;5.3;;
5/9/2018 8:45:41 PM;2067;7.1;;5.3;;
5/9/2018 8:45:42 PM;2068;7.1;;5.3;;
5/9/2018 8:45:43 PM;2069;7.1;;5.3;;
5/9/2018 8:45:44 PM;2070;7.1;;5.3;;
5/9/2018 8:45:45 PM;2071;7.1;;5.3;;
5/9/2018 8:45:46 PM;2072;7.1;;5.3;;
5/9/2018 8:45:47 PM;2073;7.1;;5.3;;
5/9/2018 8:45:48 PM;2074;7.2;;5.3;;
5/9/2018 8:45:49 PM;2075;7.2;;5.3;;
5/9/2018 8:45:50 PM;2076;7.3;;5.3;;
5/9/2018 8:45:51 PM;2077;7.2;;5.3;;
5/9/2018 8:45:52 PM;2078;7.2;;5.3;;
5/9/2018 8:45:53 PM;2079;7.1;;5.3;;
5/9/2018 8:45:54 PM;2080;7.1;;5.3;;
5/9/2018 8:45:55 PM;2081;7.1;;5.3;;
5/9/2018 8:45:56 PM;2082;7.1;;5.3;;
5/9/2018 8:45:57 PM;2083;7.1;;5.3;;
5/9/2018 8:45:58 PM;2084;7.1;;5.3;;
5/9/2018 8:45:59 PM;2085;7.1;;5.3;;
5/9/2018 8:46:00 PM;2086;7.1;;5.3;;
5/9/2018 8:46:01 PM;2087;7.1;;5.3;;
5/9/2018 8:46:02 PM;2088;7.1;;5.3;;
5/9/2018 8:46:03 PM;2089;7.1;;5.3;;
5/9/2018 8:46:04 PM;2090;7.1;;5.3;;
5/9/2018 8:46:05 PM;2091;7.1;;5.3;;
5/9/2018 8:46:06 PM;2092;7.0;;5.3;;
5/9/2018 8:46:07 PM;2093;7.0;;5.3;;
5/9/2018 8:46:08 PM;2094;7.0;;5.3;;
5/9/2018 8:46:09 PM;2095;7.0;;5.3;;
5/9/2018 8:46:10 PM;2096;7.0;;5.3;;
5/9/2018 8:46:11 PM;2097;7.0;;5.3;;
5/9/2018 8:46:12 PM;2098;7.0;;5.3;;
5/9/2018 8:46:13 PM;2099;7.1;;5.3;;
5/9/2018 8:46:14 PM;2100;7.1;;5.3;;
5/9/2018 8:46:15 PM;2101;7.0;;5.3;;
5/9/2018 8:46:16 PM;2102;7.0;;5.3;;
5/9/2018 8:46:17 PM;2103;7.0;;5.3;;
5/9/2018 8:46:18 PM;2104;7.0;;5.3;;
5/9/2018 8:46:19 PM;2105;7.0;;5.3;;
5/9/2018 8:46:20 PM;2106;7.0;;5.3;;
5/9/2018 8:46:21 PM;2107;7.0;;5.3;;
5/9/2018 8:46:22 PM;2108;7.0;;5.3;;
5/9/2018 8:46:23 PM;2109;7.0;;5.3;;
5/9/2018 8:46:24 PM;2110;7.0;;5.3;;
5/9/2018 8:46:25 PM;2111;7.0;;5.3;;
5/9/2018 8:46:26 PM;2112;7.0;;5.3;;
5/9/2018 8:46:27 PM;2113;7.0;;5.3;;
5/9/2018 8:46:28 PM;2114;7.0;;5.3;;
5/9/2018 8:46:29 PM;2115;7.0;;5.3;;
5/9/2018 8:46:30 PM;2116;7.0;;5.2;;
5/9/2018 8:46:31 PM;2117;7.0;;5.2;;
5/9/2018 8:46:32 PM;2118;7.0;;5.2;;
5/9/2018 8:46:33 PM;2119;7.0;;5.2;;
5/9/2018 8:46:34 PM;2120;7.0;;5.2;;
5/9/2018 8:46:35 PM;2121;7.0;;5.2;;
5/9/2018 8:46:36 PM;2122;7.0;;5.2;;
5/9/2018 8:46:37 PM;2123;7.0;;5.3;;
5/9/2018 8:46:38 PM;2124;7.0;;5.3;;
5/9/2018 8:46:39 PM;2125;7.0;;5.3;;
5/9/2018 8:46:40 PM;2126;6.9;;5.3;;
5/9/2018 8:46:41 PM;2127;6.9;;5.2;;
5/9/2018 8:46:42 PM;2128;6.9;;5.2;;
5/9/2018 8:46:43 PM;2129;6.9;;5.2;;
5/9/2018 8:46:44 PM;2130;6.9;;5.2;;
5/9/2018 8:46:45 PM;2131;6.9;;5.2;;
5/9/2018 8:46:46 PM;2132;7.0;;5.3;;
5/9/2018 8:46:47 PM;2133;7.0;;5.3;;
5/9/2018 8:46:48 PM;2134;7.0;;5.3;;
5/9/2018 8:46:49 PM;2135;7.0;;5.3;;
5/9/2018 8:46:50 PM;2136;6.9;;5.3;;
5/9/2018 8:46:51 PM;2137;6.9;;5.2;;
5/9/2018 8:46:52 PM;2138;6.8;;5.2;;
5/9/2018 8:46:53 PM;2139;6.8;;5.2;;
5/9/2018 8:46:54 PM;2140;6.8;;5.2;;
5/9/2018 8:46:55 PM;2141;6.8;;5.2;;
5/9/2018 8:46:56 PM;2142;6.8;;5.2;;
5/9/2018 8:46:57 PM;2143;6.8;;5.2;;
5/9/2018 8:46:58 PM;2144;6.8;;5.2;;
5/9/2018 8:46:59 PM;2145;6.8;;5.2;;
5/9/2018 8:47:00 PM;2146;6.8;;5.2;;
5/9/2018 8:47:01 PM;2147;6.8;;5.2;;
5/9/2018 8:47:02 PM;2148;6.8;;5.2;;
5/9/2018 8:47:03 PM;2149;6.8;;5.2;;
5/9/2018 8:47:04 PM;2150;6.8;;5.2;;
5/9/2018 8:47:05 PM;2151;6.8;;5.2;;
5/9/2018 8:47:06 PM;2152;6.8;;5.2;;
5/9/2018 8:47:07 PM;2153;6.8;;5.2;;
5/9/2018 8:47:08 PM;2154;6.8;;5.2;;
5/9/2018 8:47:09 PM;2155;6.8;;5.2;;
5/9/2018 8:47:10 PM;2156;6.8;;5.2;;
5/9/2018 8:47:11 PM;2157;6.8;;5.2;;
5/9/2018 8:47:12 PM;2158;6.8;;5.2;;
5/9/2018 8:47:13 PM;2159;6.8;;5.2;;
5/9/2018 8:47:14 PM;2160;6.8;;5.2;;
5/9/2018 8:47:15 PM;2161;6.8;;5.2;;
5/9/2018 8:47:16 PM;2162;6.8;;5.2;;
5/9/2018 8:47:17 PM;2163;6.8;;5.2;;
5/9/2018 8:47:18 PM;2164;6.8;;5.2;;
5/9/2018 8:47:19 PM;2165;6.8;;5.2;;
5/9/2018 8:47:20 PM;2166;6.8;;5.2;;
5/9/2018 8:47:21 PM;2167;6.8;;5.2;;
5/9/2018 8:47:22 PM;2168;6.8;;5.2;;
5/9/2018 8:47:23 PM;2169;6.7;;5.2;;
5/9/2018 8:47:24 PM;2170;6.7;;5.2;;
5/9/2018 8:47:25 PM;2171;6.7;;5.2;;
5/9/2018 8:47:26 PM;2172;6.7;;5.2;;
5/9/2018 8:47:27 PM;2173;6.7;;5.2;;
5/9/2018 8:47:28 PM;2174;6.8;;5.2;;
5/9/2018 8:47:29 PM;2175;6.7;;5.2;;
5/9/2018 8:47:30 PM;2176;6.7;;5.2;;
5/9/2018 8:47:31 PM;2177;6.7;;5.2;;
5/9/2018 8:47:32 PM;2178;6.7;;5.2;;
5/9/2018 8:47:33 PM;2179;6.7;;5.2;;
5/9/2018 8:47:34 PM;2180;6.8;;5.2;;
5/9/2018 8:47:35 PM;2181;6.8;;5.2;;
5/9/2018 8:47:36 PM;2182;6.8;;5.2;;
5/9/2018 8:47:37 PM;2183;6.8;;5.2;;
5/9/2018 8:47:38 PM;2184;6.7;;5.2;;
5/9/2018 8:47:39 PM;2185;6.7;;5.2;;
5/9/2018 8:47:40 PM;2186;6.6;;5.2;;
5/9/2018 8:47:41 PM;2187;6.6;;5.2;;
5/9/2018 8:47:42 PM;2188;6.6;;5.2;;
5/9/2018 8:47:43 PM;2189;6.6;;5.2;;
5/9/2018 8:47:44 PM;2190;6.6;;5.2;;
5/9/2018 8:47:45 PM;2191;6.6;;5.2;;
5/9/2018 8:47:46 PM;2192;6.6;;5.2;;
5/9/2018 8:47:47 PM;2193;6.6;;5.2;;
5/9/2018 8:47:48 PM;2194;6.6;;5.2;;
5/9/2018 8:47:49 PM;2195;6.7;;5.2;;
5/9/2018 8:47:50 PM;2196;6.7;;5.2;;
5/9/2018 8:47:51 PM;2197;6.6;;5.2;;
5/9/2018 8:47:52 PM;2198;6.6;;5.2;;
5/9/2018 8:47:53 PM;2199;6.6;;5.2;;
5/9/2018 8:47:54 PM;2200;6.6;;5.2;;
5/9/2018 8:47:55 PM;2201;6.6;;5.2;;
5/9/2018 8:47:56 PM;2202;6.6;;5.2;;
5/9/2018 8:47:57 PM;2203;6.6;;5.2;;
5/9/2018 8:47:58 PM;2204;6.6;;5.2;;
5/9/2018 8:47:59 PM;2205;6.6;;5.2;;
5/9/2018 8:48:00 PM;2206;6.6;;5.2;;
5/9/2018 8:48:01 PM;2207;6.6;;5.2;;
5/9/2018 8:48:02 PM;2208;6.6;;5.2;;
5/9/2018 8:48:03 PM;2209;6.6;;5.2;;
5/9/2018 8:48:04 PM;2210;6.6;;5.2;;
5/9/2018 8:48:05 PM;2211;6.6;;5.2;;
5/9/2018 8:48:06 PM;2212;6.6;;5.2;;
5/9/2018 8:48:07 PM;2213;6.6;;5.2;;
5/9/2018 8:48:08 PM;2214;6.6;;5.2;;
5/9/2018 8:48:09 PM;2215;6.6;;5.2;;
5/9/2018 8:48:10 PM;2216;6.6;;5.2;;
5/9/2018 8:48:11 PM;2217;6.6;;5.2;;
5/9/2018 8:48:12 PM;2218;6.6;;5.2;;
5/9/2018 8:48:13 PM;2219;6.6;;5.2;;
5/9/2018 8:48:14 PM;2220;6.6;;5.2;;
5/9/2018 8:48:15 PM;2221;6.6;;5.2;;
5/9/2018 8:48:16 PM;2222;6.6;;5.2;;
5/9/2018 8:48:17 PM;2223;6.6;;5.2;;
5/9/2018 8:48:18 PM;2224;6.6;;5.2;;
5/9/2018 8:48:19 PM;2225;6.6;;5.2;;
5/9/2018 8:48:20 PM;2226;6.6;;5.2;;
5/9/2018 8:48:21 PM;2227;6.6;;5.2;;
5/9/2018 8:48:22 PM;2228;6.6;;5.2;;
5/9/2018 8:48:23 PM;2229;6.6;;5.2;;
5/9/2018 8:48:24 PM;2230;6.6;;5.2;;
5/9/2018 8:48:25 PM;2231;6.6;;5.2;;
5/9/2018 8:48:26 PM;2232;6.6;;5.2;;
5/9/2018 8:48:27 PM;2233;6.6;;5.2;;
5/9/2018 8:48:28 PM;2234;6.6;;5.2;;
5/9/2018 8:48:29 PM;2235;6.6;;5.2;;
5/9/2018 8:48:30 PM;2236;6.6;;5.2;;
5/9/2018 8:48:31 PM;2237;6.6;;5.2;;
5/9/2018 8:48:32 PM;2238;6.6;;5.2;;
5/9/2018 8:48:33 PM;2239;6.6;;5.2;;
5/9/2018 8:48:34 PM;2240;6.6;;5.2;;
5/9/2018 8:48:35 PM;2241;6.6;;5.2;;
5/9/2018 8:48:36 PM;2242;6.6;;5.2;;
5/9/2018 8:48:37 PM;2243;6.6;;5.2;;
5/9/2018 8:48:38 PM;2244;6.6;;5.2;;
5/9/2018 8:48:39 PM;2245;6.6;;5.2;;
5/9/2018 8:48:40 PM;2246;6.6;;5.2;;
5/9/2018 8:48:41 PM;2247;6.6;;5.2;;
5/9/2018 8:48:42 PM;2248;6.6;;5.2;;
5/9/2018 8:48:43 PM;2249;6.5;;5.2;;
5/9/2018 8:48:44 PM;2250;6.5;;5.2;;
5/9/2018 8:48:45 PM;2251;6.5;;5.2;;
5/9/2018 8:48:46 PM;2252;6.5;;5.2;;
5/9/2018 8:48:47 PM;2253;6.5;;5.2;;
5/9/2018 8:48:48 PM;2254;6.5;;5.2;;
5/9/2018 8:48:49 PM;2255;6.5;;5.2;;
5/9/2018 8:48:50 PM;2256;6.5;;5.2;;
5/9/2018 8:48:51 PM;2257;6.5;;5.2;;
5/9/2018 8:48:52 PM;2258;6.5;;5.2;;
5/9/2018 8:48:53 PM;2259;6.5;;5.2;;
5/9/2018 8:48:54 PM;2260;6.5;;5.2;;
5/9/2018 8:48:55 PM;2261;6.5;;5.2;;
5/9/2018 8:48:56 PM;2262;6.5;;5.2;;
5/9/2018 8:48:57 PM;2263;6.5;;5.2;;
5/9/2018 8:48:58 PM;2264;6.5;;5.2;;
5/9/2018 8:48:59 PM;2265;6.5;;5.2;;
5/9/2018 8:49:00 PM;2266;6.5;;5.2;;
5/9/2018 8:49:01 PM;2267;6.5;;5.2;;
5/9/2018 8:49:02 PM;2268;6.5;;5.2;;
5/9/2018 8:49:03 PM;2269;6.5;;5.2;;
5/9/2018 8:49:04 PM;2270;6.5;;5.2;;
5/9/2018 8:49:05 PM;2271;6.5;;5.2;;
5/9/2018 8:49:06 PM;2272;6.5;;5.2;;
5/9/2018 8:49:07 PM;2273;6.5;;5.2;;
5/9/2018 8:49:08 PM;2274;6.5;;5.2;;
5/9/2018 8:49:09 PM;2275;6.5;;5.2;;
5/9/2018 8:49:10 PM;2276;6.5;;5.2;;
5/9/2018 8:49:11 PM;2277;6.5;;5.2;;
5/9/2018 8:49:12 PM;2278;6.5;;5.2;;
5/9/2018 8:49:13 PM;2279;6.5;;5.2;;
5/9/2018 8:49:14 PM;2280;6.5;;5.2;;
5/9/2018 8:49:15 PM;2281;6.5;;5.2;;
5/9/2018 8:49:16 PM;2282;6.5;;5.2;;
5/9/2018 8:49:17 PM;2283;6.5;;5.2;;
5/9/2018 8:49:18 PM;2284;6.5;;5.2;;
5/9/2018 8:49:19 PM;2285;6.5;;5.2;;
5/9/2018 8:49:20 PM;2286;6.5;;5.2;;
5/9/2018 8:49:21 PM;2287;6.5;;5.2;;
5/9/2018 8:49:22 PM;2288;6.5;;5.2;;
5/9/2018 8:49:23 PM;2289;6.5;;5.2;;
5/9/2018 8:49:24 PM;2290;6.5;;5.2;;
5/9/2018 8:49:25 PM;2291;6.5;;5.2;;
5/9/2018 8:49:26 PM;2292;6.5;;5.2;;
5/9/2018 8:49:27 PM;2293;6.5;;5.2;;
5/9/2018 8:49:28 PM;2294;6.5;;5.2;;
5/9/2018 8:49:29 PM;2295;6.5;;5.2;;
5/9/2018 8:49:30 PM;2296;6.5;;5.2;;
5/9/2018 8:49:31 PM;2297;6.5;;5.2;;
5/9/2018 8:49:32 PM;2298;6.5;;5.2;;
5/9/2018 8:49:33 PM;2299;6.5;;5.2;;
5/9/2018 8:49:34 PM;2300;6.5;;5.2;;
5/9/2018 8:49:35 PM;2301;6.5;;5.2;;
5/9/2018 8:49:36 PM;2302;6.5;;5.2;;
5/9/2018 8:49:37 PM;2303;6.5;;5.2;;
5/9/2018 8:49:38 PM;2304;6.5;;5.2;;
5/9/2018 8:49:39 PM;2305;6.5;;5.2;;
5/9/2018 8:49:40 PM;2306;6.5;;5.2;;
5/9/2018 8:49:41 PM;2307;6.5;;5.2;;
5/9/2018 8:49:42 PM;2308;6.5;;5.2;;
5/9/2018 8:49:43 PM;2309;6.5;;5.2;;
5/9/2018 8:49:44 PM;2310;6.5;;5.2;;
5/9/2018 8:49:45 PM;2311;6.5;;5.2;;
5/9/2018 8:49:46 PM;2312;6.5;;5.2;;
5/9/2018 8:49:47 PM;2313;6.5;;5.2;;
5/9/2018 8:49:48 PM;2314;6.5;;5.2;;
5/9/2018 8:49:49 PM;2315;6.5;;5.2;;
5/9/2018 8:49:50 PM;2316;6.5;;5.2;;
5/9/2018 8:49:51 PM;2317;6.5;;5.2;;
5/9/2018 8:49:52 PM;2318;6.5;;5.2;;
5/9/2018 8:49:53 PM;2319;6.5;;5.2;;
5/9/2018 8:49:54 PM;2320;6.5;;5.2;;
5/9/2018 8:49:55 PM;2321;6.5;;5.2;;
5/9/2018 8:49:56 PM;2322;6.5;;5.2;;
5/9/2018 8:49:57 PM;2323;6.5;;5.2;;
5/9/2018 8:49:58 PM;2324;6.5;;5.2;;
5/9/2018 8:49:59 PM;2325;6.5;;5.2;;
5/9/2018 8:50:00 PM;2326;6.5;;5.2;;
5/9/2018 8:50:01 PM;2327;6.5;;5.2;;
5/9/2018 8:50:02 PM;2328;6.5;;5.2;;
5/9/2018 8:50:03 PM;2329;6.5;;5.2;;
5/9/2018 8:50:04 PM;2330;6.5;;5.2;;
5/9/2018 8:50:05 PM;2331;6.5;;5.2;;
5/9/2018 8:50:06 PM;2332;6.5;;5.2;;
5/9/2018 8:50:07 PM;2333;6.5;;5.2;;
5/9/2018 8:50:08 PM;2334;6.5;;5.2;;
5/9/2018 8:50:09 PM;2335;6.5;;5.2;;
5/9/2018 8:50:10 PM;2336;6.5;;5.2;;
5/9/2018 8:50:11 PM;2337;6.5;;5.2;;
5/9/2018 8:50:12 PM;2338;6.5;;5.2;;
5/9/2018 8:50:13 PM;2339;6.5;;5.2;;
5/9/2018 8:50:14 PM;2340;6.5;;5.2;;
5/9/2018 8:50:15 PM;2341;6.5;;5.2;;
5/9/2018 8:50:16 PM;2342;6.5;;5.2;;
5/9/2018 8:50:17 PM;2343;6.5;;5.2;;
5/9/2018 8:50:18 PM;2344;6.5;;5.2;;
5/9/2018 8:50:19 PM;2345;6.5;;5.2;;
5/9/2018 8:50:20 PM;2346;6.5;;5.2;;
5/9/2018 8:50:21 PM;2347;6.5;;5.2;;
5/9/2018 8:50:22 PM;2348;6.5;;5.2;;
5/9/2018 8:50:23 PM;2349;6.5;;5.2;;
5/9/2018 8:50:24 PM;2350;6.5;;5.2;;
5/9/2018 8:50:25 PM;2351;6.5;;5.2;;
5/9/2018 8:50:26 PM;2352;6.5;;5.2;;
5/9/2018 8:50:27 PM;2353;6.5;;5.2;;
5/9/2018 8:50:28 PM;2354;6.5;;5.2;;
5/9/2018 8:50:29 PM;2355;6.5;;5.2;;
5/9/2018 8:50:30 PM;2356;6.5;;5.2;;
5/9/2018 8:50:31 PM;2357;6.5;;5.2;;
5/9/2018 8:50:32 PM;2358;6.5;;5.2;;
5/9/2018 8:50:33 PM;2359;6.4;;5.2;;
5/9/2018 8:50:34 PM;2360;6.4;;5.2;;
5/9/2018 8:50:35 PM;2361;6.4;;5.2;;
5/9/2018 8:50:36 PM;2362;6.4;;5.2;;
5/9/2018 8:50:37 PM;2363;6.4;;5.2;;
5/9/2018 8:50:38 PM;2364;6.4;;5.2;;
5/9/2018 8:50:39 PM;2365;6.4;;5.2;;
5/9/2018 8:50:40 PM;2366;6.4;;5.2;;
5/9/2018 8:50:41 PM;2367;6.4;;5.2;;
5/9/2018 8:50:42 PM;2368;6.4;;5.2;;
5/9/2018 8:50:43 PM;2369;6.5;;5.2;;
5/9/2018 8:50:44 PM;2370;6.5;;5.2;;
5/9/2018 8:50:45 PM;2371;6.4;;5.2;;
5/9/2018 8:50:46 PM;2372;6.4;;5.2;;
5/9/2018 8:50:47 PM;2373;6.4;;5.2;;
5/9/2018 8:50:48 PM;2374;6.4;;5.2;;
5/9/2018 8:50:49 PM;2375;6.4;;5.2;;
5/9/2018 8:50:50 PM;2376;6.4;;5.2;;
5/9/2018 8:50:51 PM;2377;6.4;;5.2;;
5/9/2018 8:50:52 PM;2378;6.4;;5.2;;
5/9/2018 8:50:53 PM;2379;6.3;;5.2;;
5/9/2018 8:50:54 PM;2380;6.3;;5.2;;
5/9/2018 8:50:55 PM;2381;6.3;;5.2;;
5/9/2018 8:50:56 PM;2382;6.3;;5.2;;
5/9/2018 8:50:57 PM;2383;6.3;;5.2;;
5/9/2018 8:50:58 PM;2384;6.3;;5.2;;
5/9/2018 8:50:59 PM;2385;6.3;;5.2;;
5/9/2018 8:51:00 PM;2386;6.3;;5.2;;
5/9/2018 8:51:01 PM;2387;6.3;;5.2;;
5/9/2018 8:51:02 PM;2388;6.3;;5.2;;
5/9/2018 8:51:03 PM;2389;6.3;;5.2;;
5/9/2018 8:51:04 PM;2390;6.3;;5.2;;
5/9/2018 8:51:05 PM;2391;6.3;;5.2;;
5/9/2018 8:51:06 PM;2392;6.3;;5.2;;
5/9/2018 8:51:07 PM;2393;6.3;;5.2;;
5/9/2018 8:51:08 PM;2394;6.3;;5.2;;
5/9/2018 8:51:09 PM;2395;6.3;;5.2;;
5/9/2018 8:51:10 PM;2396;6.3;;5.2;;
5/9/2018 8:51:11 PM;2397;6.3;;5.2;;
5/9/2018 8:51:12 PM;2398;6.3;;5.2;;
5/9/2018 8:51:13 PM;2399;6.3;;5.2;;
5/9/2018 8:51:14 PM;2400;6.3;;5.2;;
5/9/2018 8:51:15 PM;2401;6.3;;5.2;;
5/9/2018 8:51:16 PM;2402;6.3;;5.2;;
5/9/2018 8:51:17 PM;2403;6.3;;5.2;;
5/9/2018 8:51:18 PM;2404;6.3;;5.2;;
5/9/2018 8:51:19 PM;2405;6.4;;5.2;;
5/9/2018 8:51:20 PM;2406;6.3;;5.2;;
5/9/2018 8:51:21 PM;2407;6.3;;5.2;;
5/9/2018 8:51:22 PM;2408;6.3;;5.2;;
5/9/2018 8:51:23 PM;2409;6.3;;5.2;;
5/9/2018 8:51:24 PM;2410;6.3;;5.2;;
5/9/2018 8:51:25 PM;2411;6.3;;5.2;;
5/9/2018 8:51:26 PM;2412;6.3;;5.2;;
5/9/2018 8:51:27 PM;2413;6.3;;5.2;;
5/9/2018 8:51:28 PM;2414;6.3;;5.2;;
5/9/2018 8:51:29 PM;2415;6.3;;5.2;;
5/9/2018 8:51:30 PM;2416;6.3;;5.2;;
5/9/2018 8:51:31 PM;2417;6.3;;5.2;;
5/9/2018 8:51:32 PM;2418;6.3;;5.2;;
5/9/2018 8:51:33 PM;2419;6.3;;5.2;;
5/9/2018 8:51:34 PM;2420;6.3;;5.2;;
5/9/2018 8:51:35 PM;2421;6.3;;5.2;;
5/9/2018 8:51:36 PM;2422;6.3;;5.2;;
5/9/2018 8:51:37 PM;2423;6.3;;5.2;;
5/9/2018 8:51:38 PM;2424;6.3;;5.2;;
5/9/2018 8:51:39 PM;2425;6.3;;5.2;;
