Meas Point;Vol.;Conc.;Cond. A;Temp. A;Cond. B;Temp. B;Cond. Y;Temp. Y;Cond. Z;Temp. Z;
;ml;mg/l;µS/cm;°C;µS/cm;°C;µS/cm;°C;µS/cm;°C;
0;500.0;0.00;28.5;0.7;29.3;0.6;28.0;0.6;28.1;0.7;
1;500.5;5.00;39.7;0.7;40.9;0.7;39.6;0.7;39.4;0.8;
2;501.0;9.98;50.2;0.8;51.4;0.8;50.1;0.8;50.0;0.9;
3;501.5;14.96;60.8;0.8;62.2;0.8;60.7;0.8;60.5;0.9;
4;502.0;19.92;71.5;0.9;72.8;0.9;71.4;0.9;71.2;1.0;
5;502.5;24.88;82.2;0.9;83.4;0.9;82.0;0.9;81.7;1.0;

Date/Time;Meas Point;Cond. A;Cond. B;Cond. Y;Cond. Z;Temp. A;Temp. B;Temp. Y;Temp. Z;
2/2/2017 1:22:34 PM;0;26.0;27.3;26.0;25.9;0.1;0.1;0.1;0.2;
2/2/2017 1:22:35 PM;1;26.0;27.3;26.0;25.9;0.1;0.1;0.1;0.2;
2/2/2017 1:22:36 PM;2;26.0;27.3;26.0;25.9;0.1;0.1;0.1;0.2;
2/2/2017 1:22:37 PM;3;26.0;27.3;26.0;25.9;0.1;0.1;0.1;0.2;
2/2/2017 1:22:38 PM;4;26.0;27.3;26.0;25.9;0.1;0.1;0.1;0.2;
2/2/2017 1:22:39 PM;5;26.0;27.3;26.0;25.9;0.1;0.1;0.1;0.2;
2/2/2017 1:22:40 PM;6;26.1;27.2;26.0;25.9;0.1;0.1;0.1;0.2;
2/2/2017 1:22:41 PM;7;26.1;27.2;26.0;25.9;0.1;0.1;0.1;0.2;
2/2/2017 1:22:42 PM;8;26.1;27.2;26.0;25.9;0.1;0.1;0.1;0.2;
2/2/2017 1:22:43 PM;9;26.1;27.2;26.0;25.9;0.1;0.1;0.1;0.2;
2/2/2017 1:22:44 PM;10;26.1;27.2;26.0;25.9;0.1;0.1;0.1;0.2;
2/2/2017 1:22:45 PM;11;26.1;27.2;26.0;25.9;0.1;0.1;0.1;0.2;
2/2/2017 1:22:46 PM;12;26.1;27.2;26.0;25.9;0.1;0.1;0.1;0.2;
2/2/2017 1:22:47 PM;13;26.1;27.2;26.0;25.9;0.1;0.1;0.1;0.2;
2/2/2017 1:22:48 PM;14;26.0;27.2;26.0;25.9;0.1;0.1;0.1;0.2;
2/2/2017 1:22:49 PM;15;26.0;27.2;26.0;25.9;0.1;0.1;0.1;0.2;
2/2/2017 1:22:50 PM;16;26.0;27.3;26.0;25.9;0.1;0.1;0.1;0.2;
2/2/2017 1:22:51 PM;17;26.0;27.3;26.0;25.9;0.1;0.1;0.1;0.2;
2/2/2017 1:22:52 PM;18;26.0;27.3;26.0;25.9;0.1;0.1;0.1;0.2;
2/2/2017 1:22:53 PM;19;26.1;27.3;26.0;25.9;0.1;0.1;0.1;0.2;
2/2/2017 1:22:54 PM;20;26.1;27.2;26.0;25.9;0.1;0.1;0.1;0.2;
2/2/2017 1:22:55 PM;21;26.1;27.2;26.0;25.9;0.1;0.1;0.1;0.2;
2/2/2017 1:22:56 PM;22;26.1;27.2;26.0;25.9;0.1;0.1;0.1;0.2;
2/2/2017 1:22:57 PM;23;26.1;27.2;26.0;25.9;0.1;0.1;0.1;0.2;
2/2/2017 1:22:58 PM;24;26.1;27.2;26.0;25.9;0.1;0.1;0.1;0.2;
2/2/2017 1:22:59 PM;25;26.1;27.2;26.0;25.9;0.1;0.1;0.1;0.2;
2/2/2017 1:23:00 PM;26;26.1;27.2;26.0;25.9;0.1;0.1;0.1;0.2;
2/2/2017 1:23:01 PM;27;26.1;27.2;26.0;25.9;0.1;0.1;0.1;0.2;
2/2/2017 1:23:02 PM;28;26.1;27.2;26.0;25.9;0.1;0.1;0.1;0.2;
2/2/2017 1:23:03 PM;29;26.1;27.2;26.0;25.9;0.1;0.1;0.1;0.2;
2/2/2017 1:23:04 PM;30;26.0;27.2;26.0;25.9;0.1;0.1;0.1;0.2;
2/2/2017 1:23:05 PM;31;26.0;27.2;26.0;25.9;0.1;0.1;0.1;0.2;
2/2/2017 1:23:06 PM;32;26.0;27.3;26.0;25.9;0.1;0.1;0.1;0.2;
2/2/2017 1:23:07 PM;33;25.9;27.3;26.0;25.9;0.1;0.1;0.1;0.2;
2/2/2017 1:23:08 PM;34;25.9;27.2;26.0;25.9;0.1;0.1;0.1;0.2;
2/2/2017 1:23:09 PM;35;25.9;27.2;26.0;25.9;0.1;0.1;0.1;0.2;
2/2/2017 1:23:10 PM;36;25.9;27.2;26.0;25.9;0.1;0.1;0.1;0.2;
2/2/2017 1:23:11 PM;37;26.0;27.2;26.0;25.9;0.1;0.1;0.1;0.2;
2/2/2017 1:23:12 PM;38;26.0;27.1;26.0;25.9;0.1;0.1;0.1;0.2;
2/2/2017 1:23:13 PM;39;26.1;27.2;26.0;25.9;0.1;0.1;0.1;0.2;
2/2/2017 1:23:14 PM;40;26.1;27.2;26.0;25.9;0.1;0.1;0.1;0.2;
2/2/2017 1:23:15 PM;41;26.1;27.2;26.0;25.9;0.1;0.1;0.1;0.2;
2/2/2017 1:23:16 PM;42;26.1;27.2;26.0;25.9;0.1;0.1;0.1;0.2;
2/2/2017 1:23:17 PM;43;26.1;27.2;26.0;25.9;0.1;0.1;0.1;0.2;
2/2/2017 1:23:18 PM;44;26.0;27.2;26.0;25.9;0.1;0.1;0.1;0.2;
2/2/2017 1:23:19 PM;45;26.0;27.2;26.0;25.9;0.1;0.1;0.1;0.2;
2/2/2017 1:23:20 PM;46;26.0;27.2;26.0;25.9;0.1;0.1;0.1;0.2;
2/2/2017 1:23:21 PM;47;26.0;27.2;26.0;25.9;0.1;0.1;0.1;0.2;
2/2/2017 1:23:22 PM;48;26.0;27.2;26.0;25.9;0.1;0.1;0.1;0.2;
2/2/2017 1:23:23 PM;49;26.1;27.2;26.0;25.9;0.1;0.1;0.1;0.2;
2/2/2017 1:23:24 PM;50;26.1;27.2;26.0;25.9;0.1;0.1;0.1;0.2;
2/2/2017 1:23:25 PM;51;26.1;27.2;26.0;25.9;0.1;0.1;0.1;0.2;
2/2/2017 1:23:26 PM;52;26.1;27.3;26.0;25.9;0.1;0.1;0.1;0.2;
2/2/2017 1:23:27 PM;53;26.0;27.3;26.0;25.9;0.1;0.1;0.1;0.2;
2/2/2017 1:23:28 PM;54;26.0;27.3;26.0;25.9;0.1;0.1;0.1;0.2;
2/2/2017 1:23:29 PM;55;26.0;27.3;26.0;25.9;0.1;0.1;0.1;0.2;
2/2/2017 1:23:30 PM;56;26.0;27.3;26.0;25.9;0.1;0.1;0.1;0.2;
2/2/2017 1:23:31 PM;57;26.0;27.3;26.0;25.9;0.1;0.1;0.1;0.2;
2/2/2017 1:23:32 PM;58;26.1;27.3;26.0;25.9;0.1;0.1;0.1;0.2;
2/2/2017 1:23:33 PM;59;26.1;27.2;26.0;25.9;0.1;0.1;0.1;0.2;
2/2/2017 1:23:34 PM;60;26.1;27.2;26.0;25.9;0.1;0.1;0.1;0.2;
2/2/2017 1:23:35 PM;61;26.1;27.2;26.0;25.9;0.1;0.1;0.1;0.2;
2/2/2017 1:23:36 PM;62;26.1;27.2;26.0;25.9;0.1;0.1;0.1;0.2;
2/2/2017 1:23:37 PM;63;26.1;27.2;26.0;25.9;0.1;0.1;0.1;0.2;
2/2/2017 1:23:38 PM;64;26.1;27.3;26.0;25.9;0.1;0.1;0.1;0.2;
2/2/2017 1:23:39 PM;65;26.1;27.2;26.0;25.9;0.1;0.1;0.1;0.2;
2/2/2017 1:23:40 PM;66;26.1;27.2;26.0;25.9;0.1;0.1;0.1;0.2;
2/2/2017 1:23:41 PM;67;26.1;27.2;26.0;25.9;0.1;0.1;0.1;0.2;
2/2/2017 1:23:42 PM;68;26.1;27.2;26.0;25.9;0.1;0.1;0.1;0.2;
2/2/2017 1:23:43 PM;69;26.0;27.2;26.0;25.9;0.1;0.1;0.1;0.2;
2/2/2017 1:23:44 PM;70;26.0;27.3;26.0;25.9;0.1;0.1;0.1;0.2;
2/2/2017 1:23:45 PM;71;26.0;27.2;26.0;25.9;0.1;0.1;0.1;0.2;
2/2/2017 1:23:46 PM;72;26.0;27.2;26.0;25.9;0.1;0.1;0.1;0.2;
2/2/2017 1:23:47 PM;73;26.0;27.2;26.0;25.9;0.1;0.1;0.1;0.2;
2/2/2017 1:23:48 PM;74;26.1;27.2;26.0;25.9;0.1;0.1;0.1;0.2;
2/2/2017 1:23:49 PM;75;26.1;27.2;26.0;25.9;0.1;0.1;0.1;0.2;
2/2/2017 1:23:50 PM;76;26.1;27.2;26.0;25.9;0.1;0.1;0.1;0.2;
2/2/2017 1:23:51 PM;77;26.0;27.2;26.0;25.9;0.1;0.1;0.1;0.2;
2/2/2017 1:23:52 PM;78;26.0;27.2;26.0;25.9;0.1;0.1;0.1;0.2;
2/2/2017 1:23:53 PM;79;26.0;27.2;26.0;25.9;0.1;0.1;0.1;0.2;
2/2/2017 1:23:54 PM;80;26.0;27.2;26.0;25.9;0.1;0.1;0.1;0.2;
2/2/2017 1:23:55 PM;81;26.0;27.2;26.0;25.9;0.1;0.1;0.1;0.2;
2/2/2017 1:23:56 PM;82;26.1;27.3;26.0;25.9;0.1;0.1;0.1;0.2;
2/2/2017 1:23:57 PM;83;26.0;27.3;26.0;25.9;0.1;0.1;0.1;0.2;
2/2/2017 1:23:58 PM;84;26.0;27.2;26.0;25.9;0.1;0.1;0.1;0.2;
2/2/2017 1:23:59 PM;85;26.0;27.2;26.0;25.9;0.1;0.1;0.1;0.2;
2/2/2017 1:24:00 PM;86;26.0;27.2;26.0;25.9;0.1;0.1;0.1;0.2;
2/2/2017 1:24:01 PM;87;26.0;27.2;26.0;25.9;0.1;0.1;0.1;0.2;
2/2/2017 1:24:02 PM;88;26.1;27.2;26.0;25.9;0.1;0.1;0.1;0.2;
2/2/2017 1:24:03 PM;89;26.0;27.2;26.0;25.9;0.1;0.1;0.1;0.2;
2/2/2017 1:24:04 PM;90;26.0;27.2;26.0;25.9;0.1;0.1;0.1;0.2;
2/2/2017 1:24:05 PM;91;26.0;27.2;26.0;25.9;0.1;0.1;0.1;0.2;
2/2/2017 1:24:06 PM;92;25.9;27.2;26.0;25.9;0.1;0.1;0.1;0.2;
2/2/2017 1:24:07 PM;93;25.9;27.3;26.0;25.9;0.1;0.1;0.1;0.2;
2/2/2017 1:24:08 PM;94;25.9;27.3;26.0;25.9;0.1;0.1;0.1;0.2;
2/2/2017 1:24:09 PM;95;26.0;27.3;26.0;25.9;0.1;0.1;0.1;0.2;
2/2/2017 1:24:10 PM;96;26.0;27.3;26.0;25.9;0.1;0.1;0.1;0.2;
2/2/2017 1:24:11 PM;97;26.0;27.3;26.0;25.9;0.1;0.1;0.1;0.2;
2/2/2017 1:24:12 PM;98;26.1;27.2;26.0;25.9;0.1;0.1;0.1;0.2;
2/2/2017 1:24:13 PM;99;26.1;27.2;26.0;25.9;0.1;0.1;0.1;0.2;
2/2/2017 1:24:14 PM;100;26.1;27.2;26.0;25.9;0.1;0.1;0.1;0.2;
2/2/2017 1:24:15 PM;101;26.0;27.2;26.0;25.9;0.1;0.1;0.1;0.2;
2/2/2017 1:24:16 PM;102;26.0;27.1;26.0;25.9;0.1;0.1;0.1;0.2;
2/2/2017 1:24:17 PM;103;26.0;27.1;26.0;25.9;0.1;0.1;0.1;0.2;
2/2/2017 1:24:18 PM;104;26.0;27.1;26.0;25.9;0.1;0.1;0.1;0.2;
2/2/2017 1:24:19 PM;105;25.9;27.1;26.0;25.9;0.1;0.1;0.1;0.2;
2/2/2017 1:24:20 PM;106;26.0;27.1;26.0;25.9;0.1;0.1;0.1;0.2;
2/2/2017 1:24:21 PM;107;26.0;27.1;26.0;25.9;0.1;0.1;0.1;0.2;
2/2/2017 1:24:22 PM;108;25.9;27.2;26.0;25.9;0.1;0.1;0.1;0.2;
2/2/2017 1:24:23 PM;109;26.0;27.1;26.0;25.9;0.1;0.1;0.1;0.2;
2/2/2017 1:24:24 PM;110;26.0;27.2;26.0;25.9;0.1;0.1;0.1;0.2;
2/2/2017 1:24:25 PM;111;26.0;27.2;26.0;25.9;0.1;0.1;0.1;0.2;
2/2/2017 1:24:26 PM;112;26.0;27.2;26.0;25.9;0.1;0.1;0.1;0.2;
2/2/2017 1:24:27 PM;113;26.0;27.1;26.0;25.9;0.1;0.1;0.1;0.2;
2/2/2017 1:24:28 PM;114;26.0;27.2;26.0;25.9;0.1;0.1;0.1;0.2;
2/2/2017 1:24:29 PM;115;26.0;27.2;26.0;25.9;0.1;0.1;0.1;0.2;
2/2/2017 1:24:30 PM;116;25.9;27.2;26.0;25.9;0.1;0.1;0.1;0.2;
2/2/2017 1:24:31 PM;117;25.9;27.2;26.0;25.9;0.1;0.1;0.1;0.2;
2/2/2017 1:24:32 PM;118;26.0;27.3;26.0;25.9;0.1;0.1;0.1;0.2;
2/2/2017 1:24:33 PM;119;26.0;27.2;26.0;25.9;0.1;0.1;0.1;0.2;
2/2/2017 1:24:34 PM;120;26.0;27.2;26.0;25.9;0.1;0.1;0.1;0.2;
2/2/2017 1:24:35 PM;121;26.1;27.2;26.0;25.9;0.1;0.1;0.1;0.2;
2/2/2017 1:24:36 PM;122;26.0;27.2;26.0;25.9;0.1;0.1;0.1;0.2;
2/2/2017 1:24:37 PM;123;26.0;27.2;26.0;25.9;0.1;0.1;0.1;0.2;
2/2/2017 1:24:38 PM;124;26.0;27.3;26.0;25.9;0.1;0.1;0.1;0.2;
2/2/2017 1:24:39 PM;125;25.9;27.3;26.0;25.9;0.1;0.1;0.1;0.2;
2/2/2017 1:24:40 PM;126;25.9;27.2;26.0;25.9;0.1;0.1;0.1;0.2;
2/2/2017 1:24:41 PM;127;26.0;27.2;26.0;25.9;0.1;0.1;0.1;0.2;
2/2/2017 1:24:42 PM;128;26.0;27.2;26.0;25.9;0.1;0.1;0.1;0.2;
2/2/2017 1:24:43 PM;129;25.9;27.2;26.0;25.9;0.1;0.1;0.1;0.2;
2/2/2017 1:24:44 PM;130;26.0;27.1;26.0;25.9;0.1;0.1;0.1;0.2;
2/2/2017 1:24:45 PM;131;25.9;27.2;26.0;25.9;0.1;0.1;0.1;0.2;
2/2/2017 1:24:46 PM;132;25.9;27.2;26.0;25.9;0.1;0.1;0.1;0.2;
2/2/2017 1:24:47 PM;133;25.9;27.2;26.0;25.9;0.1;0.1;0.1;0.2;
2/2/2017 1:24:48 PM;134;26.0;27.2;26.0;25.9;0.1;0.1;0.1;0.2;
2/2/2017 1:24:49 PM;135;26.0;27.3;26.0;25.9;0.1;0.1;0.1;0.2;
2/2/2017 1:24:50 PM;136;26.0;27.2;26.0;25.9;0.1;0.1;0.1;0.2;
2/2/2017 1:24:51 PM;137;26.0;27.2;26.0;25.9;0.1;0.1;0.1;0.2;
2/2/2017 1:24:52 PM;138;26.0;27.2;26.0;25.9;0.1;0.1;0.1;0.2;
2/2/2017 1:24:53 PM;139;26.0;27.2;26.0;25.9;0.1;0.1;0.1;0.2;
2/2/2017 1:24:54 PM;140;26.0;27.2;26.0;25.9;0.1;0.1;0.1;0.2;
2/2/2017 1:24:55 PM;141;25.9;27.2;26.0;25.9;0.1;0.1;0.1;0.2;
2/2/2017 1:24:56 PM;142;25.9;27.1;26.0;25.9;0.1;0.1;0.1;0.2;
2/2/2017 1:24:57 PM;143;26.0;27.1;26.0;25.9;0.1;0.1;0.1;0.2;
2/2/2017 1:24:58 PM;144;26.0;27.1;26.0;25.9;0.1;0.1;0.1;0.2;
2/2/2017 1:24:59 PM;145;26.0;27.2;26.0;25.9;0.1;0.1;0.1;0.2;
2/2/2017 1:25:00 PM;146;26.0;27.2;26.0;25.9;0.1;0.1;0.1;0.2;
2/2/2017 1:25:01 PM;147;26.0;27.2;26.0;25.9;0.1;0.1;0.1;0.2;
2/2/2017 1:25:02 PM;148;26.0;27.2;26.0;25.9;0.1;0.1;0.1;0.2;
2/2/2017 1:25:03 PM;149;26.0;27.2;26.0;25.9;0.1;0.1;0.1;0.2;
2/2/2017 1:25:04 PM;150;26.0;27.2;26.0;25.9;0.1;0.1;0.1;0.2;
2/2/2017 1:25:05 PM;151;26.1;27.2;26.0;25.9;0.1;0.1;0.1;0.2;
2/2/2017 1:25:06 PM;152;26.1;27.2;26.0;25.9;0.1;0.1;0.1;0.2;
2/2/2017 1:25:07 PM;153;26.0;27.2;26.0;25.9;0.1;0.1;0.1;0.2;
2/2/2017 1:25:08 PM;154;26.0;27.3;26.0;25.9;0.1;0.1;0.1;0.2;
2/2/2017 1:25:09 PM;155;26.0;27.3;26.0;25.9;0.1;0.1;0.1;0.2;
2/2/2017 1:25:10 PM;156;26.0;27.3;26.0;25.9;0.1;0.1;0.1;0.2;
2/2/2017 1:25:11 PM;157;26.0;27.3;26.0;25.9;0.1;0.1;0.1;0.2;
2/2/2017 1:25:12 PM;158;26.1;27.2;26.0;25.9;0.1;0.1;0.1;0.2;
2/2/2017 1:25:13 PM;159;26.1;27.2;26.0;25.9;0.1;0.1;0.1;0.2;
2/2/2017 1:25:14 PM;160;26.1;27.2;26.0;25.9;0.1;0.1;0.1;0.2;
2/2/2017 1:25:15 PM;161;26.1;27.2;26.0;25.9;0.1;0.1;0.1;0.2;
2/2/2017 1:25:16 PM;162;26.0;27.2;26.0;25.9;0.1;0.1;0.1;0.2;
2/2/2017 1:25:17 PM;163;26.0;27.2;26.0;25.9;0.1;0.1;0.1;0.2;
2/2/2017 1:25:18 PM;164;26.0;27.2;26.0;25.9;0.1;0.1;0.1;0.2;
2/2/2017 1:25:19 PM;165;26.0;27.2;26.0;25.9;0.1;0.1;0.1;0.2;
2/2/2017 1:25:20 PM;166;26.0;27.2;26.0;25.9;0.1;0.1;0.1;0.2;
2/2/2017 1:25:21 PM;167;26.1;27.2;26.0;25.9;0.1;0.1;0.1;0.2;
2/2/2017 1:25:22 PM;168;26.1;27.2;26.0;25.9;0.1;0.1;0.1;0.2;
2/2/2017 1:25:23 PM;169;26.1;27.2;26.0;25.9;0.1;0.1;0.1;0.2;
2/2/2017 1:25:24 PM;170;26.0;27.2;26.0;25.9;0.1;0.1;0.1;0.2;
2/2/2017 1:25:25 PM;171;26.0;27.2;26.0;25.9;0.1;0.1;0.1;0.2;
2/2/2017 1:25:26 PM;172;26.0;27.2;26.0;25.9;0.1;0.1;0.1;0.2;
2/2/2017 1:25:27 PM;173;26.0;27.2;26.0;25.9;0.1;0.1;0.1;0.2;
2/2/2017 1:25:28 PM;174;26.0;27.2;26.0;25.9;0.1;0.1;0.1;0.2;
2/2/2017 1:25:29 PM;175;26.0;27.2;26.0;25.9;0.1;0.1;0.1;0.2;
2/2/2017 1:25:30 PM;176;26.0;27.2;26.0;25.9;0.1;0.1;0.1;0.2;
2/2/2017 1:25:31 PM;177;25.9;27.2;26.0;25.9;0.1;0.1;0.1;0.2;
2/2/2017 1:25:32 PM;178;26.0;27.3;26.0;25.9;0.1;0.1;0.1;0.2;
2/2/2017 1:25:33 PM;179;26.0;27.2;26.0;25.9;0.1;0.1;0.1;0.2;
2/2/2017 1:25:34 PM;180;26.0;27.2;26.0;25.9;0.1;0.1;0.1;0.2;
2/2/2017 1:25:35 PM;181;26.0;27.2;26.0;25.9;0.1;0.1;0.1;0.2;
2/2/2017 1:25:36 PM;182;26.0;27.2;26.0;25.9;0.1;0.1;0.1;0.2;
2/2/2017 1:25:37 PM;183;26.0;27.2;26.0;25.9;0.1;0.1;0.1;0.2;
2/2/2017 1:25:38 PM;184;26.0;27.3;26.0;25.9;0.1;0.1;0.1;0.2;
2/2/2017 1:25:39 PM;185;25.9;27.2;26.0;25.9;0.1;0.1;0.1;0.2;
2/2/2017 1:25:40 PM;186;25.9;27.2;26.0;25.9;0.1;0.1;0.1;0.2;
2/2/2017 1:25:41 PM;187;25.9;27.2;26.0;25.9;0.1;0.1;0.1;0.2;
2/2/2017 1:25:42 PM;188;26.0;27.1;26.0;25.9;0.1;0.1;0.1;0.2;
2/2/2017 1:25:43 PM;189;26.0;27.1;26.0;25.9;0.1;0.1;0.1;0.2;
2/2/2017 1:25:44 PM;190;26.0;27.2;26.0;25.9;0.1;0.1;0.1;0.2;
2/2/2017 1:25:45 PM;191;26.0;27.1;26.0;25.9;0.1;0.1;0.1;0.2;
2/2/2017 1:25:46 PM;192;26.0;27.1;26.0;25.9;0.1;0.1;0.1;0.2;
2/2/2017 1:25:47 PM;193;26.0;27.1;26.0;25.9;0.1;0.1;0.1;0.2;
2/2/2017 1:25:48 PM;194;26.0;27.1;26.0;25.9;0.1;0.1;0.1;0.2;
2/2/2017 1:25:49 PM;195;25.9;27.1;26.0;25.9;0.1;0.1;0.1;0.2;
2/2/2017 1:25:50 PM;196;26.0;27.1;26.0;25.9;0.1;0.1;0.1;0.2;
2/2/2017 1:25:51 PM;197;26.0;27.1;26.0;25.9;0.1;0.1;0.1;0.2;
2/2/2017 1:25:52 PM;198;26.0;27.2;26.0;25.9;0.1;0.1;0.1;0.2;
2/2/2017 1:25:53 PM;199;26.0;27.1;26.0;25.9;0.1;0.1;0.1;0.2;
2/2/2017 1:25:54 PM;200;26.0;27.2;26.0;25.9;0.1;0.1;0.1;0.2;
2/2/2017 1:25:55 PM;201;26.0;27.2;26.0;25.9;0.1;0.1;0.1;0.2;
2/2/2017 1:25:56 PM;202;26.0;27.2;26.0;25.9;0.1;0.1;0.1;0.2;
2/2/2017 1:25:57 PM;203;25.9;27.1;26.0;25.9;0.1;0.1;0.1;0.2;
2/2/2017 1:25:58 PM;204;26.0;27.2;26.0;25.9;0.1;0.1;0.1;0.2;
2/2/2017 1:25:59 PM;205;26.0;27.2;26.0;25.9;0.1;0.1;0.1;0.2;
2/2/2017 1:26:00 PM;206;26.0;27.1;26.0;25.9;0.1;0.1;0.1;0.2;
2/2/2017 1:26:01 PM;207;26.0;27.2;26.0;25.9;0.1;0.1;0.1;0.2;
2/2/2017 1:26:02 PM;208;26.0;27.2;26.0;25.9;0.1;0.1;0.1;0.2;
2/2/2017 1:26:03 PM;209;26.0;27.2;26.0;25.9;0.1;0.1;0.1;0.2;
2/2/2017 1:26:04 PM;210;26.0;27.2;26.0;25.9;0.1;0.1;0.1;0.2;
2/2/2017 1:26:05 PM;211;26.0;27.2;26.0;25.9;0.1;0.1;0.1;0.2;
2/2/2017 1:26:06 PM;212;26.0;27.2;26.0;25.9;0.1;0.1;0.1;0.2;
2/2/2017 1:26:07 PM;213;26.0;27.2;26.0;25.9;0.1;0.1;0.1;0.2;
2/2/2017 1:26:08 PM;214;26.0;27.2;26.0;25.9;0.1;0.1;0.1;0.2;
2/2/2017 1:26:09 PM;215;26.0;27.1;26.0;25.9;0.1;0.1;0.1;0.2;
2/2/2017 1:26:10 PM;216;26.0;27.1;26.0;25.9;0.1;0.1;0.1;0.2;
2/2/2017 1:26:11 PM;217;26.1;27.2;26.0;25.9;0.1;0.1;0.1;0.2;
2/2/2017 1:26:12 PM;218;26.1;27.2;26.0;25.9;0.1;0.1;0.1;0.2;
2/2/2017 1:26:13 PM;219;26.0;27.2;26.0;25.9;0.1;0.1;0.1;0.2;
2/2/2017 1:26:14 PM;220;26.0;27.2;26.0;25.9;0.1;0.1;0.1;0.2;
2/2/2017 1:26:15 PM;221;26.0;27.2;26.0;25.9;0.1;0.1;0.1;0.2;
2/2/2017 1:26:16 PM;222;25.9;27.2;26.0;25.9;0.1;0.1;0.1;0.2;
2/2/2017 1:26:17 PM;223;25.9;27.2;26.0;25.9;0.1;0.1;0.1;0.2;
2/2/2017 1:26:18 PM;224;26.0;27.2;26.0;25.9;0.1;0.1;0.1;0.2;
2/2/2017 1:26:19 PM;225;26.0;27.2;26.0;25.9;0.1;0.1;0.1;0.2;
2/2/2017 1:26:20 PM;226;26.0;27.1;26.0;25.9;0.1;0.1;0.1;0.2;
2/2/2017 1:26:21 PM;227;26.1;27.1;26.0;25.9;0.1;0.1;0.1;0.2;
2/2/2017 1:26:22 PM;228;26.1;27.1;26.0;25.9;0.1;0.1;0.1;0.2;
2/2/2017 1:26:23 PM;229;26.1;27.1;26.0;25.9;0.1;0.1;0.1;0.2;
2/2/2017 1:26:24 PM;230;26.0;27.1;26.0;25.9;0.1;0.1;0.1;0.2;
2/2/2017 1:26:25 PM;231;26.0;27.1;26.0;25.9;0.1;0.1;0.1;0.2;
2/2/2017 1:26:26 PM;232;26.0;27.2;26.0;25.9;0.1;0.1;0.1;0.2;
2/2/2017 1:26:27 PM;233;26.0;27.2;26.0;25.9;0.1;0.1;0.1;0.2;
2/2/2017 1:26:28 PM;234;26.0;27.2;26.0;25.9;0.1;0.1;0.1;0.2;
2/2/2017 1:26:29 PM;235;26.0;27.2;26.0;25.9;0.1;0.1;0.1;0.2;
2/2/2017 1:26:30 PM;236;26.0;27.2;26.0;25.9;0.1;0.1;0.1;0.2;
2/2/2017 1:26:31 PM;237;26.1;27.2;26.0;25.9;0.1;0.1;0.1;0.2;
2/2/2017 1:26:32 PM;238;26.1;27.2;26.0;25.9;0.1;0.1;0.1;0.2;
2/2/2017 1:26:33 PM;239;26.1;27.2;26.0;25.9;0.1;0.1;0.1;0.2;
2/2/2017 1:26:34 PM;240;26.1;27.2;26.0;25.9;0.1;0.1;0.1;0.2;
2/2/2017 1:26:35 PM;241;26.1;27.2;26.0;25.9;0.1;0.1;0.1;0.2;
2/2/2017 1:26:36 PM;242;26.0;27.2;26.0;25.9;0.1;0.1;0.1;0.2;
2/2/2017 1:26:37 PM;243;26.0;27.2;26.0;25.9;0.1;0.1;0.1;0.2;
2/2/2017 1:26:38 PM;244;26.0;27.2;26.0;25.9;0.1;0.1;0.1;0.2;
2/2/2017 1:26:39 PM;245;26.0;27.2;26.0;25.9;0.1;0.1;0.1;0.2;
2/2/2017 1:26:40 PM;246;25.9;27.2;26.0;25.9;0.1;0.1;0.1;0.2;
2/2/2017 1:26:41 PM;247;26.0;27.2;26.0;25.9;0.1;0.1;0.1;0.2;
2/2/2017 1:26:42 PM;248;26.0;27.2;26.0;25.9;0.1;0.1;0.1;0.2;
2/2/2017 1:26:43 PM;249;25.9;27.1;26.0;25.9;0.1;0.1;0.1;0.2;
2/2/2017 1:26:44 PM;250;26.0;27.1;26.0;25.9;0.1;0.1;0.1;0.2;
2/2/2017 1:26:45 PM;251;26.0;27.2;26.0;25.9;0.1;0.1;0.1;0.2;
2/2/2017 1:26:46 PM;252;26.0;27.1;26.0;25.9;0.1;0.1;0.1;0.2;
2/2/2017 1:26:47 PM;253;26.0;27.2;26.0;25.9;0.1;0.1;0.1;0.2;
2/2/2017 1:26:48 PM;254;26.0;27.2;26.0;25.9;0.1;0.1;0.1;0.2;
2/2/2017 1:26:49 PM;255;26.0;27.2;26.0;25.9;0.1;0.1;0.1;0.2;
2/2/2017 1:26:50 PM;256;26.0;27.2;26.0;25.9;0.1;0.1;0.1;0.2;
2/2/2017 1:26:51 PM;257;26.0;27.2;26.0;25.9;0.1;0.1;0.1;0.2;
2/2/2017 1:26:52 PM;258;26.0;27.1;26.0;25.9;0.1;0.1;0.1;0.2;
2/2/2017 1:26:53 PM;259;26.0;27.1;26.0;25.9;0.1;0.1;0.1;0.2;
2/2/2017 1:26:54 PM;260;26.0;27.2;26.0;25.9;0.1;0.1;0.1;0.2;
2/2/2017 1:26:55 PM;261;26.0;27.2;26.0;25.9;0.1;0.1;0.1;0.2;
2/2/2017 1:26:56 PM;262;26.0;27.2;26.0;25.9;0.1;0.1;0.1;0.2;
2/2/2017 1:26:57 PM;263;26.0;27.2;26.0;25.9;0.1;0.1;0.1;0.2;
2/2/2017 1:26:58 PM;264;26.0;27.2;26.0;25.9;0.1;0.1;0.1;0.2;
2/2/2017 1:26:59 PM;265;26.1;27.2;26.0;25.9;0.1;0.1;0.1;0.2;
2/2/2017 1:27:00 PM;266;26.1;27.2;26.0;25.9;0.1;0.1;0.1;0.2;
2/2/2017 1:27:01 PM;267;26.1;27.1;26.0;25.9;0.1;0.1;0.1;0.2;
2/2/2017 1:27:02 PM;268;26.1;27.2;26.0;25.9;0.1;0.1;0.1;0.2;
2/2/2017 1:27:03 PM;269;26.1;27.1;26.0;25.9;0.1;0.1;0.1;0.2;
2/2/2017 1:27:04 PM;270;26.1;27.1;26.0;25.9;0.1;0.1;0.1;0.2;
2/2/2017 1:27:05 PM;271;26.1;27.2;26.0;25.9;0.1;0.1;0.1;0.2;
2/2/2017 1:27:06 PM;272;26.0;27.2;26.0;25.9;0.1;0.1;0.1;0.2;
2/2/2017 1:27:07 PM;273;26.0;27.2;26.0;25.9;0.1;0.1;0.1;0.2;
2/2/2017 1:27:08 PM;274;26.0;27.2;26.0;25.9;0.1;0.1;0.1;0.2;
2/2/2017 1:27:09 PM;275;25.9;27.2;26.0;25.9;0.1;0.1;0.1;0.2;
2/2/2017 1:27:10 PM;276;25.9;27.2;26.0;25.9;0.1;0.1;0.1;0.2;
2/2/2017 1:27:11 PM;277;26.0;27.2;26.0;25.9;0.1;0.1;0.1;0.2;
2/2/2017 1:27:12 PM;278;26.0;27.2;26.0;25.9;0.1;0.1;0.1;0.2;
2/2/2017 1:27:13 PM;279;26.0;27.2;26.0;25.9;0.1;0.1;0.1;0.2;
2/2/2017 1:27:14 PM;280;26.1;27.2;26.0;25.9;0.1;0.1;0.1;0.2;
2/2/2017 1:27:15 PM;281;26.1;27.2;26.0;25.9;0.1;0.1;0.1;0.2;
2/2/2017 1:27:16 PM;282;26.1;27.2;26.0;25.9;0.1;0.1;0.1;0.2;
2/2/2017 1:27:17 PM;283;26.1;27.3;26.0;25.9;0.1;0.1;0.1;0.2;
2/2/2017 1:27:18 PM;284;26.1;27.3;26.0;25.9;0.1;0.1;0.1;0.2;
2/2/2017 1:27:19 PM;285;26.1;27.3;26.0;25.9;0.1;0.1;0.1;0.2;
2/2/2017 1:27:20 PM;286;26.1;27.3;26.0;25.9;0.1;0.1;0.1;0.2;
2/2/2017 1:27:21 PM;287;26.1;27.2;26.0;25.9;0.1;0.1;0.1;0.2;
2/2/2017 1:27:22 PM;288;26.0;27.2;26.0;25.9;0.1;0.1;0.1;0.2;
2/2/2017 1:27:23 PM;289;26.0;27.2;26.0;25.9;0.1;0.1;0.1;0.2;
2/2/2017 1:27:24 PM;290;26.0;27.2;26.0;25.9;0.1;0.1;0.1;0.2;
2/2/2017 1:27:25 PM;291;25.9;27.2;26.0;25.9;0.1;0.1;0.1;0.2;
2/2/2017 1:27:26 PM;292;25.9;27.3;26.0;25.9;0.1;0.1;0.1;0.2;
2/2/2017 1:27:27 PM;293;26.0;27.2;26.0;25.9;0.1;0.1;0.1;0.2;
2/2/2017 1:27:28 PM;294;25.9;27.2;26.0;25.9;0.1;0.1;0.1;0.2;
2/2/2017 1:27:29 PM;295;26.0;27.1;26.0;25.9;0.1;0.1;0.1;0.2;
2/2/2017 1:27:30 PM;296;26.0;27.1;26.0;25.9;0.1;0.1;0.1;0.2;
2/2/2017 1:27:31 PM;297;26.0;27.1;26.0;25.9;0.1;0.1;0.1;0.2;
2/2/2017 1:27:32 PM;298;26.0;27.1;26.0;25.9;0.1;0.1;0.1;0.2;
2/2/2017 1:27:33 PM;299;26.0;27.1;26.0;25.9;0.1;0.1;0.1;0.2;
2/2/2017 1:27:34 PM;300;26.0;27.1;26.0;25.9;0.1;0.1;0.1;0.2;
2/2/2017 1:27:35 PM;301;26.0;27.1;26.0;25.9;0.1;0.1;0.1;0.2;
2/2/2017 1:27:36 PM;302;26.0;27.1;26.0;25.9;0.1;0.1;0.1;0.2;
2/2/2017 1:27:37 PM;303;26.0;27.1;26.0;25.9;0.1;0.1;0.1;0.2;
2/2/2017 1:27:38 PM;304;26.0;27.1;26.0;25.9;0.1;0.1;0.1;0.2;
2/2/2017 1:27:39 PM;305;26.0;27.1;26.0;25.9;0.1;0.1;0.1;0.2;
2/2/2017 1:27:40 PM;306;26.0;27.1;26.0;25.9;0.1;0.1;0.1;0.2;
2/2/2017 1:27:41 PM;307;26.0;27.1;26.0;25.9;0.1;0.1;0.1;0.2;
2/2/2017 1:27:42 PM;308;26.0;27.2;26.0;25.9;0.1;0.1;0.1;0.2;
2/2/2017 1:27:43 PM;309;25.9;27.2;26.0;25.9;0.1;0.1;0.1;0.2;
2/2/2017 1:27:44 PM;310;25.9;27.2;26.0;25.9;0.1;0.1;0.1;0.2;
2/2/2017 1:27:45 PM;311;26.0;27.1;26.0;25.9;0.1;0.1;0.1;0.2;
2/2/2017 1:27:46 PM;312;26.0;27.1;26.0;25.9;0.1;0.1;0.1;0.2;
2/2/2017 1:27:47 PM;313;26.0;27.1;26.0;25.9;0.1;0.1;0.1;0.2;
2/2/2017 1:27:48 PM;314;26.1;27.1;26.0;25.9;0.1;0.1;0.1;0.2;
2/2/2017 1:27:49 PM;315;26.1;27.2;26.0;25.9;0.1;0.1;0.1;0.2;
2/2/2017 1:27:50 PM;316;26.1;27.2;26.0;25.9;0.1;0.1;0.1;0.2;
2/2/2017 1:27:51 PM;317;26.0;27.2;26.0;25.9;0.1;0.1;0.1;0.2;
2/2/2017 1:27:52 PM;318;26.0;27.2;26.0;25.9;0.1;0.1;0.1;0.2;
2/2/2017 1:27:53 PM;319;26.0;27.2;26.0;25.9;0.1;0.1;0.1;0.2;
2/2/2017 1:27:54 PM;320;26.0;27.2;26.0;25.9;0.1;0.1;0.1;0.2;
2/2/2017 1:27:55 PM;321;25.9;27.2;26.0;25.9;0.1;0.1;0.1;0.2;
2/2/2017 1:27:56 PM;322;26.0;27.2;26.0;25.9;0.1;0.1;0.1;0.2;
2/2/2017 1:27:57 PM;323;26.0;27.2;26.0;25.9;0.1;0.1;0.1;0.2;
2/2/2017 1:27:58 PM;324;26.0;27.2;26.0;25.9;0.1;0.1;0.1;0.2;
2/2/2017 1:27:59 PM;325;26.0;27.2;26.0;25.9;0.1;0.1;0.1;0.2;
2/2/2017 1:28:00 PM;326;26.1;27.2;26.0;25.9;0.1;0.1;0.1;0.2;
2/2/2017 1:28:01 PM;327;26.1;27.2;26.0;25.9;0.1;0.1;0.1;0.2;
2/2/2017 1:28:02 PM;328;26.0;27.2;26.0;25.9;0.1;0.1;0.1;0.2;
2/2/2017 1:28:03 PM;329;26.0;27.2;26.0;25.9;0.1;0.1;0.1;0.2;
2/2/2017 1:28:04 PM;330;26.0;27.2;26.0;25.9;0.1;0.1;0.1;0.2;
2/2/2017 1:28:05 PM;331;26.0;27.2;26.0;25.9;0.1;0.1;0.1;0.2;
2/2/2017 1:28:06 PM;332;26.0;27.2;26.0;25.9;0.1;0.1;0.1;0.2;
2/2/2017 1:28:07 PM;333;26.0;27.1;26.0;25.9;0.1;0.1;0.1;0.2;
2/2/2017 1:28:08 PM;334;26.0;27.2;26.0;25.9;0.1;0.1;0.1;0.2;
2/2/2017 1:28:09 PM;335;26.0;27.2;26.0;25.9;0.1;0.1;0.1;0.2;
2/2/2017 1:28:10 PM;336;25.9;27.1;26.0;25.9;0.1;0.1;0.1;0.2;
2/2/2017 1:28:11 PM;337;25.9;27.2;26.0;25.9;0.1;0.1;0.1;0.2;
2/2/2017 1:28:12 PM;338;25.9;27.2;26.0;25.9;0.1;0.1;0.1;0.2;
2/2/2017 1:28:13 PM;339;25.9;27.2;26.0;25.9;0.1;0.1;0.1;0.2;
2/2/2017 1:28:14 PM;340;25.9;27.2;26.0;25.9;0.1;0.1;0.1;0.2;
2/2/2017 1:28:15 PM;341;25.9;27.3;26.0;25.9;0.1;0.1;0.1;0.2;
2/2/2017 1:28:16 PM;342;25.9;27.3;26.0;25.9;0.1;0.1;0.1;0.2;
2/2/2017 1:28:17 PM;343;25.9;27.3;26.0;25.9;0.1;0.1;0.1;0.2;
2/2/2017 1:28:18 PM;344;26.0;27.2;26.0;25.9;0.1;0.1;0.1;0.2;
2/2/2017 1:28:19 PM;345;26.0;27.2;26.0;25.9;0.1;0.1;0.1;0.2;
2/2/2017 1:28:20 PM;346;26.0;27.2;26.0;25.9;0.1;0.1;0.1;0.2;
2/2/2017 1:28:21 PM;347;26.0;27.1;26.0;25.9;0.1;0.1;0.1;0.2;
2/2/2017 1:28:22 PM;348;26.0;27.1;26.0;25.9;0.1;0.1;0.1;0.2;
2/2/2017 1:28:23 PM;349;26.0;27.1;26.0;25.9;0.1;0.1;0.1;0.2;
2/2/2017 1:28:24 PM;350;26.0;27.1;26.0;25.9;0.1;0.1;0.1;0.2;
2/2/2017 1:28:25 PM;351;26.0;27.1;26.0;25.9;0.1;0.1;0.1;0.2;
2/2/2017 1:28:26 PM;352;26.0;27.1;26.0;25.9;0.1;0.1;0.1;0.2;
2/2/2017 1:28:27 PM;353;26.0;27.1;26.0;25.9;0.1;0.1;0.1;0.2;
2/2/2017 1:28:28 PM;354;26.0;27.1;26.0;25.9;0.1;0.1;0.1;0.2;
2/2/2017 1:28:29 PM;355;26.1;27.1;26.0;25.9;0.1;0.1;0.1;0.2;
2/2/2017 1:28:30 PM;356;26.0;27.1;26.0;25.9;0.1;0.1;0.1;0.2;
2/2/2017 1:28:31 PM;357;26.0;27.1;26.0;25.9;0.1;0.1;0.1;0.2;
2/2/2017 1:28:32 PM;358;26.0;27.1;26.0;25.9;0.1;0.1;0.1;0.2;
2/2/2017 1:28:33 PM;359;26.0;27.1;26.0;25.9;0.1;0.1;0.1;0.2;
2/2/2017 1:28:34 PM;360;25.9;27.2;26.0;25.9;0.1;0.1;0.1;0.2;
2/2/2017 1:28:35 PM;361;26.0;27.2;26.0;25.9;0.1;0.1;0.1;0.2;
2/2/2017 1:28:36 PM;362;26.0;27.2;26.0;25.9;0.1;0.1;0.1;0.2;
2/2/2017 1:28:37 PM;363;26.0;27.2;26.0;25.9;0.1;0.1;0.1;0.2;
2/2/2017 1:28:38 PM;364;26.0;27.2;26.0;25.9;0.1;0.1;0.1;0.2;
2/2/2017 1:28:39 PM;365;26.0;27.1;26.0;25.9;0.1;0.1;0.1;0.2;
2/2/2017 1:28:40 PM;366;26.0;27.1;26.0;25.9;0.1;0.1;0.1;0.2;
2/2/2017 1:28:41 PM;367;26.0;27.1;26.0;25.9;0.1;0.1;0.1;0.2;
2/2/2017 1:28:42 PM;368;26.0;27.1;26.0;25.9;0.1;0.1;0.1;0.2;
2/2/2017 1:28:43 PM;369;26.1;27.1;26.0;25.9;0.1;0.1;0.1;0.2;
2/2/2017 1:28:44 PM;370;26.1;27.1;26.0;25.9;0.1;0.1;0.1;0.2;
2/2/2017 1:28:45 PM;371;26.1;27.1;26.0;25.9;0.1;0.1;0.1;0.2;
2/2/2017 1:28:46 PM;372;26.0;27.1;26.0;25.9;0.1;0.1;0.1;0.2;
2/2/2017 1:28:47 PM;373;26.0;27.1;26.0;25.9;0.1;0.1;0.1;0.2;
2/2/2017 1:28:48 PM;374;25.9;27.1;26.0;25.9;0.1;0.1;0.1;0.2;
2/2/2017 1:28:49 PM;375;25.9;27.1;26.0;25.9;0.1;0.1;0.1;0.2;
2/2/2017 1:28:50 PM;376;25.9;27.1;26.0;25.9;0.1;0.1;0.1;0.2;
2/2/2017 1:28:51 PM;377;25.9;27.2;26.0;25.9;0.1;0.1;0.1;0.2;
2/2/2017 1:28:52 PM;378;25.9;27.2;26.0;25.9;0.1;0.1;0.1;0.2;
2/2/2017 1:28:53 PM;379;26.0;27.2;26.0;25.9;0.1;0.1;0.1;0.2;
2/2/2017 1:28:54 PM;380;25.9;27.2;26.0;25.9;0.1;0.1;0.1;0.2;
2/2/2017 1:28:55 PM;381;26.0;27.1;26.0;25.9;0.1;0.1;0.1;0.2;
2/2/2017 1:28:56 PM;382;26.0;27.1;26.0;25.9;0.1;0.1;0.1;0.2;
2/2/2017 1:28:57 PM;383;26.0;27.1;26.0;25.9;0.1;0.1;0.1;0.2;
2/2/2017 1:28:58 PM;384;26.0;27.2;26.0;25.9;0.1;0.1;0.1;0.2;
2/2/2017 1:28:59 PM;385;26.0;27.2;26.0;25.9;0.1;0.1;0.1;0.2;
2/2/2017 1:29:00 PM;386;26.0;27.3;26.0;25.9;0.1;0.1;0.1;0.2;
2/2/2017 1:29:01 PM;387;26.0;27.3;26.0;25.9;0.1;0.1;0.1;0.2;
2/2/2017 1:29:02 PM;388;26.0;27.3;26.0;25.9;0.1;0.1;0.1;0.2;
2/2/2017 1:29:03 PM;389;26.0;27.3;26.0;25.9;0.1;0.1;0.1;0.2;
2/2/2017 1:29:04 PM;390;26.0;27.2;26.0;25.9;0.1;0.1;0.1;0.2;
2/2/2017 1:29:05 PM;391;26.0;27.2;26.0;25.9;0.1;0.1;0.1;0.2;
2/2/2017 1:29:06 PM;392;26.0;27.2;26.0;25.9;0.1;0.1;0.1;0.2;
2/2/2017 1:29:07 PM;393;26.0;27.2;26.0;25.9;0.1;0.1;0.1;0.2;
2/2/2017 1:29:08 PM;394;26.0;27.2;26.0;25.9;0.1;0.1;0.1;0.2;
2/2/2017 1:29:09 PM;395;26.0;27.2;26.0;25.9;0.1;0.1;0.1;0.2;
2/2/2017 1:29:10 PM;396;26.0;27.2;26.0;25.9;0.1;0.1;0.1;0.2;
2/2/2017 1:29:11 PM;397;26.0;27.2;26.0;25.9;0.1;0.1;0.1;0.2;
2/2/2017 1:29:12 PM;398;25.9;27.2;26.0;25.9;0.1;0.1;0.1;0.2;
2/2/2017 1:29:13 PM;399;26.0;27.2;26.0;25.9;0.1;0.1;0.1;0.2;
2/2/2017 1:29:14 PM;400;26.0;27.2;26.0;25.9;0.1;0.1;0.1;0.2;
2/2/2017 1:29:15 PM;401;25.9;27.2;26.0;25.9;0.1;0.1;0.1;0.2;
2/2/2017 1:29:16 PM;402;26.0;27.2;26.0;25.9;0.1;0.1;0.1;0.2;
2/2/2017 1:29:17 PM;403;26.0;27.2;26.0;25.9;0.1;0.1;0.1;0.2;
2/2/2017 1:29:18 PM;404;26.0;27.2;26.0;25.9;0.1;0.1;0.1;0.2;
2/2/2017 1:29:19 PM;405;26.0;27.2;26.0;25.9;0.1;0.1;0.1;0.2;
2/2/2017 1:29:20 PM;406;26.0;27.1;26.0;25.9;0.1;0.1;0.1;0.2;
2/2/2017 1:29:21 PM;407;26.0;27.2;26.0;25.9;0.1;0.1;0.1;0.2;
2/2/2017 1:29:22 PM;408;26.0;27.2;26.0;25.9;0.1;0.1;0.1;0.2;
2/2/2017 1:29:23 PM;409;26.0;27.2;26.0;25.9;0.1;0.1;0.1;0.2;
2/2/2017 1:29:24 PM;410;25.9;27.2;26.0;25.9;0.1;0.1;0.1;0.2;
2/2/2017 1:29:25 PM;411;25.9;27.2;26.0;25.9;0.1;0.1;0.1;0.2;
2/2/2017 1:29:26 PM;412;25.9;27.2;26.0;25.9;0.1;0.1;0.1;0.2;
2/2/2017 1:29:27 PM;413;25.9;27.2;26.0;25.9;0.1;0.1;0.1;0.2;
2/2/2017 1:29:28 PM;414;25.9;27.1;26.0;25.9;0.1;0.1;0.1;0.2;
2/2/2017 1:29:29 PM;415;25.9;27.1;26.0;25.9;0.1;0.1;0.1;0.2;
2/2/2017 1:29:30 PM;416;25.9;27.1;26.0;25.9;0.1;0.1;0.1;0.2;
2/2/2017 1:29:31 PM;417;25.9;27.1;26.0;25.9;0.1;0.1;0.1;0.2;
2/2/2017 1:29:32 PM;418;26.0;27.1;26.0;25.9;0.1;0.1;0.1;0.2;
2/2/2017 1:29:33 PM;419;25.9;27.1;26.0;25.9;0.1;0.1;0.1;0.2;
2/2/2017 1:29:34 PM;420;26.0;27.1;26.0;25.9;0.1;0.1;0.1;0.2;
2/2/2017 1:29:35 PM;421;26.0;27.1;26.0;25.9;0.1;0.1;0.1;0.2;
2/2/2017 1:29:36 PM;422;26.0;27.1;26.0;25.9;0.1;0.1;0.1;0.2;
2/2/2017 1:29:37 PM;423;26.0;27.1;26.0;25.9;0.1;0.1;0.1;0.2;
2/2/2017 1:29:38 PM;424;26.0;27.1;26.0;25.9;0.1;0.1;0.1;0.2;
2/2/2017 1:29:39 PM;425;26.0;27.1;26.0;25.9;0.1;0.1;0.1;0.2;
2/2/2017 1:29:40 PM;426;25.9;27.2;26.0;25.9;0.1;0.1;0.1;0.2;
2/2/2017 1:29:41 PM;427;25.9;27.2;26.0;25.9;0.1;0.1;0.1;0.2;
2/2/2017 1:29:42 PM;428;25.9;27.2;26.0;25.9;0.1;0.1;0.1;0.2;
2/2/2017 1:29:43 PM;429;25.9;27.2;26.0;25.9;0.1;0.1;0.1;0.2;
2/2/2017 1:29:44 PM;430;26.0;27.3;26.0;25.9;0.1;0.1;0.1;0.2;
2/2/2017 1:29:45 PM;431;26.0;27.2;26.0;25.9;0.1;0.1;0.1;0.2;
2/2/2017 1:29:46 PM;432;26.0;27.2;26.0;25.9;0.1;0.1;0.1;0.2;
2/2/2017 1:29:47 PM;433;26.0;27.1;26.0;25.9;0.1;0.1;0.1;0.2;
2/2/2017 1:29:48 PM;434;26.0;27.1;26.0;25.9;0.1;0.1;0.1;0.2;
2/2/2017 1:29:49 PM;435;26.0;27.1;26.0;25.9;0.1;0.1;0.1;0.2;
2/2/2017 1:29:50 PM;436;26.0;27.1;26.0;25.9;0.1;0.1;0.1;0.2;
2/2/2017 1:29:51 PM;437;26.0;27.1;26.0;25.9;0.1;0.1;0.1;0.2;
2/2/2017 1:29:52 PM;438;25.9;27.1;26.0;25.9;0.1;0.1;0.1;0.2;
2/2/2017 1:29:53 PM;439;25.9;27.1;26.0;25.9;0.1;0.1;0.1;0.2;
2/2/2017 1:29:54 PM;440;25.9;27.2;26.0;25.9;0.1;0.1;0.1;0.2;
2/2/2017 1:29:55 PM;441;25.9;27.2;26.0;25.9;0.1;0.1;0.1;0.2;
2/2/2017 1:29:56 PM;442;26.0;27.1;26.0;25.9;0.1;0.1;0.1;0.2;
2/2/2017 1:29:57 PM;443;26.0;27.1;26.0;25.9;0.1;0.1;0.1;0.2;
2/2/2017 1:29:58 PM;444;26.0;27.1;26.0;25.9;0.1;0.1;0.1;0.2;
2/2/2017 1:29:59 PM;445;26.0;27.1;26.0;25.9;0.1;0.1;0.1;0.2;
2/2/2017 1:30:00 PM;446;26.0;27.1;26.0;25.9;0.1;0.1;0.1;0.2;
2/2/2017 1:30:01 PM;447;26.0;27.2;26.0;25.9;0.1;0.1;0.1;0.2;
2/2/2017 1:30:02 PM;448;26.0;27.2;26.0;25.9;0.1;0.1;0.1;0.2;
2/2/2017 1:30:03 PM;449;26.0;27.2;26.0;25.9;0.1;0.1;0.1;0.2;
2/2/2017 1:30:04 PM;450;26.0;27.2;26.0;25.9;0.1;0.1;0.1;0.2;
2/2/2017 1:30:05 PM;451;26.1;27.2;26.0;25.9;0.1;0.1;0.1;0.2;
2/2/2017 1:30:06 PM;452;26.0;27.1;26.0;25.9;0.1;0.1;0.1;0.2;
2/2/2017 1:30:07 PM;453;26.0;27.2;26.0;25.9;0.1;0.1;0.1;0.2;
2/2/2017 1:30:08 PM;454;26.0;27.2;26.0;25.9;0.1;0.1;0.1;0.2;
2/2/2017 1:30:09 PM;455;26.0;27.2;26.0;25.9;0.1;0.1;0.1;0.2;
2/2/2017 1:30:10 PM;456;26.0;27.1;26.0;25.9;0.1;0.1;0.1;0.2;
2/2/2017 1:30:11 PM;457;26.1;27.1;26.0;25.9;0.1;0.1;0.1;0.2;
2/2/2017 1:30:12 PM;458;26.0;27.1;26.0;25.9;0.1;0.1;0.1;0.2;
2/2/2017 1:30:13 PM;459;26.0;27.1;26.0;25.9;0.1;0.1;0.1;0.2;
2/2/2017 1:30:14 PM;460;25.9;27.1;26.0;25.9;0.1;0.1;0.1;0.2;
2/2/2017 1:30:15 PM;461;25.9;27.1;26.0;25.9;0.1;0.1;0.1;0.2;
2/2/2017 1:30:16 PM;462;25.9;27.2;26.0;25.9;0.1;0.1;0.1;0.2;
2/2/2017 1:30:17 PM;463;25.9;27.2;26.0;25.9;0.1;0.1;0.1;0.2;
2/2/2017 1:30:18 PM;464;25.9;27.1;26.0;25.9;0.1;0.1;0.1;0.2;
2/2/2017 1:30:19 PM;465;25.9;27.1;26.0;25.9;0.1;0.1;0.1;0.2;
2/2/2017 1:30:20 PM;466;25.9;27.1;26.0;25.9;0.1;0.1;0.1;0.2;
2/2/2017 1:30:21 PM;467;25.9;27.1;26.0;25.9;0.1;0.1;0.1;0.2;
2/2/2017 1:30:22 PM;468;25.9;27.1;26.0;25.9;0.1;0.1;0.1;0.2;
2/2/2017 1:30:23 PM;469;25.9;27.1;26.0;25.9;0.1;0.1;0.1;0.2;
2/2/2017 1:30:24 PM;470;25.9;27.2;26.0;25.9;0.1;0.1;0.1;0.2;
2/2/2017 1:30:25 PM;471;25.9;27.2;26.0;25.9;0.1;0.1;0.1;0.2;
2/2/2017 1:30:26 PM;472;26.0;27.2;26.0;25.9;0.1;0.1;0.1;0.2;
2/2/2017 1:30:27 PM;473;26.0;27.2;26.0;25.9;0.1;0.1;0.1;0.2;
2/2/2017 1:30:28 PM;474;25.9;27.2;26.0;25.9;0.1;0.1;0.1;0.2;
2/2/2017 1:30:29 PM;475;26.0;27.1;26.0;25.9;0.1;0.1;0.1;0.2;
2/2/2017 1:30:30 PM;476;25.9;27.1;26.0;25.9;0.1;0.1;0.1;0.2;
2/2/2017 1:30:31 PM;477;25.9;27.1;26.0;25.9;0.1;0.1;0.1;0.2;
2/2/2017 1:30:32 PM;478;25.9;27.2;26.0;25.9;0.1;0.1;0.1;0.2;
2/2/2017 1:30:33 PM;479;25.9;27.1;26.0;25.9;0.1;0.1;0.1;0.2;
2/2/2017 1:30:34 PM;480;25.9;27.2;26.0;25.9;0.1;0.1;0.1;0.2;
2/2/2017 1:30:35 PM;481;25.9;27.2;26.0;25.9;0.1;0.1;0.1;0.2;
2/2/2017 1:30:36 PM;482;26.0;27.2;26.0;25.9;0.1;0.1;0.1;0.2;
2/2/2017 1:30:37 PM;483;26.0;27.1;26.0;25.9;0.1;0.1;0.1;0.2;
2/2/2017 1:30:38 PM;484;26.0;27.1;26.0;25.9;0.1;0.1;0.1;0.2;
2/2/2017 1:30:39 PM;485;25.9;27.1;26.0;25.9;0.1;0.1;0.1;0.2;
2/2/2017 1:30:40 PM;486;26.0;27.1;26.0;25.9;0.1;0.1;0.1;0.2;
2/2/2017 1:30:41 PM;487;26.0;27.1;26.0;25.9;0.1;0.1;0.1;0.2;
2/2/2017 1:30:42 PM;488;26.0;27.2;26.0;25.9;0.1;0.1;0.1;0.2;
2/2/2017 1:30:43 PM;489;26.0;27.2;26.0;25.9;0.1;0.1;0.1;0.2;
2/2/2017 1:30:44 PM;490;26.0;27.2;26.0;25.9;0.1;0.1;0.1;0.2;
2/2/2017 1:30:45 PM;491;26.0;27.2;26.0;25.9;0.1;0.1;0.1;0.2;
2/2/2017 1:30:46 PM;492;26.0;27.2;26.0;25.9;0.1;0.1;0.1;0.2;
2/2/2017 1:30:47 PM;493;26.0;27.1;26.0;25.9;0.1;0.1;0.1;0.2;
2/2/2017 1:30:48 PM;494;26.0;27.1;26.0;25.9;0.1;0.1;0.1;0.2;
2/2/2017 1:30:49 PM;495;25.9;27.1;26.0;25.9;0.1;0.1;0.1;0.2;
2/2/2017 1:30:50 PM;496;25.9;27.1;26.0;25.9;0.1;0.1;0.1;0.2;
2/2/2017 1:30:51 PM;497;26.0;27.1;26.0;25.9;0.1;0.1;0.1;0.2;
2/2/2017 1:30:52 PM;498;26.0;27.1;26.0;25.9;0.1;0.1;0.1;0.2;
2/2/2017 1:30:53 PM;499;26.0;27.1;26.0;25.9;0.1;0.1;0.1;0.2;
2/2/2017 1:30:54 PM;500;26.0;27.2;26.0;25.9;0.1;0.1;0.1;0.2;
2/2/2017 1:30:55 PM;501;26.0;27.2;26.0;25.9;0.1;0.1;0.1;0.2;
2/2/2017 1:30:56 PM;502;26.0;27.2;26.0;25.9;0.1;0.1;0.1;0.2;
2/2/2017 1:30:57 PM;503;25.9;27.1;26.0;25.9;0.1;0.1;0.1;0.2;
2/2/2017 1:30:58 PM;504;25.9;27.1;26.0;25.9;0.1;0.1;0.1;0.2;
2/2/2017 1:30:59 PM;505;25.9;27.1;26.0;25.9;0.1;0.1;0.1;0.2;
2/2/2017 1:31:00 PM;506;25.9;27.1;26.0;25.9;0.1;0.1;0.1;0.2;
2/2/2017 1:31:01 PM;507;25.9;27.1;26.0;25.9;0.1;0.1;0.1;0.2;
2/2/2017 1:31:02 PM;508;26.0;27.1;26.0;25.9;0.1;0.1;0.1;0.2;
2/2/2017 1:31:03 PM;509;26.0;27.1;26.0;25.9;0.1;0.1;0.1;0.2;
2/2/2017 1:31:04 PM;510;26.0;27.1;26.0;25.9;0.1;0.1;0.1;0.2;
2/2/2017 1:31:05 PM;511;26.0;27.1;26.0;25.9;0.1;0.1;0.1;0.2;
2/2/2017 1:31:06 PM;512;26.0;27.1;26.0;25.9;0.1;0.1;0.1;0.2;
2/2/2017 1:31:07 PM;513;26.0;27.1;26.0;25.9;0.1;0.1;0.1;0.2;
2/2/2017 1:31:08 PM;514;26.0;27.1;26.0;25.9;0.1;0.1;0.1;0.2;
2/2/2017 1:31:09 PM;515;26.0;27.1;26.0;25.9;0.1;0.1;0.1;0.2;
2/2/2017 1:31:10 PM;516;26.0;27.1;26.0;25.9;0.1;0.1;0.1;0.2;
2/2/2017 1:31:11 PM;517;26.0;27.1;26.0;25.9;0.1;0.1;0.1;0.2;
2/2/2017 1:31:12 PM;518;26.0;27.1;26.0;25.9;0.1;0.1;0.1;0.2;
2/2/2017 1:31:13 PM;519;26.0;27.1;26.0;25.9;0.1;0.1;0.1;0.2;
2/2/2017 1:31:14 PM;520;26.1;27.1;26.0;25.9;0.1;0.1;0.1;0.2;
2/2/2017 1:31:15 PM;521;26.1;27.1;26.0;25.9;0.1;0.1;0.1;0.2;
2/2/2017 1:31:16 PM;522;26.0;27.1;26.0;25.9;0.1;0.1;0.1;0.2;
2/2/2017 1:31:17 PM;523;26.0;27.1;26.0;25.9;0.1;0.1;0.1;0.2;
2/2/2017 1:31:18 PM;524;26.0;27.1;26.0;25.9;0.1;0.1;0.1;0.2;
2/2/2017 1:31:19 PM;525;26.0;27.1;26.0;25.9;0.1;0.1;0.1;0.2;
2/2/2017 1:31:20 PM;526;26.0;27.1;26.0;25.9;0.1;0.1;0.1;0.2;
2/2/2017 1:31:21 PM;527;26.1;27.2;26.0;25.9;0.1;0.1;0.1;0.2;
2/2/2017 1:31:22 PM;528;26.1;27.2;26.0;25.9;0.1;0.1;0.1;0.2;
2/2/2017 1:31:23 PM;529;26.1;27.1;26.0;25.9;0.1;0.1;0.1;0.2;
2/2/2017 1:31:24 PM;530;26.0;27.1;26.0;25.9;0.1;0.1;0.1;0.2;
2/2/2017 1:31:25 PM;531;26.0;27.1;26.0;25.9;0.1;0.1;0.1;0.2;
2/2/2017 1:31:26 PM;532;26.0;27.1;26.0;25.9;0.1;0.1;0.1;0.2;
2/2/2017 1:31:27 PM;533;26.0;27.1;26.0;25.9;0.1;0.1;0.1;0.2;
2/2/2017 1:31:28 PM;534;26.0;27.1;26.0;25.9;0.1;0.1;0.1;0.2;
2/2/2017 1:31:29 PM;535;26.1;27.1;26.0;25.9;0.1;0.1;0.1;0.2;
2/2/2017 1:31:30 PM;536;26.1;27.1;26.0;25.9;0.1;0.1;0.1;0.2;
2/2/2017 1:31:31 PM;537;26.1;27.1;26.0;25.9;0.1;0.1;0.1;0.2;
2/2/2017 1:31:32 PM;538;26.0;27.1;26.0;25.9;0.1;0.1;0.1;0.2;
2/2/2017 1:31:33 PM;539;26.0;27.1;26.0;25.9;0.1;0.1;0.1;0.2;
2/2/2017 1:31:34 PM;540;26.0;27.1;26.0;25.9;0.1;0.1;0.1;0.2;
2/2/2017 1:31:35 PM;541;26.0;27.1;26.0;25.9;0.1;0.1;0.1;0.2;
2/2/2017 1:31:36 PM;542;25.9;27.1;26.0;25.9;0.1;0.1;0.1;0.2;
2/2/2017 1:31:37 PM;543;26.0;27.1;26.0;25.9;0.1;0.1;0.1;0.2;
2/2/2017 1:31:38 PM;544;26.0;27.1;26.0;25.9;0.1;0.1;0.1;0.2;
2/2/2017 1:31:39 PM;545;26.0;27.1;26.0;25.9;0.1;0.1;0.1;0.2;
2/2/2017 1:31:40 PM;546;26.0;27.2;26.0;25.9;0.1;0.1;0.1;0.2;
2/2/2017 1:31:41 PM;547;26.0;27.2;26.0;25.9;0.1;0.1;0.1;0.2;
2/2/2017 1:31:42 PM;548;26.0;27.1;26.0;25.9;0.1;0.1;0.1;0.2;
2/2/2017 1:31:43 PM;549;26.0;27.1;26.0;25.9;0.1;0.1;0.1;0.2;
2/2/2017 1:31:44 PM;550;26.0;27.1;26.0;25.9;0.1;0.1;0.1;0.2;
2/2/2017 1:31:45 PM;551;26.0;27.1;26.0;25.9;0.1;0.1;0.1;0.2;
2/2/2017 1:31:46 PM;552;26.0;27.1;26.0;25.9;0.1;0.1;0.1;0.2;
2/2/2017 1:31:47 PM;553;26.0;27.1;26.0;25.9;0.1;0.1;0.1;0.2;
2/2/2017 1:31:48 PM;554;26.0;27.1;26.0;25.9;0.1;0.1;0.1;0.2;
2/2/2017 1:31:49 PM;555;26.0;27.1;26.0;25.9;0.1;0.1;0.1;0.2;
2/2/2017 1:31:50 PM;556;26.0;27.1;26.0;25.9;0.1;0.1;0.1;0.2;
2/2/2017 1:31:51 PM;557;26.0;27.1;26.0;25.9;0.1;0.1;0.1;0.2;
2/2/2017 1:31:52 PM;558;26.1;27.1;26.0;25.9;0.1;0.1;0.1;0.2;
2/2/2017 1:31:53 PM;559;26.0;27.1;26.0;25.9;0.1;0.1;0.1;0.2;
2/2/2017 1:31:54 PM;560;26.0;27.1;26.0;25.9;0.1;0.1;0.1;0.2;
2/2/2017 1:31:55 PM;561;26.0;27.1;26.0;25.9;0.1;0.1;0.1;0.2;
2/2/2017 1:31:56 PM;562;25.9;27.1;26.0;25.9;0.1;0.1;0.1;0.2;
2/2/2017 1:31:57 PM;563;25.9;27.1;26.0;25.9;0.1;0.1;0.1;0.2;
2/2/2017 1:31:58 PM;564;25.9;27.1;26.0;25.9;0.1;0.1;0.1;0.2;
2/2/2017 1:31:59 PM;565;25.9;27.1;26.0;25.9;0.1;0.1;0.1;0.2;
2/2/2017 1:32:00 PM;566;26.0;27.2;26.0;25.9;0.1;0.1;0.1;0.2;
2/2/2017 1:32:01 PM;567;26.0;27.2;26.0;25.9;0.1;0.1;0.1;0.2;
2/2/2017 1:32:02 PM;568;26.0;27.1;26.0;25.9;0.1;0.1;0.1;0.2;
2/2/2017 1:32:03 PM;569;26.0;27.1;26.0;25.9;0.1;0.1;0.1;0.2;
2/2/2017 1:32:04 PM;570;25.9;27.1;26.0;25.9;0.1;0.1;0.1;0.2;
2/2/2017 1:32:05 PM;571;25.9;27.1;26.0;25.9;0.1;0.1;0.1;0.2;
2/2/2017 1:32:06 PM;572;26.0;27.1;26.0;25.9;0.1;0.1;0.1;0.2;
2/2/2017 1:32:07 PM;573;26.0;27.1;26.0;25.9;0.1;0.1;0.1;0.2;
2/2/2017 1:32:08 PM;574;26.0;27.1;26.0;25.9;0.1;0.1;0.1;0.2;
2/2/2017 1:32:09 PM;575;26.0;27.1;26.0;25.9;0.1;0.1;0.1;0.2;
2/2/2017 1:32:10 PM;576;26.0;27.2;26.0;25.9;0.1;0.1;0.1;0.2;
2/2/2017 1:32:11 PM;577;26.0;27.1;26.0;25.9;0.1;0.1;0.1;0.2;
2/2/2017 1:32:12 PM;578;25.9;27.1;26.0;25.9;0.1;0.1;0.1;0.2;
2/2/2017 1:32:13 PM;579;25.9;27.2;26.0;25.9;0.1;0.1;0.1;0.2;
2/2/2017 1:32:14 PM;580;25.9;27.1;26.0;25.9;0.1;0.1;0.1;0.2;
2/2/2017 1:32:15 PM;581;25.9;27.1;26.0;25.9;0.1;0.1;0.1;0.2;
2/2/2017 1:32:16 PM;582;25.9;27.1;26.0;25.9;0.1;0.1;0.1;0.2;
2/2/2017 1:32:17 PM;583;25.9;27.1;26.0;25.9;0.1;0.1;0.1;0.2;
2/2/2017 1:32:18 PM;584;25.9;27.1;26.0;25.9;0.1;0.1;0.1;0.2;
2/2/2017 1:32:19 PM;585;25.9;27.1;26.0;25.9;0.1;0.1;0.1;0.2;
2/2/2017 1:32:20 PM;586;25.9;27.1;26.0;25.9;0.1;0.1;0.1;0.2;
2/2/2017 1:32:21 PM;587;26.0;27.2;26.0;25.9;0.1;0.1;0.1;0.2;
2/2/2017 1:32:22 PM;588;26.0;27.1;26.0;25.9;0.1;0.1;0.1;0.2;
2/2/2017 1:32:23 PM;589;26.0;27.1;26.0;25.9;0.1;0.1;0.1;0.2;
2/2/2017 1:32:24 PM;590;26.0;27.1;26.0;25.9;0.1;0.1;0.1;0.2;
2/2/2017 1:32:25 PM;591;25.9;27.1;26.0;25.9;0.1;0.1;0.1;0.2;
2/2/2017 1:32:26 PM;592;25.9;27.1;26.0;25.9;0.1;0.1;0.1;0.2;
2/2/2017 1:32:27 PM;593;25.9;27.1;26.0;25.9;0.1;0.1;0.1;0.2;
2/2/2017 1:32:28 PM;594;25.9;27.1;26.0;25.9;0.1;0.1;0.1;0.2;
2/2/2017 1:32:29 PM;595;26.0;27.1;26.0;25.9;0.1;0.1;0.1;0.2;
2/2/2017 1:32:30 PM;596;26.0;27.1;26.0;25.9;0.1;0.1;0.1;0.2;
2/2/2017 1:32:31 PM;597;26.1;27.1;26.0;25.9;0.1;0.1;0.1;0.2;
2/2/2017 1:32:32 PM;598;26.1;27.1;26.0;25.9;0.1;0.1;0.1;0.2;
2/2/2017 1:32:33 PM;599;26.0;27.1;26.0;25.9;0.1;0.1;0.1;0.2;
2/2/2017 1:32:34 PM;600;26.0;27.1;26.0;25.9;0.1;0.1;0.1;0.2;
2/2/2017 1:32:35 PM;601;26.0;27.1;26.0;25.9;0.1;0.1;0.1;0.2;
2/2/2017 1:32:36 PM;602;26.0;27.1;26.0;25.9;0.1;0.1;0.1;0.2;
2/2/2017 1:32:37 PM;603;26.0;27.1;26.0;25.9;0.1;0.1;0.1;0.2;
2/2/2017 1:32:38 PM;604;26.0;27.1;26.0;25.9;0.1;0.1;0.1;0.2;
2/2/2017 1:32:39 PM;605;26.0;27.1;26.0;25.9;0.1;0.1;0.1;0.2;
2/2/2017 1:32:40 PM;606;26.0;27.1;26.0;25.9;0.1;0.1;0.1;0.2;
2/2/2017 1:32:41 PM;607;25.9;27.1;26.0;25.9;0.1;0.1;0.1;0.2;
2/2/2017 1:32:42 PM;608;26.0;27.1;26.0;25.9;0.1;0.1;0.1;0.2;
2/2/2017 1:32:43 PM;609;26.0;27.1;26.0;25.9;0.1;0.1;0.1;0.2;
2/2/2017 1:32:44 PM;610;25.9;27.1;26.0;25.9;0.1;0.1;0.1;0.2;
2/2/2017 1:32:45 PM;611;26.0;27.1;26.0;25.9;0.1;0.1;0.1;0.2;
2/2/2017 1:32:46 PM;612;26.0;27.1;26.0;25.9;0.1;0.1;0.1;0.2;
2/2/2017 1:32:47 PM;613;26.0;27.1;26.0;25.9;0.1;0.1;0.1;0.2;
2/2/2017 1:32:48 PM;614;25.9;27.1;26.0;25.9;0.1;0.1;0.1;0.2;
2/2/2017 1:32:49 PM;615;25.9;27.1;26.0;25.9;0.1;0.1;0.1;0.2;
2/2/2017 1:32:50 PM;616;25.9;27.1;26.0;25.9;0.1;0.1;0.1;0.2;
2/2/2017 1:32:51 PM;617;25.9;27.1;26.0;25.9;0.1;0.1;0.1;0.2;
2/2/2017 1:32:52 PM;618;25.9;27.1;26.0;25.9;0.1;0.1;0.1;0.2;
2/2/2017 1:32:53 PM;619;25.9;27.1;26.0;25.9;0.1;0.1;0.1;0.2;
2/2/2017 1:32:54 PM;620;25.9;27.1;26.0;25.9;0.1;0.1;0.1;0.2;
2/2/2017 1:32:55 PM;621;26.0;27.1;26.0;25.9;0.1;0.1;0.1;0.2;
2/2/2017 1:32:56 PM;622;25.9;27.1;26.0;25.9;0.1;0.1;0.1;0.2;
2/2/2017 1:32:57 PM;623;25.9;27.1;26.0;25.9;0.1;0.1;0.1;0.2;
2/2/2017 1:32:58 PM;624;25.9;27.1;26.0;25.9;0.1;0.1;0.1;0.2;
2/2/2017 1:32:59 PM;625;25.9;27.1;26.0;25.9;0.1;0.1;0.1;0.2;
2/2/2017 1:33:00 PM;626;25.9;27.1;26.0;25.9;0.1;0.1;0.1;0.2;
2/2/2017 1:33:01 PM;627;25.9;27.1;26.0;25.9;0.1;0.1;0.1;0.2;
2/2/2017 1:33:02 PM;628;25.9;27.1;26.0;25.9;0.1;0.1;0.1;0.2;
2/2/2017 1:33:03 PM;629;25.9;27.1;26.0;25.9;0.1;0.1;0.1;0.2;
2/2/2017 1:33:04 PM;630;25.9;27.1;26.0;25.9;0.1;0.1;0.1;0.2;
2/2/2017 1:33:05 PM;631;26.0;27.1;26.0;25.9;0.1;0.1;0.1;0.2;
2/2/2017 1:33:06 PM;632;26.0;27.1;26.0;25.9;0.1;0.1;0.1;0.2;
2/2/2017 1:33:07 PM;633;26.0;27.1;26.0;25.9;0.1;0.1;0.1;0.2;
2/2/2017 1:33:08 PM;634;26.0;27.1;26.0;25.9;0.1;0.1;0.1;0.2;
2/2/2017 1:33:09 PM;635;26.0;27.1;26.0;25.9;0.1;0.1;0.1;0.2;
2/2/2017 1:33:10 PM;636;26.0;27.1;26.0;25.9;0.1;0.1;0.1;0.2;
2/2/2017 1:33:11 PM;637;26.0;27.1;26.0;25.9;0.1;0.1;0.1;0.2;
2/2/2017 1:33:12 PM;638;26.0;27.1;26.0;25.9;0.1;0.1;0.1;0.2;
2/2/2017 1:33:13 PM;639;26.0;27.1;26.0;25.9;0.1;0.1;0.1;0.2;
2/2/2017 1:33:14 PM;640;26.0;27.1;26.0;25.9;0.1;0.1;0.1;0.2;
2/2/2017 1:33:15 PM;641;25.9;27.1;26.0;25.9;0.1;0.1;0.1;0.2;
2/2/2017 1:33:16 PM;642;25.9;27.1;26.0;25.9;0.1;0.1;0.1;0.2;
2/2/2017 1:33:17 PM;643;25.9;27.1;26.0;25.9;0.1;0.1;0.1;0.2;
2/2/2017 1:33:18 PM;644;25.9;27.1;26.0;25.9;0.1;0.1;0.1;0.2;
2/2/2017 1:33:19 PM;645;25.9;27.1;26.0;25.9;0.1;0.1;0.1;0.2;
2/2/2017 1:33:20 PM;646;25.9;27.2;26.0;25.9;0.1;0.1;0.1;0.2;
2/2/2017 1:33:21 PM;647;25.9;27.1;26.0;25.9;0.1;0.1;0.1;0.2;
2/2/2017 1:33:22 PM;648;26.0;27.2;26.0;25.9;0.1;0.1;0.1;0.2;
2/2/2017 1:33:23 PM;649;25.9;27.2;26.0;25.9;0.1;0.1;0.1;0.2;
2/2/2017 1:33:24 PM;650;25.9;27.1;26.0;25.9;0.1;0.1;0.1;0.2;
2/2/2017 1:33:25 PM;651;25.9;27.1;26.0;25.9;0.1;0.1;0.1;0.2;
2/2/2017 1:33:26 PM;652;25.9;27.1;26.0;25.9;0.1;0.1;0.1;0.2;
2/2/2017 1:33:27 PM;653;25.9;27.1;26.0;25.9;0.1;0.1;0.1;0.2;
2/2/2017 1:33:28 PM;654;25.9;27.1;26.0;25.9;0.1;0.1;0.1;0.2;
2/2/2017 1:33:29 PM;655;25.9;27.1;26.0;25.9;0.1;0.1;0.1;0.2;
2/2/2017 1:33:30 PM;656;25.9;27.1;26.0;25.9;0.1;0.1;0.1;0.2;
2/2/2017 1:33:31 PM;657;25.9;27.1;26.0;25.9;0.1;0.1;0.1;0.2;
2/2/2017 1:33:32 PM;658;25.9;27.1;26.0;25.9;0.1;0.1;0.1;0.2;
2/2/2017 1:33:33 PM;659;25.9;27.1;26.0;25.9;0.1;0.1;0.1;0.2;
2/2/2017 1:33:34 PM;660;25.9;27.1;26.0;25.9;0.1;0.1;0.1;0.2;
2/2/2017 1:33:35 PM;661;25.9;27.1;26.0;25.9;0.1;0.1;0.1;0.2;
2/2/2017 1:33:36 PM;662;25.9;27.1;26.0;25.9;0.1;0.1;0.1;0.2;
2/2/2017 1:33:37 PM;663;26.0;27.1;26.0;25.9;0.1;0.1;0.1;0.2;
2/2/2017 1:33:38 PM;664;26.0;27.1;26.0;25.9;0.1;0.1;0.1;0.2;
2/2/2017 1:33:39 PM;665;25.9;27.1;26.0;25.9;0.1;0.1;0.1;0.2;
2/2/2017 1:33:40 PM;666;26.0;27.1;26.0;25.9;0.1;0.1;0.1;0.2;
2/2/2017 1:33:41 PM;667;25.9;27.1;26.0;25.9;0.1;0.1;0.1;0.2;
2/2/2017 1:33:42 PM;668;25.9;27.1;26.0;25.9;0.1;0.1;0.1;0.2;
2/2/2017 1:33:43 PM;669;25.9;27.1;26.0;25.9;0.1;0.1;0.1;0.2;
2/2/2017 1:33:44 PM;670;25.9;27.1;26.0;25.9;0.1;0.1;0.1;0.2;
2/2/2017 1:33:45 PM;671;25.9;27.1;26.0;25.9;0.1;0.1;0.1;0.2;
2/2/2017 1:33:46 PM;672;25.9;27.2;26.0;25.9;0.1;0.1;0.1;0.2;
2/2/2017 1:33:47 PM;673;25.9;27.2;26.0;25.9;0.1;0.1;0.1;0.2;
2/2/2017 1:33:48 PM;674;26.0;27.2;26.0;25.9;0.1;0.1;0.1;0.2;
2/2/2017 1:33:49 PM;675;26.0;27.2;26.0;25.9;0.1;0.1;0.1;0.2;
2/2/2017 1:33:50 PM;676;25.9;27.1;26.0;25.9;0.1;0.1;0.1;0.2;
2/2/2017 1:33:51 PM;677;26.0;27.1;26.0;25.9;0.1;0.1;0.1;0.2;
2/2/2017 1:33:52 PM;678;26.0;27.1;26.0;25.9;0.1;0.1;0.1;0.2;
2/2/2017 1:33:53 PM;679;26.0;27.1;26.0;25.9;0.1;0.1;0.1;0.2;
2/2/2017 1:33:54 PM;680;25.9;27.1;26.0;25.9;0.1;0.1;0.1;0.2;
2/2/2017 1:33:55 PM;681;25.9;27.1;26.0;25.9;0.1;0.1;0.1;0.2;
2/2/2017 1:33:56 PM;682;25.9;27.1;26.0;25.9;0.1;0.1;0.1;0.2;
2/2/2017 1:33:57 PM;683;25.9;27.1;26.0;25.9;0.1;0.1;0.1;0.2;
2/2/2017 1:33:58 PM;684;25.9;27.1;26.0;25.9;0.1;0.1;0.1;0.2;
2/2/2017 1:33:59 PM;685;25.9;27.1;26.0;25.9;0.1;0.1;0.1;0.2;
2/2/2017 1:34:00 PM;686;25.9;27.1;26.0;25.9;0.1;0.1;0.1;0.2;
2/2/2017 1:34:01 PM;687;25.9;27.1;26.0;25.9;0.1;0.1;0.1;0.2;
2/2/2017 1:34:02 PM;688;25.9;27.1;26.0;25.9;0.1;0.1;0.1;0.2;
2/2/2017 1:34:03 PM;689;25.9;27.1;26.0;25.9;0.1;0.1;0.1;0.2;
2/2/2017 1:34:04 PM;690;26.0;27.1;26.0;25.9;0.1;0.1;0.1;0.2;
2/2/2017 1:34:05 PM;691;26.0;27.1;26.0;25.9;0.1;0.1;0.1;0.2;
2/2/2017 1:34:06 PM;692;26.0;27.1;26.0;25.9;0.1;0.1;0.1;0.2;
2/2/2017 1:34:07 PM;693;26.0;27.1;26.0;25.9;0.1;0.1;0.1;0.2;
2/2/2017 1:34:08 PM;694;26.0;27.1;26.0;25.9;0.1;0.1;0.1;0.2;
2/2/2017 1:34:09 PM;695;26.0;27.1;26.0;25.9;0.1;0.1;0.1;0.2;
2/2/2017 1:34:10 PM;696;26.0;27.1;26.0;25.9;0.1;0.1;0.1;0.2;
2/2/2017 1:34:11 PM;697;26.0;27.1;26.0;25.9;0.1;0.1;0.1;0.2;
2/2/2017 1:34:12 PM;698;26.0;27.1;26.0;25.9;0.1;0.1;0.1;0.2;
2/2/2017 1:34:13 PM;699;26.0;27.1;26.0;25.9;0.1;0.1;0.1;0.2;
2/2/2017 1:34:14 PM;700;26.0;27.1;26.0;25.9;0.1;0.1;0.1;0.2;
2/2/2017 1:34:15 PM;701;25.9;27.1;26.0;25.9;0.1;0.1;0.1;0.2;
2/2/2017 1:34:16 PM;702;25.9;27.1;26.0;25.9;0.1;0.1;0.1;0.2;
2/2/2017 1:34:17 PM;703;25.9;27.1;26.0;25.9;0.1;0.1;0.1;0.2;
2/2/2017 1:34:18 PM;704;25.9;27.1;26.0;25.9;0.1;0.1;0.1;0.2;
2/2/2017 1:34:19 PM;705;25.9;27.1;26.0;25.9;0.1;0.1;0.1;0.2;
2/2/2017 1:34:20 PM;706;25.9;27.1;26.0;25.9;0.1;0.1;0.1;0.2;
2/2/2017 1:34:21 PM;707;26.0;27.1;26.0;25.9;0.1;0.1;0.1;0.2;
2/2/2017 1:34:22 PM;708;26.0;27.1;26.0;25.9;0.1;0.1;0.1;0.2;
2/2/2017 1:34:23 PM;709;26.0;27.1;26.0;25.9;0.1;0.1;0.1;0.2;
2/2/2017 1:34:24 PM;710;26.0;27.1;26.0;25.9;0.1;0.1;0.1;0.2;
2/2/2017 1:34:25 PM;711;26.0;27.1;26.0;25.9;0.1;0.1;0.1;0.2;
2/2/2017 1:34:26 PM;712;26.0;27.1;26.0;25.9;0.1;0.1;0.1;0.2;
2/2/2017 1:34:27 PM;713;26.0;27.1;26.0;25.9;0.1;0.1;0.1;0.2;
2/2/2017 1:34:28 PM;714;26.0;27.1;26.0;25.9;0.1;0.1;0.1;0.2;
2/2/2017 1:34:29 PM;715;26.0;27.1;26.0;25.9;0.1;0.1;0.1;0.2;
2/2/2017 1:34:30 PM;716;26.0;27.1;26.0;25.9;0.1;0.1;0.1;0.2;
2/2/2017 1:34:31 PM;717;26.0;27.1;26.0;25.9;0.1;0.1;0.1;0.2;
2/2/2017 1:34:32 PM;718;26.0;27.1;26.0;25.9;0.1;0.1;0.1;0.2;
2/2/2017 1:34:33 PM;719;26.0;27.1;26.0;25.9;0.1;0.1;0.1;0.2;
2/2/2017 1:34:34 PM;720;26.0;27.1;26.0;25.9;0.1;0.1;0.1;0.2;
2/2/2017 1:34:35 PM;721;25.9;27.1;26.0;25.9;0.1;0.1;0.1;0.2;
2/2/2017 1:34:36 PM;722;25.9;27.1;26.0;25.9;0.1;0.1;0.1;0.2;
2/2/2017 1:34:37 PM;723;25.9;27.1;26.0;25.9;0.1;0.1;0.1;0.2;
2/2/2017 1:34:38 PM;724;25.9;27.1;26.0;25.9;0.1;0.1;0.1;0.2;
2/2/2017 1:34:39 PM;725;25.9;27.2;26.0;25.9;0.1;0.1;0.1;0.2;
2/2/2017 1:34:40 PM;726;26.0;27.2;26.0;25.9;0.1;0.1;0.1;0.2;
2/2/2017 1:34:41 PM;727;26.0;27.1;26.0;25.9;0.1;0.1;0.1;0.2;
2/2/2017 1:34:42 PM;728;26.0;27.1;26.0;25.9;0.1;0.1;0.1;0.2;
2/2/2017 1:34:43 PM;729;26.0;27.1;26.0;25.9;0.1;0.1;0.1;0.2;
2/2/2017 1:34:44 PM;730;26.0;27.1;26.0;25.9;0.1;0.1;0.1;0.2;
2/2/2017 1:34:45 PM;731;26.0;27.1;26.0;25.9;0.1;0.1;0.1;0.2;
2/2/2017 1:34:46 PM;732;26.0;27.1;26.0;25.9;0.1;0.1;0.1;0.2;
2/2/2017 1:34:47 PM;733;25.9;27.1;26.0;25.9;0.1;0.1;0.1;0.2;
2/2/2017 1:34:48 PM;734;25.9;27.1;26.0;25.9;0.1;0.1;0.1;0.2;
2/2/2017 1:34:49 PM;735;25.9;27.2;26.0;25.9;0.1;0.1;0.1;0.2;
2/2/2017 1:34:50 PM;736;25.9;27.2;26.0;25.9;0.1;0.1;0.1;0.2;
2/2/2017 1:34:51 PM;737;25.9;27.1;26.0;25.9;0.1;0.1;0.1;0.2;
2/2/2017 1:34:52 PM;738;25.9;27.1;26.0;25.9;0.1;0.1;0.1;0.2;
2/2/2017 1:34:53 PM;739;25.9;27.1;26.0;25.9;0.1;0.1;0.1;0.2;
2/2/2017 1:34:54 PM;740;25.9;27.1;26.0;25.9;0.1;0.1;0.1;0.2;
2/2/2017 1:34:55 PM;741;25.9;27.1;26.0;25.9;0.1;0.1;0.1;0.2;
2/2/2017 1:34:56 PM;742;25.9;27.1;26.0;25.9;0.1;0.1;0.1;0.2;
2/2/2017 1:34:57 PM;743;25.9;27.1;26.0;25.9;0.1;0.1;0.1;0.2;
2/2/2017 1:34:58 PM;744;25.9;27.1;26.0;25.9;0.1;0.1;0.1;0.2;
2/2/2017 1:34:59 PM;745;25.9;27.1;26.0;25.9;0.1;0.1;0.1;0.2;
2/2/2017 1:35:00 PM;746;25.9;27.1;26.0;25.9;0.1;0.1;0.1;0.2;
2/2/2017 1:35:01 PM;747;25.9;27.1;26.0;25.9;0.1;0.1;0.1;0.2;
2/2/2017 1:35:02 PM;748;25.9;27.1;26.0;25.9;0.1;0.1;0.1;0.2;
2/2/2017 1:35:03 PM;749;25.9;27.1;26.0;25.9;0.1;0.1;0.1;0.2;
2/2/2017 1:35:04 PM;750;25.9;27.1;26.0;25.9;0.1;0.1;0.1;0.2;
2/2/2017 1:35:05 PM;751;25.9;27.1;26.0;25.9;0.1;0.1;0.1;0.2;
2/2/2017 1:35:06 PM;752;25.9;27.1;26.0;25.9;0.1;0.1;0.1;0.2;
2/2/2017 1:35:07 PM;753;25.9;27.1;26.0;25.9;0.1;0.1;0.1;0.2;
2/2/2017 1:35:08 PM;754;25.9;27.1;26.0;25.9;0.1;0.1;0.1;0.2;
2/2/2017 1:35:09 PM;755;25.9;27.1;26.0;25.9;0.1;0.1;0.1;0.2;
2/2/2017 1:35:10 PM;756;25.9;27.1;26.0;25.9;0.1;0.1;0.1;0.2;
2/2/2017 1:35:11 PM;757;25.9;27.1;26.0;25.9;0.1;0.1;0.1;0.2;
2/2/2017 1:35:12 PM;758;25.9;27.1;26.0;25.9;0.1;0.1;0.1;0.2;
2/2/2017 1:35:13 PM;759;25.9;27.1;26.0;25.9;0.1;0.1;0.1;0.2;
2/2/2017 1:35:14 PM;760;25.9;27.1;26.0;25.9;0.1;0.1;0.1;0.2;
2/2/2017 1:35:15 PM;761;25.9;27.1;26.0;25.9;0.1;0.1;0.1;0.2;
2/2/2017 1:35:16 PM;762;25.9;27.1;26.0;25.9;0.1;0.1;0.1;0.2;
2/2/2017 1:35:17 PM;763;25.9;27.1;26.0;25.9;0.1;0.1;0.1;0.2;
2/2/2017 1:35:18 PM;764;25.9;27.1;26.0;25.9;0.1;0.1;0.1;0.2;
2/2/2017 1:35:19 PM;765;25.9;27.1;26.0;25.9;0.1;0.1;0.1;0.2;
2/2/2017 1:35:20 PM;766;25.9;27.1;26.0;25.9;0.1;0.1;0.1;0.2;
2/2/2017 1:35:21 PM;767;25.9;27.1;26.0;25.9;0.1;0.1;0.1;0.2;
2/2/2017 1:35:22 PM;768;25.9;27.1;26.0;25.9;0.1;0.1;0.1;0.2;
2/2/2017 1:35:23 PM;769;25.9;27.1;26.0;25.9;0.1;0.1;0.1;0.2;
2/2/2017 1:35:24 PM;770;25.9;27.2;26.0;25.9;0.1;0.1;0.1;0.2;
2/2/2017 1:35:25 PM;771;25.9;27.2;26.0;25.9;0.1;0.1;0.1;0.2;
2/2/2017 1:35:26 PM;772;25.9;27.1;26.0;25.9;0.1;0.1;0.1;0.2;
2/2/2017 1:35:27 PM;773;25.9;27.1;26.0;25.9;0.1;0.1;0.1;0.2;
2/2/2017 1:35:28 PM;774;25.9;27.1;26.0;25.9;0.1;0.1;0.1;0.2;
2/2/2017 1:35:29 PM;775;25.9;27.1;26.0;25.9;0.1;0.1;0.1;0.2;
2/2/2017 1:35:30 PM;776;25.9;27.1;26.0;25.9;0.1;0.1;0.1;0.2;
2/2/2017 1:35:31 PM;777;25.9;27.2;26.0;25.9;0.1;0.1;0.1;0.2;
2/2/2017 1:35:32 PM;778;25.9;27.2;26.0;25.9;0.1;0.1;0.1;0.2;
2/2/2017 1:35:33 PM;779;25.9;27.2;26.0;25.9;0.1;0.1;0.1;0.2;
2/2/2017 1:35:34 PM;780;25.9;27.2;26.0;25.9;0.1;0.1;0.1;0.2;
2/2/2017 1:35:35 PM;781;25.9;27.2;26.0;25.9;0.1;0.1;0.1;0.2;
2/2/2017 1:35:36 PM;782;25.9;27.1;26.0;25.9;0.1;0.1;0.1;0.2;
2/2/2017 1:35:37 PM;783;25.9;27.1;26.0;25.9;0.1;0.1;0.1;0.2;
2/2/2017 1:35:38 PM;784;25.9;27.1;26.0;25.9;0.1;0.1;0.1;0.2;
2/2/2017 1:35:39 PM;785;25.9;27.1;26.0;25.9;0.1;0.1;0.1;0.2;
2/2/2017 1:35:40 PM;786;25.9;27.1;26.0;25.9;0.1;0.1;0.1;0.2;
2/2/2017 1:35:41 PM;787;25.9;27.1;26.0;25.9;0.1;0.1;0.1;0.2;
2/2/2017 1:35:42 PM;788;26.0;27.1;26.0;25.9;0.1;0.1;0.1;0.2;
2/2/2017 1:35:43 PM;789;26.0;27.1;26.0;25.9;0.1;0.1;0.1;0.2;
2/2/2017 1:35:44 PM;790;26.0;27.1;26.0;25.9;0.1;0.1;0.1;0.2;
2/2/2017 1:35:45 PM;791;26.0;27.1;26.0;25.9;0.1;0.1;0.1;0.2;
2/2/2017 1:35:46 PM;792;26.0;27.1;26.0;25.9;0.1;0.1;0.1;0.2;
2/2/2017 1:35:47 PM;793;26.0;27.1;26.0;25.9;0.1;0.1;0.1;0.2;
2/2/2017 1:35:48 PM;794;25.9;27.1;26.0;25.9;0.1;0.1;0.1;0.2;
2/2/2017 1:35:49 PM;795;25.9;27.1;26.0;25.9;0.1;0.1;0.1;0.2;
2/2/2017 1:35:50 PM;796;25.9;27.1;26.0;25.9;0.1;0.1;0.1;0.2;
2/2/2017 1:35:51 PM;797;25.9;27.1;26.0;25.9;0.1;0.1;0.1;0.2;
2/2/2017 1:35:52 PM;798;25.9;27.2;26.0;25.9;0.1;0.1;0.1;0.2;
2/2/2017 1:35:53 PM;799;25.9;27.2;26.0;25.9;0.1;0.1;0.1;0.2;
2/2/2017 1:35:54 PM;800;25.9;27.1;26.0;25.9;0.1;0.1;0.1;0.2;
2/2/2017 1:35:55 PM;801;25.9;27.1;26.0;25.9;0.1;0.1;0.1;0.2;
2/2/2017 1:35:56 PM;802;25.9;27.1;26.0;25.9;0.1;0.1;0.1;0.2;
2/2/2017 1:35:57 PM;803;25.9;27.1;26.0;25.9;0.1;0.1;0.1;0.2;
2/2/2017 1:35:58 PM;804;26.0;27.1;26.0;25.9;0.1;0.1;0.1;0.2;
2/2/2017 1:35:59 PM;805;26.0;27.1;26.0;25.9;0.1;0.1;0.1;0.2;
2/2/2017 1:36:00 PM;806;25.9;27.1;26.0;25.9;0.1;0.1;0.1;0.2;
2/2/2017 1:36:01 PM;807;25.9;27.2;26.0;25.9;0.1;0.1;0.1;0.2;
2/2/2017 1:36:02 PM;808;25.9;27.1;26.0;25.9;0.1;0.1;0.1;0.2;
2/2/2017 1:36:03 PM;809;25.9;27.1;26.0;25.9;0.1;0.1;0.1;0.2;
2/2/2017 1:36:04 PM;810;25.9;27.1;26.0;25.9;0.1;0.1;0.1;0.2;
2/2/2017 1:36:05 PM;811;25.9;27.1;26.0;25.9;0.1;0.1;0.1;0.2;
2/2/2017 1:36:06 PM;812;25.9;27.1;26.0;25.9;0.1;0.1;0.1;0.2;
2/2/2017 1:36:07 PM;813;25.9;27.1;26.0;25.9;0.1;0.1;0.1;0.2;
2/2/2017 1:36:08 PM;814;25.9;27.1;26.0;25.9;0.1;0.1;0.1;0.2;
2/2/2017 1:36:09 PM;815;25.9;27.1;26.0;25.9;0.1;0.1;0.1;0.2;
2/2/2017 1:36:10 PM;816;25.9;27.2;26.0;25.9;0.1;0.1;0.1;0.2;
2/2/2017 1:36:11 PM;817;25.9;27.1;26.0;25.9;0.1;0.1;0.1;0.2;
2/2/2017 1:36:12 PM;818;25.9;27.1;26.0;25.9;0.1;0.1;0.1;0.2;
2/2/2017 1:36:13 PM;819;25.9;27.1;26.0;25.9;0.1;0.1;0.1;0.2;
2/2/2017 1:36:14 PM;820;25.9;27.1;26.0;25.9;0.1;0.1;0.1;0.2;
2/2/2017 1:36:15 PM;821;25.9;27.1;26.0;25.9;0.1;0.1;0.1;0.2;
2/2/2017 1:36:16 PM;822;25.9;27.1;26.0;25.9;0.1;0.1;0.1;0.2;
2/2/2017 1:36:17 PM;823;25.9;27.1;26.0;25.9;0.1;0.1;0.1;0.2;
2/2/2017 1:36:18 PM;824;25.9;27.1;26.0;25.9;0.1;0.1;0.1;0.2;
2/2/2017 1:36:19 PM;825;25.9;27.1;26.0;25.9;0.1;0.1;0.1;0.2;
2/2/2017 1:36:20 PM;826;25.9;27.1;26.0;25.9;0.1;0.1;0.1;0.2;
2/2/2017 1:36:21 PM;827;25.9;27.1;26.0;25.9;0.1;0.1;0.1;0.2;
2/2/2017 1:36:22 PM;828;26.0;27.1;26.0;25.9;0.1;0.1;0.1;0.2;
2/2/2017 1:36:23 PM;829;26.0;27.1;26.0;25.9;0.1;0.1;0.1;0.2;
2/2/2017 1:36:24 PM;830;25.9;27.1;26.0;25.9;0.1;0.1;0.1;0.2;
2/2/2017 1:36:25 PM;831;25.9;27.1;26.0;25.9;0.1;0.1;0.1;0.2;
2/2/2017 1:36:26 PM;832;25.9;27.1;26.0;25.9;0.1;0.1;0.1;0.2;
2/2/2017 1:36:27 PM;833;25.9;27.1;26.0;25.9;0.1;0.1;0.1;0.2;
2/2/2017 1:36:28 PM;834;25.9;27.1;26.0;25.9;0.1;0.1;0.1;0.2;
2/2/2017 1:36:29 PM;835;25.9;27.1;26.0;25.9;0.1;0.1;0.1;0.2;
2/2/2017 1:36:30 PM;836;25.9;27.1;26.0;25.9;0.1;0.1;0.1;0.2;
2/2/2017 1:36:31 PM;837;25.9;27.1;26.0;25.9;0.1;0.1;0.1;0.2;
2/2/2017 1:36:32 PM;838;26.0;27.1;26.0;25.9;0.1;0.1;0.1;0.2;
2/2/2017 1:36:33 PM;839;25.9;27.1;26.0;25.9;0.1;0.1;0.1;0.2;
2/2/2017 1:36:34 PM;840;25.9;27.1;26.0;25.9;0.1;0.1;0.1;0.2;
2/2/2017 1:36:35 PM;841;25.9;27.1;26.0;25.9;0.1;0.1;0.1;0.2;
2/2/2017 1:36:36 PM;842;25.9;27.1;26.0;25.9;0.1;0.1;0.1;0.2;
2/2/2017 1:36:37 PM;843;25.9;27.1;26.0;25.9;0.1;0.1;0.1;0.2;
2/2/2017 1:36:38 PM;844;25.9;27.1;26.0;25.9;0.1;0.1;0.1;0.2;
2/2/2017 1:36:39 PM;845;25.9;27.2;26.0;25.9;0.1;0.1;0.1;0.2;
2/2/2017 1:36:40 PM;846;25.9;27.2;26.0;25.9;0.1;0.1;0.1;0.2;
2/2/2017 1:36:41 PM;847;25.9;27.1;26.0;25.9;0.1;0.1;0.1;0.2;
2/2/2017 1:36:42 PM;848;25.9;27.1;26.0;25.9;0.1;0.1;0.1;0.2;
2/2/2017 1:36:43 PM;849;25.9;27.1;26.0;25.9;0.1;0.1;0.1;0.2;
2/2/2017 1:36:44 PM;850;25.9;27.1;26.0;25.9;0.1;0.1;0.1;0.2;
2/2/2017 1:36:45 PM;851;25.9;27.1;26.0;25.9;0.1;0.1;0.1;0.2;
2/2/2017 1:36:46 PM;852;25.9;27.1;26.0;25.9;0.1;0.1;0.1;0.2;
2/2/2017 1:36:47 PM;853;25.9;27.1;26.0;25.9;0.1;0.1;0.1;0.2;
2/2/2017 1:36:48 PM;854;25.9;27.1;26.0;25.9;0.1;0.1;0.1;0.2;
2/2/2017 1:36:49 PM;855;25.9;27.1;26.0;25.9;0.1;0.1;0.1;0.2;
2/2/2017 1:36:50 PM;856;25.9;27.1;26.0;25.9;0.1;0.1;0.1;0.2;
2/2/2017 1:36:51 PM;857;25.9;27.1;26.0;25.9;0.1;0.1;0.1;0.2;
2/2/2017 1:36:52 PM;858;25.9;27.1;26.0;25.9;0.1;0.1;0.1;0.2;
2/2/2017 1:36:53 PM;859;25.9;27.1;26.0;25.9;0.1;0.1;0.1;0.2;
2/2/2017 1:36:54 PM;860;25.9;27.1;26.0;25.9;0.1;0.1;0.1;0.2;
2/2/2017 1:36:55 PM;861;25.9;27.1;26.0;25.9;0.1;0.1;0.1;0.2;
2/2/2017 1:36:56 PM;862;25.9;27.1;26.0;25.9;0.1;0.1;0.1;0.2;
2/2/2017 1:36:57 PM;863;25.9;27.1;26.0;25.9;0.1;0.1;0.1;0.2;
2/2/2017 1:36:58 PM;864;25.9;27.1;26.0;25.9;0.1;0.1;0.1;0.2;
2/2/2017 1:36:59 PM;865;25.9;27.1;26.0;25.9;0.1;0.1;0.1;0.2;
2/2/2017 1:37:00 PM;866;25.9;27.1;26.0;25.9;0.1;0.1;0.1;0.2;
2/2/2017 1:37:01 PM;867;25.9;27.1;26.0;25.9;0.1;0.1;0.1;0.2;
2/2/2017 1:37:02 PM;868;25.9;27.1;26.0;25.9;0.1;0.1;0.1;0.2;
2/2/2017 1:37:03 PM;869;26.0;27.1;26.0;25.9;0.1;0.1;0.1;0.2;
2/2/2017 1:37:04 PM;870;26.0;27.1;26.0;25.9;0.1;0.1;0.1;0.2;
2/2/2017 1:37:05 PM;871;25.9;27.1;26.0;25.9;0.1;0.1;0.1;0.2;
2/2/2017 1:37:06 PM;872;25.9;27.1;26.0;25.9;0.1;0.1;0.1;0.2;
2/2/2017 1:37:07 PM;873;25.9;27.1;26.0;25.9;0.1;0.1;0.1;0.2;
2/2/2017 1:37:08 PM;874;25.9;27.1;26.0;25.9;0.1;0.1;0.1;0.2;
2/2/2017 1:37:09 PM;875;25.9;27.1;26.0;25.9;0.1;0.1;0.1;0.2;
2/2/2017 1:37:10 PM;876;25.9;27.1;26.0;25.9;0.1;0.1;0.1;0.2;
2/2/2017 1:37:11 PM;877;25.9;27.1;26.0;25.9;0.1;0.1;0.1;0.2;
2/2/2017 1:37:12 PM;878;25.9;27.1;26.0;25.9;0.1;0.1;0.1;0.2;
2/2/2017 1:37:13 PM;879;25.9;27.1;26.0;25.9;0.1;0.1;0.1;0.2;
2/2/2017 1:37:14 PM;880;25.9;27.1;26.0;25.9;0.1;0.1;0.1;0.2;
2/2/2017 1:37:15 PM;881;25.9;27.1;26.0;25.9;0.1;0.1;0.1;0.2;
2/2/2017 1:37:16 PM;882;25.9;27.1;26.0;25.9;0.1;0.1;0.1;0.2;
2/2/2017 1:37:17 PM;883;25.9;27.1;26.0;25.9;0.1;0.1;0.1;0.2;
2/2/2017 1:37:18 PM;884;25.9;27.1;26.0;25.9;0.1;0.1;0.1;0.2;
2/2/2017 1:37:19 PM;885;25.9;27.1;26.0;25.9;0.1;0.1;0.1;0.2;
2/2/2017 1:37:20 PM;886;25.9;27.1;26.0;25.9;0.1;0.1;0.1;0.2;
2/2/2017 1:37:21 PM;887;25.9;27.1;26.0;25.9;0.1;0.1;0.1;0.2;
2/2/2017 1:37:22 PM;888;25.9;27.1;26.0;25.9;0.1;0.1;0.1;0.2;
2/2/2017 1:37:23 PM;889;25.9;27.1;26.0;25.9;0.1;0.1;0.1;0.2;
2/2/2017 1:37:24 PM;890;25.9;27.1;26.0;25.9;0.1;0.1;0.1;0.2;
2/2/2017 1:37:25 PM;891;25.9;27.1;26.0;25.9;0.1;0.1;0.1;0.2;
2/2/2017 1:37:26 PM;892;25.9;27.1;26.0;25.9;0.1;0.1;0.1;0.2;
2/2/2017 1:37:27 PM;893;25.9;27.1;26.0;25.9;0.1;0.1;0.1;0.2;
2/2/2017 1:37:28 PM;894;25.9;27.1;26.0;25.9;0.1;0.1;0.1;0.2;
2/2/2017 1:37:29 PM;895;25.9;27.1;26.0;25.9;0.1;0.1;0.1;0.2;
2/2/2017 1:37:30 PM;896;25.9;27.1;26.0;25.9;0.1;0.1;0.1;0.2;
2/2/2017 1:37:31 PM;897;25.9;27.1;26.0;25.9;0.1;0.1;0.1;0.2;
2/2/2017 1:37:32 PM;898;25.9;27.1;26.0;25.9;0.1;0.1;0.1;0.2;
2/2/2017 1:37:33 PM;899;25.9;27.1;26.0;25.9;0.1;0.1;0.1;0.2;
2/2/2017 1:37:34 PM;900;25.9;27.1;26.0;25.9;0.1;0.1;0.1;0.2;
2/2/2017 1:37:35 PM;901;25.9;27.1;26.0;25.9;0.1;0.1;0.1;0.2;
2/2/2017 1:37:36 PM;902;25.9;27.1;26.0;25.9;0.1;0.1;0.1;0.2;
2/2/2017 1:37:37 PM;903;26.0;27.1;26.0;25.9;0.1;0.1;0.1;0.2;
2/2/2017 1:37:38 PM;904;25.9;27.1;26.0;25.9;0.1;0.1;0.1;0.2;
2/2/2017 1:37:39 PM;905;25.9;27.1;26.0;25.9;0.1;0.1;0.1;0.2;
2/2/2017 1:37:40 PM;906;25.9;27.1;26.0;25.9;0.1;0.1;0.1;0.2;
2/2/2017 1:37:41 PM;907;25.9;27.1;26.0;25.9;0.1;0.1;0.1;0.2;
2/2/2017 1:37:42 PM;908;25.9;27.1;26.0;25.9;0.1;0.1;0.1;0.2;
2/2/2017 1:37:43 PM;909;25.9;27.1;26.0;25.9;0.1;0.1;0.1;0.2;
2/2/2017 1:37:44 PM;910;25.9;27.1;26.0;25.9;0.1;0.1;0.1;0.2;
2/2/2017 1:37:45 PM;911;25.9;27.1;26.0;25.9;0.1;0.1;0.1;0.2;
2/2/2017 1:37:46 PM;912;25.9;27.1;26.0;25.9;0.1;0.1;0.1;0.2;
2/2/2017 1:37:47 PM;913;25.9;27.1;26.0;25.9;0.1;0.1;0.1;0.2;
2/2/2017 1:37:48 PM;914;25.9;27.1;26.0;25.9;0.1;0.1;0.1;0.2;
2/2/2017 1:37:49 PM;915;25.9;27.1;26.0;25.9;0.1;0.1;0.1;0.2;
2/2/2017 1:37:50 PM;916;25.9;27.1;26.0;25.9;0.1;0.1;0.1;0.2;
2/2/2017 1:37:51 PM;917;25.9;27.1;26.0;25.9;0.1;0.1;0.1;0.2;
2/2/2017 1:37:52 PM;918;25.9;27.1;26.0;25.9;0.1;0.1;0.1;0.2;
2/2/2017 1:37:53 PM;919;25.9;27.1;26.0;25.9;0.1;0.1;0.1;0.2;
2/2/2017 1:37:54 PM;920;25.9;27.1;26.0;25.9;0.1;0.1;0.1;0.2;
2/2/2017 1:37:55 PM;921;25.9;27.1;26.0;25.9;0.1;0.1;0.1;0.2;
2/2/2017 1:37:56 PM;922;25.9;27.1;26.0;25.9;0.1;0.1;0.1;0.2;
2/2/2017 1:37:57 PM;923;25.9;27.1;26.0;25.9;0.1;0.1;0.1;0.2;
2/2/2017 1:37:58 PM;924;25.9;27.1;26.0;25.9;0.1;0.1;0.1;0.2;
2/2/2017 1:37:59 PM;925;26.0;27.1;26.0;25.9;0.1;0.1;0.1;0.2;
2/2/2017 1:38:00 PM;926;25.9;27.1;26.0;25.9;0.1;0.1;0.1;0.2;
2/2/2017 1:38:01 PM;927;26.0;27.1;26.0;25.9;0.1;0.1;0.1;0.2;
2/2/2017 1:38:02 PM;928;26.0;27.1;26.0;25.9;0.1;0.1;0.1;0.2;
2/2/2017 1:38:03 PM;929;25.9;27.1;26.0;25.9;0.1;0.1;0.1;0.2;
2/2/2017 1:38:04 PM;930;25.9;27.1;26.0;25.9;0.1;0.1;0.1;0.2;
2/2/2017 1:38:05 PM;931;25.9;27.1;26.0;25.9;0.1;0.1;0.1;0.2;
2/2/2017 1:38:06 PM;932;25.9;27.1;26.0;25.9;0.1;0.1;0.1;0.2;
2/2/2017 1:38:07 PM;933;25.9;27.1;26.0;25.9;0.1;0.1;0.1;0.2;
2/2/2017 1:38:08 PM;934;25.9;27.1;26.0;25.9;0.1;0.1;0.1;0.2;
2/2/2017 1:38:09 PM;935;25.9;27.1;26.0;25.9;0.1;0.1;0.1;0.2;
2/2/2017 1:38:10 PM;936;25.9;27.1;26.0;25.9;0.1;0.1;0.1;0.2;
2/2/2017 1:38:11 PM;937;25.9;27.1;26.0;25.9;0.1;0.1;0.1;0.2;
2/2/2017 1:38:12 PM;938;25.9;27.1;26.0;25.9;0.1;0.1;0.1;0.2;
2/2/2017 1:38:13 PM;939;25.9;27.1;26.0;25.9;0.1;0.1;0.1;0.2;
2/2/2017 1:38:14 PM;940;25.9;27.1;26.0;25.9;0.1;0.1;0.1;0.2;
2/2/2017 1:38:15 PM;941;25.9;27.1;26.0;25.9;0.1;0.1;0.1;0.2;
2/2/2017 1:38:16 PM;942;26.0;27.1;26.0;25.9;0.1;0.1;0.1;0.2;
2/2/2017 1:38:17 PM;943;26.0;27.1;26.0;25.9;0.1;0.1;0.1;0.2;
2/2/2017 1:38:18 PM;944;25.9;27.1;26.0;25.9;0.1;0.1;0.1;0.2;
2/2/2017 1:38:19 PM;945;25.9;27.1;26.0;25.9;0.1;0.1;0.1;0.2;
2/2/2017 1:38:20 PM;946;25.9;27.1;26.0;25.9;0.1;0.1;0.1;0.2;
2/2/2017 1:38:21 PM;947;25.9;27.1;26.0;25.9;0.1;0.1;0.1;0.2;
2/2/2017 1:38:22 PM;948;25.9;27.1;26.0;25.9;0.1;0.1;0.1;0.2;
2/2/2017 1:38:23 PM;949;25.9;27.1;26.0;25.9;0.1;0.1;0.1;0.2;
2/2/2017 1:38:24 PM;950;25.9;27.1;26.0;25.9;0.1;0.1;0.1;0.2;
2/2/2017 1:38:25 PM;951;25.9;27.1;26.0;25.9;0.1;0.1;0.1;0.2;
2/2/2017 1:38:26 PM;952;25.9;27.1;26.0;25.9;0.1;0.1;0.1;0.2;
2/2/2017 1:38:27 PM;953;25.9;27.1;26.0;25.9;0.1;0.1;0.1;0.2;
2/2/2017 1:38:28 PM;954;26.0;27.1;26.0;25.9;0.1;0.1;0.1;0.2;
2/2/2017 1:38:29 PM;955;26.0;27.1;26.0;25.9;0.1;0.1;0.1;0.2;
2/2/2017 1:38:30 PM;956;25.9;27.1;26.0;25.9;0.1;0.1;0.1;0.2;
2/2/2017 1:38:31 PM;957;25.9;27.1;26.0;25.9;0.1;0.1;0.1;0.2;
2/2/2017 1:38:32 PM;958;25.9;27.1;26.0;25.9;0.1;0.1;0.1;0.2;
2/2/2017 1:38:33 PM;959;25.9;27.1;26.0;25.9;0.1;0.1;0.1;0.2;
2/2/2017 1:38:34 PM;960;25.9;27.1;26.0;25.9;0.1;0.1;0.1;0.2;
2/2/2017 1:38:35 PM;961;25.9;27.1;26.0;25.9;0.1;0.1;0.1;0.2;
2/2/2017 1:38:36 PM;962;25.9;27.1;26.0;25.9;0.1;0.1;0.1;0.2;
2/2/2017 1:38:37 PM;963;25.9;27.1;26.0;25.9;0.1;0.1;0.1;0.2;
2/2/2017 1:38:38 PM;964;25.9;27.1;26.0;25.9;0.1;0.1;0.1;0.2;
2/2/2017 1:38:39 PM;965;25.9;27.1;26.0;25.9;0.1;0.1;0.1;0.2;
2/2/2017 1:38:40 PM;966;25.9;27.1;26.0;25.9;0.1;0.1;0.1;0.2;
2/2/2017 1:38:41 PM;967;25.9;27.1;26.0;25.9;0.1;0.1;0.1;0.2;
2/2/2017 1:38:42 PM;968;25.9;27.1;26.0;25.9;0.1;0.1;0.1;0.2;
2/2/2017 1:38:43 PM;969;25.9;27.1;26.0;25.9;0.1;0.1;0.1;0.2;
2/2/2017 1:38:44 PM;970;25.9;27.1;26.0;25.9;0.1;0.1;0.1;0.2;
2/2/2017 1:38:45 PM;971;25.9;27.1;26.0;25.9;0.1;0.1;0.1;0.2;
2/2/2017 1:38:46 PM;972;25.9;27.1;26.0;25.9;0.1;0.1;0.1;0.2;
2/2/2017 1:38:47 PM;973;25.9;27.1;26.0;25.9;0.1;0.1;0.1;0.2;
2/2/2017 1:38:48 PM;974;25.9;27.1;26.0;25.9;0.1;0.1;0.1;0.2;
2/2/2017 1:38:49 PM;975;25.9;27.1;26.0;25.9;0.1;0.1;0.1;0.2;
2/2/2017 1:38:50 PM;976;25.9;27.1;26.0;25.9;0.1;0.1;0.1;0.2;
2/2/2017 1:38:51 PM;977;25.9;27.1;26.0;25.9;0.1;0.1;0.1;0.2;
2/2/2017 1:38:52 PM;978;25.9;27.1;26.0;25.9;0.1;0.1;0.1;0.2;
2/2/2017 1:38:53 PM;979;25.9;27.1;26.0;25.9;0.1;0.1;0.1;0.2;
2/2/2017 1:38:54 PM;980;25.9;27.1;26.0;25.9;0.1;0.1;0.1;0.2;
2/2/2017 1:38:55 PM;981;25.9;27.1;26.0;25.9;0.1;0.1;0.1;0.2;
2/2/2017 1:38:56 PM;982;25.9;27.1;26.0;25.9;0.1;0.1;0.1;0.2;
2/2/2017 1:38:57 PM;983;25.9;27.1;26.0;25.9;0.1;0.1;0.1;0.2;
2/2/2017 1:38:58 PM;984;25.9;27.1;26.0;25.9;0.1;0.1;0.1;0.2;
2/2/2017 1:38:59 PM;985;25.9;27.1;26.0;25.9;0.1;0.1;0.1;0.2;
2/2/2017 1:39:00 PM;986;25.9;27.1;26.0;25.9;0.1;0.1;0.1;0.2;
2/2/2017 1:39:01 PM;987;25.9;27.1;26.0;25.9;0.1;0.1;0.1;0.2;
2/2/2017 1:39:02 PM;988;25.9;27.2;26.0;25.9;0.1;0.1;0.1;0.2;
2/2/2017 1:39:03 PM;989;26.0;27.2;26.0;25.9;0.1;0.1;0.1;0.2;
2/2/2017 1:39:04 PM;990;26.0;27.2;26.0;25.9;0.1;0.1;0.1;0.2;
2/2/2017 1:39:05 PM;991;26.0;27.2;26.0;25.9;0.1;0.1;0.1;0.2;
2/2/2017 1:39:06 PM;992;26.0;27.3;26.0;25.9;0.1;0.1;0.1;0.2;
2/2/2017 1:39:07 PM;993;26.0;27.2;26.0;25.9;0.1;0.1;0.1;0.2;
2/2/2017 1:39:08 PM;994;26.0;27.2;26.0;25.9;0.1;0.1;0.1;0.2;
2/2/2017 1:39:09 PM;995;26.0;27.2;26.0;25.9;0.1;0.1;0.1;0.2;
2/2/2017 1:39:10 PM;996;26.0;27.2;26.0;25.9;0.1;0.1;0.1;0.2;
2/2/2017 1:39:11 PM;997;26.0;27.2;26.0;25.9;0.1;0.1;0.1;0.2;
2/2/2017 1:39:12 PM;998;26.0;27.2;26.0;25.9;0.1;0.1;0.1;0.2;
2/2/2017 1:39:13 PM;999;26.0;27.2;26.0;25.9;0.1;0.1;0.1;0.2;
2/2/2017 1:39:14 PM;1000;26.0;27.2;26.0;25.9;0.1;0.1;0.1;0.2;
2/2/2017 1:39:15 PM;1001;26.0;27.3;26.0;25.9;0.1;0.1;0.1;0.2;
2/2/2017 1:39:16 PM;1002;26.0;27.3;26.0;25.9;0.1;0.1;0.1;0.2;
2/2/2017 1:39:17 PM;1003;26.1;27.3;26.0;25.9;0.1;0.1;0.1;0.2;
2/2/2017 1:39:18 PM;1004;26.1;27.3;26.0;25.9;0.1;0.1;0.1;0.2;
2/2/2017 1:39:19 PM;1005;26.1;27.3;26.0;25.9;0.1;0.1;0.1;0.2;
2/2/2017 1:39:20 PM;1006;26.1;27.3;26.0;25.9;0.1;0.1;0.1;0.2;
2/2/2017 1:39:21 PM;1007;26.1;27.3;26.0;25.9;0.1;0.1;0.1;0.2;
2/2/2017 1:39:22 PM;1008;26.1;27.3;26.0;25.9;0.1;0.1;0.1;0.2;
2/2/2017 1:39:23 PM;1009;26.1;27.3;26.0;25.9;0.1;0.1;0.1;0.2;
2/2/2017 1:39:24 PM;1010;26.1;27.3;26.0;25.9;0.1;0.1;0.1;0.2;
2/2/2017 1:39:25 PM;1011;26.1;27.3;26.0;25.9;0.1;0.1;0.1;0.2;
2/2/2017 1:39:26 PM;1012;26.1;27.3;26.0;25.9;0.1;0.1;0.1;0.2;
2/2/2017 1:39:27 PM;1013;26.1;27.3;26.0;25.9;0.1;0.1;0.1;0.2;
2/2/2017 1:39:28 PM;1014;26.1;27.3;26.0;25.9;0.1;0.1;0.1;0.2;
2/2/2017 1:39:29 PM;1015;26.1;27.3;26.0;25.9;0.1;0.1;0.1;0.2;
2/2/2017 1:39:30 PM;1016;26.1;27.3;26.0;25.9;0.1;0.1;0.1;0.2;
2/2/2017 1:39:31 PM;1017;26.1;27.3;26.0;25.9;0.1;0.1;0.1;0.2;
2/2/2017 1:39:32 PM;1018;26.1;27.3;26.0;25.9;0.1;0.1;0.1;0.2;
2/2/2017 1:39:33 PM;1019;26.1;27.3;26.0;25.9;0.1;0.1;0.1;0.2;
2/2/2017 1:39:34 PM;1020;26.1;27.3;26.0;25.9;0.1;0.1;0.1;0.2;
2/2/2017 1:39:35 PM;1021;26.1;27.3;26.0;25.9;0.1;0.1;0.1;0.2;
2/2/2017 1:39:36 PM;1022;26.1;27.3;26.0;25.9;0.1;0.1;0.1;0.2;
2/2/2017 1:39:37 PM;1023;26.1;27.3;26.0;25.9;0.1;0.1;0.1;0.2;
2/2/2017 1:39:38 PM;1024;26.1;27.3;26.0;25.9;0.1;0.1;0.1;0.2;
2/2/2017 1:39:39 PM;1025;26.1;27.4;26.0;25.9;0.1;0.1;0.1;0.2;
2/2/2017 1:39:40 PM;1026;26.1;27.4;26.0;25.9;0.1;0.1;0.1;0.2;
2/2/2017 1:39:41 PM;1027;26.1;27.4;26.0;25.9;0.1;0.1;0.1;0.2;
2/2/2017 1:39:42 PM;1028;26.1;27.5;26.0;25.9;0.1;0.1;0.1;0.2;
2/2/2017 1:39:43 PM;1029;26.1;27.5;26.0;25.9;0.1;0.1;0.1;0.2;
2/2/2017 1:39:44 PM;1030;26.1;27.5;26.0;25.9;0.1;0.1;0.1;0.2;
2/2/2017 1:39:45 PM;1031;26.1;27.5;26.0;25.9;0.1;0.1;0.1;0.2;
2/2/2017 1:39:46 PM;1032;26.1;27.5;26.0;25.9;0.1;0.1;0.1;0.2;
2/2/2017 1:39:47 PM;1033;26.2;27.5;26.0;25.9;0.1;0.1;0.1;0.2;
2/2/2017 1:39:48 PM;1034;26.2;27.5;26.0;25.9;0.1;0.1;0.1;0.2;
2/2/2017 1:39:49 PM;1035;26.2;27.5;26.0;25.9;0.1;0.1;0.1;0.2;
2/2/2017 1:39:50 PM;1036;26.2;27.5;26.0;25.9;0.1;0.1;0.1;0.2;
2/2/2017 1:39:51 PM;1037;26.3;27.5;26.0;25.9;0.1;0.1;0.1;0.2;
2/2/2017 1:39:52 PM;1038;26.3;27.6;26.0;25.9;0.1;0.1;0.1;0.2;
2/2/2017 1:39:53 PM;1039;26.3;27.6;26.0;25.9;0.1;0.1;0.1;0.2;
2/2/2017 1:39:54 PM;1040;26.3;27.7;26.0;25.9;0.1;0.1;0.1;0.2;
2/2/2017 1:39:55 PM;1041;26.3;27.7;26.0;25.9;0.1;0.1;0.1;0.2;
2/2/2017 1:39:56 PM;1042;26.3;27.7;26.0;25.9;0.1;0.1;0.1;0.2;
2/2/2017 1:39:57 PM;1043;26.3;27.7;26.0;25.9;0.1;0.1;0.1;0.2;
2/2/2017 1:39:58 PM;1044;26.3;27.7;26.0;25.9;0.1;0.1;0.1;0.2;
2/2/2017 1:39:59 PM;1045;26.3;27.7;26.0;25.9;0.1;0.1;0.1;0.2;
2/2/2017 1:40:00 PM;1046;26.4;27.7;26.0;25.9;0.1;0.1;0.1;0.2;
2/2/2017 1:40:01 PM;1047;26.4;27.7;26.0;25.9;0.1;0.1;0.1;0.2;
2/2/2017 1:40:02 PM;1048;26.5;27.7;26.0;25.9;0.1;0.1;0.1;0.2;
2/2/2017 1:40:03 PM;1049;26.5;27.8;26.0;25.9;0.1;0.1;0.1;0.2;
2/2/2017 1:40:04 PM;1050;26.5;27.8;26.0;25.9;0.1;0.1;0.1;0.2;
2/2/2017 1:40:05 PM;1051;26.5;27.9;26.0;25.9;0.1;0.1;0.1;0.2;
2/2/2017 1:40:06 PM;1052;26.5;27.9;26.0;25.9;0.1;0.1;0.1;0.2;
2/2/2017 1:40:07 PM;1053;26.6;27.9;26.0;25.9;0.1;0.1;0.1;0.2;
2/2/2017 1:40:08 PM;1054;26.6;27.9;26.0;25.9;0.1;0.1;0.1;0.2;
2/2/2017 1:40:09 PM;1055;26.6;28.0;26.0;25.9;0.1;0.1;0.1;0.2;
2/2/2017 1:40:10 PM;1056;26.6;28.0;26.0;25.9;0.1;0.1;0.1;0.2;
2/2/2017 1:40:11 PM;1057;26.6;28.0;26.0;25.9;0.1;0.1;0.1;0.2;
2/2/2017 1:40:12 PM;1058;26.6;28.0;26.0;25.9;0.1;0.1;0.1;0.2;
2/2/2017 1:40:13 PM;1059;26.7;28.0;26.0;26.0;0.1;0.1;0.1;0.2;
2/2/2017 1:40:14 PM;1060;26.7;28.0;26.0;26.0;0.1;0.1;0.1;0.2;
2/2/2017 1:40:15 PM;1061;26.8;28.0;26.0;26.1;0.1;0.1;0.1;0.2;
2/2/2017 1:40:16 PM;1062;26.9;28.0;26.0;26.1;0.1;0.1;0.1;0.2;
2/2/2017 1:40:17 PM;1063;26.9;28.1;26.0;26.1;0.1;0.1;0.1;0.2;
2/2/2017 1:40:18 PM;1064;26.9;28.1;26.0;26.1;0.1;0.1;0.1;0.2;
2/2/2017 1:40:19 PM;1065;26.9;28.2;26.0;26.1;0.1;0.1;0.1;0.2;
2/2/2017 1:40:20 PM;1066;26.9;28.3;26.0;26.1;0.1;0.1;0.1;0.2;
2/2/2017 1:40:21 PM;1067;26.9;28.3;26.0;26.0;0.1;0.1;0.1;0.2;
2/2/2017 1:40:22 PM;1068;27.0;28.3;26.0;26.0;0.1;0.1;0.1;0.2;
2/2/2017 1:40:23 PM;1069;27.1;28.4;26.0;26.0;0.1;0.1;0.1;0.2;
2/2/2017 1:40:24 PM;1070;27.2;28.4;26.0;26.0;0.1;0.1;0.1;0.2;
2/2/2017 1:40:25 PM;1071;27.2;28.4;26.0;26.0;0.1;0.1;0.1;0.2;
2/2/2017 1:40:26 PM;1072;27.2;28.5;26.0;26.1;0.1;0.1;0.1;0.2;
2/2/2017 1:40:27 PM;1073;27.1;28.6;26.0;26.1;0.1;0.1;0.1;0.2;
2/2/2017 1:40:28 PM;1074;27.1;28.7;26.0;26.1;0.1;0.1;0.1;0.2;
2/2/2017 1:40:29 PM;1075;27.1;28.7;26.0;26.1;0.1;0.1;0.1;0.2;
2/2/2017 1:40:30 PM;1076;27.2;28.8;26.0;26.1;0.1;0.1;0.1;0.2;
2/2/2017 1:40:31 PM;1077;27.3;28.9;26.0;26.1;0.1;0.1;0.1;0.2;
2/2/2017 1:40:32 PM;1078;27.4;28.9;26.0;26.1;0.1;0.1;0.1;0.2;
2/2/2017 1:40:33 PM;1079;27.5;29.0;26.0;26.1;0.1;0.1;0.1;0.2;
2/2/2017 1:40:34 PM;1080;27.6;29.1;26.0;26.1;0.1;0.1;0.1;0.2;
2/2/2017 1:40:35 PM;1081;27.7;29.0;26.0;26.1;0.1;0.1;0.1;0.2;
2/2/2017 1:40:36 PM;1082;27.8;29.0;26.0;26.1;0.1;0.1;0.1;0.2;
2/2/2017 1:40:37 PM;1083;27.8;29.0;26.0;26.1;0.1;0.1;0.1;0.2;
2/2/2017 1:40:38 PM;1084;27.8;29.0;26.0;26.2;0.1;0.1;0.1;0.2;
2/2/2017 1:40:39 PM;1085;27.8;29.1;26.0;26.2;0.1;0.1;0.1;0.2;
2/2/2017 1:40:40 PM;1086;27.8;29.3;26.0;26.2;0.1;0.1;0.1;0.2;
2/2/2017 1:40:41 PM;1087;27.7;29.5;26.0;26.2;0.1;0.1;0.1;0.2;
2/2/2017 1:40:42 PM;1088;27.8;29.6;26.0;26.2;0.1;0.1;0.1;0.2;
2/2/2017 1:40:43 PM;1089;27.9;29.8;26.0;26.2;0.1;0.1;0.1;0.2;
2/2/2017 1:40:44 PM;1090;28.0;29.8;26.1;26.2;0.1;0.1;0.1;0.2;
2/2/2017 1:40:45 PM;1091;28.2;29.8;26.1;26.2;0.1;0.1;0.1;0.2;
2/2/2017 1:40:46 PM;1092;28.2;29.8;26.1;26.2;0.1;0.1;0.1;0.2;
2/2/2017 1:40:47 PM;1093;28.2;29.8;26.1;26.2;0.1;0.1;0.1;0.2;
2/2/2017 1:40:48 PM;1094;28.3;29.9;26.1;26.3;0.1;0.1;0.1;0.2;
2/2/2017 1:40:49 PM;1095;28.4;29.9;26.1;26.3;0.1;0.1;0.1;0.2;
2/2/2017 1:40:50 PM;1096;28.4;29.9;26.2;26.3;0.1;0.1;0.1;0.2;
2/2/2017 1:40:51 PM;1097;28.5;30.0;26.2;26.4;0.1;0.1;0.1;0.2;
2/2/2017 1:40:52 PM;1098;28.7;30.1;26.2;26.4;0.1;0.1;0.1;0.2;
2/2/2017 1:40:53 PM;1099;28.8;30.1;26.2;26.4;0.1;0.1;0.1;0.2;
2/2/2017 1:40:54 PM;1100;29.0;30.2;26.2;26.4;0.1;0.1;0.1;0.2;
2/2/2017 1:40:55 PM;1101;29.2;30.3;26.2;26.4;0.1;0.1;0.1;0.2;
2/2/2017 1:40:56 PM;1102;29.3;30.4;26.2;26.5;0.1;0.1;0.1;0.2;
2/2/2017 1:40:57 PM;1103;29.5;30.5;26.2;26.5;0.1;0.1;0.1;0.2;
2/2/2017 1:40:58 PM;1104;29.6;30.6;26.2;26.6;0.1;0.1;0.1;0.2;
2/2/2017 1:40:59 PM;1105;29.6;30.8;26.2;26.6;0.1;0.1;0.1;0.2;
2/2/2017 1:41:00 PM;1106;29.6;30.9;26.2;26.6;0.1;0.1;0.1;0.2;
2/2/2017 1:41:01 PM;1107;29.5;31.0;26.2;26.6;0.1;0.1;0.1;0.2;
2/2/2017 1:41:02 PM;1108;29.5;31.1;26.2;26.6;0.1;0.1;0.1;0.2;
2/2/2017 1:41:03 PM;1109;29.6;31.3;26.2;26.6;0.1;0.1;0.1;0.2;
2/2/2017 1:41:04 PM;1110;29.7;31.3;26.2;26.6;0.1;0.1;0.1;0.2;
2/2/2017 1:41:05 PM;1111;30.0;31.5;26.2;26.6;0.1;0.1;0.1;0.2;
2/2/2017 1:41:06 PM;1112;30.3;31.8;26.2;26.7;0.1;0.1;0.1;0.2;
2/2/2017 1:41:07 PM;1113;30.4;32.0;26.2;26.7;0.1;0.1;0.1;0.2;
2/2/2017 1:41:08 PM;1114;30.5;32.1;26.2;26.8;0.1;0.1;0.1;0.2;
2/2/2017 1:41:09 PM;1115;30.8;32.3;26.2;26.8;0.1;0.1;0.1;0.2;
2/2/2017 1:41:10 PM;1116;30.9;32.3;26.2;26.9;0.1;0.1;0.1;0.2;
2/2/2017 1:41:11 PM;1117;30.9;32.3;26.2;26.9;0.1;0.1;0.1;0.2;
2/2/2017 1:41:12 PM;1118;31.0;32.4;26.2;27.0;0.1;0.1;0.1;0.2;
2/2/2017 1:41:13 PM;1119;31.1;32.5;26.3;27.0;0.1;0.1;0.1;0.2;
2/2/2017 1:41:14 PM;1120;30.9;32.7;26.3;27.0;0.1;0.1;0.1;0.2;
2/2/2017 1:41:15 PM;1121;30.8;32.8;26.3;27.0;0.1;0.1;0.1;0.2;
2/2/2017 1:41:16 PM;1122;30.9;32.9;26.3;27.0;0.1;0.1;0.1;0.2;
2/2/2017 1:41:17 PM;1123;30.9;32.9;26.3;27.0;0.1;0.1;0.1;0.2;
2/2/2017 1:41:18 PM;1124;31.0;32.7;26.3;27.1;0.1;0.1;0.1;0.2;
2/2/2017 1:41:19 PM;1125;31.1;32.9;26.3;27.2;0.1;0.1;0.1;0.2;
2/2/2017 1:41:20 PM;1126;31.3;33.1;26.3;27.3;0.1;0.1;0.1;0.2;
2/2/2017 1:41:21 PM;1127;31.4;33.3;26.3;27.4;0.1;0.1;0.1;0.2;
2/2/2017 1:41:22 PM;1128;31.6;33.7;26.3;27.4;0.1;0.1;0.1;0.2;
2/2/2017 1:41:23 PM;1129;32.0;33.9;26.3;27.4;0.1;0.1;0.1;0.2;
2/2/2017 1:41:24 PM;1130;32.3;34.0;26.3;27.4;0.1;0.1;0.1;0.2;
2/2/2017 1:41:25 PM;1131;32.6;34.0;26.3;27.4;0.1;0.1;0.1;0.2;
2/2/2017 1:41:26 PM;1132;32.8;34.0;26.3;27.5;0.1;0.1;0.1;0.2;
2/2/2017 1:41:27 PM;1133;33.0;34.0;26.3;27.6;0.1;0.1;0.1;0.2;
2/2/2017 1:41:28 PM;1134;33.0;34.2;26.3;27.8;0.1;0.1;0.1;0.2;
2/2/2017 1:41:29 PM;1135;33.0;34.4;26.3;27.9;0.1;0.1;0.1;0.2;
2/2/2017 1:41:30 PM;1136;33.0;34.6;26.3;28.1;0.1;0.1;0.1;0.2;
2/2/2017 1:41:31 PM;1137;32.8;34.9;26.3;28.1;0.1;0.1;0.1;0.2;
2/2/2017 1:41:32 PM;1138;33.0;35.2;26.3;28.1;0.1;0.1;0.1;0.2;
2/2/2017 1:41:33 PM;1139;33.3;35.3;26.3;28.1;0.1;0.1;0.1;0.2;
2/2/2017 1:41:34 PM;1140;33.5;35.5;26.3;28.1;0.1;0.1;0.1;0.2;
2/2/2017 1:41:35 PM;1141;33.6;35.4;26.3;28.1;0.1;0.1;0.1;0.2;
2/2/2017 1:41:36 PM;1142;33.7;35.3;26.3;28.1;0.1;0.1;0.1;0.2;
2/2/2017 1:41:37 PM;1143;33.8;35.4;26.3;28.1;0.1;0.1;0.1;0.2;
2/2/2017 1:41:38 PM;1144;33.9;35.2;26.3;28.2;0.1;0.1;0.1;0.2;
2/2/2017 1:41:39 PM;1145;34.1;35.4;26.4;28.3;0.1;0.1;0.1;0.2;
2/2/2017 1:41:40 PM;1146;34.2;36.0;26.4;28.4;0.1;0.1;0.1;0.2;
2/2/2017 1:41:41 PM;1147;34.4;36.3;26.4;28.5;0.1;0.1;0.1;0.2;
2/2/2017 1:41:42 PM;1148;34.4;36.4;26.5;28.6;0.1;0.1;0.1;0.2;
2/2/2017 1:41:43 PM;1149;34.3;37.0;26.5;28.6;0.1;0.1;0.1;0.2;
2/2/2017 1:41:44 PM;1150;34.5;37.2;26.5;28.6;0.1;0.1;0.1;0.2;
2/2/2017 1:41:45 PM;1151;34.9;37.5;26.5;28.6;0.1;0.1;0.1;0.2;
2/2/2017 1:41:46 PM;1152;35.4;37.7;26.5;28.6;0.1;0.1;0.1;0.2;
2/2/2017 1:41:47 PM;1153;35.8;38.0;26.5;28.7;0.1;0.1;0.1;0.2;
2/2/2017 1:41:48 PM;1154;36.1;37.9;26.6;28.7;0.1;0.1;0.1;0.2;
2/2/2017 1:41:49 PM;1155;36.4;38.0;26.6;28.9;0.1;0.1;0.1;0.2;
2/2/2017 1:41:50 PM;1156;36.4;37.9;26.7;28.9;0.1;0.1;0.1;0.2;
2/2/2017 1:41:51 PM;1157;36.3;38.1;26.7;29.0;0.1;0.1;0.1;0.2;
2/2/2017 1:41:52 PM;1158;36.3;38.3;26.7;29.1;0.1;0.1;0.1;0.2;
2/2/2017 1:41:53 PM;1159;36.7;38.7;26.7;29.2;0.1;0.1;0.1;0.2;
2/2/2017 1:41:54 PM;1160;37.0;38.9;26.7;29.3;0.1;0.1;0.1;0.2;
2/2/2017 1:41:55 PM;1161;37.5;39.1;26.7;29.4;0.1;0.1;0.1;0.2;
2/2/2017 1:41:56 PM;1162;37.9;39.4;26.7;29.5;0.1;0.1;0.1;0.2;
2/2/2017 1:41:57 PM;1163;38.0;39.4;26.7;29.6;0.1;0.1;0.1;0.2;
2/2/2017 1:41:58 PM;1164;38.1;39.4;26.7;29.7;0.1;0.1;0.1;0.2;
2/2/2017 1:41:59 PM;1165;38.0;39.5;26.7;29.7;0.1;0.1;0.1;0.2;
2/2/2017 1:42:00 PM;1166;37.8;39.8;26.7;29.9;0.1;0.1;0.1;0.2;
2/2/2017 1:42:01 PM;1167;37.9;39.9;26.7;30.0;0.1;0.1;0.1;0.2;
2/2/2017 1:42:02 PM;1168;38.1;40.2;26.8;30.2;0.1;0.1;0.1;0.2;
2/2/2017 1:42:03 PM;1169;38.3;40.5;26.9;30.3;0.1;0.1;0.1;0.2;
2/2/2017 1:42:04 PM;1170;38.4;40.8;27.0;30.3;0.1;0.1;0.1;0.2;
2/2/2017 1:42:05 PM;1171;38.7;41.0;27.1;30.4;0.1;0.1;0.1;0.2;
2/2/2017 1:42:06 PM;1172;39.1;41.2;27.3;30.5;0.1;0.1;0.1;0.2;
2/2/2017 1:42:07 PM;1173;39.5;41.4;27.4;30.6;0.1;0.1;0.1;0.2;
2/2/2017 1:42:08 PM;1174;39.9;41.7;27.5;30.7;0.1;0.1;0.1;0.2;
2/2/2017 1:42:09 PM;1175;40.3;42.2;27.6;30.9;0.1;0.1;0.1;0.2;
2/2/2017 1:42:10 PM;1176;40.5;42.5;27.7;31.0;0.1;0.1;0.1;0.2;
2/2/2017 1:42:11 PM;1177;40.4;42.6;27.7;31.2;0.1;0.1;0.1;0.2;
2/2/2017 1:42:12 PM;1178;40.3;42.6;27.7;31.4;0.1;0.1;0.1;0.2;
2/2/2017 1:42:13 PM;1179;40.1;42.7;27.8;31.7;0.1;0.1;0.1;0.2;
2/2/2017 1:42:14 PM;1180;40.1;42.5;27.8;31.7;0.1;0.1;0.1;0.2;
2/2/2017 1:42:15 PM;1181;40.0;42.4;27.8;31.8;0.1;0.1;0.1;0.2;
2/2/2017 1:42:16 PM;1182;40.0;42.6;27.8;31.9;0.1;0.1;0.1;0.2;
2/2/2017 1:42:17 PM;1183;40.2;42.6;27.9;31.8;0.1;0.1;0.1;0.2;
2/2/2017 1:42:18 PM;1184;40.4;42.4;27.9;31.6;0.1;0.1;0.1;0.2;
2/2/2017 1:42:19 PM;1185;40.6;42.4;27.9;31.6;0.1;0.1;0.1;0.2;
2/2/2017 1:42:20 PM;1186;41.2;42.6;28.0;31.5;0.1;0.1;0.1;0.2;
2/2/2017 1:42:21 PM;1187;41.9;42.7;28.1;31.5;0.1;0.1;0.1;0.2;
2/2/2017 1:42:22 PM;1188;42.1;43.0;28.1;31.6;0.1;0.1;0.1;0.2;
2/2/2017 1:42:23 PM;1189;42.2;43.1;28.2;31.7;0.1;0.1;0.1;0.2;
2/2/2017 1:42:24 PM;1190;42.3;43.2;28.2;31.9;0.1;0.1;0.1;0.2;
2/2/2017 1:42:25 PM;1191;42.5;43.2;28.2;32.2;0.1;0.1;0.1;0.2;
2/2/2017 1:42:26 PM;1192;42.3;43.4;28.1;32.4;0.1;0.1;0.1;0.2;
2/2/2017 1:42:27 PM;1193;42.3;43.7;28.2;32.7;0.1;0.1;0.1;0.2;
2/2/2017 1:42:28 PM;1194;42.3;43.9;28.3;33.0;0.1;0.1;0.1;0.2;
2/2/2017 1:42:29 PM;1195;42.8;44.3;28.4;33.1;0.1;0.1;0.1;0.2;
2/2/2017 1:42:30 PM;1196;43.0;44.6;28.5;33.3;0.1;0.1;0.1;0.2;
2/2/2017 1:42:31 PM;1197;43.2;44.7;28.6;33.3;0.1;0.1;0.1;0.2;
2/2/2017 1:42:32 PM;1198;43.6;44.8;28.6;33.3;0.1;0.1;0.1;0.2;
2/2/2017 1:42:33 PM;1199;43.8;45.3;28.7;33.4;0.1;0.1;0.1;0.2;
2/2/2017 1:42:34 PM;1200;43.9;45.4;28.7;33.4;0.1;0.1;0.1;0.2;
2/2/2017 1:42:35 PM;1201;43.9;45.5;28.7;33.4;0.1;0.1;0.1;0.2;
2/2/2017 1:42:36 PM;1202;44.2;46.0;28.8;33.4;0.1;0.1;0.1;0.2;
2/2/2017 1:42:37 PM;1203;44.7;46.4;28.8;33.5;0.1;0.1;0.1;0.2;
2/2/2017 1:42:38 PM;1204;45.3;46.6;28.8;33.7;0.1;0.1;0.1;0.2;
2/2/2017 1:42:39 PM;1205;46.0;46.6;28.8;33.9;0.1;0.1;0.1;0.2;
2/2/2017 1:42:40 PM;1206;46.5;46.9;28.8;34.1;0.1;0.1;0.1;0.2;
2/2/2017 1:42:41 PM;1207;47.1;47.0;28.9;34.4;0.1;0.1;0.1;0.2;
2/2/2017 1:42:42 PM;1208;47.5;47.4;28.9;34.4;0.1;0.1;0.1;0.2;
2/2/2017 1:42:43 PM;1209;47.7;47.8;28.9;34.5;0.1;0.1;0.1;0.2;
2/2/2017 1:42:44 PM;1210;47.7;48.4;28.9;34.7;0.1;0.1;0.1;0.2;
2/2/2017 1:42:45 PM;1211;47.7;48.9;28.9;35.0;0.1;0.1;0.1;0.2;
2/2/2017 1:42:46 PM;1212;47.4;49.2;28.9;35.3;0.1;0.1;0.1;0.2;
2/2/2017 1:42:47 PM;1213;47.3;49.3;28.9;35.7;0.1;0.1;0.1;0.2;
2/2/2017 1:42:48 PM;1214;47.2;49.4;29.0;36.1;0.1;0.1;0.1;0.2;
2/2/2017 1:42:49 PM;1215;47.3;49.7;29.0;36.4;0.1;0.1;0.1;0.2;
2/2/2017 1:42:50 PM;1216;47.5;50.0;29.2;36.6;0.1;0.1;0.1;0.2;
2/2/2017 1:42:51 PM;1217;47.9;49.9;29.4;36.8;0.1;0.1;0.1;0.2;
2/2/2017 1:42:52 PM;1218;47.9;49.9;29.6;37.0;0.1;0.1;0.1;0.2;
2/2/2017 1:42:53 PM;1219;48.4;49.9;29.8;37.1;0.1;0.1;0.1;0.2;
2/2/2017 1:42:54 PM;1220;48.8;50.0;30.0;36.9;0.1;0.1;0.1;0.2;
2/2/2017 1:42:55 PM;1221;49.1;50.1;30.2;36.9;0.1;0.1;0.1;0.2;
2/2/2017 1:42:56 PM;1222;49.1;50.5;30.2;36.9;0.1;0.1;0.1;0.2;
2/2/2017 1:42:57 PM;1223;49.3;50.9;30.3;36.9;0.1;0.1;0.1;0.2;
2/2/2017 1:42:58 PM;1224;49.8;51.5;30.4;36.9;0.1;0.1;0.1;0.2;
2/2/2017 1:42:59 PM;1225;50.2;51.8;30.5;37.0;0.1;0.1;0.1;0.2;
2/2/2017 1:43:00 PM;1226;50.4;52.2;30.6;37.1;0.1;0.1;0.1;0.2;
2/2/2017 1:43:01 PM;1227;50.9;52.4;30.8;37.2;0.1;0.1;0.1;0.2;
2/2/2017 1:43:02 PM;1228;51.4;52.5;30.9;37.5;0.1;0.1;0.1;0.2;
2/2/2017 1:43:03 PM;1229;51.4;52.6;31.0;37.7;0.1;0.1;0.1;0.2;
2/2/2017 1:43:04 PM;1230;51.3;52.6;31.0;37.9;0.1;0.1;0.1;0.2;
2/2/2017 1:43:05 PM;1231;51.2;52.5;31.1;38.1;0.1;0.1;0.1;0.2;
2/2/2017 1:43:06 PM;1232;51.1;52.7;31.1;38.2;0.1;0.1;0.1;0.2;
2/2/2017 1:43:07 PM;1233;50.9;52.9;31.1;38.2;0.1;0.1;0.1;0.2;
2/2/2017 1:43:08 PM;1234;51.0;52.6;31.1;38.1;0.1;0.1;0.1;0.2;
2/2/2017 1:43:09 PM;1235;51.7;52.9;31.2;38.0;0.1;0.1;0.1;0.2;
2/2/2017 1:43:10 PM;1236;52.2;53.1;31.3;38.0;0.1;0.1;0.1;0.2;
2/2/2017 1:43:11 PM;1237;52.5;53.0;31.3;38.2;0.1;0.1;0.1;0.2;
2/2/2017 1:43:12 PM;1238;52.9;52.8;31.5;38.4;0.1;0.1;0.1;0.2;
2/2/2017 1:43:13 PM;1239;53.0;53.0;31.5;38.8;0.1;0.1;0.1;0.2;
2/2/2017 1:43:14 PM;1240;53.4;52.8;31.6;39.1;0.1;0.1;0.1;0.2;
2/2/2017 1:43:15 PM;1241;54.1;52.9;31.8;39.3;0.1;0.1;0.1;0.2;
2/2/2017 1:43:16 PM;1242;54.8;53.1;32.0;39.6;0.1;0.1;0.1;0.2;
2/2/2017 1:43:17 PM;1243;55.0;53.4;32.2;40.1;0.1;0.1;0.1;0.2;
2/2/2017 1:43:18 PM;1244;55.1;53.5;32.4;40.5;0.1;0.1;0.1;0.2;
2/2/2017 1:43:19 PM;1245;54.4;53.8;32.7;40.8;0.1;0.1;0.1;0.2;
2/2/2017 1:43:20 PM;1246;53.8;53.9;32.8;41.2;0.1;0.1;0.1;0.2;
2/2/2017 1:43:21 PM;1247;53.6;54.2;32.9;41.3;0.1;0.1;0.1;0.2;
2/2/2017 1:43:22 PM;1248;53.6;54.6;33.0;41.0;0.1;0.1;0.1;0.2;
2/2/2017 1:43:23 PM;1249;53.6;55.1;33.1;40.7;0.1;0.1;0.1;0.2;
2/2/2017 1:43:24 PM;1250;54.0;55.1;33.1;40.6;0.1;0.1;0.1;0.2;
2/2/2017 1:43:25 PM;1251;54.3;55.5;33.2;40.5;0.1;0.1;0.1;0.2;
2/2/2017 1:43:26 PM;1252;54.7;55.9;33.3;40.7;0.1;0.1;0.1;0.2;
2/2/2017 1:43:27 PM;1253;55.0;56.1;33.6;40.9;0.1;0.1;0.1;0.2;
2/2/2017 1:43:28 PM;1254;55.4;56.5;33.8;41.3;0.1;0.1;0.1;0.2;
2/2/2017 1:43:29 PM;1255;55.2;56.7;34.0;41.7;0.1;0.1;0.1;0.2;
2/2/2017 1:43:30 PM;1256;54.9;56.7;34.2;42.0;0.1;0.1;0.1;0.2;
2/2/2017 1:43:31 PM;1257;54.9;56.4;34.3;42.2;0.1;0.1;0.1;0.2;
2/2/2017 1:43:32 PM;1258;55.2;56.2;34.2;42.4;0.1;0.1;0.1;0.2;
2/2/2017 1:43:33 PM;1259;55.5;55.8;34.0;42.4;0.1;0.1;0.1;0.2;
2/2/2017 1:43:34 PM;1260;55.9;56.2;33.9;42.4;0.1;0.1;0.1;0.2;
2/2/2017 1:43:35 PM;1261;56.5;56.4;33.8;42.4;0.1;0.1;0.1;0.2;
2/2/2017 1:43:36 PM;1262;57.1;56.6;33.6;42.7;0.1;0.1;0.1;0.2;
2/2/2017 1:43:37 PM;1263;57.6;56.8;33.5;43.0;0.1;0.1;0.1;0.2;
2/2/2017 1:43:38 PM;1264;57.8;56.9;33.4;43.2;0.1;0.1;0.1;0.2;
2/2/2017 1:43:39 PM;1265;58.5;57.1;33.2;43.5;0.1;0.1;0.1;0.2;
2/2/2017 1:43:40 PM;1266;59.0;57.7;33.4;43.7;0.1;0.1;0.1;0.2;
2/2/2017 1:43:41 PM;1267;58.8;58.0;33.4;43.7;0.1;0.1;0.1;0.2;
2/2/2017 1:43:42 PM;1268;58.4;58.5;33.6;43.7;0.1;0.1;0.1;0.2;
2/2/2017 1:43:43 PM;1269;58.1;59.1;33.7;43.9;0.1;0.1;0.1;0.2;
2/2/2017 1:43:44 PM;1270;57.6;59.4;33.9;44.2;0.1;0.1;0.1;0.2;
2/2/2017 1:43:45 PM;1271;57.3;59.4;34.0;44.5;0.1;0.1;0.1;0.2;
2/2/2017 1:43:46 PM;1272;57.2;59.6;34.0;44.7;0.1;0.1;0.1;0.2;
2/2/2017 1:43:47 PM;1273;57.2;59.8;34.1;44.9;0.1;0.1;0.1;0.2;
2/2/2017 1:43:48 PM;1274;57.6;60.3;34.2;45.0;0.1;0.1;0.1;0.2;
2/2/2017 1:43:49 PM;1275;58.3;60.4;34.3;44.8;0.1;0.1;0.1;0.2;
2/2/2017 1:43:50 PM;1276;59.2;60.7;34.4;44.7;0.1;0.1;0.1;0.2;
2/2/2017 1:43:51 PM;1277;59.7;60.8;34.6;44.8;0.1;0.1;0.1;0.2;
2/2/2017 1:43:52 PM;1278;60.3;61.1;34.6;44.9;0.1;0.1;0.1;0.2;
2/2/2017 1:43:53 PM;1279;60.5;60.8;34.6;44.9;0.1;0.1;0.1;0.2;
2/2/2017 1:43:54 PM;1280;60.3;60.7;34.6;45.1;0.1;0.1;0.1;0.2;
2/2/2017 1:43:55 PM;1281;60.0;60.7;34.6;45.3;0.1;0.1;0.1;0.2;
2/2/2017 1:43:56 PM;1282;59.8;60.7;34.6;45.6;0.1;0.1;0.1;0.2;
2/2/2017 1:43:57 PM;1283;60.0;60.7;34.6;45.9;0.1;0.1;0.1;0.2;
2/2/2017 1:43:58 PM;1284;60.2;61.0;34.7;46.1;0.1;0.1;0.1;0.2;
2/2/2017 1:43:59 PM;1285;60.3;61.1;35.0;46.2;0.1;0.1;0.1;0.2;
2/2/2017 1:44:00 PM;1286;60.5;61.1;35.5;46.3;0.1;0.1;0.1;0.2;
2/2/2017 1:44:01 PM;1287;60.7;61.3;35.6;46.2;0.1;0.1;0.1;0.2;
2/2/2017 1:44:02 PM;1288;61.0;61.4;36.1;46.2;0.1;0.1;0.1;0.2;
2/2/2017 1:44:03 PM;1289;61.4;61.3;36.7;46.4;0.1;0.1;0.1;0.2;
2/2/2017 1:44:04 PM;1290;61.9;61.3;36.8;46.7;0.1;0.1;0.1;0.2;
2/2/2017 1:44:05 PM;1291;62.0;61.3;36.7;47.1;0.1;0.1;0.1;0.2;
2/2/2017 1:44:06 PM;1292;62.1;61.1;37.0;47.4;0.1;0.1;0.1;0.2;
2/2/2017 1:44:07 PM;1293;62.1;61.0;37.1;47.6;0.1;0.1;0.1;0.2;
2/2/2017 1:44:08 PM;1294;62.0;61.1;37.1;47.6;0.1;0.1;0.1;0.2;
2/2/2017 1:44:09 PM;1295;61.8;61.3;37.3;47.7;0.1;0.1;0.1;0.2;
2/2/2017 1:44:10 PM;1296;61.7;61.2;37.5;47.8;0.1;0.1;0.1;0.2;
2/2/2017 1:44:11 PM;1297;61.4;61.6;37.6;48.1;0.1;0.1;0.1;0.2;
2/2/2017 1:44:12 PM;1298;61.1;61.9;37.6;48.2;0.1;0.1;0.1;0.2;
2/2/2017 1:44:13 PM;1299;61.0;62.3;37.8;48.3;0.1;0.1;0.1;0.2;
2/2/2017 1:44:14 PM;1300;61.0;62.5;38.0;48.2;0.1;0.1;0.1;0.2;
2/2/2017 1:44:15 PM;1301;61.6;62.9;38.2;48.1;0.1;0.1;0.1;0.2;
2/2/2017 1:44:16 PM;1302;62.3;63.2;38.5;48.1;0.1;0.1;0.1;0.2;
2/2/2017 1:44:17 PM;1303;62.6;62.9;38.7;48.3;0.1;0.1;0.1;0.2;
2/2/2017 1:44:18 PM;1304;62.9;62.9;38.8;48.5;0.1;0.1;0.1;0.2;
2/2/2017 1:44:19 PM;1305;63.0;62.9;38.8;48.9;0.1;0.1;0.1;0.2;
2/2/2017 1:44:20 PM;1306;62.5;62.8;38.7;49.2;0.1;0.1;0.1;0.2;
2/2/2017 1:44:21 PM;1307;62.1;62.6;38.7;49.5;0.1;0.1;0.1;0.2;
2/2/2017 1:44:22 PM;1308;62.1;62.9;38.8;49.7;0.1;0.1;0.1;0.2;
2/2/2017 1:44:23 PM;1309;61.9;62.7;38.8;50.0;0.1;0.1;0.1;0.2;
2/2/2017 1:44:24 PM;1310;62.3;62.9;39.0;50.0;0.1;0.1;0.1;0.2;
2/2/2017 1:44:25 PM;1311;62.7;63.1;39.2;50.0;0.1;0.1;0.1;0.2;
2/2/2017 1:44:26 PM;1312;63.0;63.1;39.3;50.2;0.1;0.1;0.1;0.2;
2/2/2017 1:44:27 PM;1313;62.9;63.1;39.3;50.1;0.1;0.1;0.1;0.2;
2/2/2017 1:44:28 PM;1314;62.6;63.2;39.4;50.1;0.1;0.1;0.1;0.2;
2/2/2017 1:44:29 PM;1315;62.3;63.1;39.4;50.2;0.1;0.1;0.1;0.2;
2/2/2017 1:44:30 PM;1316;62.5;63.1;39.5;50.3;0.1;0.1;0.1;0.2;
2/2/2017 1:44:31 PM;1317;62.5;63.3;39.6;50.3;0.1;0.1;0.1;0.2;
2/2/2017 1:44:32 PM;1318;63.0;63.4;39.8;50.4;0.1;0.1;0.1;0.2;
2/2/2017 1:44:33 PM;1319;63.5;63.4;40.3;50.7;0.1;0.1;0.1;0.2;
2/2/2017 1:44:34 PM;1320;63.7;63.5;40.8;51.1;0.1;0.1;0.1;0.2;
2/2/2017 1:44:35 PM;1321;63.8;63.4;41.3;51.7;0.1;0.1;0.1;0.2;
2/2/2017 1:44:36 PM;1322;63.7;63.5;41.7;52.3;0.1;0.1;0.1;0.2;
2/2/2017 1:44:37 PM;1323;63.7;63.6;42.2;52.8;0.1;0.1;0.1;0.2;
2/2/2017 1:44:38 PM;1324;63.7;63.4;42.2;52.9;0.1;0.1;0.1;0.2;
2/2/2017 1:44:39 PM;1325;63.8;63.3;42.2;53.0;0.1;0.1;0.1;0.2;
2/2/2017 1:44:40 PM;1326;63.7;63.5;42.1;52.8;0.1;0.1;0.1;0.2;
2/2/2017 1:44:41 PM;1327;63.7;63.6;42.0;52.6;0.1;0.1;0.1;0.2;
2/2/2017 1:44:42 PM;1328;63.4;63.8;42.0;52.5;0.1;0.1;0.1;0.2;
2/2/2017 1:44:43 PM;1329;63.3;64.2;41.8;52.6;0.1;0.1;0.1;0.2;
2/2/2017 1:44:44 PM;1330;63.2;64.5;41.8;52.6;0.1;0.1;0.1;0.2;
2/2/2017 1:44:45 PM;1331;63.2;64.6;41.8;52.7;0.1;0.1;0.1;0.2;
2/2/2017 1:44:46 PM;1332;63.5;64.6;41.8;53.1;0.1;0.1;0.1;0.2;
2/2/2017 1:44:47 PM;1333;63.9;64.6;41.6;53.3;0.1;0.1;0.1;0.2;
2/2/2017 1:44:48 PM;1334;64.1;64.6;41.4;53.5;0.1;0.1;0.1;0.2;
2/2/2017 1:44:49 PM;1335;64.2;64.4;41.2;53.8;0.1;0.1;0.1;0.2;
2/2/2017 1:44:50 PM;1336;64.2;64.4;41.0;53.9;0.1;0.1;0.1;0.2;
2/2/2017 1:44:51 PM;1337;63.9;64.3;40.9;53.7;0.1;0.1;0.1;0.2;
2/2/2017 1:44:52 PM;1338;63.8;64.0;41.0;53.5;0.1;0.1;0.1;0.2;
2/2/2017 1:44:53 PM;1339;63.8;64.0;41.1;53.5;0.1;0.1;0.1;0.2;
2/2/2017 1:44:54 PM;1340;63.7;64.2;41.2;53.5;0.1;0.1;0.1;0.2;
2/2/2017 1:44:55 PM;1341;63.9;64.3;41.3;53.5;0.1;0.1;0.1;0.2;
2/2/2017 1:44:56 PM;1342;64.1;64.5;41.2;53.5;0.1;0.1;0.1;0.2;
2/2/2017 1:44:57 PM;1343;64.1;64.7;41.3;53.5;0.1;0.1;0.1;0.2;
2/2/2017 1:44:58 PM;1344;64.2;64.6;41.4;53.3;0.1;0.1;0.1;0.2;
2/2/2017 1:44:59 PM;1345;64.2;64.5;41.5;53.4;0.1;0.1;0.1;0.2;
2/2/2017 1:45:00 PM;1346;64.1;64.5;41.8;53.5;0.1;0.1;0.1;0.2;
2/2/2017 1:45:01 PM;1347;64.1;64.4;42.3;53.6;0.1;0.1;0.1;0.2;
2/2/2017 1:45:02 PM;1348;64.1;64.5;42.9;53.7;0.1;0.1;0.1;0.2;
2/2/2017 1:45:03 PM;1349;64.2;64.7;43.2;53.9;0.1;0.1;0.1;0.2;
2/2/2017 1:45:04 PM;1350;64.3;64.9;43.6;54.0;0.1;0.1;0.1;0.2;
2/2/2017 1:45:05 PM;1351;64.3;65.0;43.6;54.1;0.1;0.1;0.1;0.2;
2/2/2017 1:45:06 PM;1352;64.2;65.0;43.5;54.2;0.1;0.1;0.1;0.2;
2/2/2017 1:45:07 PM;1353;64.1;64.9;43.7;54.5;0.1;0.1;0.1;0.2;
2/2/2017 1:45:08 PM;1354;63.9;65.0;44.0;54.8;0.1;0.1;0.1;0.2;
2/2/2017 1:45:09 PM;1355;64.0;64.9;44.5;54.9;0.1;0.1;0.1;0.2;
2/2/2017 1:45:10 PM;1356;64.1;64.9;45.0;55.0;0.1;0.1;0.1;0.2;
2/2/2017 1:45:11 PM;1357;64.3;65.0;45.5;55.0;0.1;0.1;0.1;0.2;
2/2/2017 1:45:12 PM;1358;64.4;65.0;45.4;55.0;0.1;0.1;0.1;0.2;
2/2/2017 1:45:13 PM;1359;64.3;64.9;45.4;55.1;0.1;0.1;0.1;0.2;
2/2/2017 1:45:14 PM;1360;64.3;65.1;45.3;54.9;0.1;0.1;0.1;0.2;
2/2/2017 1:45:15 PM;1361;64.3;65.1;45.5;54.9;0.1;0.1;0.1;0.2;
2/2/2017 1:45:16 PM;1362;64.1;65.2;45.6;54.8;0.1;0.1;0.1;0.2;
2/2/2017 1:45:17 PM;1363;63.8;65.2;45.8;54.9;0.1;0.1;0.1;0.2;
2/2/2017 1:45:18 PM;1364;63.9;65.2;46.0;55.0;0.1;0.1;0.1;0.2;
2/2/2017 1:45:19 PM;1365;63.7;65.1;46.6;55.4;0.1;0.1;0.1;0.2;
2/2/2017 1:45:20 PM;1366;63.6;65.0;47.0;55.6;0.1;0.1;0.1;0.2;
2/2/2017 1:45:21 PM;1367;63.7;64.9;47.6;55.7;0.1;0.1;0.1;0.2;
2/2/2017 1:45:22 PM;1368;63.8;64.8;48.3;55.5;0.1;0.1;0.1;0.2;
2/2/2017 1:45:23 PM;1369;63.9;64.8;48.9;55.3;0.1;0.1;0.1;0.2;
2/2/2017 1:45:24 PM;1370;63.9;64.8;49.1;55.3;0.1;0.1;0.1;0.2;
2/2/2017 1:45:25 PM;1371;64.0;64.7;49.2;55.8;0.1;0.1;0.1;0.2;
2/2/2017 1:45:26 PM;1372;63.9;64.6;49.5;56.4;0.1;0.1;0.1;0.2;
2/2/2017 1:45:27 PM;1373;63.9;64.4;49.6;57.0;0.1;0.1;0.1;0.2;
2/2/2017 1:45:28 PM;1374;63.9;64.4;49.7;57.3;0.1;0.1;0.1;0.2;
2/2/2017 1:45:29 PM;1375;63.8;64.3;49.9;57.4;0.1;0.1;0.1;0.2;
2/2/2017 1:45:30 PM;1376;63.9;64.2;50.1;57.2;0.1;0.1;0.1;0.2;
2/2/2017 1:45:31 PM;1377;64.0;64.2;50.1;56.9;0.1;0.1;0.1;0.2;
2/2/2017 1:45:32 PM;1378;63.9;64.3;49.7;56.7;0.1;0.1;0.1;0.2;
2/2/2017 1:45:33 PM;1379;63.9;64.2;49.5;56.8;0.1;0.1;0.1;0.2;
2/2/2017 1:45:34 PM;1380;63.8;64.2;49.2;56.9;0.1;0.1;0.1;0.2;
2/2/2017 1:45:35 PM;1381;63.7;64.2;49.0;56.8;0.1;0.1;0.1;0.2;
2/2/2017 1:45:36 PM;1382;63.6;64.2;48.7;56.7;0.1;0.1;0.1;0.2;
2/2/2017 1:45:37 PM;1383;63.5;64.2;48.9;56.6;0.1;0.1;0.1;0.2;
2/2/2017 1:45:38 PM;1384;63.5;64.1;49.1;56.5;0.1;0.1;0.1;0.2;
2/2/2017 1:45:39 PM;1385;63.4;64.1;49.2;56.6;0.1;0.1;0.1;0.2;
2/2/2017 1:45:40 PM;1386;63.2;64.2;49.4;56.9;0.1;0.1;0.1;0.2;
2/2/2017 1:45:41 PM;1387;63.2;64.2;49.6;57.2;0.1;0.1;0.1;0.2;
2/2/2017 1:45:42 PM;1388;63.1;64.1;49.8;57.5;0.1;0.1;0.1;0.2;
2/2/2017 1:45:43 PM;1389;63.0;64.1;49.9;57.6;0.1;0.1;0.1;0.2;
2/2/2017 1:45:44 PM;1390;63.0;64.1;49.9;57.7;0.1;0.1;0.1;0.2;
2/2/2017 1:45:45 PM;1391;63.0;64.0;49.9;57.5;0.1;0.1;0.1;0.2;
2/2/2017 1:45:46 PM;1392;63.0;63.9;50.0;57.7;0.1;0.1;0.1;0.2;
2/2/2017 1:45:47 PM;1393;62.9;63.9;50.1;57.7;0.1;0.1;0.1;0.2;
2/2/2017 1:45:48 PM;1394;62.8;63.8;50.2;57.8;0.1;0.1;0.1;0.2;
2/2/2017 1:45:49 PM;1395;62.8;63.8;50.5;57.8;0.1;0.1;0.1;0.2;
2/2/2017 1:45:50 PM;1396;62.6;63.8;50.6;57.9;0.1;0.1;0.1;0.2;
2/2/2017 1:45:51 PM;1397;62.6;63.7;50.7;57.7;0.1;0.1;0.1;0.2;
2/2/2017 1:45:52 PM;1398;62.4;63.6;50.8;57.6;0.1;0.1;0.1;0.2;
2/2/2017 1:45:53 PM;1399;62.4;63.5;50.8;57.7;0.1;0.1;0.1;0.2;
2/2/2017 1:45:54 PM;1400;62.3;63.4;50.9;57.9;0.1;0.1;0.1;0.2;
2/2/2017 1:45:55 PM;1401;62.2;63.4;51.0;58.0;0.1;0.1;0.1;0.2;
2/2/2017 1:45:56 PM;1402;62.1;63.3;51.1;58.1;0.1;0.1;0.1;0.2;
2/2/2017 1:45:57 PM;1403;62.1;63.2;51.2;58.2;0.1;0.1;0.1;0.2;
2/2/2017 1:45:58 PM;1404;62.0;63.2;51.2;58.1;0.1;0.1;0.1;0.2;
2/2/2017 1:45:59 PM;1405;62.0;63.1;51.1;58.0;0.1;0.1;0.1;0.2;
2/2/2017 1:46:00 PM;1406;61.8;63.0;51.1;58.1;0.1;0.1;0.1;0.2;
2/2/2017 1:46:01 PM;1407;61.8;62.9;51.1;58.2;0.1;0.1;0.1;0.2;
2/2/2017 1:46:02 PM;1408;61.7;62.9;51.0;58.3;0.1;0.1;0.1;0.2;
2/2/2017 1:46:03 PM;1409;61.7;62.8;51.0;58.4;0.1;0.1;0.1;0.2;
2/2/2017 1:46:04 PM;1410;61.6;62.7;51.1;58.4;0.1;0.1;0.1;0.2;
2/2/2017 1:46:05 PM;1411;61.6;62.6;51.1;58.4;0.1;0.1;0.1;0.2;
2/2/2017 1:46:06 PM;1412;61.6;62.5;51.1;58.3;0.1;0.1;0.1;0.2;
2/2/2017 1:46:07 PM;1413;61.5;62.5;51.4;58.3;0.1;0.1;0.1;0.2;
2/2/2017 1:46:08 PM;1414;61.4;62.4;51.8;58.4;0.1;0.1;0.1;0.2;
2/2/2017 1:46:09 PM;1415;61.3;62.4;51.9;58.6;0.1;0.1;0.1;0.2;
2/2/2017 1:46:10 PM;1416;61.1;62.3;52.4;58.8;0.1;0.1;0.1;0.2;
2/2/2017 1:46:11 PM;1417;61.0;62.3;52.7;59.1;0.1;0.1;0.1;0.2;
2/2/2017 1:46:12 PM;1418;60.9;62.2;53.0;59.0;0.1;0.1;0.1;0.2;
2/2/2017 1:46:13 PM;1419;60.9;62.1;53.1;58.9;0.1;0.1;0.1;0.2;
2/2/2017 1:46:14 PM;1420;60.7;62.1;53.3;58.7;0.1;0.1;0.1;0.2;
2/2/2017 1:46:15 PM;1421;60.7;61.9;53.3;58.5;0.1;0.1;0.1;0.2;
2/2/2017 1:46:16 PM;1422;60.5;61.9;53.4;58.2;0.1;0.1;0.1;0.2;
2/2/2017 1:46:17 PM;1423;60.4;61.8;53.4;58.2;0.1;0.1;0.1;0.2;
2/2/2017 1:46:18 PM;1424;60.3;61.7;53.4;58.1;0.1;0.1;0.1;0.2;
2/2/2017 1:46:19 PM;1425;60.3;61.6;53.3;58.2;0.1;0.1;0.1;0.2;
2/2/2017 1:46:20 PM;1426;60.3;61.5;53.3;58.3;0.1;0.1;0.1;0.2;
2/2/2017 1:46:21 PM;1427;60.2;61.4;53.3;58.4;0.1;0.1;0.1;0.2;
2/2/2017 1:46:22 PM;1428;60.2;61.3;53.3;58.5;0.1;0.1;0.1;0.2;
2/2/2017 1:46:23 PM;1429;60.1;61.3;53.3;58.6;0.1;0.1;0.1;0.2;
2/2/2017 1:46:24 PM;1430;60.1;61.1;53.3;58.7;0.1;0.1;0.1;0.2;
2/2/2017 1:46:25 PM;1431;60.0;61.1;53.3;58.7;0.1;0.1;0.1;0.2;
2/2/2017 1:46:26 PM;1432;59.9;61.0;53.2;58.7;0.1;0.1;0.1;0.2;
2/2/2017 1:46:27 PM;1433;59.8;60.9;53.2;58.5;0.1;0.1;0.1;0.2;
2/2/2017 1:46:28 PM;1434;59.7;60.9;53.1;58.3;0.1;0.1;0.1;0.2;
2/2/2017 1:46:29 PM;1435;59.6;60.8;53.2;58.1;0.1;0.1;0.1;0.2;
2/2/2017 1:46:30 PM;1436;59.5;60.8;53.2;58.0;0.1;0.1;0.1;0.2;
2/2/2017 1:46:31 PM;1437;59.3;60.8;53.3;58.1;0.1;0.1;0.1;0.2;
2/2/2017 1:46:32 PM;1438;59.3;60.6;53.3;58.2;0.1;0.1;0.1;0.2;
2/2/2017 1:46:33 PM;1439;59.2;60.6;53.3;58.4;0.1;0.1;0.1;0.2;
2/2/2017 1:46:34 PM;1440;59.1;60.5;53.3;58.5;0.1;0.1;0.1;0.2;
2/2/2017 1:46:35 PM;1441;59.0;60.4;53.3;58.5;0.1;0.1;0.1;0.2;
2/2/2017 1:46:36 PM;1442;59.0;60.3;53.2;58.4;0.1;0.1;0.1;0.2;
2/2/2017 1:46:37 PM;1443;59.0;60.2;53.1;58.4;0.1;0.1;0.1;0.2;
2/2/2017 1:46:38 PM;1444;58.9;60.0;53.0;58.5;0.1;0.1;0.1;0.2;
2/2/2017 1:46:39 PM;1445;58.8;59.8;52.9;58.6;0.1;0.1;0.1;0.2;
2/2/2017 1:46:40 PM;1446;58.6;59.7;52.8;58.7;0.1;0.1;0.1;0.2;
2/2/2017 1:46:41 PM;1447;58.5;59.5;53.0;58.7;0.1;0.1;0.1;0.2;
2/2/2017 1:46:42 PM;1448;58.4;59.4;53.2;58.7;0.1;0.1;0.1;0.2;
2/2/2017 1:46:43 PM;1449;58.3;59.4;53.4;58.6;0.1;0.1;0.1;0.2;
2/2/2017 1:46:44 PM;1450;58.1;59.2;53.6;58.5;0.1;0.1;0.1;0.2;
2/2/2017 1:46:45 PM;1451;58.0;59.2;53.9;58.5;0.1;0.1;0.1;0.2;
2/2/2017 1:46:46 PM;1452;57.9;59.2;54.0;58.6;0.1;0.1;0.1;0.2;
2/2/2017 1:46:47 PM;1453;57.7;59.2;54.2;58.6;0.1;0.1;0.1;0.2;
2/2/2017 1:46:48 PM;1454;57.7;59.2;54.3;58.6;0.1;0.1;0.1;0.2;
2/2/2017 1:46:49 PM;1455;57.6;59.1;54.5;58.6;0.1;0.1;0.1;0.2;
2/2/2017 1:46:50 PM;1456;57.5;59.0;54.6;58.5;0.1;0.1;0.1;0.2;
2/2/2017 1:46:51 PM;1457;57.3;58.9;54.7;58.4;0.1;0.1;0.1;0.2;
2/2/2017 1:46:52 PM;1458;57.2;58.7;54.7;58.4;0.1;0.1;0.1;0.2;
2/2/2017 1:46:53 PM;1459;57.1;58.6;54.7;58.4;0.1;0.1;0.1;0.2;
2/2/2017 1:46:54 PM;1460;56.8;58.5;54.7;58.3;0.1;0.1;0.1;0.2;
2/2/2017 1:46:55 PM;1461;56.7;58.5;54.7;58.3;0.1;0.1;0.1;0.2;
2/2/2017 1:46:56 PM;1462;56.6;58.3;54.7;58.1;0.1;0.1;0.1;0.2;
2/2/2017 1:46:57 PM;1463;56.3;58.2;54.8;58.0;0.1;0.1;0.1;0.2;
2/2/2017 1:46:58 PM;1464;56.1;58.0;54.8;57.9;0.1;0.1;0.1;0.2;
2/2/2017 1:46:59 PM;1465;56.1;57.9;54.8;57.9;0.1;0.1;0.1;0.2;
2/2/2017 1:47:00 PM;1466;56.1;57.8;54.8;57.8;0.1;0.1;0.1;0.2;
2/2/2017 1:47:01 PM;1467;56.1;57.7;54.8;57.9;0.1;0.1;0.1;0.2;
2/2/2017 1:47:02 PM;1468;56.2;57.7;54.9;57.9;0.1;0.1;0.1;0.2;
2/2/2017 1:47:03 PM;1469;56.3;57.6;54.9;57.9;0.1;0.1;0.1;0.2;
2/2/2017 1:47:04 PM;1470;56.3;57.7;54.9;57.7;0.1;0.1;0.1;0.2;
2/2/2017 1:47:05 PM;1471;56.2;57.6;54.9;57.7;0.1;0.1;0.1;0.2;
2/2/2017 1:47:06 PM;1472;56.1;57.4;54.9;57.7;0.1;0.1;0.1;0.2;
2/2/2017 1:47:07 PM;1473;55.9;57.3;54.9;57.7;0.1;0.1;0.1;0.2;
2/2/2017 1:47:08 PM;1474;55.7;57.0;55.0;57.6;0.1;0.1;0.1;0.2;
2/2/2017 1:47:09 PM;1475;55.5;56.7;55.0;57.7;0.1;0.1;0.1;0.2;
2/2/2017 1:47:10 PM;1476;55.3;56.6;55.0;57.7;0.1;0.1;0.1;0.2;
2/2/2017 1:47:11 PM;1477;55.1;56.6;55.0;57.6;0.1;0.1;0.1;0.2;
2/2/2017 1:47:12 PM;1478;55.1;56.5;55.0;57.5;0.1;0.1;0.1;0.2;
2/2/2017 1:47:13 PM;1479;55.0;56.5;55.0;57.4;0.1;0.1;0.1;0.2;
2/2/2017 1:47:14 PM;1480;55.1;56.5;55.0;57.4;0.1;0.1;0.1;0.2;
2/2/2017 1:47:15 PM;1481;55.1;56.4;55.0;57.3;0.1;0.1;0.1;0.2;
2/2/2017 1:47:16 PM;1482;55.0;56.3;55.0;57.3;0.1;0.1;0.1;0.2;
2/2/2017 1:47:17 PM;1483;54.8;56.3;55.0;57.3;0.1;0.1;0.1;0.2;
2/2/2017 1:47:18 PM;1484;54.6;56.2;55.0;57.2;0.1;0.1;0.1;0.2;
2/2/2017 1:47:19 PM;1485;54.2;56.0;55.0;57.1;0.1;0.1;0.1;0.2;
2/2/2017 1:47:20 PM;1486;54.0;55.9;55.1;57.0;0.1;0.1;0.1;0.2;
2/2/2017 1:47:21 PM;1487;53.9;55.8;55.1;57.0;0.1;0.1;0.1;0.2;
2/2/2017 1:47:22 PM;1488;53.8;55.6;55.1;56.9;0.1;0.1;0.1;0.2;
2/2/2017 1:47:23 PM;1489;53.7;55.5;55.2;56.9;0.1;0.1;0.1;0.2;
2/2/2017 1:47:24 PM;1490;53.8;55.4;55.3;56.8;0.1;0.1;0.1;0.2;
2/2/2017 1:47:25 PM;1491;53.7;55.2;55.4;56.8;0.1;0.1;0.1;0.2;
2/2/2017 1:47:26 PM;1492;53.6;55.2;55.4;56.7;0.1;0.1;0.1;0.2;
2/2/2017 1:47:27 PM;1493;53.5;55.1;55.6;56.7;0.1;0.1;0.1;0.2;
2/2/2017 1:47:28 PM;1494;53.4;55.0;55.6;56.6;0.1;0.1;0.1;0.2;
2/2/2017 1:47:29 PM;1495;53.3;54.9;55.6;56.6;0.1;0.1;0.1;0.2;
2/2/2017 1:47:30 PM;1496;53.3;54.8;55.8;56.5;0.1;0.1;0.1;0.2;
2/2/2017 1:47:31 PM;1497;53.3;54.7;55.8;56.5;0.1;0.1;0.1;0.2;
2/2/2017 1:47:32 PM;1498;53.2;54.5;55.8;56.4;0.1;0.1;0.1;0.2;
2/2/2017 1:47:33 PM;1499;53.2;54.3;55.8;56.4;0.1;0.1;0.1;0.2;
2/2/2017 1:47:34 PM;1500;53.0;54.2;55.8;56.4;0.1;0.1;0.1;0.2;
2/2/2017 1:47:35 PM;1501;52.6;54.0;55.8;56.4;0.1;0.1;0.1;0.2;
2/2/2017 1:47:36 PM;1502;52.4;53.8;55.9;56.3;0.1;0.1;0.1;0.2;
2/2/2017 1:47:37 PM;1503;52.3;53.8;55.9;56.3;0.1;0.1;0.1;0.2;
2/2/2017 1:47:38 PM;1504;52.2;53.8;55.9;56.2;0.1;0.1;0.1;0.2;
2/2/2017 1:47:39 PM;1505;52.3;53.9;55.9;56.1;0.1;0.1;0.1;0.2;
2/2/2017 1:47:40 PM;1506;52.5;54.0;55.9;56.1;0.1;0.1;0.1;0.2;
2/2/2017 1:47:41 PM;1507;52.7;54.1;55.9;56.0;0.1;0.1;0.1;0.2;
2/2/2017 1:47:42 PM;1508;52.8;54.1;56.0;55.9;0.1;0.1;0.1;0.2;
2/2/2017 1:47:43 PM;1509;52.9;54.1;56.0;55.8;0.1;0.1;0.1;0.2;
2/2/2017 1:47:44 PM;1510;52.8;53.9;56.0;55.8;0.1;0.1;0.1;0.2;
2/2/2017 1:47:45 PM;1511;52.5;53.8;56.0;55.7;0.1;0.1;0.1;0.2;
2/2/2017 1:47:46 PM;1512;52.2;53.6;56.0;55.6;0.1;0.1;0.1;0.2;
2/2/2017 1:47:47 PM;1513;51.8;53.4;56.0;55.6;0.1;0.1;0.1;0.2;
2/2/2017 1:47:48 PM;1514;51.4;53.3;56.0;55.6;0.1;0.1;0.1;0.2;
2/2/2017 1:47:49 PM;1515;51.1;53.2;56.0;55.6;0.1;0.1;0.1;0.2;
2/2/2017 1:47:50 PM;1516;51.0;53.1;56.0;55.5;0.1;0.1;0.1;0.2;
2/2/2017 1:47:51 PM;1517;51.0;53.2;56.0;55.4;0.1;0.1;0.1;0.2;
2/2/2017 1:47:52 PM;1518;51.0;53.1;56.0;55.4;0.1;0.1;0.1;0.2;
2/2/2017 1:47:53 PM;1519;51.0;52.9;56.0;55.2;0.1;0.1;0.1;0.2;
2/2/2017 1:47:54 PM;1520;51.1;52.8;56.0;55.1;0.1;0.1;0.1;0.2;
2/2/2017 1:47:55 PM;1521;51.1;52.7;56.0;55.0;0.1;0.1;0.1;0.2;
2/2/2017 1:47:56 PM;1522;51.0;52.5;56.0;55.0;0.1;0.1;0.1;0.2;
2/2/2017 1:47:57 PM;1523;51.0;52.2;56.0;55.0;0.1;0.1;0.1;0.2;
2/2/2017 1:47:58 PM;1524;50.9;52.1;56.0;54.9;0.1;0.1;0.1;0.2;
2/2/2017 1:47:59 PM;1525;50.7;52.0;56.0;54.9;0.1;0.1;0.1;0.2;
2/2/2017 1:48:00 PM;1526;50.7;51.9;56.0;54.8;0.1;0.1;0.1;0.2;
2/2/2017 1:48:01 PM;1527;50.5;51.7;55.9;54.8;0.1;0.1;0.1;0.2;
2/2/2017 1:48:02 PM;1528;50.3;51.7;55.9;54.7;0.1;0.1;0.1;0.2;
2/2/2017 1:48:03 PM;1529;50.2;51.7;55.8;54.6;0.1;0.1;0.1;0.2;
2/2/2017 1:48:04 PM;1530;50.0;51.6;55.8;54.5;0.1;0.1;0.1;0.2;
2/2/2017 1:48:05 PM;1531;49.8;51.5;55.7;54.4;0.1;0.1;0.1;0.2;
2/2/2017 1:48:06 PM;1532;49.8;51.5;55.7;54.3;0.1;0.1;0.1;0.2;
2/2/2017 1:48:07 PM;1533;49.7;51.3;55.6;54.3;0.1;0.1;0.1;0.2;
2/2/2017 1:48:08 PM;1534;49.7;51.2;55.6;54.3;0.1;0.1;0.1;0.2;
2/2/2017 1:48:09 PM;1535;49.6;51.1;55.6;54.3;0.1;0.1;0.1;0.2;
2/2/2017 1:48:10 PM;1536;49.5;51.0;55.6;54.2;0.1;0.1;0.1;0.2;
2/2/2017 1:48:11 PM;1537;49.3;50.8;55.6;54.2;0.1;0.1;0.1;0.2;
2/2/2017 1:48:12 PM;1538;49.2;50.8;55.6;54.2;0.1;0.1;0.1;0.2;
2/2/2017 1:48:13 PM;1539;49.0;50.6;55.5;54.1;0.1;0.1;0.1;0.2;
2/2/2017 1:48:14 PM;1540;48.9;50.5;55.5;54.0;0.1;0.1;0.1;0.2;
2/2/2017 1:48:15 PM;1541;48.9;50.5;55.4;53.9;0.1;0.1;0.1;0.2;
2/2/2017 1:48:16 PM;1542;49.0;50.5;55.4;53.8;0.1;0.1;0.1;0.2;
2/2/2017 1:48:17 PM;1543;49.0;50.4;55.4;53.7;0.1;0.1;0.1;0.2;
2/2/2017 1:48:18 PM;1544;48.8;50.4;55.4;53.6;0.1;0.1;0.1;0.2;
2/2/2017 1:48:19 PM;1545;48.8;50.2;55.4;53.5;0.1;0.1;0.1;0.2;
2/2/2017 1:48:20 PM;1546;48.6;50.1;55.4;53.5;0.1;0.1;0.1;0.2;
2/2/2017 1:48:21 PM;1547;48.5;50.0;55.4;53.4;0.1;0.1;0.1;0.2;
2/2/2017 1:48:22 PM;1548;48.3;49.9;55.4;53.3;0.1;0.1;0.1;0.2;
2/2/2017 1:48:23 PM;1549;48.2;49.7;55.4;53.3;0.1;0.1;0.1;0.2;
2/2/2017 1:48:24 PM;1550;47.9;49.5;55.4;53.2;0.1;0.1;0.1;0.2;
2/2/2017 1:48:25 PM;1551;47.7;49.4;55.4;53.1;0.1;0.1;0.1;0.2;
2/2/2017 1:48:26 PM;1552;47.5;49.2;55.4;53.1;0.1;0.1;0.1;0.2;
2/2/2017 1:48:27 PM;1553;47.5;49.2;55.4;53.0;0.1;0.1;0.1;0.2;
2/2/2017 1:48:28 PM;1554;47.6;49.2;55.4;52.9;0.1;0.1;0.1;0.2;
2/2/2017 1:48:29 PM;1555;47.7;49.2;55.4;52.9;0.1;0.1;0.1;0.2;
2/2/2017 1:48:30 PM;1556;47.7;49.1;55.4;52.7;0.1;0.1;0.1;0.2;
2/2/2017 1:48:31 PM;1557;47.8;48.9;55.4;52.6;0.1;0.1;0.1;0.2;
2/2/2017 1:48:32 PM;1558;47.6;48.6;55.4;52.5;0.1;0.1;0.1;0.2;
2/2/2017 1:48:33 PM;1559;47.4;48.3;55.4;52.4;0.1;0.1;0.1;0.2;
2/2/2017 1:48:34 PM;1560;47.2;48.3;55.4;52.4;0.1;0.1;0.1;0.2;
2/2/2017 1:48:35 PM;1561;46.9;48.2;55.4;52.3;0.1;0.1;0.1;0.2;
2/2/2017 1:48:36 PM;1562;46.7;48.3;55.4;52.2;0.1;0.1;0.1;0.2;
2/2/2017 1:48:37 PM;1563;46.7;48.5;55.4;52.1;0.1;0.1;0.1;0.2;
2/2/2017 1:48:38 PM;1564;46.7;48.5;55.4;52.1;0.1;0.1;0.1;0.2;
2/2/2017 1:48:39 PM;1565;46.7;48.3;55.4;52.0;0.1;0.1;0.1;0.2;
2/2/2017 1:48:40 PM;1566;46.6;48.3;55.4;52.0;0.1;0.1;0.1;0.2;
2/2/2017 1:48:41 PM;1567;46.4;48.1;55.4;52.0;0.1;0.1;0.1;0.2;
2/2/2017 1:48:42 PM;1568;46.2;47.9;55.4;51.9;0.1;0.1;0.1;0.2;
2/2/2017 1:48:43 PM;1569;46.1;47.8;55.4;51.8;0.1;0.1;0.1;0.2;
2/2/2017 1:48:44 PM;1570;46.0;47.7;55.4;51.9;0.1;0.1;0.1;0.2;
2/2/2017 1:48:45 PM;1571;46.0;47.4;55.4;51.9;0.1;0.1;0.1;0.2;
2/2/2017 1:48:46 PM;1572;46.0;47.2;55.3;52.0;0.1;0.1;0.1;0.2;
2/2/2017 1:48:47 PM;1573;46.0;47.0;55.2;52.0;0.1;0.1;0.1;0.2;
2/2/2017 1:48:48 PM;1574;45.8;46.8;55.2;52.1;0.1;0.1;0.1;0.2;
2/2/2017 1:48:49 PM;1575;45.8;46.7;55.0;51.9;0.1;0.1;0.1;0.2;
2/2/2017 1:48:50 PM;1576;45.9;46.8;54.8;51.8;0.1;0.1;0.1;0.2;
2/2/2017 1:48:51 PM;1577;46.1;46.9;54.7;51.7;0.1;0.1;0.1;0.2;
2/2/2017 1:48:52 PM;1578;46.0;47.0;54.6;51.5;0.1;0.1;0.1;0.2;
2/2/2017 1:48:53 PM;1579;45.9;47.1;54.4;51.3;0.1;0.1;0.1;0.2;
2/2/2017 1:48:54 PM;1580;45.7;47.1;54.4;51.2;0.1;0.1;0.1;0.2;
2/2/2017 1:48:55 PM;1581;45.4;46.9;54.3;51.0;0.1;0.1;0.1;0.2;
2/2/2017 1:48:56 PM;1582;45.1;46.6;54.2;50.8;0.1;0.1;0.1;0.2;
2/2/2017 1:48:57 PM;1583;44.9;46.4;54.1;50.7;0.1;0.1;0.1;0.2;
2/2/2017 1:48:58 PM;1584;44.9;46.2;54.1;50.6;0.1;0.1;0.1;0.2;
2/2/2017 1:48:59 PM;1585;44.9;46.3;54.1;50.5;0.1;0.1;0.1;0.2;
2/2/2017 1:49:00 PM;1586;44.9;46.2;54.1;50.5;0.1;0.1;0.1;0.2;
2/2/2017 1:49:01 PM;1587;45.0;46.3;54.1;50.5;0.1;0.1;0.1;0.2;
2/2/2017 1:49:02 PM;1588;45.1;46.2;54.0;50.4;0.1;0.1;0.1;0.2;
2/2/2017 1:49:03 PM;1589;44.9;46.2;53.9;50.5;0.1;0.1;0.1;0.2;
2/2/2017 1:49:04 PM;1590;44.6;45.9;53.9;50.5;0.1;0.1;0.1;0.2;
2/2/2017 1:49:05 PM;1591;44.3;45.8;53.8;50.4;0.1;0.1;0.1;0.2;
2/2/2017 1:49:06 PM;1592;44.0;45.8;53.8;50.2;0.1;0.1;0.1;0.2;
2/2/2017 1:49:07 PM;1593;43.8;45.8;53.8;50.1;0.1;0.1;0.1;0.2;
2/2/2017 1:49:08 PM;1594;43.8;45.6;53.8;50.0;0.1;0.1;0.1;0.2;
2/2/2017 1:49:09 PM;1595;43.7;45.6;53.8;49.9;0.1;0.1;0.1;0.2;
2/2/2017 1:49:10 PM;1596;43.9;45.5;53.8;49.9;0.1;0.1;0.1;0.2;
2/2/2017 1:49:11 PM;1597;44.1;45.3;53.7;49.9;0.1;0.1;0.1;0.2;
2/2/2017 1:49:12 PM;1598;44.0;45.2;53.7;49.9;0.1;0.1;0.1;0.2;
2/2/2017 1:49:13 PM;1599;43.8;45.0;53.6;49.9;0.1;0.1;0.1;0.2;
2/2/2017 1:49:14 PM;1600;43.8;44.9;53.5;49.9;0.1;0.1;0.1;0.2;
2/2/2017 1:49:15 PM;1601;43.7;44.9;53.3;49.7;0.1;0.1;0.1;0.2;
2/2/2017 1:49:16 PM;1602;43.6;45.0;53.2;49.6;0.1;0.1;0.1;0.2;
2/2/2017 1:49:17 PM;1603;43.6;44.9;53.1;49.5;0.1;0.1;0.1;0.2;
2/2/2017 1:49:18 PM;1604;43.7;44.9;52.8;49.5;0.1;0.1;0.1;0.2;
2/2/2017 1:49:19 PM;1605;43.6;45.2;52.7;49.4;0.1;0.1;0.1;0.2;
2/2/2017 1:49:20 PM;1606;43.5;45.1;52.6;49.3;0.1;0.1;0.1;0.2;
2/2/2017 1:49:21 PM;1607;43.4;45.0;52.4;49.2;0.1;0.1;0.1;0.2;
2/2/2017 1:49:22 PM;1608;43.2;45.0;52.3;49.1;0.1;0.1;0.1;0.2;
2/2/2017 1:49:23 PM;1609;43.1;45.0;52.3;49.0;0.1;0.1;0.1;0.2;
2/2/2017 1:49:24 PM;1610;43.1;44.6;52.3;48.9;0.1;0.1;0.1;0.2;
2/2/2017 1:49:25 PM;1611;43.0;44.5;52.2;48.8;0.1;0.1;0.1;0.2;
2/2/2017 1:49:26 PM;1612;42.8;44.5;52.2;48.8;0.1;0.1;0.1;0.2;
2/2/2017 1:49:27 PM;1613;42.7;44.5;52.2;48.7;0.1;0.1;0.1;0.2;
2/2/2017 1:49:28 PM;1614;42.6;44.5;52.2;48.7;0.1;0.1;0.1;0.2;
2/2/2017 1:49:29 PM;1615;42.3;44.5;52.2;48.7;0.1;0.1;0.1;0.2;
2/2/2017 1:49:30 PM;1616;42.3;44.5;52.2;48.6;0.1;0.1;0.1;0.2;
2/2/2017 1:49:31 PM;1617;42.3;44.3;52.3;48.5;0.1;0.1;0.1;0.2;
2/2/2017 1:49:32 PM;1618;42.4;44.4;52.2;48.4;0.1;0.1;0.1;0.2;
2/2/2017 1:49:33 PM;1619;42.3;44.4;52.2;48.4;0.1;0.1;0.1;0.2;
2/2/2017 1:49:34 PM;1620;42.3;44.4;52.1;48.3;0.1;0.1;0.1;0.2;
2/2/2017 1:49:35 PM;1621;42.2;44.2;52.1;48.3;0.1;0.1;0.1;0.2;
2/2/2017 1:49:36 PM;1622;42.2;44.0;52.0;48.3;0.1;0.1;0.1;0.2;
2/2/2017 1:49:37 PM;1623;42.2;43.7;52.0;48.2;0.1;0.1;0.1;0.2;
2/2/2017 1:49:38 PM;1624;42.2;43.5;52.1;48.2;0.1;0.1;0.1;0.2;
2/2/2017 1:49:39 PM;1625;42.2;43.3;52.1;48.1;0.1;0.1;0.1;0.2;
2/2/2017 1:49:40 PM;1626;42.1;43.2;52.1;48.0;0.1;0.1;0.1;0.2;
2/2/2017 1:49:41 PM;1627;41.8;43.1;52.1;48.0;0.1;0.1;0.1;0.2;
2/2/2017 1:49:42 PM;1628;41.6;43.1;52.0;48.0;0.1;0.1;0.1;0.2;
2/2/2017 1:49:43 PM;1629;41.4;43.0;52.0;47.8;0.1;0.1;0.1;0.2;
2/2/2017 1:49:44 PM;1630;41.2;43.0;51.9;47.7;0.1;0.1;0.1;0.2;
2/2/2017 1:49:45 PM;1631;41.2;43.0;51.9;47.5;0.1;0.1;0.1;0.2;
2/2/2017 1:49:46 PM;1632;41.3;43.0;51.8;47.3;0.1;0.1;0.1;0.2;
2/2/2017 1:49:47 PM;1633;41.4;43.0;51.8;47.2;0.1;0.1;0.1;0.2;
2/2/2017 1:49:48 PM;1634;41.4;42.9;51.8;47.2;0.1;0.1;0.1;0.2;
2/2/2017 1:49:49 PM;1635;41.5;42.8;51.9;47.0;0.1;0.1;0.1;0.2;
2/2/2017 1:49:50 PM;1636;41.4;42.8;51.8;47.0;0.1;0.1;0.1;0.2;
2/2/2017 1:49:51 PM;1637;41.3;42.8;51.8;46.9;0.1;0.1;0.1;0.2;
2/2/2017 1:49:52 PM;1638;41.1;42.8;51.7;46.9;0.1;0.1;0.1;0.2;
2/2/2017 1:49:53 PM;1639;41.1;42.8;51.6;46.8;0.1;0.1;0.1;0.2;
2/2/2017 1:49:54 PM;1640;41.0;42.9;51.6;46.9;0.1;0.1;0.1;0.2;
2/2/2017 1:49:55 PM;1641;41.0;42.8;51.6;46.8;0.1;0.1;0.1;0.2;
2/2/2017 1:49:56 PM;1642;40.9;42.7;51.6;46.7;0.1;0.1;0.1;0.2;
2/2/2017 1:49:57 PM;1643;40.8;42.6;51.6;46.6;0.1;0.1;0.1;0.2;
2/2/2017 1:49:58 PM;1644;40.8;42.4;51.6;46.4;0.1;0.1;0.1;0.2;
2/2/2017 1:49:59 PM;1645;40.7;42.2;51.5;46.3;0.1;0.1;0.1;0.2;
2/2/2017 1:50:00 PM;1646;40.6;41.9;51.5;46.3;0.1;0.1;0.1;0.2;
2/2/2017 1:50:01 PM;1647;40.5;41.7;51.4;46.3;0.1;0.1;0.1;0.2;
2/2/2017 1:50:02 PM;1648;40.5;41.6;51.3;46.2;0.1;0.1;0.1;0.2;
2/2/2017 1:50:03 PM;1649;40.5;41.6;51.2;46.2;0.1;0.1;0.1;0.2;
2/2/2017 1:50:04 PM;1650;40.5;41.5;51.1;46.2;0.1;0.1;0.1;0.2;
2/2/2017 1:50:05 PM;1651;40.6;41.6;51.0;46.2;0.1;0.1;0.1;0.2;
2/2/2017 1:50:06 PM;1652;40.5;41.6;51.0;46.2;0.1;0.1;0.1;0.2;
2/2/2017 1:50:07 PM;1653;40.5;41.4;51.0;46.3;0.1;0.1;0.1;0.2;
2/2/2017 1:50:08 PM;1654;40.3;41.3;51.0;46.2;0.1;0.1;0.1;0.2;
2/2/2017 1:50:09 PM;1655;40.2;41.2;51.0;46.1;0.1;0.1;0.1;0.2;
2/2/2017 1:50:10 PM;1656;39.9;41.0;51.0;45.9;0.1;0.1;0.1;0.2;
2/2/2017 1:50:11 PM;1657;39.8;41.0;51.0;45.7;0.1;0.1;0.1;0.2;
2/2/2017 1:50:12 PM;1658;39.7;40.9;50.9;45.5;0.1;0.1;0.1;0.2;
2/2/2017 1:50:13 PM;1659;39.7;40.9;50.7;45.5;0.1;0.1;0.1;0.2;
2/2/2017 1:50:14 PM;1660;39.7;40.9;50.5;45.5;0.1;0.1;0.1;0.2;
2/2/2017 1:50:15 PM;1661;39.8;40.8;50.2;45.5;0.1;0.1;0.1;0.2;
2/2/2017 1:50:16 PM;1662;39.7;40.9;49.9;45.5;0.1;0.1;0.1;0.2;
2/2/2017 1:50:17 PM;1663;39.6;40.8;49.7;45.4;0.1;0.1;0.1;0.2;
2/2/2017 1:50:18 PM;1664;39.5;40.7;49.5;45.3;0.1;0.1;0.1;0.2;
2/2/2017 1:50:19 PM;1665;39.3;40.6;49.4;45.1;0.1;0.1;0.1;0.2;
2/2/2017 1:50:20 PM;1666;39.1;40.6;49.3;45.0;0.1;0.1;0.1;0.2;
2/2/2017 1:50:21 PM;1667;39.0;40.5;49.3;44.9;0.1;0.1;0.1;0.2;
2/2/2017 1:50:22 PM;1668;38.9;40.4;49.3;44.8;0.1;0.1;0.1;0.2;
2/2/2017 1:50:23 PM;1669;38.9;40.3;49.2;44.7;0.1;0.1;0.1;0.2;
2/2/2017 1:50:24 PM;1670;38.9;40.2;49.1;44.6;0.1;0.1;0.1;0.2;
2/2/2017 1:50:25 PM;1671;39.0;40.1;49.0;44.3;0.1;0.1;0.1;0.2;
2/2/2017 1:50:26 PM;1672;38.9;40.1;48.9;44.2;0.1;0.1;0.1;0.2;
2/2/2017 1:50:27 PM;1673;38.7;40.1;48.7;44.2;0.1;0.1;0.1;0.2;
2/2/2017 1:50:28 PM;1674;38.4;40.0;48.7;44.3;0.1;0.1;0.1;0.2;
2/2/2017 1:50:29 PM;1675;38.2;40.0;48.7;44.3;0.1;0.1;0.1;0.2;
2/2/2017 1:50:30 PM;1676;38.1;39.9;48.7;44.3;0.1;0.1;0.1;0.2;
2/2/2017 1:50:31 PM;1677;38.1;39.7;48.6;44.2;0.1;0.1;0.1;0.2;
2/2/2017 1:50:32 PM;1678;38.2;39.5;48.6;44.1;0.1;0.1;0.1;0.2;
2/2/2017 1:50:33 PM;1679;38.4;39.6;48.6;44.0;0.1;0.1;0.1;0.2;
2/2/2017 1:50:34 PM;1680;38.4;39.6;48.4;43.9;0.1;0.1;0.1;0.2;
2/2/2017 1:50:35 PM;1681;38.3;39.7;48.4;43.9;0.1;0.1;0.1;0.2;
2/2/2017 1:50:36 PM;1682;38.1;39.7;48.3;43.9;0.1;0.1;0.1;0.2;
2/2/2017 1:50:37 PM;1683;38.1;39.6;48.3;43.8;0.1;0.1;0.1;0.2;
2/2/2017 1:50:38 PM;1684;38.2;39.3;48.2;43.8;0.1;0.1;0.1;0.2;
2/2/2017 1:50:39 PM;1685;38.2;39.1;48.0;43.8;0.1;0.1;0.1;0.2;
2/2/2017 1:50:40 PM;1686;38.3;38.9;47.9;43.8;0.1;0.1;0.1;0.2;
2/2/2017 1:50:41 PM;1687;38.3;38.9;47.7;43.8;0.1;0.1;0.1;0.2;
2/2/2017 1:50:42 PM;1688;38.1;38.9;47.5;43.8;0.1;0.1;0.1;0.2;
2/2/2017 1:50:43 PM;1689;37.8;38.9;47.4;43.8;0.1;0.1;0.1;0.2;
2/2/2017 1:50:44 PM;1690;37.7;39.0;47.3;43.6;0.1;0.1;0.1;0.2;
2/2/2017 1:50:45 PM;1691;37.6;39.1;47.2;43.6;0.1;0.1;0.1;0.2;
2/2/2017 1:50:46 PM;1692;37.7;39.0;47.1;43.5;0.1;0.1;0.1;0.2;
2/2/2017 1:50:47 PM;1693;37.8;39.0;47.0;43.4;0.1;0.1;0.1;0.2;
2/2/2017 1:50:48 PM;1694;38.0;39.0;47.0;43.2;0.1;0.1;0.1;0.2;
2/2/2017 1:50:49 PM;1695;37.9;38.8;47.0;43.1;0.1;0.1;0.1;0.2;
2/2/2017 1:50:50 PM;1696;37.7;38.6;47.0;43.0;0.1;0.1;0.1;0.2;
2/2/2017 1:50:51 PM;1697;37.6;38.5;46.9;43.0;0.1;0.1;0.1;0.2;
2/2/2017 1:50:52 PM;1698;37.5;38.4;46.9;43.0;0.1;0.1;0.1;0.2;
2/2/2017 1:50:53 PM;1699;37.2;38.3;46.9;43.0;0.1;0.1;0.1;0.2;
2/2/2017 1:50:54 PM;1700;37.2;38.3;46.9;43.0;0.1;0.1;0.1;0.2;
2/2/2017 1:50:55 PM;1701;37.2;38.4;46.9;43.0;0.1;0.1;0.1;0.2;
2/2/2017 1:50:56 PM;1702;37.0;38.4;46.9;42.8;0.1;0.1;0.1;0.2;
2/2/2017 1:50:57 PM;1703;36.9;38.3;46.8;42.8;0.1;0.1;0.1;0.2;
2/2/2017 1:50:58 PM;1704;37.0;38.3;46.8;42.8;0.1;0.1;0.1;0.2;
2/2/2017 1:50:59 PM;1705;36.9;38.2;46.8;42.6;0.1;0.1;0.1;0.2;
2/2/2017 1:51:00 PM;1706;36.8;38.2;46.7;42.4;0.1;0.1;0.1;0.2;
2/2/2017 1:51:01 PM;1707;36.8;38.2;46.7;42.3;0.1;0.1;0.1;0.2;
2/2/2017 1:51:02 PM;1708;36.7;38.1;46.7;42.1;0.1;0.1;0.1;0.2;
2/2/2017 1:51:03 PM;1709;36.5;38.0;46.7;42.0;0.1;0.1;0.1;0.2;
2/2/2017 1:51:04 PM;1710;36.4;38.0;46.7;41.9;0.1;0.1;0.1;0.2;
2/2/2017 1:51:05 PM;1711;36.3;37.8;46.7;41.9;0.1;0.1;0.1;0.2;
2/2/2017 1:51:06 PM;1712;36.3;37.9;46.7;41.8;0.1;0.1;0.1;0.2;
2/2/2017 1:51:07 PM;1713;36.2;37.8;46.7;41.8;0.1;0.1;0.1;0.2;
2/2/2017 1:51:08 PM;1714;36.3;37.7;46.5;41.7;0.1;0.1;0.1;0.2;
2/2/2017 1:51:09 PM;1715;36.3;37.6;46.2;41.7;0.1;0.1;0.1;0.2;
2/2/2017 1:51:10 PM;1716;36.4;37.5;45.9;41.7;0.1;0.1;0.1;0.2;
2/2/2017 1:51:11 PM;1717;36.4;37.3;45.6;41.9;0.1;0.1;0.1;0.2;
2/2/2017 1:51:12 PM;1718;36.4;37.3;45.3;41.8;0.1;0.1;0.1;0.2;
2/2/2017 1:51:13 PM;1719;36.4;37.3;45.1;41.6;0.1;0.1;0.1;0.2;
2/2/2017 1:51:14 PM;1720;36.4;37.3;45.1;41.5;0.1;0.1;0.1;0.2;
2/2/2017 1:51:15 PM;1721;36.3;37.5;45.1;41.4;0.1;0.1;0.1;0.2;
2/2/2017 1:51:16 PM;1722;36.2;37.6;45.2;41.5;0.1;0.1;0.1;0.2;
2/2/2017 1:51:17 PM;1723;36.2;37.6;45.3;41.6;0.1;0.1;0.1;0.2;
2/2/2017 1:51:18 PM;1724;36.2;37.5;45.5;41.8;0.1;0.1;0.1;0.2;
2/2/2017 1:51:19 PM;1725;36.2;37.4;45.6;41.8;0.1;0.1;0.1;0.2;
2/2/2017 1:51:20 PM;1726;36.3;37.1;45.7;41.6;0.1;0.1;0.1;0.2;
2/2/2017 1:51:21 PM;1727;36.4;37.0;45.7;41.3;0.1;0.1;0.1;0.2;
2/2/2017 1:51:22 PM;1728;36.4;36.8;45.7;41.2;0.1;0.1;0.1;0.2;
2/2/2017 1:51:23 PM;1729;36.4;36.8;45.6;41.1;0.1;0.1;0.1;0.2;
2/2/2017 1:51:24 PM;1730;36.3;36.9;45.5;41.1;0.1;0.1;0.1;0.2;
2/2/2017 1:51:25 PM;1731;36.0;37.0;45.5;41.1;0.1;0.1;0.1;0.2;
2/2/2017 1:51:26 PM;1732;35.6;36.9;45.5;41.1;0.1;0.1;0.1;0.2;
2/2/2017 1:51:27 PM;1733;35.4;36.9;45.5;41.0;0.1;0.1;0.1;0.2;
2/2/2017 1:51:28 PM;1734;35.2;37.0;45.5;40.9;0.1;0.1;0.1;0.2;
2/2/2017 1:51:29 PM;1735;35.2;36.8;45.4;40.8;0.1;0.1;0.1;0.2;
2/2/2017 1:51:30 PM;1736;35.4;36.8;45.3;40.8;0.1;0.1;0.1;0.2;
2/2/2017 1:51:31 PM;1737;35.6;36.8;45.1;40.8;0.1;0.1;0.1;0.2;
2/2/2017 1:51:32 PM;1738;35.7;36.8;44.9;40.7;0.1;0.1;0.1;0.2;
2/2/2017 1:51:33 PM;1739;35.6;36.8;44.8;40.6;0.1;0.1;0.1;0.2;
2/2/2017 1:51:34 PM;1740;35.4;36.7;44.7;40.5;0.1;0.1;0.1;0.2;
2/2/2017 1:51:35 PM;1741;35.3;36.6;44.7;40.2;0.1;0.1;0.1;0.2;
2/2/2017 1:51:36 PM;1742;35.1;36.5;44.8;40.1;0.1;0.1;0.1;0.2;
2/2/2017 1:51:37 PM;1743;35.1;36.5;44.9;40.0;0.1;0.1;0.1;0.2;
2/2/2017 1:51:38 PM;1744;35.1;36.4;44.9;39.9;0.1;0.1;0.1;0.2;
2/2/2017 1:51:39 PM;1745;35.2;36.4;44.9;39.9;0.1;0.1;0.1;0.2;
2/2/2017 1:51:40 PM;1746;35.4;36.3;45.0;39.9;0.1;0.1;0.1;0.2;
2/2/2017 1:51:41 PM;1747;35.6;36.3;44.9;39.9;0.1;0.1;0.1;0.2;
2/2/2017 1:51:42 PM;1748;35.7;36.3;44.9;39.9;0.1;0.1;0.1;0.2;
2/2/2017 1:51:43 PM;1749;35.7;36.3;44.9;40.0;0.1;0.1;0.1;0.2;
2/2/2017 1:51:44 PM;1750;35.5;36.3;44.9;40.1;0.1;0.1;0.1;0.2;
2/2/2017 1:51:45 PM;1751;35.2;36.3;44.8;40.1;0.1;0.1;0.1;0.2;
2/2/2017 1:51:46 PM;1752;34.8;36.2;44.7;40.0;0.1;0.1;0.1;0.2;
2/2/2017 1:51:47 PM;1753;34.5;36.1;44.7;39.9;0.1;0.1;0.1;0.2;
2/2/2017 1:51:48 PM;1754;34.4;36.0;44.7;39.8;0.1;0.1;0.1;0.2;
2/2/2017 1:51:49 PM;1755;34.3;35.8;44.6;39.7;0.1;0.1;0.1;0.2;
2/2/2017 1:51:50 PM;1756;34.3;35.5;44.5;39.6;0.1;0.1;0.1;0.2;
2/2/2017 1:51:51 PM;1757;34.4;35.5;44.4;39.6;0.1;0.1;0.1;0.2;
2/2/2017 1:51:52 PM;1758;34.5;35.5;44.3;39.4;0.1;0.1;0.1;0.2;
2/2/2017 1:51:53 PM;1759;34.7;35.5;44.1;39.2;0.1;0.1;0.1;0.2;
2/2/2017 1:51:54 PM;1760;34.7;35.6;44.1;39.0;0.1;0.1;0.1;0.2;
2/2/2017 1:51:55 PM;1761;34.6;35.7;44.1;38.9;0.1;0.1;0.1;0.2;
2/2/2017 1:51:56 PM;1762;34.5;35.8;44.1;38.8;0.1;0.1;0.1;0.2;
2/2/2017 1:51:57 PM;1763;34.4;35.7;44.0;38.8;0.1;0.1;0.1;0.2;
2/2/2017 1:51:58 PM;1764;34.2;35.7;43.9;38.8;0.1;0.1;0.1;0.2;
2/2/2017 1:51:59 PM;1765;34.2;35.6;43.8;38.8;0.1;0.1;0.1;0.2;
2/2/2017 1:52:00 PM;1766;34.2;35.7;43.8;38.8;0.1;0.1;0.1;0.2;
2/2/2017 1:52:01 PM;1767;34.1;35.4;43.7;38.9;0.1;0.1;0.1;0.2;
2/2/2017 1:52:02 PM;1768;34.1;35.3;43.7;38.9;0.1;0.1;0.1;0.2;
2/2/2017 1:52:03 PM;1769;34.1;35.2;43.6;38.9;0.1;0.1;0.1;0.2;
2/2/2017 1:52:04 PM;1770;34.1;35.2;43.6;38.8;0.1;0.1;0.1;0.2;
2/2/2017 1:52:05 PM;1771;34.0;35.1;43.5;38.7;0.1;0.1;0.1;0.2;
2/2/2017 1:52:06 PM;1772;34.0;35.1;43.5;38.6;0.1;0.1;0.1;0.2;
2/2/2017 1:52:07 PM;1773;33.9;35.1;43.4;38.6;0.1;0.1;0.1;0.2;
2/2/2017 1:52:08 PM;1774;33.9;35.1;43.4;38.5;0.1;0.1;0.1;0.2;
2/2/2017 1:52:09 PM;1775;34.0;35.1;43.2;38.4;0.1;0.1;0.1;0.2;
2/2/2017 1:52:10 PM;1776;33.9;35.1;43.2;38.4;0.1;0.1;0.1;0.2;
2/2/2017 1:52:11 PM;1777;33.9;35.1;43.1;38.3;0.1;0.1;0.1;0.2;
2/2/2017 1:52:12 PM;1778;33.9;35.0;43.0;38.1;0.1;0.1;0.1;0.2;
2/2/2017 1:52:13 PM;1779;33.7;34.9;43.0;38.0;0.1;0.1;0.1;0.2;
2/2/2017 1:52:14 PM;1780;33.4;34.9;42.9;37.9;0.1;0.1;0.1;0.2;
2/2/2017 1:52:15 PM;1781;33.4;34.7;42.7;37.9;0.1;0.1;0.1;0.2;
2/2/2017 1:52:16 PM;1782;33.3;34.8;42.6;37.9;0.1;0.1;0.1;0.2;
2/2/2017 1:52:17 PM;1783;33.3;34.9;42.6;37.9;0.1;0.1;0.1;0.2;
2/2/2017 1:52:18 PM;1784;33.6;35.0;42.6;37.9;0.1;0.1;0.1;0.2;
2/2/2017 1:52:19 PM;1785;33.8;34.9;42.6;37.8;0.1;0.1;0.1;0.2;
2/2/2017 1:52:20 PM;1786;33.7;34.8;42.6;37.8;0.1;0.1;0.1;0.2;
2/2/2017 1:52:21 PM;1787;33.7;34.8;42.6;37.7;0.1;0.1;0.1;0.2;
2/2/2017 1:52:22 PM;1788;33.6;34.6;42.5;37.7;0.1;0.1;0.1;0.2;
2/2/2017 1:52:23 PM;1789;33.5;34.5;42.4;37.7;0.1;0.1;0.1;0.2;
2/2/2017 1:52:24 PM;1790;33.4;34.5;42.2;37.8;0.1;0.1;0.1;0.2;
2/2/2017 1:52:25 PM;1791;33.5;34.6;42.2;37.9;0.1;0.1;0.1;0.2;
2/2/2017 1:52:26 PM;1792;33.5;34.6;42.1;38.0;0.1;0.1;0.1;0.2;
2/2/2017 1:52:27 PM;1793;33.4;34.6;42.0;37.9;0.1;0.1;0.1;0.2;
2/2/2017 1:52:28 PM;1794;33.2;34.6;42.0;37.8;0.1;0.1;0.1;0.2;
2/2/2017 1:52:29 PM;1795;33.1;34.6;42.0;37.7;0.1;0.1;0.1;0.2;
2/2/2017 1:52:30 PM;1796;33.0;34.4;42.0;37.7;0.1;0.1;0.1;0.2;
2/2/2017 1:52:31 PM;1797;33.0;34.4;42.0;37.5;0.1;0.1;0.1;0.2;
2/2/2017 1:52:32 PM;1798;33.0;34.4;42.0;37.6;0.1;0.1;0.1;0.2;
2/2/2017 1:52:33 PM;1799;33.2;34.4;42.0;37.6;0.1;0.1;0.1;0.2;
2/2/2017 1:52:34 PM;1800;33.3;34.3;42.1;37.5;0.1;0.1;0.1;0.2;
2/2/2017 1:52:35 PM;1801;33.3;34.3;42.1;37.4;0.1;0.1;0.1;0.2;
2/2/2017 1:52:36 PM;1802;33.4;34.2;42.2;37.4;0.1;0.1;0.1;0.2;
2/2/2017 1:52:37 PM;1803;33.6;34.1;42.2;37.2;0.1;0.1;0.1;0.2;
2/2/2017 1:52:38 PM;1804;33.5;34.0;42.3;37.1;0.1;0.1;0.1;0.2;
2/2/2017 1:52:39 PM;1805;33.4;34.0;42.4;37.0;0.1;0.1;0.1;0.2;
2/2/2017 1:52:40 PM;1806;33.2;34.0;42.6;36.8;0.1;0.1;0.1;0.2;
2/2/2017 1:52:41 PM;1807;33.0;34.0;42.6;36.8;0.1;0.1;0.1;0.2;
2/2/2017 1:52:42 PM;1808;32.8;34.0;42.7;36.8;0.1;0.1;0.1;0.2;
2/2/2017 1:52:43 PM;1809;32.7;34.1;42.7;36.8;0.1;0.1;0.1;0.2;
2/2/2017 1:52:44 PM;1810;32.7;34.2;42.6;36.9;0.1;0.1;0.1;0.2;
2/2/2017 1:52:45 PM;1811;32.8;34.3;42.6;37.0;0.1;0.1;0.1;0.2;
2/2/2017 1:52:46 PM;1812;32.8;34.4;42.6;37.1;0.1;0.1;0.1;0.2;
2/2/2017 1:52:47 PM;1813;32.9;34.4;42.5;37.1;0.1;0.1;0.1;0.2;
2/2/2017 1:52:48 PM;1814;32.8;34.3;42.5;37.0;0.1;0.1;0.1;0.2;
2/2/2017 1:52:49 PM;1815;32.7;34.2;42.4;37.0;0.1;0.1;0.1;0.2;
2/2/2017 1:52:50 PM;1816;32.6;34.1;42.3;37.0;0.1;0.1;0.1;0.2;
2/2/2017 1:52:51 PM;1817;32.6;34.0;42.1;36.9;0.1;0.1;0.1;0.2;
2/2/2017 1:52:52 PM;1818;32.4;33.9;42.1;36.7;0.1;0.1;0.1;0.2;
2/2/2017 1:52:53 PM;1819;32.5;33.8;42.0;36.6;0.1;0.1;0.1;0.2;
2/2/2017 1:52:54 PM;1820;32.6;33.7;41.9;36.5;0.1;0.1;0.1;0.2;
2/2/2017 1:52:55 PM;1821;32.6;33.6;41.8;36.4;0.1;0.1;0.1;0.2;
2/2/2017 1:52:56 PM;1822;32.7;33.6;41.7;36.3;0.1;0.1;0.1;0.2;
2/2/2017 1:52:57 PM;1823;32.8;33.6;41.4;36.3;0.1;0.1;0.1;0.2;
2/2/2017 1:52:58 PM;1824;32.8;33.7;41.3;36.3;0.1;0.1;0.1;0.2;
2/2/2017 1:52:59 PM;1825;32.6;33.7;41.0;36.2;0.1;0.1;0.1;0.2;
2/2/2017 1:53:00 PM;1826;32.5;33.7;40.8;36.2;0.1;0.1;0.1;0.2;
2/2/2017 1:53:01 PM;1827;32.3;33.6;40.7;36.2;0.1;0.1;0.1;0.2;
2/2/2017 1:53:02 PM;1828;32.0;33.6;40.7;36.2;0.1;0.1;0.1;0.2;
2/2/2017 1:53:03 PM;1829;31.9;33.6;40.6;36.1;0.1;0.1;0.1;0.2;
2/2/2017 1:53:04 PM;1830;31.9;33.4;40.5;36.0;0.1;0.1;0.1;0.2;
2/2/2017 1:53:05 PM;1831;31.9;33.4;40.5;36.0;0.1;0.1;0.1;0.2;
2/2/2017 1:53:06 PM;1832;32.0;33.5;40.3;36.0;0.1;0.1;0.1;0.2;
2/2/2017 1:53:07 PM;1833;32.1;33.4;40.3;35.8;0.1;0.1;0.1;0.2;
2/2/2017 1:53:08 PM;1834;32.2;33.2;40.3;35.7;0.1;0.1;0.1;0.2;
2/2/2017 1:53:09 PM;1835;32.2;33.1;40.2;35.7;0.1;0.1;0.1;0.2;
2/2/2017 1:53:10 PM;1836;32.2;33.0;40.1;35.6;0.1;0.1;0.1;0.2;
2/2/2017 1:53:11 PM;1837;32.1;32.8;40.1;35.5;0.1;0.1;0.1;0.2;
2/2/2017 1:53:12 PM;1838;32.0;32.8;40.0;35.5;0.1;0.1;0.1;0.2;
2/2/2017 1:53:13 PM;1839;32.0;33.0;39.9;35.5;0.1;0.1;0.1;0.2;
2/2/2017 1:53:14 PM;1840;32.0;33.2;39.8;35.4;0.1;0.1;0.1;0.2;
2/2/2017 1:53:15 PM;1841;31.8;33.2;39.7;35.3;0.1;0.1;0.1;0.2;
2/2/2017 1:53:16 PM;1842;31.8;33.2;39.7;35.3;0.1;0.1;0.1;0.2;
2/2/2017 1:53:17 PM;1843;31.7;33.2;39.6;35.3;0.1;0.1;0.1;0.2;
2/2/2017 1:53:18 PM;1844;31.6;33.0;39.6;35.3;0.1;0.1;0.1;0.2;
2/2/2017 1:53:19 PM;1845;31.6;32.9;39.6;35.2;0.1;0.1;0.1;0.2;
2/2/2017 1:53:20 PM;1846;31.5;32.8;39.6;35.2;0.1;0.1;0.1;0.2;
2/2/2017 1:53:21 PM;1847;31.5;32.7;39.6;35.2;0.1;0.1;0.1;0.2;
2/2/2017 1:53:22 PM;1848;31.5;32.7;39.6;35.2;0.1;0.1;0.1;0.2;
2/2/2017 1:53:23 PM;1849;31.5;32.6;39.7;35.2;0.1;0.1;0.1;0.2;
2/2/2017 1:53:24 PM;1850;31.5;32.6;39.7;35.4;0.1;0.1;0.1;0.2;
2/2/2017 1:53:25 PM;1851;31.5;32.6;39.6;35.4;0.1;0.1;0.1;0.2;
2/2/2017 1:53:26 PM;1852;31.5;32.6;39.5;35.3;0.1;0.1;0.1;0.2;
2/2/2017 1:53:27 PM;1853;31.5;32.6;39.4;35.2;0.1;0.1;0.1;0.2;
2/2/2017 1:53:28 PM;1854;31.6;32.6;39.3;35.0;0.1;0.1;0.1;0.2;
2/2/2017 1:53:29 PM;1855;31.6;32.6;39.2;35.0;0.1;0.1;0.1;0.2;
2/2/2017 1:53:30 PM;1856;31.6;32.5;39.1;34.9;0.1;0.1;0.1;0.2;
2/2/2017 1:53:31 PM;1857;31.5;32.6;39.0;34.8;0.1;0.1;0.1;0.2;
2/2/2017 1:53:32 PM;1858;31.5;32.6;39.0;34.9;0.1;0.1;0.1;0.2;
2/2/2017 1:53:33 PM;1859;31.4;32.6;38.8;34.8;0.1;0.1;0.1;0.2;
2/2/2017 1:53:34 PM;1860;31.4;32.7;38.7;34.7;0.1;0.1;0.1;0.2;
2/2/2017 1:53:35 PM;1861;31.4;32.8;38.7;34.6;0.1;0.1;0.1;0.2;
2/2/2017 1:53:36 PM;1862;31.3;32.7;38.7;34.8;0.1;0.1;0.1;0.2;
2/2/2017 1:53:37 PM;1863;31.2;32.6;38.5;34.8;0.1;0.1;0.1;0.2;
2/2/2017 1:53:38 PM;1864;31.2;32.5;38.4;34.8;0.1;0.1;0.1;0.2;
2/2/2017 1:53:39 PM;1865;31.1;32.5;38.4;34.9;0.1;0.1;0.1;0.2;
2/2/2017 1:53:40 PM;1866;31.1;32.4;38.2;34.8;0.1;0.1;0.1;0.2;
2/2/2017 1:53:41 PM;1867;31.3;32.4;38.0;34.8;0.1;0.1;0.1;0.2;
2/2/2017 1:53:42 PM;1868;31.4;32.3;38.1;34.7;0.1;0.1;0.1;0.2;
2/2/2017 1:53:43 PM;1869;31.3;32.3;38.0;34.6;0.1;0.1;0.1;0.2;
2/2/2017 1:53:44 PM;1870;31.3;32.2;37.9;34.6;0.1;0.1;0.1;0.2;
2/2/2017 1:53:45 PM;1871;31.1;32.1;37.9;34.5;0.1;0.1;0.1;0.2;
2/2/2017 1:53:46 PM;1872;30.9;32.0;37.9;34.5;0.1;0.1;0.1;0.2;
2/2/2017 1:53:47 PM;1873;30.9;32.0;37.9;34.4;0.1;0.1;0.1;0.2;
2/2/2017 1:53:48 PM;1874;30.9;32.0;37.9;34.3;0.1;0.1;0.1;0.2;
2/2/2017 1:53:49 PM;1875;30.9;32.0;38.0;34.3;0.1;0.1;0.1;0.2;
2/2/2017 1:53:50 PM;1876;31.0;32.0;38.0;34.2;0.1;0.1;0.1;0.2;
2/2/2017 1:53:51 PM;1877;31.1;32.0;38.1;34.2;0.1;0.1;0.1;0.2;
2/2/2017 1:53:52 PM;1878;31.0;31.9;38.1;34.0;0.1;0.1;0.1;0.2;
2/2/2017 1:53:53 PM;1879;31.0;32.0;38.2;33.9;0.1;0.1;0.1;0.2;
2/2/2017 1:53:54 PM;1880;30.9;31.9;38.2;33.9;0.1;0.1;0.1;0.2;
2/2/2017 1:53:55 PM;1881;30.8;31.9;38.2;34.0;0.1;0.1;0.1;0.2;
2/2/2017 1:53:56 PM;1882;30.8;31.9;38.2;34.1;0.1;0.1;0.1;0.2;
2/2/2017 1:53:57 PM;1883;30.8;32.0;38.2;34.3;0.1;0.1;0.1;0.2;
2/2/2017 1:53:58 PM;1884;30.9;31.9;38.2;34.4;0.1;0.1;0.1;0.2;
2/2/2017 1:53:59 PM;1885;30.9;32.0;38.2;34.3;0.1;0.1;0.1;0.2;
2/2/2017 1:54:00 PM;1886;30.9;32.1;38.1;34.2;0.1;0.1;0.1;0.2;
2/2/2017 1:54:01 PM;1887;30.9;32.1;38.0;34.0;0.1;0.1;0.1;0.2;
2/2/2017 1:54:02 PM;1888;30.9;32.0;37.9;33.8;0.1;0.1;0.1;0.2;
2/2/2017 1:54:03 PM;1889;30.9;32.1;37.8;33.7;0.1;0.1;0.1;0.2;
2/2/2017 1:54:04 PM;1890;30.7;32.1;37.6;33.8;0.1;0.1;0.1;0.2;
2/2/2017 1:54:05 PM;1891;30.7;32.0;37.4;33.9;0.1;0.1;0.1;0.2;
2/2/2017 1:54:06 PM;1892;30.7;31.9;37.1;33.9;0.1;0.1;0.1;0.2;
2/2/2017 1:54:07 PM;1893;30.6;31.9;36.8;33.9;0.1;0.1;0.1;0.2;
2/2/2017 1:54:08 PM;1894;30.5;31.8;36.7;33.9;0.1;0.1;0.1;0.2;
2/2/2017 1:54:09 PM;1895;30.6;31.7;36.5;33.9;0.1;0.1;0.1;0.2;
2/2/2017 1:54:10 PM;1896;30.6;31.7;36.4;33.9;0.1;0.1;0.1;0.2;
2/2/2017 1:54:11 PM;1897;30.6;31.7;36.4;33.8;0.1;0.1;0.1;0.2;
2/2/2017 1:54:12 PM;1898;30.5;31.7;36.3;33.7;0.1;0.1;0.1;0.2;
2/2/2017 1:54:13 PM;1899;30.4;31.7;36.3;33.7;0.1;0.1;0.1;0.2;
2/2/2017 1:54:14 PM;1900;30.3;31.6;36.3;33.7;0.1;0.1;0.1;0.2;
2/2/2017 1:54:15 PM;1901;30.3;31.6;36.3;33.7;0.1;0.1;0.1;0.2;
2/2/2017 1:54:16 PM;1902;30.3;31.6;36.3;33.7;0.1;0.1;0.1;0.2;
2/2/2017 1:54:17 PM;1903;30.4;31.6;36.3;33.7;0.1;0.1;0.1;0.2;
2/2/2017 1:54:18 PM;1904;30.5;31.5;36.3;33.6;0.1;0.1;0.1;0.2;
2/2/2017 1:54:19 PM;1905;30.5;31.6;36.3;33.4;0.1;0.1;0.1;0.2;
2/2/2017 1:54:20 PM;1906;30.4;31.5;36.3;33.3;0.1;0.1;0.1;0.2;
2/2/2017 1:54:21 PM;1907;30.4;31.5;36.3;33.3;0.1;0.1;0.1;0.2;
2/2/2017 1:54:22 PM;1908;30.3;31.4;36.3;33.3;0.1;0.1;0.1;0.2;
2/2/2017 1:54:23 PM;1909;30.2;31.3;36.3;33.3;0.1;0.1;0.1;0.2;
2/2/2017 1:54:24 PM;1910;30.2;31.3;36.3;33.3;0.1;0.1;0.1;0.2;
2/2/2017 1:54:25 PM;1911;30.2;31.3;36.3;33.3;0.1;0.1;0.1;0.2;
2/2/2017 1:54:26 PM;1912;30.1;31.3;36.3;33.2;0.1;0.1;0.1;0.2;
2/2/2017 1:54:27 PM;1913;30.2;31.3;36.3;33.2;0.1;0.1;0.1;0.2;
2/2/2017 1:54:28 PM;1914;30.3;31.4;36.3;33.2;0.1;0.1;0.1;0.2;
2/2/2017 1:54:29 PM;1915;30.3;31.4;36.3;33.2;0.1;0.1;0.1;0.2;
2/2/2017 1:54:30 PM;1916;30.3;31.4;36.2;33.2;0.1;0.1;0.1;0.2;
2/2/2017 1:54:31 PM;1917;30.1;31.4;36.2;33.2;0.1;0.1;0.1;0.2;
2/2/2017 1:54:32 PM;1918;30.0;31.4;36.1;33.1;0.1;0.1;0.1;0.2;
2/2/2017 1:54:33 PM;1919;29.9;31.3;36.0;32.9;0.1;0.1;0.1;0.2;
2/2/2017 1:54:34 PM;1920;29.9;31.3;35.9;32.7;0.1;0.1;0.1;0.2;
2/2/2017 1:54:35 PM;1921;29.9;31.3;35.9;32.7;0.1;0.1;0.1;0.2;
2/2/2017 1:54:36 PM;1922;30.0;31.2;35.8;32.5;0.1;0.1;0.1;0.2;
2/2/2017 1:54:37 PM;1923;30.1;31.1;35.7;32.5;0.1;0.1;0.1;0.2;
2/2/2017 1:54:38 PM;1924;30.1;31.1;35.7;32.5;0.1;0.1;0.1;0.2;
2/2/2017 1:54:39 PM;1925;30.0;31.0;35.7;32.6;0.1;0.1;0.1;0.2;
2/2/2017 1:54:40 PM;1926;29.9;31.0;35.7;32.6;0.1;0.1;0.1;0.2;
2/2/2017 1:54:41 PM;1927;29.8;31.0;35.7;32.6;0.1;0.1;0.1;0.2;
2/2/2017 1:54:42 PM;1928;29.8;31.0;35.7;32.7;0.1;0.1;0.1;0.2;
2/2/2017 1:54:43 PM;1929;29.9;31.0;35.7;32.7;0.1;0.1;0.1;0.2;
2/2/2017 1:54:44 PM;1930;30.1;31.0;35.7;32.7;0.1;0.1;0.1;0.2;
2/2/2017 1:54:45 PM;1931;30.1;31.0;35.7;32.7;0.1;0.1;0.1;0.2;
2/2/2017 1:54:46 PM;1932;30.1;30.9;35.5;32.6;0.1;0.1;0.1;0.2;
2/2/2017 1:54:47 PM;1933;30.1;30.9;35.4;32.5;0.1;0.1;0.1;0.2;
2/2/2017 1:54:48 PM;1934;30.0;30.9;35.2;32.4;0.1;0.1;0.1;0.2;
2/2/2017 1:54:49 PM;1935;29.9;30.8;35.1;32.3;0.1;0.1;0.1;0.2;
2/2/2017 1:54:50 PM;1936;29.8;30.9;35.0;32.3;0.1;0.1;0.1;0.2;
2/2/2017 1:54:51 PM;1937;29.8;30.9;35.1;32.3;0.1;0.1;0.1;0.2;
2/2/2017 1:54:52 PM;1938;29.7;30.9;35.1;32.3;0.1;0.1;0.1;0.2;
2/2/2017 1:54:53 PM;1939;29.7;30.9;35.1;32.4;0.1;0.1;0.1;0.2;
2/2/2017 1:54:54 PM;1940;29.6;30.9;35.1;32.4;0.1;0.1;0.1;0.2;
2/2/2017 1:54:55 PM;1941;29.6;30.9;35.1;32.4;0.1;0.1;0.1;0.2;
2/2/2017 1:54:56 PM;1942;29.6;30.9;35.1;32.4;0.1;0.1;0.1;0.2;
2/2/2017 1:54:57 PM;1943;29.7;30.9;35.1;32.3;0.1;0.1;0.1;0.2;
2/2/2017 1:54:58 PM;1944;29.7;30.9;35.2;32.2;0.1;0.1;0.1;0.2;
2/2/2017 1:54:59 PM;1945;29.7;30.9;35.2;32.1;0.1;0.1;0.1;0.2;
2/2/2017 1:55:00 PM;1946;29.7;30.9;35.2;32.1;0.1;0.1;0.1;0.2;
2/2/2017 1:55:01 PM;1947;29.7;31.0;35.2;32.1;0.1;0.1;0.1;0.2;
2/2/2017 1:55:02 PM;1948;29.7;31.0;35.2;32.1;0.1;0.1;0.1;0.2;
2/2/2017 1:55:03 PM;1949;29.7;30.9;35.2;32.1;0.1;0.1;0.1;0.2;
2/2/2017 1:55:04 PM;1950;29.6;30.9;35.1;32.1;0.1;0.1;0.1;0.2;
2/2/2017 1:55:05 PM;1951;29.6;30.8;35.1;32.1;0.1;0.1;0.1;0.2;
2/2/2017 1:55:06 PM;1952;29.6;30.7;35.1;32.1;0.1;0.1;0.1;0.2;
2/2/2017 1:55:07 PM;1953;29.6;30.7;35.1;32.1;0.1;0.1;0.1;0.2;
2/2/2017 1:55:08 PM;1954;29.6;30.6;35.1;32.1;0.1;0.1;0.1;0.2;
2/2/2017 1:55:09 PM;1955;29.6;30.6;35.0;32.1;0.1;0.1;0.1;0.2;
2/2/2017 1:55:10 PM;1956;29.6;30.5;35.0;32.0;0.1;0.1;0.1;0.2;
2/2/2017 1:55:11 PM;1957;29.6;30.4;34.9;31.9;0.1;0.1;0.1;0.2;
2/2/2017 1:55:12 PM;1958;29.5;30.4;34.9;31.8;0.1;0.1;0.1;0.2;
2/2/2017 1:55:13 PM;1959;29.5;30.4;34.8;31.8;0.1;0.1;0.1;0.2;
2/2/2017 1:55:14 PM;1960;29.5;30.3;34.9;31.8;0.1;0.1;0.1;0.2;
2/2/2017 1:55:15 PM;1961;29.5;30.4;34.9;31.7;0.1;0.1;0.1;0.2;
2/2/2017 1:55:16 PM;1962;29.4;30.5;34.9;31.6;0.1;0.1;0.1;0.2;
2/2/2017 1:55:17 PM;1963;29.4;30.5;35.0;31.6;0.1;0.1;0.1;0.2;
2/2/2017 1:55:18 PM;1964;29.3;30.6;35.0;31.6;0.1;0.1;0.1;0.2;
2/2/2017 1:55:19 PM;1965;29.4;30.6;35.1;31.6;0.1;0.1;0.1;0.2;
2/2/2017 1:55:20 PM;1966;29.4;30.5;35.1;31.7;0.1;0.1;0.1;0.2;
2/2/2017 1:55:21 PM;1967;29.3;30.5;35.1;31.8;0.1;0.1;0.1;0.2;
2/2/2017 1:55:22 PM;1968;29.4;30.5;35.2;31.7;0.1;0.1;0.1;0.2;
2/2/2017 1:55:23 PM;1969;29.3;30.4;35.2;31.7;0.1;0.1;0.1;0.2;
2/2/2017 1:55:24 PM;1970;29.4;30.4;35.1;31.7;0.1;0.1;0.1;0.2;
2/2/2017 1:55:25 PM;1971;29.4;30.4;35.0;31.7;0.1;0.1;0.1;0.2;
2/2/2017 1:55:26 PM;1972;29.5;30.5;35.0;31.6;0.1;0.1;0.1;0.2;
2/2/2017 1:55:27 PM;1973;29.4;30.5;35.0;31.6;0.1;0.1;0.1;0.2;
2/2/2017 1:55:28 PM;1974;29.4;30.5;34.8;31.6;0.1;0.1;0.1;0.2;
2/2/2017 1:55:29 PM;1975;29.4;30.5;34.7;31.6;0.1;0.1;0.1;0.2;
2/2/2017 1:55:30 PM;1976;29.4;30.5;34.6;31.5;0.1;0.1;0.1;0.2;
2/2/2017 1:55:31 PM;1977;29.4;30.4;34.4;31.5;0.1;0.1;0.1;0.2;
2/2/2017 1:55:32 PM;1978;29.4;30.4;34.2;31.4;0.1;0.1;0.1;0.2;
2/2/2017 1:55:33 PM;1979;29.4;30.4;34.1;31.4;0.1;0.1;0.1;0.2;
2/2/2017 1:55:34 PM;1980;29.4;30.5;34.0;31.4;0.1;0.1;0.1;0.2;
2/2/2017 1:55:35 PM;1981;29.4;30.5;34.0;31.4;0.1;0.1;0.1;0.2;
2/2/2017 1:55:36 PM;1982;29.5;30.5;33.9;31.4;0.1;0.1;0.1;0.2;
2/2/2017 1:55:37 PM;1983;29.5;30.5;33.9;31.3;0.1;0.1;0.1;0.2;
2/2/2017 1:55:38 PM;1984;29.4;30.5;33.8;31.2;0.1;0.1;0.1;0.2;
2/2/2017 1:55:39 PM;1985;29.3;30.4;33.8;31.0;0.1;0.1;0.1;0.2;
2/2/2017 1:55:40 PM;1986;29.3;30.3;33.7;31.0;0.1;0.1;0.1;0.2;
2/2/2017 1:55:41 PM;1987;29.2;30.3;33.7;31.0;0.1;0.1;0.1;0.2;
2/2/2017 1:55:42 PM;1988;29.0;30.3;33.6;31.1;0.1;0.1;0.1;0.2;
2/2/2017 1:55:43 PM;1989;28.9;30.3;33.6;31.1;0.1;0.1;0.1;0.2;
2/2/2017 1:55:44 PM;1990;28.9;30.3;33.6;31.2;0.1;0.1;0.1;0.2;
2/2/2017 1:55:45 PM;1991;28.8;30.3;33.5;31.1;0.1;0.1;0.1;0.2;
2/2/2017 1:55:46 PM;1992;28.8;30.3;33.5;31.1;0.1;0.1;0.1;0.2;
2/2/2017 1:55:47 PM;1993;28.8;30.3;33.4;31.1;0.1;0.1;0.1;0.2;
2/2/2017 1:55:48 PM;1994;28.8;30.2;33.4;31.0;0.1;0.1;0.1;0.2;
2/2/2017 1:55:49 PM;1995;28.8;30.2;33.4;31.0;0.1;0.1;0.1;0.2;
2/2/2017 1:55:50 PM;1996;28.8;30.2;33.4;31.0;0.1;0.1;0.1;0.2;
2/2/2017 1:55:51 PM;1997;28.9;30.2;33.3;31.1;0.1;0.1;0.1;0.2;
2/2/2017 1:55:52 PM;1998;28.9;30.2;33.3;31.1;0.1;0.1;0.1;0.2;
2/2/2017 1:55:53 PM;1999;28.9;30.2;33.2;31.1;0.1;0.1;0.1;0.2;
2/2/2017 1:55:54 PM;2000;29.0;30.2;33.2;31.1;0.1;0.1;0.1;0.2;
2/2/2017 1:55:55 PM;2001;29.1;30.2;33.2;31.0;0.1;0.1;0.1;0.2;
2/2/2017 1:55:56 PM;2002;29.1;30.1;33.2;30.9;0.1;0.1;0.1;0.2;
2/2/2017 1:55:57 PM;2003;29.1;30.1;33.2;30.8;0.1;0.1;0.1;0.2;
2/2/2017 1:55:58 PM;2004;29.1;30.0;33.2;30.8;0.1;0.1;0.1;0.2;
2/2/2017 1:55:59 PM;2005;29.0;30.0;33.2;30.8;0.1;0.1;0.1;0.2;
2/2/2017 1:56:00 PM;2006;28.9;29.9;33.2;30.8;0.1;0.1;0.1;0.2;
2/2/2017 1:56:01 PM;2007;28.9;29.9;33.2;30.8;0.1;0.1;0.1;0.2;
2/2/2017 1:56:02 PM;2008;28.8;29.9;33.2;30.8;0.1;0.1;0.1;0.2;
2/2/2017 1:56:03 PM;2009;28.8;29.9;33.2;30.8;0.1;0.1;0.1;0.2;
2/2/2017 1:56:04 PM;2010;28.7;30.0;33.2;30.8;0.1;0.1;0.1;0.2;
2/2/2017 1:56:05 PM;2011;28.8;30.0;33.2;30.8;0.1;0.1;0.1;0.2;
2/2/2017 1:56:06 PM;2012;28.8;30.0;33.2;30.8;0.1;0.1;0.1;0.2;
2/2/2017 1:56:07 PM;2013;28.9;30.0;33.3;30.8;0.1;0.1;0.1;0.2;
2/2/2017 1:56:08 PM;2014;29.0;30.0;33.3;30.8;0.1;0.1;0.1;0.2;
2/2/2017 1:56:09 PM;2015;29.1;30.0;33.3;30.7;0.1;0.1;0.1;0.2;
2/2/2017 1:56:10 PM;2016;29.0;30.0;33.4;30.6;0.1;0.1;0.1;0.2;
2/2/2017 1:56:11 PM;2017;29.0;30.0;33.4;30.6;0.1;0.1;0.1;0.2;
2/2/2017 1:56:12 PM;2018;28.8;29.9;33.4;30.5;0.1;0.1;0.1;0.2;
2/2/2017 1:56:13 PM;2019;28.7;29.8;33.3;30.5;0.1;0.1;0.1;0.2;
2/2/2017 1:56:14 PM;2020;28.6;29.8;33.3;30.5;0.1;0.1;0.1;0.2;
2/2/2017 1:56:15 PM;2021;28.6;29.8;33.2;30.4;0.1;0.1;0.1;0.2;
2/2/2017 1:56:16 PM;2022;28.7;29.8;33.2;30.4;0.1;0.1;0.1;0.2;
2/2/2017 1:56:17 PM;2023;28.8;29.8;33.1;30.4;0.1;0.1;0.1;0.2;
2/2/2017 1:56:18 PM;2024;28.8;29.8;33.1;30.4;0.1;0.1;0.1;0.2;
2/2/2017 1:56:19 PM;2025;28.8;29.8;33.1;30.4;0.1;0.1;0.1;0.2;
2/2/2017 1:56:20 PM;2026;28.8;29.7;33.1;30.5;0.1;0.1;0.1;0.2;
2/2/2017 1:56:21 PM;2027;28.7;29.7;33.0;30.5;0.1;0.1;0.1;0.2;
2/2/2017 1:56:22 PM;2028;28.6;29.7;32.9;30.4;0.1;0.1;0.1;0.2;
2/2/2017 1:56:23 PM;2029;28.5;29.7;32.8;30.3;0.1;0.1;0.1;0.2;
2/2/2017 1:56:24 PM;2030;28.5;29.8;32.8;30.3;0.1;0.1;0.1;0.2;
2/2/2017 1:56:25 PM;2031;28.6;29.8;32.8;30.3;0.1;0.1;0.1;0.2;
2/2/2017 1:56:26 PM;2032;28.6;29.8;32.8;30.3;0.1;0.1;0.1;0.2;
2/2/2017 1:56:27 PM;2033;28.7;29.8;32.7;30.3;0.1;0.1;0.1;0.2;
2/2/2017 1:56:28 PM;2034;28.7;29.8;32.7;30.4;0.1;0.1;0.1;0.2;
2/2/2017 1:56:29 PM;2035;28.7;29.8;32.6;30.3;0.1;0.1;0.1;0.2;
2/2/2017 1:56:30 PM;2036;28.6;29.8;32.5;30.4;0.1;0.1;0.1;0.2;
2/2/2017 1:56:31 PM;2037;28.6;29.7;32.5;30.4;0.1;0.1;0.1;0.2;
2/2/2017 1:56:32 PM;2038;28.6;29.6;32.4;30.5;0.1;0.1;0.1;0.2;
2/2/2017 1:56:33 PM;2039;28.6;29.7;32.3;30.5;0.1;0.1;0.1;0.2;
2/2/2017 1:56:34 PM;2040;28.6;29.7;32.3;30.4;0.1;0.1;0.1;0.2;
2/2/2017 1:56:35 PM;2041;28.6;29.7;32.2;30.3;0.1;0.1;0.1;0.2;
2/2/2017 1:56:36 PM;2042;28.6;29.7;32.1;30.2;0.1;0.1;0.1;0.2;
2/2/2017 1:56:37 PM;2043;28.5;29.8;32.1;30.1;0.1;0.1;0.1;0.2;
2/2/2017 1:56:38 PM;2044;28.4;29.7;32.1;30.0;0.1;0.1;0.1;0.2;
2/2/2017 1:56:39 PM;2045;28.4;29.7;32.1;30.0;0.1;0.1;0.1;0.2;
2/2/2017 1:56:40 PM;2046;28.4;29.6;32.1;30.0;0.1;0.1;0.1;0.2;
2/2/2017 1:56:41 PM;2047;28.4;29.6;32.1;30.1;0.1;0.1;0.1;0.2;
2/2/2017 1:56:42 PM;2048;28.4;29.5;32.1;30.1;0.1;0.1;0.1;0.2;
2/2/2017 1:56:43 PM;2049;28.4;29.4;32.2;30.2;0.1;0.1;0.1;0.2;
2/2/2017 1:56:44 PM;2050;28.4;29.4;32.2;30.2;0.1;0.1;0.1;0.2;
2/2/2017 1:56:45 PM;2051;28.4;29.4;32.3;30.2;0.1;0.1;0.1;0.2;
2/2/2017 1:56:46 PM;2052;28.4;29.4;32.2;30.2;0.1;0.1;0.1;0.2;
2/2/2017 1:56:47 PM;2053;28.4;29.5;32.2;30.2;0.1;0.1;0.1;0.2;
2/2/2017 1:56:48 PM;2054;28.4;29.5;32.1;30.3;0.1;0.1;0.1;0.2;
2/2/2017 1:56:49 PM;2055;28.4;29.5;32.1;30.2;0.1;0.1;0.1;0.2;
2/2/2017 1:56:50 PM;2056;28.4;29.5;32.1;30.1;0.1;0.1;0.1;0.2;
2/2/2017 1:56:51 PM;2057;28.4;29.5;32.1;30.1;0.1;0.1;0.1;0.2;
2/2/2017 1:56:52 PM;2058;28.4;29.4;32.0;30.1;0.1;0.1;0.1;0.2;
2/2/2017 1:56:53 PM;2059;28.3;29.4;31.9;30.0;0.1;0.1;0.1;0.2;
2/2/2017 1:56:54 PM;2060;28.2;29.4;31.9;30.0;0.1;0.1;0.1;0.2;
2/2/2017 1:56:55 PM;2061;28.2;29.5;31.8;29.9;0.1;0.1;0.1;0.2;
2/2/2017 1:56:56 PM;2062;28.1;29.5;31.7;29.9;0.1;0.1;0.1;0.2;
2/2/2017 1:56:57 PM;2063;28.1;29.5;31.7;29.8;0.1;0.1;0.1;0.2;
2/2/2017 1:56:58 PM;2064;28.1;29.5;31.7;29.8;0.1;0.1;0.1;0.2;
2/2/2017 1:56:59 PM;2065;28.1;29.5;31.7;29.8;0.1;0.1;0.1;0.2;
2/2/2017 1:57:00 PM;2066;28.2;29.5;31.7;29.9;0.1;0.1;0.1;0.2;
2/2/2017 1:57:01 PM;2067;28.2;29.5;31.7;29.9;0.1;0.1;0.1;0.2;
2/2/2017 1:57:02 PM;2068;28.2;29.4;31.7;29.9;0.1;0.1;0.1;0.2;
2/2/2017 1:57:03 PM;2069;28.2;29.5;31.7;29.9;0.1;0.1;0.1;0.2;
2/2/2017 1:57:04 PM;2070;28.2;29.5;31.6;29.9;0.1;0.1;0.1;0.2;
2/2/2017 1:57:05 PM;2071;28.2;29.5;31.6;29.9;0.1;0.1;0.1;0.2;
2/2/2017 1:57:06 PM;2072;28.2;29.5;31.6;29.9;0.1;0.1;0.1;0.2;
2/2/2017 1:57:07 PM;2073;28.2;29.5;31.5;29.9;0.1;0.1;0.1;0.2;
2/2/2017 1:57:08 PM;2074;28.2;29.5;31.5;29.9;0.1;0.1;0.1;0.2;
2/2/2017 1:57:09 PM;2075;28.2;29.4;31.5;29.9;0.1;0.1;0.1;0.2;
2/2/2017 1:57:10 PM;2076;28.2;29.4;31.5;29.8;0.1;0.1;0.1;0.2;
2/2/2017 1:57:11 PM;2077;28.2;29.3;31.4;29.7;0.1;0.1;0.1;0.2;
2/2/2017 1:57:12 PM;2078;28.2;29.2;31.3;29.7;0.1;0.1;0.1;0.2;
2/2/2017 1:57:13 PM;2079;28.2;29.2;31.3;29.6;0.1;0.1;0.1;0.2;
2/2/2017 1:57:14 PM;2080;28.2;29.2;31.1;29.6;0.1;0.1;0.1;0.2;
2/2/2017 1:57:15 PM;2081;28.2;29.2;31.1;29.6;0.1;0.1;0.1;0.2;
2/2/2017 1:57:16 PM;2082;28.1;29.2;31.0;29.6;0.1;0.1;0.1;0.2;
2/2/2017 1:57:17 PM;2083;28.0;29.2;31.0;29.6;0.1;0.1;0.1;0.2;
2/2/2017 1:57:18 PM;2084;28.0;29.2;31.0;29.6;0.1;0.1;0.1;0.2;
2/2/2017 1:57:19 PM;2085;28.0;29.2;31.1;29.6;0.1;0.1;0.1;0.2;
2/2/2017 1:57:20 PM;2086;28.1;29.2;31.1;29.6;0.1;0.1;0.1;0.2;
2/2/2017 1:57:21 PM;2087;28.1;29.2;31.1;29.7;0.1;0.1;0.1;0.2;
2/2/2017 1:57:22 PM;2088;28.1;29.2;31.1;29.7;0.1;0.1;0.1;0.2;
2/2/2017 1:57:23 PM;2089;28.0;29.2;31.2;29.7;0.1;0.1;0.1;0.2;
2/2/2017 1:57:24 PM;2090;28.0;29.2;31.2;29.6;0.1;0.1;0.1;0.2;
2/2/2017 1:57:25 PM;2091;28.0;29.2;31.3;29.5;0.1;0.1;0.1;0.2;
2/2/2017 1:57:26 PM;2092;28.0;29.2;31.3;29.5;0.1;0.1;0.1;0.2;
2/2/2017 1:57:27 PM;2093;28.1;29.2;31.3;29.5;0.1;0.1;0.1;0.2;
2/2/2017 1:57:28 PM;2094;28.1;29.2;31.3;29.5;0.1;0.1;0.1;0.2;
2/2/2017 1:57:29 PM;2095;28.2;29.2;31.3;29.4;0.1;0.1;0.1;0.2;
2/2/2017 1:57:30 PM;2096;28.1;29.2;31.3;29.4;0.1;0.1;0.1;0.2;
2/2/2017 1:57:31 PM;2097;28.0;29.2;31.4;29.3;0.1;0.1;0.1;0.2;
2/2/2017 1:57:32 PM;2098;28.0;29.1;31.4;29.3;0.1;0.1;0.1;0.2;
2/2/2017 1:57:33 PM;2099;28.0;29.1;31.4;29.3;0.1;0.1;0.1;0.2;
2/2/2017 1:57:34 PM;2100;27.9;29.0;31.3;29.3;0.1;0.1;0.1;0.2;
2/2/2017 1:57:35 PM;2101;27.9;29.0;31.2;29.3;0.1;0.1;0.1;0.2;
2/2/2017 1:57:36 PM;2102;28.0;29.0;31.1;29.3;0.1;0.1;0.1;0.2;
2/2/2017 1:57:37 PM;2103;28.0;29.0;31.1;29.3;0.1;0.1;0.1;0.2;
2/2/2017 1:57:38 PM;2104;28.0;29.0;31.1;29.2;0.1;0.1;0.1;0.2;
2/2/2017 1:57:39 PM;2105;28.0;29.0;31.1;29.1;0.1;0.1;0.1;0.2;
2/2/2017 1:57:40 PM;2106;28.0;29.0;31.1;29.1;0.1;0.1;0.1;0.2;
2/2/2017 1:57:41 PM;2107;28.0;29.1;31.1;29.1;0.1;0.1;0.1;0.2;
2/2/2017 1:57:42 PM;2108;28.0;29.1;31.0;29.1;0.1;0.1;0.1;0.2;
2/2/2017 1:57:43 PM;2109;28.0;29.1;31.0;29.1;0.1;0.1;0.1;0.2;
2/2/2017 1:57:44 PM;2110;28.0;29.0;30.9;29.1;0.1;0.1;0.1;0.2;
2/2/2017 1:57:45 PM;2111;28.0;29.0;30.9;29.1;0.1;0.1;0.1;0.2;
2/2/2017 1:57:46 PM;2112;28.0;29.0;30.9;29.1;0.1;0.1;0.1;0.2;
2/2/2017 1:57:47 PM;2113;28.0;29.0;30.8;29.1;0.1;0.1;0.1;0.2;
2/2/2017 1:57:48 PM;2114;27.9;29.0;30.8;29.1;0.1;0.1;0.1;0.2;
2/2/2017 1:57:49 PM;2115;27.8;29.0;30.8;29.1;0.1;0.1;0.1;0.2;
2/2/2017 1:57:50 PM;2116;27.7;29.0;30.8;29.1;0.1;0.1;0.1;0.2;
2/2/2017 1:57:51 PM;2117;27.7;29.0;30.8;29.1;0.1;0.1;0.1;0.2;
2/2/2017 1:57:52 PM;2118;27.7;29.0;30.8;29.2;0.1;0.1;0.1;0.2;
2/2/2017 1:57:53 PM;2119;27.6;29.0;30.7;29.2;0.1;0.1;0.1;0.2;
2/2/2017 1:57:54 PM;2120;27.7;29.0;30.7;29.1;0.1;0.1;0.1;0.2;
2/2/2017 1:57:55 PM;2121;27.7;29.0;30.7;29.2;0.1;0.1;0.1;0.2;
2/2/2017 1:57:56 PM;2122;27.7;29.0;30.7;29.1;0.1;0.1;0.1;0.2;
2/2/2017 1:57:57 PM;2123;27.7;29.0;30.6;29.1;0.1;0.1;0.1;0.2;
2/2/2017 1:57:58 PM;2124;27.8;29.0;30.6;29.1;0.1;0.1;0.1;0.2;
2/2/2017 1:57:59 PM;2125;27.8;28.9;30.6;29.1;0.1;0.1;0.1;0.2;
2/2/2017 1:58:00 PM;2126;27.8;28.9;30.5;29.1;0.1;0.1;0.1;0.2;
2/2/2017 1:58:01 PM;2127;27.7;28.8;30.5;29.1;0.1;0.1;0.1;0.2;
2/2/2017 1:58:02 PM;2128;27.7;28.8;30.5;29.1;0.1;0.1;0.1;0.2;
2/2/2017 1:58:03 PM;2129;27.7;28.8;30.5;29.0;0.1;0.1;0.1;0.2;
2/2/2017 1:58:04 PM;2130;27.7;28.8;30.4;29.0;0.1;0.1;0.1;0.2;
2/2/2017 1:58:05 PM;2131;27.7;28.8;30.4;28.9;0.1;0.1;0.1;0.2;
2/2/2017 1:58:06 PM;2132;27.8;28.8;30.4;28.9;0.1;0.1;0.1;0.2;
2/2/2017 1:58:07 PM;2133;27.8;28.8;30.5;28.8;0.1;0.1;0.1;0.2;
2/2/2017 1:58:08 PM;2134;27.8;28.8;30.5;28.8;0.1;0.1;0.1;0.2;
2/2/2017 1:58:09 PM;2135;27.8;28.8;30.5;28.8;0.1;0.1;0.1;0.2;
2/2/2017 1:58:10 PM;2136;27.8;28.8;30.5;28.9;0.1;0.1;0.1;0.2;
2/2/2017 1:58:11 PM;2137;27.8;28.8;30.5;28.9;0.1;0.1;0.1;0.2;
2/2/2017 1:58:12 PM;2138;27.7;28.8;30.4;28.9;0.1;0.1;0.1;0.2;
2/2/2017 1:58:13 PM;2139;27.7;28.8;30.4;28.9;0.1;0.1;0.1;0.2;
2/2/2017 1:58:14 PM;2140;27.7;28.8;30.4;28.9;0.1;0.1;0.1;0.2;
2/2/2017 1:58:15 PM;2141;27.6;28.8;30.4;28.9;0.1;0.1;0.1;0.2;
2/2/2017 1:58:16 PM;2142;27.6;28.8;30.4;28.9;0.1;0.1;0.1;0.2;
2/2/2017 1:58:17 PM;2143;27.6;28.8;30.4;28.8;0.1;0.1;0.1;0.2;
2/2/2017 1:58:18 PM;2144;27.6;28.8;30.4;28.8;0.1;0.1;0.1;0.2;
2/2/2017 1:58:19 PM;2145;27.6;28.8;30.4;28.7;0.1;0.1;0.1;0.2;
2/2/2017 1:58:20 PM;2146;27.6;28.8;30.4;28.7;0.1;0.1;0.1;0.2;
2/2/2017 1:58:21 PM;2147;27.7;28.8;30.3;28.7;0.1;0.1;0.1;0.2;
2/2/2017 1:58:22 PM;2148;27.7;28.8;30.3;28.7;0.1;0.1;0.1;0.2;
2/2/2017 1:58:23 PM;2149;27.7;28.8;30.2;28.7;0.1;0.1;0.1;0.2;
2/2/2017 1:58:24 PM;2150;27.6;28.8;30.2;28.6;0.1;0.1;0.1;0.2;
2/2/2017 1:58:25 PM;2151;27.6;28.8;30.2;28.5;0.1;0.1;0.1;0.2;
2/2/2017 1:58:26 PM;2152;27.6;28.8;30.2;28.5;0.1;0.1;0.1;0.2;
2/2/2017 1:58:27 PM;2153;27.7;28.8;30.2;28.5;0.1;0.1;0.1;0.2;
2/2/2017 1:58:28 PM;2154;27.7;28.8;30.2;28.5;0.1;0.1;0.1;0.2;
2/2/2017 1:58:29 PM;2155;27.7;28.8;30.2;28.5;0.1;0.1;0.1;0.2;
2/2/2017 1:58:30 PM;2156;27.7;28.8;30.2;28.5;0.1;0.1;0.1;0.2;
2/2/2017 1:58:31 PM;2157;27.6;28.8;30.2;28.6;0.1;0.1;0.1;0.2;
2/2/2017 1:58:32 PM;2158;27.6;28.8;30.1;28.6;0.1;0.1;0.1;0.2;
2/2/2017 1:58:33 PM;2159;27.6;28.8;30.1;28.6;0.1;0.1;0.1;0.2;
2/2/2017 1:58:34 PM;2160;27.7;28.8;30.0;28.6;0.1;0.1;0.1;0.2;
2/2/2017 1:58:35 PM;2161;27.6;28.8;30.0;28.6;0.1;0.1;0.1;0.2;
2/2/2017 1:58:36 PM;2162;27.6;28.8;30.0;28.6;0.1;0.1;0.1;0.2;
2/2/2017 1:58:37 PM;2163;27.6;28.8;29.9;28.6;0.1;0.1;0.1;0.2;
2/2/2017 1:58:38 PM;2164;27.6;28.7;29.9;28.7;0.1;0.1;0.1;0.2;
2/2/2017 1:58:39 PM;2165;27.5;28.7;29.9;28.7;0.1;0.1;0.1;0.2;
2/2/2017 1:58:40 PM;2166;27.5;28.6;29.9;28.7;0.1;0.1;0.1;0.2;
2/2/2017 1:58:41 PM;2167;27.5;28.6;29.9;28.6;0.1;0.1;0.1;0.2;
2/2/2017 1:58:42 PM;2168;27.5;28.6;29.9;28.6;0.1;0.1;0.1;0.2;
2/2/2017 1:58:43 PM;2169;27.5;28.6;29.9;28.5;0.1;0.1;0.1;0.2;
2/2/2017 1:58:44 PM;2170;27.5;28.6;30.0;28.4;0.1;0.1;0.1;0.2;
2/2/2017 1:58:45 PM;2171;27.6;28.6;30.0;28.4;0.1;0.1;0.1;0.2;
2/2/2017 1:58:46 PM;2172;27.6;28.7;30.0;28.4;0.1;0.1;0.1;0.2;
2/2/2017 1:58:47 PM;2173;27.6;28.7;30.0;28.4;0.1;0.1;0.1;0.2;
2/2/2017 1:58:48 PM;2174;27.5;28.7;30.0;28.5;0.1;0.1;0.1;0.2;
2/2/2017 1:58:49 PM;2175;27.5;28.7;30.0;28.6;0.1;0.1;0.1;0.2;
2/2/2017 1:58:50 PM;2176;27.5;28.6;30.0;28.6;0.1;0.1;0.1;0.2;
2/2/2017 1:58:51 PM;2177;27.5;28.6;30.0;28.6;0.1;0.1;0.1;0.2;
2/2/2017 1:58:52 PM;2178;27.5;28.5;30.0;28.5;0.1;0.1;0.1;0.2;
2/2/2017 1:58:53 PM;2179;27.5;28.5;30.0;28.4;0.1;0.1;0.1;0.2;
2/2/2017 1:58:54 PM;2180;27.5;28.5;30.0;28.3;0.1;0.1;0.1;0.2;
2/2/2017 1:58:55 PM;2181;27.5;28.5;30.0;28.3;0.1;0.1;0.1;0.2;
2/2/2017 1:58:56 PM;2182;27.5;28.5;30.0;28.3;0.1;0.1;0.1;0.2;
2/2/2017 1:58:57 PM;2183;27.5;28.5;30.0;28.3;0.1;0.1;0.1;0.2;
2/2/2017 1:58:58 PM;2184;27.5;28.6;30.0;28.3;0.1;0.1;0.1;0.2;
2/2/2017 1:58:59 PM;2185;27.5;28.6;30.0;28.3;0.1;0.1;0.1;0.2;
2/2/2017 1:59:00 PM;2186;27.5;28.6;29.9;28.3;0.1;0.1;0.1;0.2;
2/2/2017 1:59:01 PM;2187;27.5;28.6;29.9;28.3;0.1;0.1;0.1;0.2;
2/2/2017 1:59:02 PM;2188;27.5;28.6;29.9;28.3;0.1;0.1;0.1;0.2;
2/2/2017 1:59:03 PM;2189;27.5;28.6;29.8;28.3;0.1;0.1;0.1;0.2;
2/2/2017 1:59:04 PM;2190;27.5;28.6;29.6;28.3;0.1;0.1;0.1;0.2;
2/2/2017 1:59:05 PM;2191;27.4;28.6;29.6;28.3;0.1;0.1;0.1;0.2;
2/2/2017 1:59:06 PM;2192;27.4;28.6;29.4;28.3;0.1;0.1;0.1;0.2;
2/2/2017 1:59:07 PM;2193;27.4;28.5;29.3;28.2;0.1;0.1;0.1;0.2;
2/2/2017 1:59:08 PM;2194;27.3;28.5;29.3;28.2;0.1;0.1;0.1;0.2;
2/2/2017 1:59:09 PM;2195;27.3;28.5;29.3;28.2;0.1;0.1;0.1;0.2;
2/2/2017 1:59:10 PM;2196;27.4;28.4;29.3;28.2;0.1;0.1;0.1;0.2;
2/2/2017 1:59:11 PM;2197;27.4;28.5;29.3;28.2;0.1;0.1;0.1;0.2;
2/2/2017 1:59:12 PM;2198;27.4;28.4;29.3;28.3;0.1;0.1;0.1;0.2;
2/2/2017 1:59:13 PM;2199;27.4;28.4;29.3;28.3;0.1;0.1;0.1;0.2;
2/2/2017 1:59:14 PM;2200;27.4;28.4;29.4;28.3;0.1;0.1;0.1;0.2;
2/2/2017 1:59:15 PM;2201;27.4;28.4;29.4;28.3;0.1;0.1;0.1;0.2;
2/2/2017 1:59:16 PM;2202;27.3;28.4;29.4;28.2;0.1;0.1;0.1;0.2;
2/2/2017 1:59:17 PM;2203;27.3;28.4;29.4;28.2;0.1;0.1;0.1;0.2;
2/2/2017 1:59:18 PM;2204;27.3;28.4;29.4;28.2;0.1;0.1;0.1;0.2;
2/2/2017 1:59:19 PM;2205;27.3;28.4;29.4;28.2;0.1;0.1;0.1;0.2;
2/2/2017 1:59:20 PM;2206;27.3;28.5;29.4;28.1;0.1;0.1;0.1;0.2;
2/2/2017 1:59:21 PM;2207;27.4;28.5;29.4;28.2;0.1;0.1;0.1;0.2;
2/2/2017 1:59:22 PM;2208;27.4;28.5;29.4;28.1;0.1;0.1;0.1;0.2;
2/2/2017 1:59:23 PM;2209;27.4;28.4;29.4;28.1;0.1;0.1;0.1;0.2;
2/2/2017 1:59:24 PM;2210;27.5;28.4;29.4;28.1;0.1;0.1;0.1;0.2;
2/2/2017 1:59:25 PM;2211;27.4;28.4;29.4;28.1;0.1;0.1;0.1;0.2;
2/2/2017 1:59:26 PM;2212;27.4;28.4;29.4;28.1;0.1;0.1;0.1;0.2;
2/2/2017 1:59:27 PM;2213;27.3;28.4;29.4;28.1;0.1;0.1;0.1;0.2;
2/2/2017 1:59:28 PM;2214;27.3;28.4;29.4;28.1;0.1;0.1;0.1;0.2;
2/2/2017 1:59:29 PM;2215;27.3;28.4;29.4;28.1;0.1;0.1;0.1;0.2;
2/2/2017 1:59:30 PM;2216;27.3;28.4;29.4;28.1;0.1;0.1;0.1;0.2;
2/2/2017 1:59:31 PM;2217;27.3;28.4;29.4;28.1;0.1;0.1;0.1;0.2;
2/2/2017 1:59:32 PM;2218;27.4;28.4;29.4;28.1;0.1;0.1;0.1;0.2;
2/2/2017 1:59:33 PM;2219;27.4;28.4;29.4;28.1;0.1;0.1;0.1;0.2;
2/2/2017 1:59:34 PM;2220;27.4;28.4;29.4;28.1;0.1;0.1;0.1;0.2;
2/2/2017 1:59:35 PM;2221;27.4;28.4;29.4;28.1;0.1;0.1;0.1;0.2;
2/2/2017 1:59:36 PM;2222;27.3;28.4;29.4;28.0;0.1;0.1;0.1;0.2;
2/2/2017 1:59:37 PM;2223;27.3;28.4;29.3;28.0;0.1;0.1;0.1;0.2;
2/2/2017 1:59:38 PM;2224;27.3;28.4;29.3;28.0;0.1;0.1;0.1;0.2;
2/2/2017 1:59:39 PM;2225;27.3;28.4;29.2;28.0;0.1;0.1;0.1;0.2;
2/2/2017 1:59:40 PM;2226;27.3;28.4;29.2;28.0;0.1;0.1;0.1;0.2;
2/2/2017 1:59:41 PM;2227;27.2;28.4;29.2;28.0;0.1;0.1;0.1;0.2;
2/2/2017 1:59:42 PM;2228;27.2;28.4;29.2;28.0;0.1;0.1;0.1;0.2;
2/2/2017 1:59:43 PM;2229;27.2;28.4;29.1;28.0;0.1;0.1;0.1;0.2;
2/2/2017 1:59:44 PM;2230;27.2;28.4;29.1;28.1;0.1;0.1;0.1;0.2;
2/2/2017 1:59:45 PM;2231;27.2;28.4;29.0;28.1;0.1;0.1;0.1;0.2;
2/2/2017 1:59:46 PM;2232;27.3;28.4;29.0;28.1;0.1;0.1;0.1;0.2;
2/2/2017 1:59:47 PM;2233;27.3;28.4;29.0;28.0;0.1;0.1;0.1;0.2;
2/2/2017 1:59:48 PM;2234;27.3;28.4;29.0;28.0;0.1;0.1;0.1;0.2;
2/2/2017 1:59:49 PM;2235;27.3;28.4;29.0;28.0;0.1;0.1;0.1;0.2;
2/2/2017 1:59:50 PM;2236;27.3;28.4;29.0;28.0;0.1;0.1;0.1;0.2;
2/2/2017 1:59:51 PM;2237;27.3;28.3;29.0;28.0;0.1;0.1;0.1;0.2;
2/2/2017 1:59:52 PM;2238;27.3;28.3;29.0;28.0;0.1;0.1;0.1;0.2;
2/2/2017 1:59:53 PM;2239;27.3;28.3;29.0;28.0;0.1;0.1;0.1;0.2;
2/2/2017 1:59:54 PM;2240;27.3;28.3;29.0;27.9;0.1;0.1;0.1;0.2;
2/2/2017 1:59:55 PM;2241;27.3;28.3;29.0;27.9;0.1;0.1;0.1;0.2;
2/2/2017 1:59:56 PM;2242;27.3;28.3;29.0;27.9;0.1;0.1;0.1;0.2;
2/2/2017 1:59:57 PM;2243;27.3;28.3;29.0;27.9;0.1;0.1;0.1;0.2;
2/2/2017 1:59:58 PM;2244;27.2;28.3;29.0;27.9;0.1;0.1;0.1;0.2;
2/2/2017 1:59:59 PM;2245;27.2;28.3;29.0;27.9;0.1;0.1;0.1;0.2;
2/2/2017 2:00:00 PM;2246;27.2;28.3;29.0;27.9;0.1;0.1;0.1;0.2;
2/2/2017 2:00:01 PM;2247;27.2;28.2;29.0;27.9;0.1;0.1;0.1;0.2;
2/2/2017 2:00:02 PM;2248;27.2;28.2;29.0;27.9;0.1;0.1;0.1;0.2;
2/2/2017 2:00:03 PM;2249;27.2;28.2;29.0;27.9;0.1;0.1;0.1;0.2;
2/2/2017 2:00:04 PM;2250;27.2;28.2;29.0;27.9;0.1;0.1;0.1;0.2;
2/2/2017 2:00:05 PM;2251;27.1;28.2;29.0;27.8;0.1;0.1;0.1;0.2;
2/2/2017 2:00:06 PM;2252;27.1;28.2;29.0;27.8;0.1;0.1;0.1;0.2;
2/2/2017 2:00:07 PM;2253;27.1;28.2;29.0;27.8;0.1;0.1;0.1;0.2;
2/2/2017 2:00:08 PM;2254;27.1;28.2;29.0;27.8;0.1;0.1;0.1;0.2;
2/2/2017 2:00:09 PM;2255;27.2;28.2;29.0;27.8;0.1;0.1;0.1;0.2;
2/2/2017 2:00:10 PM;2256;27.2;28.2;29.0;27.8;0.1;0.1;0.1;0.2;
2/2/2017 2:00:11 PM;2257;27.2;28.2;29.0;27.8;0.1;0.1;0.1;0.2;
2/2/2017 2:00:12 PM;2258;27.2;28.2;29.0;27.8;0.1;0.1;0.1;0.2;
2/2/2017 2:00:13 PM;2259;27.2;28.2;29.0;27.9;0.1;0.1;0.1;0.2;
2/2/2017 2:00:14 PM;2260;27.1;28.2;28.9;27.9;0.1;0.1;0.1;0.2;
2/2/2017 2:00:15 PM;2261;27.1;28.2;28.9;28.0;0.1;0.1;0.1;0.2;
2/2/2017 2:00:16 PM;2262;27.1;28.3;28.8;27.9;0.1;0.1;0.1;0.2;
2/2/2017 2:00:17 PM;2263;27.1;28.3;28.8;27.9;0.1;0.1;0.1;0.2;
2/2/2017 2:00:18 PM;2264;27.1;28.2;28.8;27.8;0.1;0.1;0.1;0.2;
2/2/2017 2:00:19 PM;2265;27.1;28.2;28.8;27.8;0.1;0.1;0.1;0.2;
2/2/2017 2:00:20 PM;2266;27.1;28.2;28.8;27.8;0.1;0.1;0.1;0.2;
2/2/2017 2:00:21 PM;2267;27.1;28.2;28.8;27.8;0.1;0.1;0.1;0.2;
2/2/2017 2:00:22 PM;2268;27.1;28.2;28.8;27.8;0.1;0.1;0.1;0.2;
2/2/2017 2:00:23 PM;2269;27.1;28.2;28.8;27.8;0.1;0.1;0.1;0.2;
2/2/2017 2:00:24 PM;2270;27.1;28.2;28.7;27.8;0.1;0.1;0.1;0.2;
2/2/2017 2:00:25 PM;2271;27.1;28.2;28.7;27.8;0.1;0.1;0.1;0.2;
2/2/2017 2:00:26 PM;2272;27.1;28.2;28.7;27.8;0.1;0.1;0.1;0.2;
2/2/2017 2:00:27 PM;2273;27.1;28.1;28.6;27.8;0.1;0.1;0.1;0.2;
2/2/2017 2:00:28 PM;2274;27.1;28.1;28.6;27.8;0.1;0.1;0.1;0.2;
2/2/2017 2:00:29 PM;2275;27.1;28.1;28.6;27.8;0.1;0.1;0.1;0.2;
2/2/2017 2:00:30 PM;2276;27.1;28.1;28.6;27.8;0.1;0.1;0.1;0.2;
2/2/2017 2:00:31 PM;2277;27.1;28.1;28.6;27.7;0.1;0.1;0.1;0.2;
2/2/2017 2:00:32 PM;2278;27.1;28.1;28.6;27.7;0.1;0.1;0.1;0.2;
2/2/2017 2:00:33 PM;2279;27.1;28.1;28.6;27.7;0.1;0.1;0.1;0.2;
2/2/2017 2:00:34 PM;2280;27.1;28.2;28.6;27.7;0.1;0.1;0.1;0.2;
2/2/2017 2:00:35 PM;2281;27.1;28.1;28.6;27.7;0.1;0.1;0.1;0.2;
2/2/2017 2:00:36 PM;2282;27.1;28.1;28.6;27.7;0.1;0.1;0.1;0.2;
2/2/2017 2:00:37 PM;2283;27.1;28.1;28.6;27.8;0.1;0.1;0.1;0.2;
2/2/2017 2:00:38 PM;2284;27.1;28.1;28.6;27.8;0.1;0.1;0.1;0.2;
2/2/2017 2:00:39 PM;2285;27.1;28.1;28.5;27.8;0.1;0.1;0.1;0.2;
2/2/2017 2:00:40 PM;2286;27.1;28.0;28.5;27.8;0.1;0.1;0.1;0.2;
2/2/2017 2:00:41 PM;2287;27.0;28.0;28.5;27.7;0.1;0.1;0.1;0.2;
2/2/2017 2:00:42 PM;2288;27.0;28.1;28.4;27.7;0.1;0.1;0.1;0.2;
2/2/2017 2:00:43 PM;2289;27.0;28.1;28.4;27.6;0.1;0.1;0.1;0.2;
2/2/2017 2:00:44 PM;2290;27.0;28.1;28.4;27.6;0.1;0.1;0.1;0.2;
2/2/2017 2:00:45 PM;2291;27.0;28.1;28.4;27.6;0.1;0.1;0.1;0.2;
2/2/2017 2:00:46 PM;2292;27.1;28.1;28.4;27.6;0.1;0.1;0.1;0.2;
2/2/2017 2:00:47 PM;2293;27.1;28.1;28.4;27.6;0.1;0.1;0.1;0.2;
2/2/2017 2:00:48 PM;2294;27.1;28.1;28.4;27.6;0.1;0.1;0.1;0.2;
2/2/2017 2:00:49 PM;2295;27.0;28.1;28.4;27.6;0.1;0.1;0.1;0.2;
2/2/2017 2:00:50 PM;2296;27.0;28.1;28.4;27.6;0.1;0.1;0.1;0.2;
2/2/2017 2:00:51 PM;2297;26.9;28.1;28.4;27.6;0.1;0.1;0.1;0.2;
2/2/2017 2:00:52 PM;2298;26.9;28.1;28.4;27.6;0.1;0.1;0.1;0.2;
2/2/2017 2:00:53 PM;2299;26.9;28.1;28.4;27.6;0.1;0.1;0.1;0.2;
2/2/2017 2:00:54 PM;2300;26.9;28.1;28.4;27.6;0.1;0.1;0.1;0.2;
2/2/2017 2:00:55 PM;2301;27.0;28.1;28.4;27.6;0.1;0.1;0.1;0.2;
2/2/2017 2:00:56 PM;2302;27.0;28.1;28.4;27.6;0.1;0.1;0.1;0.2;
2/2/2017 2:00:57 PM;2303;26.9;28.1;28.4;27.6;0.1;0.1;0.1;0.2;
2/2/2017 2:00:58 PM;2304;26.9;28.0;28.4;27.6;0.1;0.1;0.1;0.2;
2/2/2017 2:00:59 PM;2305;26.9;28.0;28.4;27.6;0.1;0.1;0.1;0.2;
2/2/2017 2:01:00 PM;2306;26.9;28.0;28.4;27.6;0.1;0.1;0.1;0.2;
2/2/2017 2:01:01 PM;2307;27.0;28.0;28.4;27.6;0.1;0.1;0.1;0.2;
2/2/2017 2:01:02 PM;2308;27.0;28.0;28.4;27.6;0.1;0.1;0.1;0.2;
2/2/2017 2:01:03 PM;2309;27.0;28.0;28.4;27.6;0.1;0.1;0.1;0.2;
2/2/2017 2:01:04 PM;2310;27.1;28.0;28.4;27.5;0.1;0.1;0.1;0.2;
2/2/2017 2:01:05 PM;2311;27.0;28.0;28.4;27.5;0.1;0.1;0.1;0.2;
2/2/2017 2:01:06 PM;2312;27.0;28.0;28.4;27.4;0.1;0.1;0.1;0.2;
2/2/2017 2:01:07 PM;2313;27.0;28.1;28.4;27.4;0.1;0.1;0.1;0.2;
2/2/2017 2:01:08 PM;2314;27.0;28.1;28.3;27.4;0.1;0.1;0.1;0.2;
2/2/2017 2:01:09 PM;2315;26.9;28.0;28.3;27.4;0.1;0.1;0.1;0.2;
2/2/2017 2:01:10 PM;2316;26.9;28.0;28.3;27.5;0.1;0.1;0.1;0.2;
2/2/2017 2:01:11 PM;2317;26.9;28.0;28.3;27.5;0.1;0.1;0.1;0.2;
2/2/2017 2:01:12 PM;2318;26.9;28.0;28.3;27.5;0.1;0.1;0.1;0.2;
2/2/2017 2:01:13 PM;2319;26.9;28.0;28.3;27.5;0.1;0.1;0.1;0.2;
2/2/2017 2:01:14 PM;2320;26.9;28.0;28.3;27.5;0.1;0.1;0.1;0.2;
2/2/2017 2:01:15 PM;2321;27.0;28.0;28.2;27.4;0.1;0.1;0.1;0.2;
2/2/2017 2:01:16 PM;2322;27.0;28.0;28.2;27.4;0.1;0.1;0.1;0.2;
2/2/2017 2:01:17 PM;2323;27.0;28.0;28.2;27.4;0.1;0.1;0.1;0.2;
2/2/2017 2:01:18 PM;2324;26.9;28.0;28.1;27.4;0.1;0.1;0.1;0.2;
2/2/2017 2:01:19 PM;2325;26.9;28.1;28.1;27.4;0.1;0.1;0.1;0.2;
2/2/2017 2:01:20 PM;2326;26.9;28.1;28.1;27.4;0.1;0.1;0.1;0.2;
2/2/2017 2:01:21 PM;2327;26.9;28.1;28.1;27.4;0.1;0.1;0.1;0.2;
2/2/2017 2:01:22 PM;2328;26.9;28.1;28.2;27.4;0.1;0.1;0.1;0.2;
2/2/2017 2:01:23 PM;2329;26.9;28.0;28.2;27.4;0.1;0.1;0.1;0.2;
2/2/2017 2:01:24 PM;2330;26.9;28.0;28.2;27.4;0.1;0.1;0.1;0.2;
2/2/2017 2:01:25 PM;2331;26.9;28.0;28.2;27.4;0.1;0.1;0.1;0.2;
2/2/2017 2:01:26 PM;2332;26.9;28.0;28.2;27.4;0.1;0.1;0.1;0.2;
2/2/2017 2:01:27 PM;2333;26.9;28.0;28.1;27.4;0.1;0.1;0.1;0.2;
2/2/2017 2:01:28 PM;2334;26.9;28.1;28.2;27.4;0.1;0.1;0.1;0.2;
2/2/2017 2:01:29 PM;2335;26.9;28.1;28.2;27.4;0.1;0.1;0.1;0.2;
2/2/2017 2:01:30 PM;2336;26.9;28.1;28.2;27.4;0.1;0.1;0.1;0.2;
2/2/2017 2:01:31 PM;2337;26.9;28.0;28.1;27.4;0.1;0.1;0.1;0.2;
2/2/2017 2:01:32 PM;2338;26.9;28.0;28.1;27.4;0.1;0.1;0.1;0.2;
2/2/2017 2:01:33 PM;2339;26.8;28.0;28.1;27.4;0.1;0.1;0.1;0.2;
2/2/2017 2:01:34 PM;2340;26.8;28.0;28.1;27.4;0.1;0.1;0.1;0.2;
2/2/2017 2:01:35 PM;2341;26.8;28.0;28.1;27.4;0.1;0.1;0.1;0.2;
2/2/2017 2:01:36 PM;2342;26.7;28.0;28.1;27.4;0.1;0.1;0.1;0.2;
2/2/2017 2:01:37 PM;2343;26.7;28.1;28.1;27.4;0.1;0.1;0.1;0.2;
2/2/2017 2:01:38 PM;2344;26.8;28.1;28.1;27.4;0.1;0.1;0.1;0.2;
2/2/2017 2:01:39 PM;2345;26.8;28.1;28.1;27.4;0.1;0.1;0.1;0.2;
2/2/2017 2:01:40 PM;2346;26.8;28.1;28.1;27.3;0.1;0.1;0.1;0.2;
2/2/2017 2:01:41 PM;2347;26.9;28.1;28.1;27.3;0.1;0.1;0.1;0.2;
2/2/2017 2:01:42 PM;2348;26.9;28.0;28.1;27.3;0.1;0.1;0.1;0.2;
2/2/2017 2:01:43 PM;2349;26.9;28.0;28.1;27.3;0.1;0.1;0.1;0.2;
2/2/2017 2:01:44 PM;2350;26.9;27.9;28.1;27.3;0.1;0.1;0.1;0.2;
2/2/2017 2:01:45 PM;2351;26.9;27.9;28.1;27.3;0.1;0.1;0.1;0.2;
2/2/2017 2:01:46 PM;2352;26.9;27.9;28.1;27.3;0.1;0.1;0.1;0.2;
2/2/2017 2:01:47 PM;2353;26.9;27.9;28.1;27.2;0.1;0.1;0.1;0.2;
2/2/2017 2:01:48 PM;2354;26.9;27.9;28.1;27.2;0.1;0.1;0.1;0.2;
2/2/2017 2:01:49 PM;2355;26.9;27.9;28.1;27.2;0.1;0.1;0.1;0.2;
2/2/2017 2:01:50 PM;2356;26.9;27.9;28.1;27.2;0.1;0.1;0.1;0.2;
2/2/2017 2:01:51 PM;2357;26.9;27.9;28.1;27.2;0.1;0.1;0.1;0.2;
2/2/2017 2:01:52 PM;2358;26.9;28.0;28.1;27.2;0.1;0.1;0.1;0.2;
2/2/2017 2:01:53 PM;2359;26.9;28.0;28.0;27.2;0.1;0.1;0.1;0.2;
2/2/2017 2:01:54 PM;2360;26.9;28.0;28.0;27.2;0.1;0.1;0.1;0.2;
2/2/2017 2:01:55 PM;2361;26.9;28.0;28.0;27.2;0.1;0.1;0.1;0.2;
2/2/2017 2:01:56 PM;2362;26.9;28.0;28.0;27.2;0.1;0.1;0.1;0.2;
2/2/2017 2:01:57 PM;2363;26.9;28.0;28.0;27.2;0.1;0.1;0.1;0.2;
2/2/2017 2:01:58 PM;2364;26.9;27.9;28.1;27.2;0.1;0.1;0.1;0.2;
2/2/2017 2:01:59 PM;2365;26.9;28.0;28.0;27.2;0.1;0.1;0.1;0.2;
2/2/2017 2:02:00 PM;2366;26.9;28.0;28.0;27.2;0.1;0.1;0.1;0.2;
2/2/2017 2:02:01 PM;2367;26.8;28.0;28.0;27.2;0.1;0.1;0.1;0.2;
2/2/2017 2:02:02 PM;2368;26.8;27.9;28.0;27.2;0.1;0.1;0.1;0.2;
2/2/2017 2:02:03 PM;2369;26.8;27.9;28.0;27.2;0.1;0.1;0.1;0.2;
2/2/2017 2:02:04 PM;2370;26.8;27.9;28.0;27.2;0.1;0.1;0.1;0.2;
2/2/2017 2:02:05 PM;2371;26.8;27.9;28.0;27.2;0.1;0.1;0.1;0.2;
2/2/2017 2:02:06 PM;2372;26.8;27.9;28.0;27.2;0.1;0.1;0.1;0.2;
2/2/2017 2:02:07 PM;2373;26.8;27.9;27.9;27.2;0.1;0.1;0.1;0.2;
2/2/2017 2:02:08 PM;2374;26.8;27.9;27.9;27.2;0.1;0.1;0.1;0.2;
2/2/2017 2:02:09 PM;2375;26.9;27.9;27.9;27.2;0.1;0.1;0.1;0.2;
2/2/2017 2:02:10 PM;2376;26.9;27.9;27.9;27.2;0.1;0.1;0.1;0.2;
2/2/2017 2:02:11 PM;2377;26.9;27.9;27.9;27.2;0.1;0.1;0.1;0.2;
2/2/2017 2:02:12 PM;2378;26.8;27.9;27.9;27.2;0.1;0.1;0.1;0.2;
2/2/2017 2:02:13 PM;2379;26.8;27.9;27.9;27.2;0.1;0.1;0.1;0.2;
2/2/2017 2:02:14 PM;2380;26.7;27.9;27.9;27.2;0.1;0.1;0.1;0.2;
2/2/2017 2:02:15 PM;2381;26.7;27.9;27.9;27.2;0.1;0.1;0.1;0.2;
2/2/2017 2:02:16 PM;2382;26.7;27.9;27.9;27.2;0.1;0.1;0.1;0.2;
2/2/2017 2:02:17 PM;2383;26.7;27.9;27.9;27.1;0.1;0.1;0.1;0.2;
2/2/2017 2:02:18 PM;2384;26.7;27.9;27.9;27.1;0.1;0.1;0.1;0.2;
2/2/2017 2:02:19 PM;2385;26.7;27.9;27.9;27.0;0.1;0.1;0.1;0.2;
2/2/2017 2:02:20 PM;2386;26.7;27.9;27.8;27.0;0.1;0.1;0.1;0.2;
2/2/2017 2:02:21 PM;2387;26.7;27.9;27.8;27.0;0.1;0.1;0.1;0.2;
2/2/2017 2:02:22 PM;2388;26.7;27.9;27.7;27.0;0.1;0.1;0.1;0.2;
2/2/2017 2:02:23 PM;2389;26.7;27.9;27.7;27.0;0.1;0.1;0.1;0.2;
2/2/2017 2:02:24 PM;2390;26.8;27.9;27.7;27.1;0.1;0.1;0.1;0.2;
2/2/2017 2:02:25 PM;2391;26.8;27.9;27.8;27.1;0.1;0.1;0.1;0.2;
2/2/2017 2:02:26 PM;2392;26.7;27.9;27.8;27.1;0.1;0.1;0.1;0.2;
2/2/2017 2:02:27 PM;2393;26.7;27.9;27.8;27.1;0.1;0.1;0.1;0.2;
2/2/2017 2:02:28 PM;2394;26.7;27.9;27.8;27.1;0.1;0.1;0.1;0.2;
2/2/2017 2:02:29 PM;2395;26.7;27.9;27.8;27.1;0.1;0.1;0.1;0.2;
2/2/2017 2:02:30 PM;2396;26.7;27.9;27.7;27.1;0.1;0.1;0.1;0.2;
2/2/2017 2:02:31 PM;2397;26.7;27.9;27.7;27.1;0.1;0.1;0.1;0.2;
2/2/2017 2:02:32 PM;2398;26.7;27.9;27.7;27.0;0.1;0.1;0.1;0.2;
2/2/2017 2:02:33 PM;2399;26.7;27.9;27.7;27.0;0.1;0.1;0.1;0.2;
2/2/2017 2:02:34 PM;2400;26.7;27.9;27.7;27.0;0.1;0.1;0.1;0.2;
2/2/2017 2:02:35 PM;2401;26.7;27.9;27.7;27.0;0.1;0.1;0.1;0.2;
2/2/2017 2:02:36 PM;2402;26.7;27.9;27.7;27.0;0.1;0.1;0.1;0.2;
2/2/2017 2:02:37 PM;2403;26.7;27.9;27.7;27.0;0.1;0.1;0.1;0.2;
2/2/2017 2:02:38 PM;2404;26.7;27.9;27.7;27.0;0.1;0.1;0.1;0.2;
2/2/2017 2:02:39 PM;2405;26.7;27.9;27.7;27.0;0.1;0.1;0.1;0.2;
2/2/2017 2:02:40 PM;2406;26.7;27.9;27.7;27.0;0.1;0.1;0.1;0.2;
2/2/2017 2:02:41 PM;2407;26.7;27.9;27.7;27.0;0.1;0.1;0.1;0.2;
2/2/2017 2:02:42 PM;2408;26.7;27.9;27.7;27.0;0.1;0.1;0.1;0.2;
2/2/2017 2:02:43 PM;2409;26.7;27.9;27.7;27.0;0.1;0.1;0.1;0.2;
2/2/2017 2:02:44 PM;2410;26.7;27.9;27.7;27.0;0.1;0.1;0.1;0.2;
2/2/2017 2:02:45 PM;2411;26.7;27.9;27.7;27.0;0.1;0.1;0.1;0.2;
2/2/2017 2:02:46 PM;2412;26.7;27.9;27.7;27.0;0.1;0.1;0.1;0.2;
2/2/2017 2:02:47 PM;2413;26.7;27.9;27.7;27.0;0.1;0.1;0.1;0.2;
2/2/2017 2:02:48 PM;2414;26.7;27.9;27.7;27.0;0.1;0.1;0.1;0.2;
2/2/2017 2:02:49 PM;2415;26.7;27.9;27.7;27.0;0.1;0.1;0.1;0.2;
2/2/2017 2:02:50 PM;2416;26.7;27.9;27.7;27.0;0.1;0.1;0.1;0.2;
2/2/2017 2:02:51 PM;2417;26.7;27.9;27.7;27.0;0.1;0.1;0.1;0.2;
2/2/2017 2:02:52 PM;2418;26.7;27.9;27.6;27.0;0.1;0.1;0.1;0.2;
2/2/2017 2:02:53 PM;2419;26.7;27.9;27.6;27.0;0.1;0.1;0.1;0.2;
2/2/2017 2:02:54 PM;2420;26.7;27.9;27.5;27.0;0.1;0.1;0.1;0.2;
2/2/2017 2:02:55 PM;2421;26.7;27.9;27.5;27.0;0.1;0.1;0.1;0.2;
2/2/2017 2:02:56 PM;2422;26.7;27.9;27.5;27.0;0.1;0.1;0.1;0.2;
2/2/2017 2:02:57 PM;2423;26.6;27.9;27.5;27.0;0.1;0.1;0.1;0.2;
2/2/2017 2:02:58 PM;2424;26.6;27.9;27.5;27.0;0.1;0.1;0.1;0.2;
2/2/2017 2:02:59 PM;2425;26.6;27.9;27.5;27.0;0.1;0.1;0.1;0.2;
2/2/2017 2:03:00 PM;2426;26.6;27.9;27.5;27.0;0.1;0.1;0.1;0.2;
2/2/2017 2:03:01 PM;2427;26.6;27.9;27.5;27.0;0.1;0.1;0.1;0.2;
2/2/2017 2:03:02 PM;2428;26.6;27.9;27.5;27.0;0.1;0.1;0.1;0.2;
2/2/2017 2:03:03 PM;2429;26.7;27.9;27.5;27.0;0.1;0.1;0.1;0.2;
2/2/2017 2:03:04 PM;2430;26.7;27.9;27.5;27.0;0.1;0.1;0.1;0.2;
2/2/2017 2:03:05 PM;2431;26.7;27.9;27.5;27.0;0.1;0.1;0.1;0.2;
2/2/2017 2:03:06 PM;2432;26.7;27.8;27.5;27.0;0.1;0.1;0.1;0.2;
2/2/2017 2:03:07 PM;2433;26.7;27.8;27.5;27.0;0.1;0.1;0.1;0.2;
2/2/2017 2:03:08 PM;2434;26.7;27.8;27.5;27.0;0.1;0.1;0.1;0.2;
2/2/2017 2:03:09 PM;2435;26.7;27.8;27.5;27.0;0.1;0.1;0.1;0.2;
2/2/2017 2:03:10 PM;2436;26.7;27.8;27.5;26.9;0.1;0.1;0.1;0.2;
2/2/2017 2:03:11 PM;2437;26.6;27.8;27.5;26.9;0.1;0.1;0.1;0.2;
2/2/2017 2:03:12 PM;2438;26.6;27.8;27.5;26.9;0.1;0.1;0.1;0.2;
2/2/2017 2:03:13 PM;2439;26.5;27.8;27.5;26.9;0.1;0.1;0.1;0.2;
2/2/2017 2:03:14 PM;2440;26.5;27.8;27.5;26.8;0.1;0.1;0.1;0.2;
2/2/2017 2:03:15 PM;2441;26.5;27.8;27.5;26.9;0.1;0.1;0.1;0.2;
2/2/2017 2:03:16 PM;2442;26.5;27.8;27.5;26.9;0.1;0.1;0.1;0.2;
2/2/2017 2:03:17 PM;2443;26.6;27.8;27.5;26.9;0.1;0.1;0.1;0.2;
2/2/2017 2:03:18 PM;2444;26.6;27.8;27.5;26.9;0.1;0.1;0.1;0.2;
2/2/2017 2:03:19 PM;2445;26.7;27.8;27.5;26.9;0.1;0.1;0.1;0.2;
2/2/2017 2:03:20 PM;2446;26.7;27.8;27.5;26.8;0.1;0.1;0.1;0.2;
2/2/2017 2:03:21 PM;2447;26.7;27.8;27.5;26.8;0.1;0.1;0.1;0.2;
2/2/2017 2:03:22 PM;2448;26.7;27.7;27.5;26.8;0.1;0.1;0.1;0.2;
2/2/2017 2:03:23 PM;2449;26.7;27.7;27.5;26.8;0.1;0.1;0.1;0.2;
2/2/2017 2:03:24 PM;2450;26.7;27.8;27.5;26.8;0.1;0.1;0.1;0.2;
2/2/2017 2:03:25 PM;2451;26.7;27.8;27.5;26.8;0.1;0.1;0.1;0.2;
2/2/2017 2:03:26 PM;2452;26.7;27.8;27.5;26.8;0.1;0.1;0.1;0.2;
2/2/2017 2:03:27 PM;2453;26.7;27.8;27.5;26.8;0.1;0.1;0.1;0.2;
2/2/2017 2:03:28 PM;2454;26.6;27.8;27.5;26.8;0.1;0.1;0.1;0.2;
2/2/2017 2:03:29 PM;2455;26.6;27.8;27.5;26.8;0.1;0.1;0.1;0.2;
2/2/2017 2:03:30 PM;2456;26.6;27.8;27.5;26.8;0.1;0.1;0.1;0.2;
2/2/2017 2:03:31 PM;2457;26.6;27.8;27.4;26.8;0.1;0.1;0.1;0.2;
2/2/2017 2:03:32 PM;2458;26.6;27.7;27.4;26.8;0.1;0.1;0.1;0.2;
2/2/2017 2:03:33 PM;2459;26.6;27.7;27.4;26.8;0.1;0.1;0.1;0.2;
2/2/2017 2:03:34 PM;2460;26.6;27.7;27.4;26.8;0.1;0.1;0.1;0.2;
2/2/2017 2:03:35 PM;2461;26.6;27.7;27.4;26.8;0.1;0.1;0.1;0.2;
2/2/2017 2:03:36 PM;2462;26.6;27.7;27.4;26.8;0.1;0.1;0.1;0.2;
2/2/2017 2:03:37 PM;2463;26.6;27.7;27.4;26.8;0.1;0.1;0.1;0.2;
2/2/2017 2:03:38 PM;2464;26.5;27.7;27.3;26.8;0.1;0.1;0.1;0.2;
2/2/2017 2:03:39 PM;2465;26.5;27.7;27.3;26.8;0.1;0.1;0.1;0.2;
2/2/2017 2:03:40 PM;2466;26.5;27.7;27.3;26.8;0.1;0.1;0.1;0.2;
2/2/2017 2:03:41 PM;2467;26.5;27.7;27.3;26.8;0.1;0.1;0.1;0.2;
2/2/2017 2:03:42 PM;2468;26.5;27.7;27.3;26.8;0.1;0.1;0.1;0.2;
2/2/2017 2:03:43 PM;2469;26.5;27.7;27.3;26.8;0.1;0.1;0.1;0.2;
2/2/2017 2:03:44 PM;2470;26.5;27.7;27.3;26.8;0.1;0.1;0.1;0.2;
2/2/2017 2:03:45 PM;2471;26.5;27.7;27.3;26.8;0.1;0.1;0.1;0.2;
2/2/2017 2:03:46 PM;2472;26.5;27.7;27.3;26.8;0.1;0.1;0.1;0.2;
2/2/2017 2:03:47 PM;2473;26.5;27.7;27.3;26.8;0.1;0.1;0.1;0.2;
2/2/2017 2:03:48 PM;2474;26.5;27.7;27.3;26.8;0.1;0.1;0.1;0.2;
2/2/2017 2:03:49 PM;2475;26.5;27.7;27.3;26.8;0.1;0.1;0.1;0.2;
2/2/2017 2:03:50 PM;2476;26.5;27.7;27.4;26.8;0.1;0.1;0.1;0.2;
2/2/2017 2:03:51 PM;2477;26.6;27.7;27.4;26.8;0.1;0.1;0.1;0.2;
2/2/2017 2:03:52 PM;2478;26.6;27.7;27.3;26.8;0.1;0.1;0.1;0.2;
2/2/2017 2:03:53 PM;2479;26.6;27.7;27.3;26.8;0.1;0.1;0.1;0.2;
2/2/2017 2:03:54 PM;2480;26.6;27.7;27.3;26.8;0.1;0.1;0.1;0.2;
2/2/2017 2:03:55 PM;2481;26.6;27.7;27.3;26.8;0.1;0.1;0.1;0.2;
2/2/2017 2:03:56 PM;2482;26.5;27.7;27.3;26.8;0.1;0.1;0.1;0.2;
2/2/2017 2:03:57 PM;2483;26.5;27.7;27.3;26.8;0.1;0.1;0.1;0.2;
2/2/2017 2:03:58 PM;2484;26.5;27.7;27.3;26.8;0.1;0.1;0.1;0.2;
2/2/2017 2:03:59 PM;2485;26.5;27.7;27.3;26.8;0.1;0.1;0.1;0.2;
2/2/2017 2:04:00 PM;2486;26.5;27.7;27.3;26.8;0.1;0.1;0.1;0.2;
2/2/2017 2:04:01 PM;2487;26.5;27.7;27.3;26.8;0.1;0.1;0.1;0.2;
2/2/2017 2:04:02 PM;2488;26.5;27.7;27.3;26.8;0.1;0.1;0.1;0.2;
2/2/2017 2:04:03 PM;2489;26.5;27.7;27.3;26.8;0.1;0.1;0.1;0.2;
2/2/2017 2:04:04 PM;2490;26.5;27.7;27.3;26.8;0.1;0.1;0.1;0.2;
2/2/2017 2:04:05 PM;2491;26.5;27.7;27.3;26.8;0.1;0.1;0.1;0.2;
2/2/2017 2:04:06 PM;2492;26.5;27.7;27.3;26.7;0.1;0.1;0.1;0.2;
2/2/2017 2:04:07 PM;2493;26.5;27.7;27.3;26.7;0.1;0.1;0.1;0.2;
2/2/2017 2:04:08 PM;2494;26.5;27.7;27.3;26.7;0.1;0.1;0.1;0.2;
2/2/2017 2:04:09 PM;2495;26.5;27.7;27.3;26.7;0.1;0.1;0.1;0.2;
2/2/2017 2:04:10 PM;2496;26.5;27.7;27.2;26.7;0.1;0.1;0.1;0.2;
2/2/2017 2:04:11 PM;2497;26.5;27.7;27.2;26.7;0.1;0.1;0.1;0.2;
2/2/2017 2:04:12 PM;2498;26.5;27.7;27.1;26.7;0.1;0.1;0.1;0.2;
2/2/2017 2:04:13 PM;2499;26.5;27.7;27.1;26.8;0.1;0.1;0.1;0.2;
2/2/2017 2:04:14 PM;2500;26.5;27.7;27.1;26.8;0.1;0.1;0.1;0.2;
2/2/2017 2:04:15 PM;2501;26.5;27.7;27.1;26.8;0.1;0.1;0.1;0.2;
2/2/2017 2:04:16 PM;2502;26.5;27.7;27.1;26.8;0.1;0.1;0.1;0.2;
2/2/2017 2:04:17 PM;2503;26.5;27.7;27.1;26.8;0.1;0.1;0.1;0.2;
2/2/2017 2:04:18 PM;2504;26.5;27.7;27.1;26.7;0.1;0.1;0.1;0.2;
2/2/2017 2:04:19 PM;2505;26.5;27.7;27.1;26.7;0.1;0.1;0.1;0.2;
2/2/2017 2:04:20 PM;2506;26.5;27.7;27.1;26.6;0.1;0.1;0.1;0.2;
2/2/2017 2:04:21 PM;2507;26.5;27.7;27.1;26.6;0.1;0.1;0.1;0.2;
2/2/2017 2:04:22 PM;2508;26.5;27.7;27.1;26.6;0.1;0.1;0.1;0.2;
2/2/2017 2:04:23 PM;2509;26.5;27.7;27.1;26.7;0.1;0.1;0.1;0.2;
2/2/2017 2:04:24 PM;2510;26.5;27.7;27.1;26.7;0.1;0.1;0.1;0.2;
2/2/2017 2:04:25 PM;2511;26.5;27.7;27.1;26.7;0.1;0.1;0.1;0.2;
2/2/2017 2:04:26 PM;2512;26.5;27.7;27.1;26.7;0.1;0.1;0.1;0.2;
2/2/2017 2:04:27 PM;2513;26.5;27.7;27.1;26.6;0.1;0.1;0.1;0.2;
2/2/2017 2:04:28 PM;2514;26.5;27.7;27.1;26.6;0.1;0.1;0.1;0.2;
2/2/2017 2:04:29 PM;2515;26.5;27.7;27.1;26.6;0.1;0.1;0.1;0.2;
2/2/2017 2:04:30 PM;2516;26.5;27.7;27.1;26.6;0.1;0.1;0.1;0.2;
2/2/2017 2:04:31 PM;2517;26.5;27.7;27.1;26.6;0.1;0.1;0.1;0.2;
2/2/2017 2:04:32 PM;2518;26.5;27.7;27.1;26.6;0.1;0.1;0.1;0.2;
2/2/2017 2:04:33 PM;2519;26.5;27.7;27.1;26.6;0.1;0.1;0.1;0.2;
2/2/2017 2:04:34 PM;2520;26.5;27.7;27.1;26.6;0.1;0.1;0.1;0.2;
2/2/2017 2:04:35 PM;2521;26.5;27.7;27.1;26.6;0.1;0.1;0.1;0.2;
2/2/2017 2:04:36 PM;2522;26.5;27.7;27.1;26.6;0.1;0.1;0.1;0.2;
2/2/2017 2:04:37 PM;2523;26.5;27.7;27.1;26.6;0.1;0.1;0.1;0.2;
2/2/2017 2:04:38 PM;2524;26.5;27.7;27.1;26.6;0.1;0.1;0.1;0.2;
2/2/2017 2:04:39 PM;2525;26.5;27.7;27.1;26.6;0.1;0.1;0.1;0.2;
2/2/2017 2:04:40 PM;2526;26.5;27.7;27.1;26.6;0.1;0.1;0.1;0.2;
2/2/2017 2:04:41 PM;2527;26.5;27.7;27.1;26.6;0.1;0.1;0.1;0.2;
2/2/2017 2:04:42 PM;2528;26.5;27.7;27.1;26.6;0.1;0.1;0.1;0.2;
2/2/2017 2:04:43 PM;2529;26.5;27.7;27.1;26.6;0.1;0.1;0.1;0.2;
2/2/2017 2:04:44 PM;2530;26.5;27.7;27.1;26.6;0.1;0.1;0.1;0.2;
2/2/2017 2:04:45 PM;2531;26.5;27.7;27.1;26.6;0.1;0.1;0.1;0.2;
2/2/2017 2:04:46 PM;2532;26.5;27.7;27.1;26.6;0.1;0.1;0.1;0.2;
2/2/2017 2:04:47 PM;2533;26.5;27.7;27.1;26.6;0.1;0.1;0.1;0.2;
2/2/2017 2:04:48 PM;2534;26.5;27.7;27.1;26.6;0.1;0.1;0.1;0.2;
2/2/2017 2:04:49 PM;2535;26.5;27.7;27.1;26.6;0.1;0.1;0.1;0.2;
2/2/2017 2:04:50 PM;2536;26.5;27.7;27.1;26.6;0.1;0.1;0.1;0.2;
2/2/2017 2:04:51 PM;2537;26.4;27.7;27.1;26.6;0.1;0.1;0.1;0.2;
2/2/2017 2:04:52 PM;2538;26.4;27.7;27.1;26.6;0.1;0.1;0.1;0.2;
2/2/2017 2:04:53 PM;2539;26.4;27.7;27.1;26.6;0.1;0.1;0.1;0.2;
2/2/2017 2:04:54 PM;2540;26.4;27.7;27.1;26.6;0.1;0.1;0.1;0.2;
2/2/2017 2:04:55 PM;2541;26.4;27.7;27.1;26.6;0.1;0.1;0.1;0.2;
2/2/2017 2:04:56 PM;2542;26.5;27.7;27.1;26.6;0.1;0.1;0.1;0.2;
2/2/2017 2:04:57 PM;2543;26.5;27.7;27.1;26.6;0.1;0.1;0.1;0.2;
2/2/2017 2:04:58 PM;2544;26.5;27.7;27.1;26.6;0.1;0.1;0.1;0.2;
2/2/2017 2:04:59 PM;2545;26.5;27.7;27.1;26.6;0.1;0.1;0.1;0.2;
2/2/2017 2:05:00 PM;2546;26.5;27.7;27.1;26.6;0.1;0.1;0.1;0.2;
2/2/2017 2:05:01 PM;2547;26.5;27.7;27.1;26.6;0.1;0.1;0.1;0.2;
2/2/2017 2:05:02 PM;2548;26.5;27.6;27.1;26.6;0.1;0.1;0.1;0.2;
2/2/2017 2:05:03 PM;2549;26.5;27.6;27.1;26.6;0.1;0.1;0.1;0.2;
2/2/2017 2:05:04 PM;2550;26.5;27.6;27.1;26.6;0.1;0.1;0.1;0.2;
2/2/2017 2:05:05 PM;2551;26.5;27.6;27.1;26.6;0.1;0.1;0.1;0.2;
2/2/2017 2:05:06 PM;2552;26.5;27.6;27.1;26.6;0.1;0.1;0.1;0.2;
2/2/2017 2:05:07 PM;2553;26.5;27.6;27.1;26.6;0.1;0.1;0.1;0.2;
2/2/2017 2:05:08 PM;2554;26.5;27.7;27.1;26.6;0.1;0.1;0.1;0.2;
2/2/2017 2:05:09 PM;2555;26.5;27.7;27.1;26.6;0.1;0.1;0.1;0.2;
2/2/2017 2:05:10 PM;2556;26.5;27.7;27.1;26.6;0.1;0.1;0.1;0.2;
2/2/2017 2:05:11 PM;2557;26.5;27.7;27.1;26.6;0.1;0.1;0.1;0.2;
2/2/2017 2:05:12 PM;2558;26.5;27.7;27.1;26.6;0.1;0.1;0.1;0.2;
2/2/2017 2:05:13 PM;2559;26.5;27.7;27.1;26.6;0.1;0.1;0.1;0.2;
2/2/2017 2:05:14 PM;2560;26.5;27.7;27.1;26.6;0.1;0.1;0.1;0.2;
2/2/2017 2:05:15 PM;2561;26.5;27.7;27.1;26.6;0.1;0.1;0.1;0.2;
2/2/2017 2:05:16 PM;2562;26.4;27.7;27.1;26.5;0.1;0.1;0.1;0.2;
2/2/2017 2:05:17 PM;2563;26.4;27.7;27.1;26.5;0.1;0.1;0.1;0.2;
2/2/2017 2:05:18 PM;2564;26.4;27.7;27.1;26.5;0.1;0.1;0.1;0.2;
2/2/2017 2:05:19 PM;2565;26.4;27.7;27.1;26.5;0.1;0.1;0.1;0.2;
2/2/2017 2:05:20 PM;2566;26.4;27.7;27.1;26.5;0.1;0.1;0.1;0.2;
2/2/2017 2:05:21 PM;2567;26.4;27.6;27.1;26.5;0.1;0.1;0.1;0.2;
2/2/2017 2:05:22 PM;2568;26.4;27.6;27.1;26.6;0.1;0.1;0.1;0.2;
2/2/2017 2:05:23 PM;2569;26.4;27.6;27.1;26.6;0.1;0.1;0.1;0.2;
2/2/2017 2:05:24 PM;2570;26.4;27.6;27.1;26.6;0.1;0.1;0.1;0.2;
2/2/2017 2:05:25 PM;2571;26.4;27.6;27.1;26.6;0.1;0.1;0.1;0.2;
2/2/2017 2:05:26 PM;2572;26.4;27.6;27.1;26.6;0.1;0.1;0.1;0.2;
2/2/2017 2:05:27 PM;2573;26.4;27.6;27.1;26.6;0.1;0.1;0.1;0.2;
2/2/2017 2:05:28 PM;2574;26.4;27.6;27.1;26.6;0.1;0.1;0.1;0.2;
2/2/2017 2:05:29 PM;2575;26.4;27.6;27.1;26.6;0.1;0.1;0.1;0.2;
2/2/2017 2:05:30 PM;2576;26.4;27.6;27.1;26.6;0.1;0.1;0.1;0.2;
2/2/2017 2:05:31 PM;2577;26.5;27.6;27.1;26.6;0.1;0.1;0.1;0.2;
2/2/2017 2:05:32 PM;2578;26.5;27.5;27.1;26.6;0.1;0.1;0.1;0.2;
2/2/2017 2:05:33 PM;2579;26.5;27.5;27.0;26.6;0.1;0.1;0.1;0.2;
2/2/2017 2:05:34 PM;2580;26.5;27.5;27.0;26.6;0.1;0.1;0.1;0.2;
2/2/2017 2:05:35 PM;2581;26.5;27.5;26.9;26.6;0.1;0.1;0.1;0.2;
2/2/2017 2:05:36 PM;2582;26.5;27.5;26.9;26.6;0.1;0.1;0.1;0.2;
2/2/2017 2:05:37 PM;2583;26.5;27.6;26.9;26.6;0.1;0.1;0.1;0.2;
2/2/2017 2:05:38 PM;2584;26.4;27.5;26.9;26.6;0.1;0.1;0.1;0.2;
2/2/2017 2:05:39 PM;2585;26.4;27.5;26.9;26.6;0.1;0.1;0.1;0.2;
2/2/2017 2:05:40 PM;2586;26.4;27.5;26.9;26.5;0.1;0.1;0.1;0.2;
2/2/2017 2:05:41 PM;2587;26.4;27.5;26.9;26.5;0.1;0.1;0.1;0.2;
2/2/2017 2:05:42 PM;2588;26.3;27.5;26.9;26.5;0.1;0.1;0.1;0.2;
2/2/2017 2:05:43 PM;2589;26.4;27.5;26.9;26.5;0.1;0.1;0.1;0.2;
2/2/2017 2:05:44 PM;2590;26.4;27.5;26.9;26.5;0.1;0.1;0.1;0.2;
2/2/2017 2:05:45 PM;2591;26.4;27.5;26.9;26.5;0.1;0.1;0.1;0.2;
2/2/2017 2:05:46 PM;2592;26.4;27.5;26.9;26.5;0.1;0.1;0.1;0.2;
2/2/2017 2:05:47 PM;2593;26.4;27.5;26.9;26.5;0.1;0.1;0.1;0.2;
2/2/2017 2:05:48 PM;2594;26.3;27.5;26.9;26.5;0.1;0.1;0.1;0.2;
2/2/2017 2:05:49 PM;2595;26.3;27.5;26.9;26.5;0.1;0.1;0.1;0.2;
2/2/2017 2:05:50 PM;2596;26.3;27.5;26.9;26.5;0.1;0.1;0.1;0.2;
2/2/2017 2:05:51 PM;2597;26.3;27.6;26.9;26.5;0.1;0.1;0.1;0.2;
2/2/2017 2:05:52 PM;2598;26.3;27.6;26.9;26.4;0.1;0.1;0.1;0.2;
2/2/2017 2:05:53 PM;2599;26.3;27.6;26.9;26.4;0.1;0.1;0.1;0.2;
2/2/2017 2:05:54 PM;2600;26.3;27.6;26.9;26.4;0.1;0.1;0.1;0.2;
2/2/2017 2:05:55 PM;2601;26.3;27.5;26.9;26.4;0.1;0.1;0.1;0.2;
2/2/2017 2:05:56 PM;2602;26.3;27.5;26.9;26.4;0.1;0.1;0.1;0.2;
2/2/2017 2:05:57 PM;2603;26.3;27.5;26.9;26.4;0.1;0.1;0.1;0.2;
2/2/2017 2:05:58 PM;2604;26.3;27.5;26.9;26.4;0.1;0.1;0.1;0.2;
2/2/2017 2:05:59 PM;2605;26.3;27.5;26.9;26.4;0.1;0.1;0.1;0.2;
2/2/2017 2:06:00 PM;2606;26.3;27.5;26.9;26.4;0.1;0.1;0.1;0.2;
2/2/2017 2:06:01 PM;2607;26.4;27.5;26.9;26.5;0.1;0.1;0.1;0.2;
2/2/2017 2:06:02 PM;2608;26.4;27.5;26.9;26.4;0.1;0.1;0.1;0.2;
2/2/2017 2:06:03 PM;2609;26.4;27.5;26.9;26.4;0.1;0.1;0.1;0.2;
2/2/2017 2:06:04 PM;2610;26.4;27.5;26.9;26.4;0.1;0.1;0.1;0.2;
2/2/2017 2:06:05 PM;2611;26.5;27.5;26.9;26.4;0.1;0.1;0.1;0.2;
2/2/2017 2:06:06 PM;2612;26.4;27.5;26.9;26.4;0.1;0.1;0.1;0.2;
2/2/2017 2:06:07 PM;2613;26.4;27.5;26.9;26.4;0.1;0.1;0.1;0.2;
2/2/2017 2:06:08 PM;2614;26.3;27.5;26.9;26.4;0.1;0.1;0.1;0.2;
2/2/2017 2:06:09 PM;2615;26.3;27.5;26.9;26.4;0.1;0.1;0.1;0.2;
2/2/2017 2:06:10 PM;2616;26.3;27.5;26.9;26.4;0.1;0.1;0.1;0.2;
2/2/2017 2:06:11 PM;2617;26.3;27.5;26.9;26.4;0.1;0.1;0.1;0.2;
2/2/2017 2:06:12 PM;2618;26.3;27.5;26.9;26.4;0.1;0.1;0.1;0.2;
2/2/2017 2:06:13 PM;2619;26.3;27.5;26.9;26.4;0.1;0.1;0.1;0.2;
2/2/2017 2:06:14 PM;2620;26.3;27.5;26.9;26.4;0.1;0.1;0.1;0.2;
2/2/2017 2:06:15 PM;2621;26.3;27.5;26.9;26.4;0.1;0.1;0.1;0.2;
2/2/2017 2:06:16 PM;2622;26.3;27.5;26.9;26.4;0.1;0.1;0.1;0.2;
2/2/2017 2:06:17 PM;2623;26.3;27.5;26.9;26.4;0.1;0.1;0.1;0.2;
2/2/2017 2:06:18 PM;2624;26.3;27.5;26.9;26.4;0.1;0.1;0.1;0.2;
2/2/2017 2:06:19 PM;2625;26.3;27.5;26.9;26.4;0.1;0.1;0.1;0.2;
2/2/2017 2:06:20 PM;2626;26.3;27.5;26.9;26.4;0.1;0.1;0.1;0.2;
2/2/2017 2:06:21 PM;2627;26.3;27.5;26.9;26.4;0.1;0.1;0.1;0.2;
2/2/2017 2:06:22 PM;2628;26.3;27.5;26.9;26.4;0.1;0.1;0.1;0.2;
2/2/2017 2:06:23 PM;2629;26.3;27.5;26.9;26.4;0.1;0.1;0.1;0.2;
2/2/2017 2:06:24 PM;2630;26.3;27.5;26.9;26.4;0.1;0.1;0.1;0.2;
2/2/2017 2:06:25 PM;2631;26.3;27.5;26.9;26.4;0.1;0.1;0.1;0.2;
2/2/2017 2:06:26 PM;2632;26.3;27.5;26.9;26.4;0.1;0.1;0.1;0.2;
2/2/2017 2:06:27 PM;2633;26.3;27.5;26.9;26.4;0.1;0.1;0.1;0.2;
2/2/2017 2:06:28 PM;2634;26.3;27.5;26.9;26.4;0.1;0.1;0.1;0.2;
2/2/2017 2:06:29 PM;2635;26.3;27.5;26.9;26.4;0.1;0.1;0.1;0.2;
2/2/2017 2:06:30 PM;2636;26.3;27.5;26.9;26.4;0.1;0.1;0.1;0.2;
2/2/2017 2:06:31 PM;2637;26.3;27.5;26.9;26.4;0.1;0.1;0.1;0.2;
2/2/2017 2:06:32 PM;2638;26.3;27.5;26.9;26.4;0.1;0.1;0.1;0.2;
2/2/2017 2:06:33 PM;2639;26.3;27.5;26.9;26.4;0.1;0.1;0.1;0.2;
2/2/2017 2:06:34 PM;2640;26.3;27.5;26.9;26.4;0.1;0.1;0.1;0.2;
2/2/2017 2:06:35 PM;2641;26.3;27.5;26.9;26.4;0.1;0.1;0.1;0.2;
2/2/2017 2:06:36 PM;2642;26.3;27.5;26.9;26.4;0.1;0.1;0.1;0.2;
2/2/2017 2:06:37 PM;2643;26.3;27.5;26.9;26.4;0.1;0.1;0.1;0.2;
2/2/2017 2:06:38 PM;2644;26.3;27.5;26.9;26.4;0.1;0.1;0.1;0.2;
2/2/2017 2:06:39 PM;2645;26.3;27.5;26.8;26.4;0.1;0.1;0.1;0.2;
2/2/2017 2:06:40 PM;2646;26.3;27.5;26.8;26.4;0.1;0.1;0.1;0.2;
2/2/2017 2:06:41 PM;2647;26.3;27.5;26.7;26.4;0.1;0.1;0.1;0.2;
2/2/2017 2:06:42 PM;2648;26.3;27.5;26.7;26.4;0.1;0.1;0.1;0.2;
2/2/2017 2:06:43 PM;2649;26.3;27.5;26.7;26.4;0.1;0.1;0.1;0.2;
2/2/2017 2:06:44 PM;2650;26.3;27.5;26.7;26.4;0.1;0.1;0.1;0.2;
2/2/2017 2:06:45 PM;2651;26.3;27.5;26.7;26.4;0.1;0.1;0.1;0.2;
2/2/2017 2:06:46 PM;2652;26.3;27.5;26.7;26.4;0.1;0.1;0.1;0.2;
2/2/2017 2:06:47 PM;2653;26.3;27.5;26.7;26.4;0.1;0.1;0.1;0.2;
2/2/2017 2:06:48 PM;2654;26.3;27.5;26.7;26.4;0.1;0.1;0.1;0.2;
2/2/2017 2:06:49 PM;2655;26.3;27.5;26.7;26.4;0.1;0.1;0.1;0.2;
2/2/2017 2:06:50 PM;2656;26.3;27.5;26.7;26.4;0.1;0.1;0.1;0.2;
2/2/2017 2:06:51 PM;2657;26.3;27.5;26.7;26.4;0.1;0.1;0.1;0.2;
2/2/2017 2:06:52 PM;2658;26.3;27.5;26.7;26.4;0.1;0.1;0.1;0.2;
2/2/2017 2:06:53 PM;2659;26.3;27.5;26.7;26.4;0.1;0.1;0.1;0.2;
2/2/2017 2:06:54 PM;2660;26.3;27.5;26.7;26.4;0.1;0.1;0.1;0.2;
2/2/2017 2:06:55 PM;2661;26.3;27.5;26.7;26.4;0.1;0.1;0.1;0.2;
2/2/2017 2:06:56 PM;2662;26.3;27.5;26.7;26.4;0.1;0.1;0.1;0.2;
2/2/2017 2:06:57 PM;2663;26.3;27.5;26.7;26.4;0.1;0.1;0.1;0.2;
2/2/2017 2:06:58 PM;2664;26.3;27.5;26.7;26.4;0.1;0.1;0.1;0.2;
2/2/2017 2:06:59 PM;2665;26.3;27.5;26.7;26.4;0.1;0.1;0.1;0.2;
2/2/2017 2:07:00 PM;2666;26.3;27.5;26.7;26.4;0.1;0.1;0.1;0.2;
2/2/2017 2:07:01 PM;2667;26.3;27.5;26.7;26.4;0.1;0.1;0.1;0.2;
2/2/2017 2:07:02 PM;2668;26.3;27.5;26.7;26.4;0.1;0.1;0.1;0.2;
2/2/2017 2:07:03 PM;2669;26.3;27.5;26.7;26.4;0.1;0.1;0.1;0.2;
2/2/2017 2:07:04 PM;2670;26.3;27.5;26.7;26.4;0.1;0.1;0.1;0.2;
2/2/2017 2:07:05 PM;2671;26.3;27.5;26.7;26.4;0.1;0.1;0.1;0.2;
2/2/2017 2:07:06 PM;2672;26.3;27.5;26.7;26.4;0.1;0.1;0.1;0.2;
2/2/2017 2:07:07 PM;2673;26.3;27.5;26.7;26.4;0.1;0.1;0.1;0.2;
2/2/2017 2:07:08 PM;2674;26.3;27.5;26.7;26.4;0.1;0.1;0.1;0.2;
2/2/2017 2:07:09 PM;2675;26.3;27.5;26.7;26.4;0.1;0.1;0.1;0.2;
2/2/2017 2:07:10 PM;2676;26.3;27.5;26.7;26.4;0.1;0.1;0.1;0.2;
2/2/2017 2:07:11 PM;2677;26.3;27.5;26.7;26.4;0.1;0.1;0.1;0.2;
2/2/2017 2:07:12 PM;2678;26.3;27.5;26.7;26.4;0.1;0.1;0.1;0.2;
2/2/2017 2:07:13 PM;2679;26.3;27.5;26.7;26.4;0.1;0.1;0.1;0.2;
2/2/2017 2:07:14 PM;2680;26.3;27.5;26.7;26.4;0.1;0.1;0.1;0.2;
2/2/2017 2:07:15 PM;2681;26.3;27.5;26.7;26.4;0.1;0.1;0.1;0.2;
2/2/2017 2:07:16 PM;2682;26.3;27.5;26.7;26.4;0.1;0.1;0.1;0.2;
2/2/2017 2:07:17 PM;2683;26.3;27.5;26.7;26.4;0.1;0.1;0.1;0.2;
2/2/2017 2:07:18 PM;2684;26.3;27.5;26.7;26.4;0.1;0.1;0.1;0.2;
2/2/2017 2:07:19 PM;2685;26.3;27.5;26.7;26.4;0.1;0.1;0.1;0.2;
2/2/2017 2:07:20 PM;2686;26.3;27.5;26.7;26.4;0.1;0.1;0.1;0.2;
2/2/2017 2:07:21 PM;2687;26.3;27.5;26.7;26.4;0.1;0.1;0.1;0.2;
2/2/2017 2:07:22 PM;2688;26.3;27.5;26.7;26.4;0.1;0.1;0.1;0.2;
2/2/2017 2:07:23 PM;2689;26.3;27.5;26.7;26.4;0.1;0.1;0.1;0.2;
2/2/2017 2:07:24 PM;2690;26.3;27.5;26.7;26.4;0.1;0.1;0.1;0.2;
2/2/2017 2:07:25 PM;2691;26.3;27.5;26.7;26.4;0.1;0.1;0.1;0.2;
2/2/2017 2:07:26 PM;2692;26.3;27.5;26.7;26.3;0.1;0.1;0.1;0.2;
2/2/2017 2:07:27 PM;2693;26.3;27.5;26.7;26.3;0.1;0.1;0.1;0.2;
2/2/2017 2:07:28 PM;2694;26.3;27.5;26.7;26.3;0.1;0.1;0.1;0.2;
2/2/2017 2:07:29 PM;2695;26.3;27.5;26.7;26.3;0.1;0.1;0.1;0.2;
2/2/2017 2:07:30 PM;2696;26.3;27.5;26.7;26.3;0.1;0.1;0.1;0.2;
2/2/2017 2:07:31 PM;2697;26.3;27.5;26.7;26.3;0.1;0.1;0.1;0.2;
2/2/2017 2:07:32 PM;2698;26.3;27.5;26.7;26.4;0.1;0.1;0.1;0.2;
2/2/2017 2:07:33 PM;2699;26.3;27.5;26.7;26.4;0.1;0.1;0.1;0.2;
2/2/2017 2:07:34 PM;2700;26.3;27.5;26.7;26.4;0.1;0.1;0.1;0.2;
2/2/2017 2:07:35 PM;2701;26.3;27.5;26.7;26.4;0.1;0.1;0.1;0.2;
2/2/2017 2:07:36 PM;2702;26.3;27.5;26.7;26.3;0.1;0.1;0.1;0.2;
2/2/2017 2:07:37 PM;2703;26.3;27.5;26.7;26.3;0.1;0.1;0.1;0.2;
2/2/2017 2:07:38 PM;2704;26.3;27.5;26.7;26.3;0.1;0.1;0.1;0.2;
2/2/2017 2:07:39 PM;2705;26.3;27.5;26.7;26.3;0.1;0.1;0.1;0.2;
2/2/2017 2:07:40 PM;2706;26.3;27.5;26.7;26.2;0.1;0.1;0.1;0.2;
2/2/2017 2:07:41 PM;2707;26.3;27.5;26.7;26.3;0.1;0.1;0.1;0.2;
2/2/2017 2:07:42 PM;2708;26.3;27.5;26.7;26.3;0.1;0.1;0.1;0.2;
2/2/2017 2:07:43 PM;2709;26.3;27.5;26.7;26.3;0.1;0.1;0.1;0.2;
2/2/2017 2:07:44 PM;2710;26.3;27.5;26.7;26.3;0.1;0.1;0.1;0.2;
2/2/2017 2:07:45 PM;2711;26.3;27.5;26.7;26.4;0.1;0.1;0.1;0.2;
2/2/2017 2:07:46 PM;2712;26.3;27.5;26.7;26.4;0.1;0.1;0.1;0.2;
2/2/2017 2:07:47 PM;2713;26.3;27.5;26.7;26.3;0.1;0.1;0.1;0.2;
2/2/2017 2:07:48 PM;2714;26.3;27.5;26.7;26.3;0.1;0.1;0.1;0.2;
2/2/2017 2:07:49 PM;2715;26.3;27.5;26.7;26.3;0.1;0.1;0.1;0.2;
2/2/2017 2:07:50 PM;2716;26.3;27.5;26.7;26.2;0.1;0.1;0.1;0.2;
2/2/2017 2:07:51 PM;2717;26.3;27.5;26.6;26.2;0.1;0.1;0.1;0.2;
2/2/2017 2:07:52 PM;2718;26.3;27.5;26.6;26.2;0.1;0.1;0.1;0.2;
2/2/2017 2:07:53 PM;2719;26.3;27.5;26.5;26.2;0.1;0.1;0.1;0.2;
2/2/2017 2:07:54 PM;2720;26.3;27.5;26.5;26.2;0.1;0.1;0.1;0.2;
2/2/2017 2:07:55 PM;2721;26.3;27.5;26.5;26.2;0.1;0.1;0.1;0.2;
2/2/2017 2:07:56 PM;2722;26.3;27.5;26.5;26.2;0.1;0.1;0.1;0.2;
2/2/2017 2:07:57 PM;2723;26.3;27.5;26.5;26.2;0.1;0.1;0.1;0.2;
2/2/2017 2:07:58 PM;2724;26.3;27.5;26.5;26.2;0.1;0.1;0.1;0.2;
2/2/2017 2:07:59 PM;2725;26.3;27.5;26.5;26.2;0.1;0.1;0.1;0.2;
2/2/2017 2:08:00 PM;2726;26.3;27.5;26.5;26.2;0.1;0.1;0.1;0.2;
2/2/2017 2:08:01 PM;2727;26.3;27.5;26.5;26.2;0.1;0.1;0.1;0.2;
2/2/2017 2:08:02 PM;2728;26.3;27.5;26.5;26.2;0.1;0.1;0.1;0.2;
2/2/2017 2:08:03 PM;2729;26.3;27.5;26.5;26.2;0.1;0.1;0.1;0.2;
2/2/2017 2:08:04 PM;2730;26.3;27.5;26.5;26.2;0.1;0.1;0.1;0.2;
2/2/2017 2:08:05 PM;2731;26.3;27.5;26.5;26.2;0.1;0.1;0.1;0.2;
2/2/2017 2:08:06 PM;2732;26.3;27.5;26.5;26.2;0.1;0.1;0.1;0.2;
2/2/2017 2:08:07 PM;2733;26.3;27.5;26.5;26.2;0.1;0.1;0.1;0.2;
2/2/2017 2:08:08 PM;2734;26.3;27.5;26.5;26.2;0.1;0.1;0.1;0.2;
2/2/2017 2:08:09 PM;2735;26.3;27.5;26.5;26.2;0.1;0.1;0.1;0.2;
2/2/2017 2:08:10 PM;2736;26.3;27.5;26.5;26.2;0.1;0.1;0.1;0.2;
2/2/2017 2:08:11 PM;2737;26.3;27.5;26.5;26.2;0.1;0.1;0.1;0.2;
2/2/2017 2:08:12 PM;2738;26.3;27.5;26.5;26.2;0.1;0.1;0.1;0.2;
2/2/2017 2:08:13 PM;2739;26.3;27.5;26.5;26.2;0.1;0.1;0.1;0.2;
2/2/2017 2:08:14 PM;2740;26.3;27.5;26.5;26.2;0.1;0.1;0.1;0.2;
2/2/2017 2:08:15 PM;2741;26.3;27.5;26.5;26.2;0.1;0.1;0.1;0.2;
2/2/2017 2:08:16 PM;2742;26.3;27.5;26.5;26.2;0.1;0.1;0.1;0.2;
2/2/2017 2:08:17 PM;2743;26.3;27.5;26.5;26.2;0.1;0.1;0.1;0.2;
2/2/2017 2:08:18 PM;2744;26.3;27.5;26.5;26.2;0.1;0.1;0.1;0.2;
2/2/2017 2:08:19 PM;2745;26.3;27.5;26.5;26.2;0.1;0.1;0.1;0.2;
2/2/2017 2:08:20 PM;2746;26.3;27.4;26.5;26.2;0.1;0.1;0.1;0.2;
2/2/2017 2:08:21 PM;2747;26.3;27.4;26.5;26.2;0.1;0.1;0.1;0.2;
2/2/2017 2:08:22 PM;2748;26.3;27.4;26.5;26.2;0.1;0.1;0.1;0.2;
2/2/2017 2:08:23 PM;2749;26.3;27.4;26.5;26.2;0.1;0.1;0.1;0.2;
2/2/2017 2:08:24 PM;2750;26.3;27.4;26.5;26.2;0.1;0.1;0.1;0.2;
2/2/2017 2:08:25 PM;2751;26.3;27.5;26.5;26.2;0.1;0.1;0.1;0.2;
2/2/2017 2:08:26 PM;2752;26.3;27.5;26.5;26.2;0.1;0.1;0.1;0.2;
2/2/2017 2:08:27 PM;2753;26.3;27.5;26.5;26.2;0.1;0.1;0.1;0.2;
2/2/2017 2:08:28 PM;2754;26.3;27.5;26.5;26.2;0.1;0.1;0.1;0.2;
2/2/2017 2:08:29 PM;2755;26.3;27.5;26.5;26.2;0.1;0.1;0.1;0.2;
2/2/2017 2:08:30 PM;2756;26.3;27.5;26.5;26.2;0.1;0.1;0.1;0.2;
2/2/2017 2:08:31 PM;2757;26.3;27.5;26.5;26.2;0.1;0.1;0.1;0.2;
2/2/2017 2:08:32 PM;2758;26.3;27.5;26.5;26.2;0.1;0.1;0.1;0.2;
2/2/2017 2:08:33 PM;2759;26.3;27.5;26.5;26.2;0.1;0.1;0.1;0.2;
2/2/2017 2:08:34 PM;2760;26.3;27.5;26.5;26.2;0.1;0.1;0.1;0.2;
2/2/2017 2:08:35 PM;2761;26.3;27.5;26.5;26.2;0.1;0.1;0.1;0.2;
2/2/2017 2:08:36 PM;2762;26.3;27.5;26.5;26.2;0.1;0.1;0.1;0.2;
2/2/2017 2:08:37 PM;2763;26.3;27.5;26.5;26.2;0.1;0.1;0.1;0.2;
2/2/2017 2:08:38 PM;2764;26.3;27.5;26.5;26.2;0.1;0.1;0.1;0.2;
2/2/2017 2:08:39 PM;2765;26.3;27.5;26.5;26.2;0.1;0.1;0.1;0.2;
2/2/2017 2:08:40 PM;2766;26.3;27.5;26.5;26.2;0.1;0.1;0.1;0.2;
2/2/2017 2:08:41 PM;2767;26.3;27.5;26.5;26.2;0.1;0.1;0.1;0.2;
2/2/2017 2:08:42 PM;2768;26.3;27.5;26.5;26.2;0.1;0.1;0.1;0.2;
2/2/2017 2:08:43 PM;2769;26.3;27.5;26.5;26.2;0.1;0.1;0.1;0.2;
2/2/2017 2:08:44 PM;2770;26.3;27.5;26.5;26.2;0.1;0.1;0.1;0.2;
2/2/2017 2:08:45 PM;2771;26.3;27.5;26.5;26.2;0.1;0.1;0.1;0.2;
2/2/2017 2:08:46 PM;2772;26.3;27.5;26.5;26.2;0.1;0.1;0.1;0.2;
2/2/2017 2:08:47 PM;2773;26.3;27.5;26.5;26.2;0.1;0.1;0.1;0.2;
2/2/2017 2:08:48 PM;2774;26.3;27.5;26.5;26.2;0.1;0.1;0.1;0.2;
2/2/2017 2:08:49 PM;2775;26.3;27.5;26.5;26.2;0.1;0.1;0.1;0.2;
2/2/2017 2:08:50 PM;2776;26.3;27.5;26.5;26.2;0.1;0.1;0.1;0.2;
2/2/2017 2:08:51 PM;2777;26.3;27.5;26.5;26.2;0.1;0.1;0.1;0.2;
2/2/2017 2:08:52 PM;2778;26.3;27.5;26.5;26.2;0.1;0.1;0.1;0.2;
2/2/2017 2:08:53 PM;2779;26.3;27.5;26.5;26.2;0.1;0.1;0.1;0.2;
2/2/2017 2:08:54 PM;2780;26.3;27.5;26.5;26.2;0.1;0.1;0.1;0.2;
2/2/2017 2:08:55 PM;2781;26.3;27.5;26.5;26.2;0.1;0.1;0.1;0.2;
2/2/2017 2:08:56 PM;2782;26.3;27.5;26.5;26.2;0.1;0.1;0.1;0.2;
2/2/2017 2:08:57 PM;2783;26.3;27.5;26.5;26.2;0.1;0.1;0.1;0.2;
2/2/2017 2:08:58 PM;2784;26.3;27.5;26.5;26.2;0.1;0.1;0.1;0.2;
2/2/2017 2:08:59 PM;2785;26.3;27.5;26.5;26.2;0.1;0.1;0.1;0.2;
2/2/2017 2:09:00 PM;2786;26.3;27.5;26.5;26.2;0.1;0.1;0.1;0.2;
2/2/2017 2:09:01 PM;2787;26.3;27.5;26.5;26.2;0.1;0.1;0.1;0.2;
2/2/2017 2:09:02 PM;2788;26.2;27.5;26.5;26.2;0.1;0.1;0.1;0.2;
2/2/2017 2:09:03 PM;2789;26.2;27.5;26.5;26.2;0.1;0.1;0.1;0.2;
2/2/2017 2:09:04 PM;2790;26.2;27.5;26.5;26.2;0.1;0.1;0.1;0.2;
2/2/2017 2:09:05 PM;2791;26.2;27.5;26.5;26.2;0.1;0.1;0.1;0.2;
2/2/2017 2:09:06 PM;2792;26.2;27.5;26.5;26.2;0.1;0.1;0.1;0.2;
2/2/2017 2:09:07 PM;2793;26.3;27.5;26.5;26.2;0.1;0.1;0.1;0.2;
2/2/2017 2:09:08 PM;2794;26.3;27.5;26.5;26.2;0.1;0.1;0.1;0.2;
2/2/2017 2:09:09 PM;2795;26.3;27.5;26.5;26.2;0.1;0.1;0.1;0.2;
2/2/2017 2:09:10 PM;2796;26.3;27.5;26.5;26.2;0.1;0.1;0.1;0.2;
2/2/2017 2:09:11 PM;2797;26.3;27.5;26.5;26.2;0.1;0.1;0.1;0.2;
2/2/2017 2:09:12 PM;2798;26.3;27.4;26.5;26.2;0.1;0.1;0.1;0.2;
2/2/2017 2:09:13 PM;2799;26.3;27.4;26.5;26.2;0.1;0.1;0.1;0.2;
2/2/2017 2:09:14 PM;2800;26.3;27.4;26.5;26.2;0.1;0.1;0.1;0.2;
2/2/2017 2:09:15 PM;2801;26.3;27.4;26.5;26.2;0.1;0.1;0.1;0.2;
2/2/2017 2:09:16 PM;2802;26.3;27.4;26.5;26.2;0.1;0.1;0.1;0.2;
2/2/2017 2:09:17 PM;2803;26.2;27.4;26.5;26.2;0.1;0.1;0.1;0.2;
2/2/2017 2:09:18 PM;2804;26.2;27.4;26.5;26.2;0.1;0.1;0.1;0.2;
2/2/2017 2:09:19 PM;2805;26.2;27.4;26.5;26.2;0.1;0.1;0.1;0.2;
2/2/2017 2:09:20 PM;2806;26.2;27.5;26.5;26.2;0.1;0.1;0.1;0.2;
2/2/2017 2:09:21 PM;2807;26.2;27.5;26.5;26.2;0.1;0.1;0.1;0.2;
2/2/2017 2:09:22 PM;2808;26.2;27.5;26.5;26.2;0.1;0.1;0.1;0.2;
2/2/2017 2:09:23 PM;2809;26.3;27.5;26.5;26.2;0.1;0.1;0.1;0.2;
2/2/2017 2:09:24 PM;2810;26.3;27.5;26.5;26.2;0.1;0.1;0.1;0.2;
2/2/2017 2:09:25 PM;2811;26.3;27.5;26.5;26.2;0.1;0.1;0.1;0.2;
2/2/2017 2:09:26 PM;2812;26.3;27.4;26.5;26.2;0.1;0.1;0.1;0.2;
2/2/2017 2:09:27 PM;2813;26.3;27.4;26.5;26.2;0.1;0.1;0.1;0.2;
2/2/2017 2:09:28 PM;2814;26.3;27.4;26.5;26.2;0.1;0.1;0.1;0.2;
2/2/2017 2:09:29 PM;2815;26.3;27.4;26.5;26.2;0.1;0.1;0.1;0.2;
2/2/2017 2:09:30 PM;2816;26.3;27.4;26.5;26.2;0.1;0.1;0.1;0.2;
2/2/2017 2:09:31 PM;2817;26.3;27.5;26.5;26.2;0.1;0.1;0.1;0.2;
2/2/2017 2:09:32 PM;2818;26.3;27.5;26.5;26.2;0.1;0.1;0.1;0.2;
2/2/2017 2:09:33 PM;2819;26.3;27.4;26.5;26.2;0.1;0.1;0.1;0.2;
2/2/2017 2:09:34 PM;2820;26.3;27.4;26.5;26.2;0.1;0.1;0.1;0.2;
2/2/2017 2:09:35 PM;2821;26.3;27.4;26.5;26.2;0.1;0.1;0.1;0.2;
2/2/2017 2:09:36 PM;2822;26.3;27.4;26.5;26.2;0.1;0.1;0.1;0.2;
2/2/2017 2:09:37 PM;2823;26.3;27.3;26.5;26.2;0.1;0.1;0.1;0.2;
2/2/2017 2:09:38 PM;2824;26.2;27.3;26.4;26.2;0.1;0.1;0.1;0.2;
2/2/2017 2:09:39 PM;2825;26.2;27.3;26.4;26.2;0.1;0.1;0.1;0.2;
2/2/2017 2:09:40 PM;2826;26.2;27.3;26.4;26.2;0.1;0.1;0.1;0.2;
2/2/2017 2:09:41 PM;2827;26.2;27.3;26.4;26.2;0.1;0.1;0.1;0.2;
2/2/2017 2:09:42 PM;2828;26.2;27.3;26.4;26.2;0.1;0.1;0.1;0.2;
2/2/2017 2:09:43 PM;2829;26.2;27.3;26.4;26.2;0.1;0.1;0.1;0.2;
2/2/2017 2:09:44 PM;2830;26.2;27.4;26.4;26.2;0.1;0.1;0.1;0.2;
2/2/2017 2:09:45 PM;2831;26.2;27.4;26.4;26.2;0.1;0.1;0.1;0.2;
2/2/2017 2:09:46 PM;2832;26.2;27.4;26.4;26.2;0.1;0.1;0.1;0.2;
2/2/2017 2:09:47 PM;2833;26.2;27.4;26.4;26.2;0.1;0.1;0.1;0.2;
2/2/2017 2:09:48 PM;2834;26.2;27.5;26.4;26.2;0.1;0.1;0.1;0.2;
2/2/2017 2:09:49 PM;2835;26.2;27.5;26.4;26.2;0.1;0.1;0.1;0.2;
2/2/2017 2:09:50 PM;2836;26.2;27.4;26.4;26.2;0.1;0.1;0.1;0.2;
2/2/2017 2:09:51 PM;2837;26.2;27.4;26.4;26.2;0.1;0.1;0.1;0.2;
2/2/2017 2:09:52 PM;2838;26.2;27.3;26.4;26.2;0.1;0.1;0.1;0.2;
2/2/2017 2:09:53 PM;2839;26.2;27.3;26.4;26.2;0.1;0.1;0.1;0.2;
2/2/2017 2:09:54 PM;2840;26.2;27.3;26.4;26.2;0.1;0.1;0.1;0.2;
2/2/2017 2:09:55 PM;2841;26.1;27.3;26.4;26.2;0.1;0.1;0.1;0.2;
2/2/2017 2:09:56 PM;2842;26.1;27.3;26.4;26.2;0.1;0.1;0.1;0.2;
2/2/2017 2:09:57 PM;2843;26.1;27.4;26.4;26.2;0.1;0.1;0.1;0.2;
2/2/2017 2:09:58 PM;2844;26.1;27.4;26.4;26.2;0.1;0.1;0.1;0.2;
2/2/2017 2:09:59 PM;2845;26.1;27.5;26.4;26.2;0.1;0.1;0.1;0.2;
2/2/2017 2:10:00 PM;2846;26.2;27.4;26.4;26.2;0.1;0.1;0.1;0.2;
2/2/2017 2:10:01 PM;2847;26.2;27.4;26.4;26.2;0.1;0.1;0.1;0.2;
2/2/2017 2:10:02 PM;2848;26.1;27.4;26.4;26.2;0.1;0.1;0.1;0.2;
2/2/2017 2:10:03 PM;2849;26.1;27.4;26.4;26.2;0.1;0.1;0.1;0.2;
2/2/2017 2:10:04 PM;2850;26.1;27.4;26.4;26.2;0.1;0.1;0.1;0.2;
2/2/2017 2:10:05 PM;2851;26.1;27.4;26.4;26.2;0.1;0.1;0.1;0.2;
2/2/2017 2:10:06 PM;2852;26.1;27.4;26.5;26.2;0.1;0.1;0.1;0.2;
2/2/2017 2:10:07 PM;2853;26.1;27.3;26.5;26.2;0.1;0.1;0.1;0.2;
2/2/2017 2:10:08 PM;2854;26.1;27.3;26.4;26.2;0.1;0.1;0.1;0.2;
2/2/2017 2:10:09 PM;2855;26.1;27.3;26.4;26.2;0.1;0.1;0.1;0.2;
2/2/2017 2:10:10 PM;2856;26.2;27.3;26.4;26.2;0.1;0.1;0.1;0.2;
2/2/2017 2:10:11 PM;2857;26.2;27.3;26.4;26.1;0.1;0.1;0.1;0.2;
2/2/2017 2:10:12 PM;2858;26.3;27.3;26.4;26.1;0.1;0.1;0.1;0.2;
2/2/2017 2:10:13 PM;2859;26.2;27.3;26.4;26.1;0.1;0.1;0.1;0.2;
2/2/2017 2:10:14 PM;2860;26.2;27.3;26.3;26.1;0.1;0.1;0.1;0.2;
2/2/2017 2:10:15 PM;2861;26.2;27.3;26.3;26.1;0.1;0.1;0.1;0.2;
2/2/2017 2:10:16 PM;2862;26.2;27.3;26.3;26.2;0.1;0.1;0.1;0.2;
2/2/2017 2:10:17 PM;2863;26.1;27.3;26.3;26.2;0.1;0.1;0.1;0.2;
2/2/2017 2:10:18 PM;2864;26.1;27.3;26.3;26.2;0.1;0.1;0.1;0.2;
2/2/2017 2:10:19 PM;2865;26.1;27.3;26.3;26.2;0.1;0.1;0.1;0.2;
2/2/2017 2:10:20 PM;2866;26.1;27.3;26.3;26.2;0.1;0.1;0.1;0.2;
2/2/2017 2:10:21 PM;2867;26.1;27.3;26.3;26.2;0.1;0.1;0.1;0.2;
2/2/2017 2:10:22 PM;2868;26.1;27.3;26.3;26.2;0.1;0.1;0.1;0.2;
2/2/2017 2:10:23 PM;2869;26.1;27.3;26.3;26.2;0.1;0.1;0.1;0.2;
2/2/2017 2:10:24 PM;2870;26.2;27.3;26.3;26.2;0.1;0.1;0.1;0.2;
2/2/2017 2:10:25 PM;2871;26.2;27.3;26.3;26.2;0.1;0.1;0.1;0.2;
2/2/2017 2:10:26 PM;2872;26.2;27.3;26.3;26.2;0.1;0.1;0.1;0.2;
2/2/2017 2:10:27 PM;2873;26.1;27.3;26.3;26.2;0.1;0.1;0.1;0.2;
2/2/2017 2:10:28 PM;2874;26.1;27.3;26.3;26.2;0.1;0.1;0.1;0.2;
2/2/2017 2:10:29 PM;2875;26.1;27.3;26.3;26.1;0.1;0.1;0.1;0.2;
2/2/2017 2:10:30 PM;2876;26.1;27.3;26.3;26.1;0.1;0.1;0.1;0.2;
2/2/2017 2:10:31 PM;2877;26.1;27.3;26.3;26.1;0.1;0.1;0.1;0.2;
2/2/2017 2:10:32 PM;2878;26.1;27.3;26.3;26.1;0.1;0.1;0.1;0.2;
2/2/2017 2:10:33 PM;2879;26.1;27.3;26.3;26.1;0.1;0.1;0.1;0.2;
2/2/2017 2:10:34 PM;2880;26.1;27.3;26.3;26.1;0.1;0.1;0.1;0.2;
2/2/2017 2:10:35 PM;2881;26.2;27.3;26.3;26.1;0.1;0.1;0.1;0.2;
2/2/2017 2:10:36 PM;2882;26.2;27.3;26.3;26.1;0.1;0.1;0.1;0.2;
2/2/2017 2:10:37 PM;2883;26.2;27.3;26.3;26.1;0.1;0.1;0.1;0.2;
2/2/2017 2:10:38 PM;2884;26.1;27.3;26.3;26.1;0.1;0.1;0.1;0.2;
2/2/2017 2:10:39 PM;2885;26.1;27.3;26.3;26.1;0.1;0.1;0.1;0.2;
2/2/2017 2:10:40 PM;2886;26.1;27.3;26.3;26.2;0.1;0.1;0.1;0.2;
2/2/2017 2:10:41 PM;2887;26.1;27.3;26.3;26.1;0.1;0.1;0.1;0.2;
2/2/2017 2:10:42 PM;2888;26.1;27.3;26.3;26.1;0.1;0.1;0.1;0.2;
2/2/2017 2:10:43 PM;2889;26.1;27.3;26.3;26.1;0.1;0.1;0.1;0.2;
2/2/2017 2:10:44 PM;2890;26.1;27.3;26.3;26.1;0.1;0.1;0.1;0.2;
2/2/2017 2:10:45 PM;2891;26.1;27.3;26.3;26.1;0.1;0.1;0.1;0.2;
2/2/2017 2:10:46 PM;2892;26.1;27.3;26.3;26.1;0.1;0.1;0.1;0.2;
2/2/2017 2:10:47 PM;2893;26.1;27.3;26.3;26.1;0.1;0.1;0.1;0.2;
2/2/2017 2:10:48 PM;2894;26.1;27.3;26.3;26.1;0.1;0.1;0.1;0.2;
2/2/2017 2:10:49 PM;2895;26.1;27.3;26.3;26.1;0.1;0.1;0.1;0.2;
2/2/2017 2:10:50 PM;2896;26.1;27.3;26.3;26.1;0.1;0.1;0.1;0.2;
2/2/2017 2:10:51 PM;2897;26.1;27.3;26.3;26.1;0.1;0.1;0.1;0.2;
2/2/2017 2:10:52 PM;2898;26.1;27.3;26.3;26.1;0.1;0.1;0.1;0.2;
2/2/2017 2:10:53 PM;2899;26.1;27.3;26.3;26.1;0.1;0.1;0.1;0.2;
2/2/2017 2:10:54 PM;2900;26.1;27.3;26.3;26.1;0.1;0.1;0.1;0.2;
2/2/2017 2:10:55 PM;2901;26.1;27.3;26.3;26.1;0.1;0.1;0.1;0.2;
2/2/2017 2:10:56 PM;2902;26.1;27.3;26.3;26.1;0.1;0.1;0.1;0.2;
2/2/2017 2:10:57 PM;2903;26.1;27.3;26.3;26.1;0.1;0.1;0.1;0.2;
2/2/2017 2:10:58 PM;2904;26.1;27.3;26.3;26.1;0.1;0.1;0.1;0.2;
2/2/2017 2:10:59 PM;2905;26.1;27.3;26.3;26.1;0.1;0.1;0.1;0.2;
2/2/2017 2:11:00 PM;2906;26.1;27.3;26.3;26.1;0.1;0.1;0.1;0.2;
2/2/2017 2:11:01 PM;2907;26.1;27.3;26.3;26.1;0.1;0.1;0.1;0.2;
2/2/2017 2:11:02 PM;2908;26.1;27.3;26.3;26.1;0.1;0.1;0.1;0.2;
2/2/2017 2:11:03 PM;2909;26.1;27.3;26.3;26.1;0.1;0.1;0.1;0.2;
2/2/2017 2:11:04 PM;2910;26.1;27.3;26.3;26.1;0.1;0.1;0.1;0.2;
2/2/2017 2:11:05 PM;2911;26.1;27.3;26.3;26.1;0.1;0.1;0.1;0.2;
2/2/2017 2:11:06 PM;2912;26.1;27.3;26.3;26.0;0.1;0.1;0.1;0.2;
2/2/2017 2:11:07 PM;2913;26.1;27.3;26.3;26.0;0.1;0.1;0.1;0.2;
2/2/2017 2:11:08 PM;2914;26.1;27.3;26.3;26.1;0.1;0.1;0.1;0.2;
2/2/2017 2:11:09 PM;2915;26.1;27.3;26.3;26.1;0.1;0.1;0.1;0.2;
2/2/2017 2:11:10 PM;2916;26.1;27.3;26.3;26.1;0.1;0.1;0.1;0.2;
2/2/2017 2:11:11 PM;2917;26.1;27.3;26.3;26.1;0.1;0.1;0.1;0.2;
2/2/2017 2:11:12 PM;2918;26.1;27.3;26.3;26.1;0.1;0.1;0.1;0.2;
2/2/2017 2:11:13 PM;2919;26.1;27.3;26.3;26.1;0.1;0.1;0.1;0.2;
2/2/2017 2:11:14 PM;2920;26.1;27.3;26.3;26.1;0.1;0.1;0.1;0.2;
2/2/2017 2:11:15 PM;2921;26.1;27.3;26.3;26.1;0.1;0.1;0.1;0.2;
2/2/2017 2:11:16 PM;2922;26.1;27.3;26.3;26.1;0.1;0.1;0.1;0.2;
2/2/2017 2:11:17 PM;2923;26.1;27.3;26.3;26.1;0.1;0.1;0.1;0.2;
2/2/2017 2:11:18 PM;2924;26.1;27.3;26.3;26.1;0.1;0.1;0.1;0.2;
2/2/2017 2:11:19 PM;2925;26.1;27.3;26.3;26.1;0.1;0.1;0.1;0.2;
2/2/2017 2:11:20 PM;2926;26.1;27.3;26.3;26.0;0.1;0.1;0.1;0.2;
2/2/2017 2:11:21 PM;2927;26.1;27.3;26.3;26.0;0.1;0.1;0.1;0.2;
2/2/2017 2:11:22 PM;2928;26.1;27.3;26.3;26.1;0.1;0.1;0.1;0.2;
2/2/2017 2:11:23 PM;2929;26.1;27.3;26.3;26.1;0.1;0.1;0.1;0.2;
2/2/2017 2:11:24 PM;2930;26.1;27.3;26.3;26.1;0.1;0.1;0.1;0.2;
2/2/2017 2:11:25 PM;2931;26.2;27.3;26.3;26.1;0.1;0.1;0.1;0.2;
2/2/2017 2:11:26 PM;2932;26.2;27.3;26.3;26.1;0.1;0.1;0.1;0.2;
2/2/2017 2:11:27 PM;2933;26.2;27.3;26.3;26.1;0.1;0.1;0.1;0.2;
2/2/2017 2:11:28 PM;2934;26.2;27.3;26.3;26.1;0.1;0.1;0.1;0.2;
2/2/2017 2:11:29 PM;2935;26.1;27.3;26.3;26.0;0.1;0.1;0.1;0.2;
2/2/2017 2:11:30 PM;2936;26.1;27.3;26.3;26.0;0.1;0.1;0.1;0.2;
2/2/2017 2:11:31 PM;2937;26.1;27.3;26.3;26.0;0.1;0.1;0.1;0.2;
2/2/2017 2:11:32 PM;2938;26.1;27.3;26.3;26.0;0.1;0.1;0.1;0.2;
2/2/2017 2:11:33 PM;2939;26.1;27.3;26.3;26.1;0.1;0.1;0.1;0.2;
2/2/2017 2:11:34 PM;2940;26.1;27.3;26.3;26.1;0.1;0.1;0.1;0.2;
2/2/2017 2:11:35 PM;2941;26.1;27.3;26.3;26.1;0.1;0.1;0.1;0.2;
2/2/2017 2:11:36 PM;2942;26.1;27.3;26.3;26.1;0.1;0.1;0.1;0.2;
2/2/2017 2:11:37 PM;2943;26.1;27.3;26.3;26.1;0.1;0.1;0.1;0.2;
2/2/2017 2:11:38 PM;2944;26.1;27.3;26.3;26.1;0.1;0.1;0.1;0.2;
2/2/2017 2:11:39 PM;2945;26.1;27.3;26.3;26.1;0.1;0.1;0.1;0.2;
2/2/2017 2:11:40 PM;2946;26.1;27.3;26.3;26.1;0.1;0.1;0.1;0.2;
2/2/2017 2:11:41 PM;2947;26.1;27.3;26.3;26.1;0.1;0.1;0.1;0.2;
2/2/2017 2:11:42 PM;2948;26.1;27.3;26.3;26.1;0.1;0.1;0.1;0.2;
2/2/2017 2:11:43 PM;2949;26.1;27.3;26.3;26.1;0.1;0.1;0.1;0.2;
2/2/2017 2:11:44 PM;2950;26.1;27.3;26.3;26.1;0.1;0.1;0.1;0.2;
2/2/2017 2:11:45 PM;2951;26.1;27.3;26.3;26.1;0.1;0.1;0.1;0.2;
2/2/2017 2:11:46 PM;2952;26.1;27.3;26.3;26.1;0.1;0.1;0.1;0.2;
2/2/2017 2:11:47 PM;2953;26.1;27.3;26.3;26.1;0.1;0.1;0.1;0.2;
2/2/2017 2:11:48 PM;2954;26.1;27.3;26.3;26.1;0.1;0.1;0.1;0.2;
2/2/2017 2:11:49 PM;2955;26.1;27.3;26.3;26.1;0.1;0.1;0.1;0.2;
2/2/2017 2:11:50 PM;2956;26.1;27.3;26.3;26.1;0.1;0.1;0.1;0.2;
2/2/2017 2:11:51 PM;2957;26.1;27.3;26.3;26.1;0.1;0.1;0.1;0.2;
2/2/2017 2:11:52 PM;2958;26.1;27.3;26.3;26.1;0.1;0.1;0.1;0.2;
2/2/2017 2:11:53 PM;2959;26.1;27.3;26.3;26.1;0.1;0.1;0.1;0.2;
2/2/2017 2:11:54 PM;2960;26.1;27.3;26.3;26.1;0.1;0.1;0.1;0.2;
2/2/2017 2:11:55 PM;2961;26.1;27.3;26.3;26.1;0.1;0.1;0.1;0.2;
2/2/2017 2:11:56 PM;2962;26.1;27.3;26.3;26.1;0.1;0.1;0.1;0.2;
2/2/2017 2:11:57 PM;2963;26.1;27.3;26.3;26.1;0.1;0.1;0.1;0.2;
2/2/2017 2:11:58 PM;2964;26.1;27.3;26.3;26.0;0.1;0.1;0.1;0.2;
2/2/2017 2:11:59 PM;2965;26.1;27.3;26.3;26.0;0.1;0.1;0.1;0.2;
2/2/2017 2:12:00 PM;2966;26.1;27.3;26.3;26.0;0.1;0.1;0.1;0.2;
2/2/2017 2:12:01 PM;2967;26.1;27.3;26.3;26.0;0.1;0.1;0.1;0.2;
2/2/2017 2:12:02 PM;2968;26.1;27.3;26.3;26.0;0.1;0.1;0.1;0.2;
2/2/2017 2:12:03 PM;2969;26.1;27.3;26.3;26.0;0.1;0.1;0.1;0.2;
2/2/2017 2:12:04 PM;2970;26.1;27.3;26.3;26.0;0.1;0.1;0.1;0.2;
2/2/2017 2:12:05 PM;2971;26.1;27.3;26.3;26.0;0.1;0.1;0.1;0.2;
2/2/2017 2:12:06 PM;2972;26.1;27.3;26.3;26.0;0.1;0.1;0.1;0.2;
2/2/2017 2:12:07 PM;2973;26.1;27.3;26.3;26.0;0.1;0.1;0.1;0.2;
2/2/2017 2:12:08 PM;2974;26.1;27.3;26.3;26.1;0.1;0.1;0.1;0.2;
2/2/2017 2:12:09 PM;2975;26.1;27.3;26.3;26.1;0.1;0.1;0.1;0.2;
2/2/2017 2:12:10 PM;2976;26.1;27.3;26.3;26.0;0.1;0.1;0.1;0.2;
2/2/2017 2:12:11 PM;2977;26.1;27.3;26.3;26.0;0.1;0.1;0.1;0.2;
2/2/2017 2:12:12 PM;2978;26.1;27.3;26.3;26.0;0.1;0.1;0.1;0.2;
2/2/2017 2:12:13 PM;2979;26.1;27.3;26.3;26.0;0.1;0.1;0.1;0.2;
2/2/2017 2:12:14 PM;2980;26.1;27.3;26.3;26.0;0.1;0.1;0.1;0.2;
2/2/2017 2:12:15 PM;2981;26.1;27.3;26.3;26.1;0.1;0.1;0.1;0.2;
2/2/2017 2:12:16 PM;2982;26.1;27.3;26.3;26.1;0.1;0.1;0.1;0.2;
2/2/2017 2:12:17 PM;2983;26.1;27.3;26.3;26.1;0.1;0.1;0.1;0.2;
2/2/2017 2:12:18 PM;2984;26.1;27.3;26.3;26.1;0.1;0.1;0.1;0.2;
2/2/2017 2:12:19 PM;2985;26.1;27.3;26.3;26.1;0.1;0.1;0.1;0.2;
2/2/2017 2:12:20 PM;2986;26.1;27.3;26.2;26.1;0.1;0.1;0.1;0.2;
2/2/2017 2:12:21 PM;2987;26.1;27.3;26.2;26.0;0.1;0.1;0.1;0.2;
2/2/2017 2:12:22 PM;2988;26.1;27.3;26.2;26.0;0.1;0.1;0.1;0.2;
2/2/2017 2:12:23 PM;2989;26.1;27.3;26.2;26.0;0.1;0.1;0.1;0.2;
2/2/2017 2:12:24 PM;2990;26.1;27.3;26.3;26.0;0.1;0.1;0.1;0.2;
2/2/2017 2:12:25 PM;2991;26.1;27.3;26.3;26.0;0.1;0.1;0.1;0.2;
2/2/2017 2:12:26 PM;2992;26.1;27.3;26.3;26.1;0.1;0.1;0.1;0.2;
2/2/2017 2:12:27 PM;2993;26.1;27.3;26.3;26.0;0.1;0.1;0.1;0.2;
2/2/2017 2:12:28 PM;2994;26.1;27.3;26.3;26.0;0.1;0.1;0.1;0.2;
2/2/2017 2:12:29 PM;2995;26.1;27.3;26.2;26.0;0.1;0.1;0.1;0.2;
2/2/2017 2:12:30 PM;2996;26.1;27.3;26.2;26.0;0.1;0.1;0.1;0.2;
2/2/2017 2:12:31 PM;2997;26.1;27.3;26.2;26.0;0.1;0.1;0.1;0.2;
2/2/2017 2:12:32 PM;2998;26.1;27.3;26.2;26.0;0.1;0.1;0.1;0.2;
2/2/2017 2:12:33 PM;2999;26.1;27.3;26.2;26.0;0.1;0.1;0.1;0.2;
2/2/2017 2:12:34 PM;3000;26.1;27.3;26.3;26.0;0.1;0.1;0.1;0.2;
2/2/2017 2:12:35 PM;3001;26.1;27.3;26.2;26.1;0.1;0.1;0.1;0.2;
2/2/2017 2:12:36 PM;3002;26.1;27.3;26.3;26.1;0.1;0.1;0.1;0.2;
2/2/2017 2:12:37 PM;3003;26.1;27.3;26.3;26.1;0.1;0.1;0.1;0.2;
2/2/2017 2:12:38 PM;3004;26.1;27.3;26.3;26.1;0.1;0.1;0.1;0.2;
2/2/2017 2:12:39 PM;3005;26.1;27.3;26.3;26.1;0.1;0.1;0.1;0.2;
2/2/2017 2:12:40 PM;3006;26.1;27.3;26.3;26.1;0.1;0.1;0.1;0.2;
2/2/2017 2:12:41 PM;3007;26.1;27.3;26.3;26.0;0.1;0.1;0.1;0.2;
2/2/2017 2:12:42 PM;3008;26.1;27.3;26.3;26.0;0.1;0.1;0.1;0.2;
2/2/2017 2:12:43 PM;3009;26.1;27.3;26.3;26.0;0.1;0.1;0.1;0.2;
2/2/2017 2:12:44 PM;3010;26.1;27.3;26.3;26.0;0.1;0.1;0.1;0.2;
2/2/2017 2:12:45 PM;3011;26.1;27.3;26.3;26.0;0.1;0.1;0.1;0.2;
2/2/2017 2:12:46 PM;3012;26.1;27.3;26.3;26.1;0.1;0.1;0.1;0.2;
2/2/2017 2:12:47 PM;3013;26.1;27.3;26.3;26.1;0.1;0.1;0.1;0.2;
2/2/2017 2:12:48 PM;3014;26.1;27.3;26.2;26.1;0.1;0.1;0.1;0.2;
2/2/2017 2:12:49 PM;3015;26.1;27.3;26.2;26.1;0.1;0.1;0.1;0.2;
2/2/2017 2:12:50 PM;3016;26.1;27.3;26.2;26.1;0.1;0.1;0.1;0.2;
2/2/2017 2:12:51 PM;3017;26.1;27.3;26.2;26.1;0.1;0.1;0.1;0.2;
2/2/2017 2:12:52 PM;3018;26.1;27.3;26.2;26.1;0.1;0.1;0.1;0.2;
2/2/2017 2:12:53 PM;3019;26.1;27.3;26.2;26.1;0.1;0.1;0.1;0.2;
2/2/2017 2:12:54 PM;3020;26.1;27.3;26.2;26.1;0.1;0.1;0.1;0.2;
2/2/2017 2:12:55 PM;3021;26.1;27.3;26.2;26.1;0.1;0.1;0.1;0.2;
2/2/2017 2:12:56 PM;3022;26.1;27.3;26.2;26.1;0.1;0.1;0.1;0.2;
2/2/2017 2:12:57 PM;3023;26.1;27.3;26.2;26.1;0.1;0.1;0.1;0.2;
2/2/2017 2:12:58 PM;3024;26.1;27.3;26.2;26.0;0.1;0.1;0.1;0.2;
2/2/2017 2:12:59 PM;3025;26.1;27.3;26.2;26.0;0.1;0.1;0.1;0.2;
2/2/2017 2:13:00 PM;3026;26.1;27.3;26.2;26.0;0.1;0.1;0.1;0.2;
2/2/2017 2:13:01 PM;3027;26.1;27.3;26.2;26.0;0.1;0.1;0.1;0.2;
2/2/2017 2:13:02 PM;3028;26.1;27.3;26.2;26.0;0.1;0.1;0.1;0.2;
2/2/2017 2:13:03 PM;3029;26.1;27.3;26.2;26.0;0.1;0.1;0.1;0.2;
2/2/2017 2:13:04 PM;3030;26.1;27.3;26.2;26.0;0.1;0.1;0.1;0.2;
2/2/2017 2:13:05 PM;3031;26.1;27.3;26.2;26.0;0.1;0.1;0.1;0.2;
2/2/2017 2:13:06 PM;3032;26.1;27.3;26.2;26.1;0.1;0.1;0.1;0.2;
2/2/2017 2:13:07 PM;3033;26.1;27.3;26.2;26.1;0.1;0.1;0.1;0.2;
2/2/2017 2:13:08 PM;3034;26.1;27.3;26.2;26.1;0.1;0.1;0.1;0.2;
2/2/2017 2:13:09 PM;3035;26.1;27.3;26.2;26.1;0.1;0.1;0.1;0.2;
2/2/2017 2:13:10 PM;3036;26.1;27.3;26.2;26.1;0.1;0.1;0.1;0.2;
2/2/2017 2:13:11 PM;3037;26.1;27.3;26.2;26.1;0.1;0.1;0.1;0.2;
2/2/2017 2:13:12 PM;3038;26.1;27.3;26.2;26.1;0.1;0.1;0.1;0.2;
2/2/2017 2:13:13 PM;3039;26.1;27.3;26.2;26.1;0.1;0.1;0.1;0.2;
2/2/2017 2:13:14 PM;3040;26.1;27.3;26.2;26.1;0.1;0.1;0.1;0.2;
2/2/2017 2:13:15 PM;3041;26.1;27.3;26.2;26.1;0.1;0.1;0.1;0.2;
2/2/2017 2:13:16 PM;3042;26.1;27.3;26.2;26.1;0.1;0.1;0.1;0.2;
2/2/2017 2:13:17 PM;3043;26.1;27.3;26.2;26.1;0.1;0.1;0.1;0.2;
2/2/2017 2:13:18 PM;3044;26.1;27.3;26.2;26.1;0.1;0.1;0.1;0.2;
2/2/2017 2:13:19 PM;3045;26.1;27.3;26.2;26.1;0.1;0.1;0.1;0.2;
2/2/2017 2:13:20 PM;3046;26.1;27.3;26.2;26.1;0.1;0.1;0.1;0.2;
2/2/2017 2:13:21 PM;3047;26.1;27.3;26.2;26.1;0.1;0.1;0.1;0.2;
2/2/2017 2:13:22 PM;3048;26.1;27.3;26.2;26.1;0.1;0.1;0.1;0.2;
2/2/2017 2:13:23 PM;3049;26.1;27.3;26.2;26.1;0.1;0.1;0.1;0.2;
2/2/2017 2:13:24 PM;3050;26.1;27.3;26.2;26.1;0.1;0.1;0.1;0.2;
2/2/2017 2:13:25 PM;3051;26.1;27.3;26.2;26.1;0.1;0.1;0.1;0.2;
2/2/2017 2:13:26 PM;3052;26.1;27.3;26.2;26.1;0.1;0.1;0.1;0.2;
2/2/2017 2:13:27 PM;3053;26.1;27.3;26.3;26.1;0.1;0.1;0.1;0.2;
2/2/2017 2:13:28 PM;3054;26.1;27.3;26.2;26.1;0.1;0.1;0.1;0.2;
2/2/2017 2:13:29 PM;3055;26.1;27.3;26.2;26.1;0.1;0.1;0.1;0.2;
2/2/2017 2:13:30 PM;3056;26.1;27.3;26.2;26.1;0.1;0.1;0.1;0.2;
2/2/2017 2:13:31 PM;3057;26.1;27.3;26.2;26.1;0.1;0.1;0.1;0.2;
2/2/2017 2:13:32 PM;3058;26.1;27.3;26.2;26.0;0.1;0.1;0.1;0.2;
2/2/2017 2:13:33 PM;3059;26.1;27.3;26.2;26.0;0.1;0.1;0.1;0.2;
2/2/2017 2:13:34 PM;3060;26.1;27.3;26.2;26.0;0.1;0.1;0.1;0.2;
2/2/2017 2:13:35 PM;3061;26.1;27.3;26.2;26.0;0.1;0.1;0.1;0.2;
2/2/2017 2:13:36 PM;3062;26.1;27.3;26.2;26.0;0.1;0.1;0.1;0.2;
2/2/2017 2:13:37 PM;3063;26.1;27.3;26.2;26.0;0.1;0.1;0.1;0.2;
2/2/2017 2:13:38 PM;3064;26.1;27.3;26.2;26.0;0.1;0.1;0.1;0.2;
2/2/2017 2:13:39 PM;3065;26.1;27.3;26.2;26.1;0.1;0.1;0.1;0.2;
2/2/2017 2:13:40 PM;3066;26.1;27.3;26.2;26.1;0.1;0.1;0.1;0.2;
2/2/2017 2:13:41 PM;3067;26.1;27.3;26.2;26.1;0.1;0.1;0.1;0.2;
2/2/2017 2:13:42 PM;3068;26.1;27.3;26.2;26.1;0.1;0.1;0.1;0.2;
2/2/2017 2:13:43 PM;3069;26.1;27.3;26.2;26.1;0.1;0.1;0.1;0.2;
2/2/2017 2:13:44 PM;3070;26.1;27.3;26.2;26.1;0.1;0.1;0.1;0.2;
2/2/2017 2:13:45 PM;3071;26.1;27.3;26.2;26.1;0.1;0.1;0.1;0.2;
2/2/2017 2:13:46 PM;3072;26.1;27.3;26.2;26.1;0.1;0.1;0.1;0.2;
2/2/2017 2:13:47 PM;3073;26.1;27.3;26.2;26.1;0.1;0.1;0.1;0.2;
2/2/2017 2:13:48 PM;3074;26.1;27.3;26.2;26.1;0.1;0.1;0.1;0.2;
2/2/2017 2:13:49 PM;3075;26.1;27.3;26.2;26.0;0.1;0.1;0.1;0.2;
2/2/2017 2:13:50 PM;3076;26.1;27.3;26.2;26.0;0.1;0.1;0.1;0.2;
2/2/2017 2:13:51 PM;3077;26.1;27.3;26.2;26.0;0.1;0.1;0.1;0.2;
2/2/2017 2:13:52 PM;3078;26.1;27.3;26.2;26.0;0.1;0.1;0.1;0.2;
2/2/2017 2:13:53 PM;3079;26.1;27.3;26.2;26.0;0.1;0.1;0.1;0.2;
2/2/2017 2:13:54 PM;3080;26.1;27.3;26.2;26.0;0.1;0.1;0.1;0.2;
2/2/2017 2:13:55 PM;3081;26.1;27.3;26.2;26.0;0.1;0.1;0.1;0.2;
2/2/2017 2:13:56 PM;3082;26.1;27.3;26.2;26.0;0.1;0.1;0.1;0.2;
2/2/2017 2:13:57 PM;3083;26.1;27.3;26.2;26.1;0.1;0.1;0.1;0.2;
2/2/2017 2:13:58 PM;3084;26.1;27.3;26.2;26.1;0.1;0.1;0.1;0.2;
2/2/2017 2:13:59 PM;3085;26.1;27.3;26.2;26.1;0.1;0.1;0.1;0.2;
2/2/2017 2:14:00 PM;3086;26.1;27.3;26.2;26.1;0.1;0.1;0.1;0.2;
2/2/2017 2:14:01 PM;3087;26.1;27.3;26.2;26.1;0.1;0.1;0.1;0.2;
2/2/2017 2:14:02 PM;3088;26.1;27.3;26.2;26.1;0.1;0.1;0.1;0.2;
2/2/2017 2:14:03 PM;3089;26.1;27.3;26.2;26.1;0.1;0.1;0.1;0.2;
2/2/2017 2:14:04 PM;3090;26.1;27.3;26.2;26.1;0.1;0.1;0.1;0.2;
2/2/2017 2:14:05 PM;3091;26.1;27.3;26.2;26.1;0.1;0.1;0.1;0.2;
2/2/2017 2:14:06 PM;3092;26.1;27.3;26.2;26.1;0.1;0.1;0.1;0.2;
2/2/2017 2:14:07 PM;3093;26.1;27.3;26.2;26.1;0.1;0.1;0.1;0.2;
2/2/2017 2:14:08 PM;3094;26.1;27.3;26.2;26.1;0.1;0.1;0.1;0.2;
2/2/2017 2:14:09 PM;3095;26.1;27.3;26.2;26.0;0.1;0.1;0.1;0.2;
2/2/2017 2:14:10 PM;3096;26.1;27.3;26.2;26.0;0.1;0.1;0.1;0.2;
2/2/2017 2:14:11 PM;3097;26.1;27.3;26.2;26.0;0.1;0.1;0.1;0.2;
2/2/2017 2:14:12 PM;3098;26.1;27.3;26.2;26.0;0.1;0.1;0.1;0.2;
2/2/2017 2:14:13 PM;3099;26.1;27.3;26.2;26.0;0.1;0.1;0.1;0.2;
2/2/2017 2:14:14 PM;3100;26.1;27.3;26.2;26.1;0.1;0.1;0.1;0.2;
2/2/2017 2:14:15 PM;3101;26.1;27.3;26.2;26.1;0.1;0.1;0.1;0.2;
2/2/2017 2:14:16 PM;3102;26.1;27.3;26.2;26.0;0.1;0.1;0.1;0.2;
2/2/2017 2:14:17 PM;3103;26.1;27.3;26.2;26.0;0.1;0.1;0.1;0.2;
2/2/2017 2:14:18 PM;3104;26.1;27.3;26.2;26.0;0.1;0.1;0.1;0.2;
2/2/2017 2:14:19 PM;3105;26.1;27.3;26.2;26.0;0.1;0.1;0.1;0.2;
2/2/2017 2:14:20 PM;3106;26.1;27.3;26.2;26.0;0.1;0.1;0.1;0.2;
2/2/2017 2:14:21 PM;3107;26.1;27.3;26.2;26.1;0.1;0.1;0.1;0.2;
2/2/2017 2:14:22 PM;3108;26.1;27.3;26.2;26.1;0.1;0.1;0.1;0.2;
2/2/2017 2:14:23 PM;3109;26.1;27.3;26.2;26.1;0.1;0.1;0.1;0.2;
2/2/2017 2:14:24 PM;3110;26.1;27.3;26.2;26.1;0.1;0.1;0.1;0.2;
2/2/2017 2:14:25 PM;3111;26.1;27.3;26.2;26.1;0.1;0.1;0.1;0.2;
2/2/2017 2:14:26 PM;3112;26.1;27.3;26.2;26.1;0.1;0.1;0.1;0.2;
2/2/2017 2:14:27 PM;3113;26.1;27.3;26.2;26.1;0.1;0.1;0.1;0.2;
2/2/2017 2:14:28 PM;3114;26.1;27.3;26.2;26.1;0.1;0.1;0.1;0.2;
2/2/2017 2:14:29 PM;3115;26.1;27.3;26.2;26.1;0.1;0.1;0.1;0.2;
2/2/2017 2:14:30 PM;3116;26.1;27.3;26.2;26.1;0.1;0.1;0.1;0.2;
2/2/2017 2:14:31 PM;3117;26.1;27.3;26.2;26.1;0.1;0.1;0.1;0.2;
2/2/2017 2:14:32 PM;3118;26.1;27.3;26.2;26.0;0.1;0.1;0.1;0.2;
2/2/2017 2:14:33 PM;3119;26.1;27.3;26.2;26.0;0.1;0.1;0.1;0.2;
2/2/2017 2:14:34 PM;3120;26.1;27.3;26.2;26.0;0.1;0.1;0.1;0.2;
2/2/2017 2:14:35 PM;3121;26.1;27.3;26.2;26.0;0.1;0.1;0.1;0.2;
2/2/2017 2:14:36 PM;3122;26.1;27.3;26.2;26.0;0.1;0.1;0.1;0.2;
2/2/2017 2:14:37 PM;3123;26.1;27.3;26.2;26.0;0.1;0.1;0.1;0.2;
2/2/2017 2:14:38 PM;3124;26.1;27.3;26.2;26.0;0.1;0.1;0.1;0.2;
2/2/2017 2:14:39 PM;3125;26.1;27.3;26.2;26.0;0.1;0.1;0.1;0.2;
2/2/2017 2:14:40 PM;3126;26.1;27.3;26.2;26.0;0.1;0.1;0.1;0.2;
2/2/2017 2:14:41 PM;3127;26.1;27.3;26.2;26.0;0.1;0.1;0.1;0.2;
2/2/2017 2:14:42 PM;3128;26.1;27.3;26.2;26.0;0.1;0.1;0.1;0.2;
2/2/2017 2:14:43 PM;3129;26.1;27.3;26.2;26.0;0.1;0.1;0.1;0.2;
2/2/2017 2:14:44 PM;3130;26.1;27.3;26.2;26.0;0.1;0.1;0.1;0.2;
2/2/2017 2:14:45 PM;3131;26.1;27.3;26.2;26.0;0.1;0.1;0.1;0.2;
2/2/2017 2:14:46 PM;3132;26.1;27.3;26.2;26.0;0.1;0.1;0.1;0.2;
2/2/2017 2:14:47 PM;3133;26.1;27.3;26.2;26.0;0.1;0.1;0.1;0.2;
2/2/2017 2:14:48 PM;3134;26.1;27.3;26.2;26.1;0.1;0.1;0.1;0.2;
2/2/2017 2:14:49 PM;3135;26.1;27.3;26.2;26.1;0.1;0.1;0.1;0.2;
2/2/2017 2:14:50 PM;3136;26.1;27.3;26.2;26.1;0.1;0.1;0.1;0.2;
2/2/2017 2:14:51 PM;3137;26.1;27.3;26.2;26.1;0.1;0.1;0.1;0.2;
2/2/2017 2:14:52 PM;3138;26.1;27.3;26.2;26.1;0.1;0.1;0.1;0.2;
2/2/2017 2:14:53 PM;3139;26.1;27.3;26.2;26.1;0.1;0.1;0.1;0.2;
2/2/2017 2:14:54 PM;3140;26.1;27.3;26.2;26.1;0.1;0.1;0.1;0.2;
2/2/2017 2:14:55 PM;3141;26.1;27.3;26.2;26.0;0.1;0.1;0.1;0.2;
2/2/2017 2:14:56 PM;3142;26.1;27.3;26.2;26.0;0.1;0.1;0.1;0.2;
2/2/2017 2:14:57 PM;3143;26.1;27.3;26.2;26.0;0.1;0.1;0.1;0.2;
2/2/2017 2:14:58 PM;3144;26.1;27.3;26.2;26.0;0.1;0.1;0.1;0.2;
2/2/2017 2:14:59 PM;3145;26.1;27.3;26.2;26.0;0.1;0.1;0.1;0.2;
2/2/2017 2:15:00 PM;3146;26.1;27.3;26.2;26.0;0.1;0.1;0.1;0.2;
2/2/2017 2:15:01 PM;3147;26.1;27.3;26.2;26.0;0.1;0.1;0.1;0.2;
2/2/2017 2:15:02 PM;3148;26.1;27.3;26.2;26.0;0.1;0.1;0.1;0.2;
2/2/2017 2:15:03 PM;3149;26.1;27.3;26.2;26.0;0.1;0.1;0.1;0.2;
2/2/2017 2:15:04 PM;3150;26.1;27.3;26.2;26.0;0.1;0.1;0.1;0.2;
2/2/2017 2:15:05 PM;3151;26.1;27.3;26.2;26.0;0.1;0.1;0.1;0.2;
2/2/2017 2:15:06 PM;3152;26.1;27.3;26.2;26.1;0.1;0.1;0.1;0.2;
2/2/2017 2:15:07 PM;3153;26.1;27.3;26.2;26.1;0.1;0.1;0.1;0.2;
2/2/2017 2:15:08 PM;3154;26.1;27.3;26.2;26.0;0.1;0.1;0.1;0.2;
2/2/2017 2:15:09 PM;3155;26.1;27.3;26.2;26.0;0.1;0.1;0.1;0.2;
2/2/2017 2:15:10 PM;3156;26.1;27.3;26.2;26.0;0.1;0.1;0.1;0.2;
2/2/2017 2:15:11 PM;3157;26.1;27.3;26.2;26.0;0.1;0.1;0.1;0.2;
2/2/2017 2:15:12 PM;3158;26.1;27.3;26.2;26.0;0.1;0.1;0.1;0.2;
2/2/2017 2:15:13 PM;3159;26.1;27.3;26.2;26.1;0.1;0.1;0.1;0.2;
2/2/2017 2:15:14 PM;3160;26.1;27.3;26.2;26.1;0.1;0.1;0.1;0.2;
2/2/2017 2:15:15 PM;3161;26.1;27.3;26.2;26.1;0.1;0.1;0.1;0.2;
2/2/2017 2:15:16 PM;3162;26.1;27.3;26.2;26.0;0.1;0.1;0.1;0.2;
2/2/2017 2:15:17 PM;3163;26.1;27.3;26.2;26.0;0.1;0.1;0.1;0.2;
2/2/2017 2:15:18 PM;3164;26.1;27.3;26.2;26.0;0.1;0.1;0.1;0.2;
2/2/2017 2:15:19 PM;3165;26.1;27.3;26.2;26.0;0.1;0.1;0.1;0.2;
2/2/2017 2:15:20 PM;3166;26.1;27.3;26.2;26.0;0.1;0.1;0.1;0.2;
2/2/2017 2:15:21 PM;3167;26.1;27.3;26.2;26.0;0.1;0.1;0.1;0.2;
2/2/2017 2:15:22 PM;3168;26.1;27.3;26.2;26.0;0.1;0.1;0.1;0.2;
2/2/2017 2:15:23 PM;3169;26.1;27.3;26.2;26.0;0.1;0.1;0.1;0.2;
2/2/2017 2:15:24 PM;3170;26.1;27.3;26.2;26.0;0.1;0.1;0.1;0.2;
2/2/2017 2:15:25 PM;3171;26.1;27.3;26.2;26.0;0.1;0.1;0.1;0.2;
2/2/2017 2:15:26 PM;3172;26.1;27.3;26.2;26.0;0.1;0.1;0.1;0.2;
2/2/2017 2:15:27 PM;3173;26.1;27.3;26.2;26.1;0.1;0.1;0.1;0.2;
2/2/2017 2:15:28 PM;3174;26.1;27.3;26.2;26.1;0.1;0.1;0.1;0.2;
2/2/2017 2:15:29 PM;3175;26.1;27.3;26.2;26.1;0.1;0.1;0.1;0.2;
2/2/2017 2:15:30 PM;3176;26.1;27.3;26.2;26.0;0.1;0.1;0.1;0.2;
2/2/2017 2:15:31 PM;3177;26.1;27.3;26.2;26.0;0.1;0.1;0.1;0.2;
2/2/2017 2:15:32 PM;3178;26.1;27.3;26.2;26.0;0.1;0.1;0.1;0.2;
2/2/2017 2:15:33 PM;3179;26.1;27.3;26.2;26.0;0.1;0.1;0.1;0.2;
2/2/2017 2:15:34 PM;3180;26.1;27.3;26.2;26.0;0.1;0.1;0.1;0.2;
2/2/2017 2:15:35 PM;3181;26.1;27.3;26.2;26.0;0.1;0.1;0.1;0.2;
2/2/2017 2:15:36 PM;3182;26.1;27.3;26.2;26.1;0.1;0.1;0.1;0.2;
2/2/2017 2:15:37 PM;3183;26.1;27.3;26.2;26.1;0.1;0.1;0.1;0.2;
2/2/2017 2:15:38 PM;3184;26.1;27.3;26.2;26.1;0.1;0.1;0.1;0.2;
2/2/2017 2:15:39 PM;3185;26.1;27.3;26.2;26.1;0.1;0.1;0.1;0.2;
2/2/2017 2:15:40 PM;3186;26.1;27.3;26.2;26.1;0.1;0.1;0.1;0.2;
2/2/2017 2:15:41 PM;3187;26.1;27.3;26.2;26.1;0.1;0.1;0.1;0.2;
2/2/2017 2:15:42 PM;3188;26.1;27.3;26.2;26.1;0.1;0.1;0.1;0.2;
2/2/2017 2:15:43 PM;3189;26.1;27.3;26.2;26.1;0.1;0.1;0.1;0.2;
2/2/2017 2:15:44 PM;3190;26.1;27.3;26.2;26.1;0.1;0.1;0.1;0.2;
2/2/2017 2:15:45 PM;3191;26.1;27.3;26.2;26.1;0.1;0.1;0.1;0.2;
2/2/2017 2:15:46 PM;3192;26.1;27.3;26.2;26.1;0.1;0.1;0.1;0.2;
2/2/2017 2:15:47 PM;3193;26.1;27.3;26.2;26.1;0.1;0.1;0.1;0.2;
2/2/2017 2:15:48 PM;3194;26.1;27.3;26.2;26.1;0.1;0.1;0.1;0.2;
2/2/2017 2:15:49 PM;3195;26.1;27.3;26.2;26.1;0.1;0.1;0.1;0.2;
2/2/2017 2:15:50 PM;3196;26.1;27.3;26.2;26.1;0.1;0.1;0.1;0.2;
2/2/2017 2:15:51 PM;3197;26.1;27.3;26.2;26.1;0.1;0.1;0.1;0.2;
2/2/2017 2:15:52 PM;3198;26.1;27.3;26.2;26.1;0.1;0.1;0.1;0.2;
2/2/2017 2:15:53 PM;3199;26.1;27.3;26.2;26.1;0.1;0.1;0.1;0.2;
2/2/2017 2:15:54 PM;3200;26.1;27.3;26.2;26.1;0.1;0.1;0.1;0.2;
2/2/2017 2:15:55 PM;3201;26.1;27.3;26.2;26.1;0.1;0.1;0.1;0.2;
2/2/2017 2:15:56 PM;3202;26.1;27.3;26.2;26.0;0.1;0.1;0.1;0.2;
2/2/2017 2:15:57 PM;3203;26.1;27.3;26.2;26.0;0.1;0.1;0.1;0.2;
2/2/2017 2:15:58 PM;3204;26.1;27.3;26.2;26.0;0.1;0.1;0.1;0.2;
2/2/2017 2:15:59 PM;3205;26.1;27.3;26.2;26.0;0.1;0.1;0.1;0.2;
2/2/2017 2:16:00 PM;3206;26.1;27.3;26.2;26.0;0.1;0.1;0.1;0.2;
2/2/2017 2:16:01 PM;3207;26.1;27.3;26.2;26.1;0.1;0.1;0.1;0.2;
2/2/2017 2:16:02 PM;3208;26.1;27.3;26.2;26.1;0.1;0.1;0.1;0.2;
2/2/2017 2:16:03 PM;3209;26.1;27.3;26.2;26.1;0.1;0.1;0.1;0.2;
2/2/2017 2:16:04 PM;3210;26.1;27.3;26.2;26.1;0.1;0.1;0.1;0.2;
2/2/2017 2:16:05 PM;3211;26.1;27.3;26.2;26.1;0.1;0.1;0.1;0.2;
2/2/2017 2:16:06 PM;3212;26.1;27.3;26.2;26.1;0.1;0.1;0.1;0.2;
2/2/2017 2:16:07 PM;3213;26.1;27.3;26.2;26.0;0.1;0.1;0.1;0.2;
2/2/2017 2:16:08 PM;3214;26.1;27.3;26.2;26.0;0.1;0.1;0.1;0.2;
2/2/2017 2:16:09 PM;3215;26.1;27.3;26.2;26.0;0.1;0.1;0.1;0.2;
2/2/2017 2:16:10 PM;3216;26.1;27.3;26.2;26.0;0.1;0.1;0.1;0.2;
2/2/2017 2:16:11 PM;3217;26.1;27.3;26.2;26.0;0.1;0.1;0.1;0.2;
2/2/2017 2:16:12 PM;3218;26.1;27.3;26.2;26.1;0.1;0.1;0.1;0.2;
2/2/2017 2:16:13 PM;3219;26.1;27.3;26.2;26.0;0.1;0.1;0.1;0.2;
2/2/2017 2:16:14 PM;3220;26.1;27.3;26.2;26.0;0.1;0.1;0.1;0.2;
2/2/2017 2:16:15 PM;3221;26.1;27.3;26.2;26.0;0.1;0.1;0.1;0.2;
2/2/2017 2:16:16 PM;3222;26.1;27.3;26.2;26.0;0.1;0.1;0.1;0.2;
2/2/2017 2:16:17 PM;3223;26.1;27.3;26.2;26.0;0.1;0.1;0.1;0.2;
2/2/2017 2:16:18 PM;3224;26.1;27.3;26.2;26.0;0.1;0.1;0.1;0.2;
2/2/2017 2:16:19 PM;3225;26.1;27.3;26.2;26.0;0.1;0.1;0.1;0.2;
2/2/2017 2:16:20 PM;3226;26.1;27.3;26.2;26.0;0.1;0.1;0.1;0.2;
2/2/2017 2:16:21 PM;3227;26.1;27.3;26.2;26.0;0.1;0.1;0.1;0.2;
2/2/2017 2:16:22 PM;3228;26.1;27.3;26.2;26.0;0.1;0.1;0.1;0.2;
2/2/2017 2:16:23 PM;3229;26.1;27.3;26.2;26.0;0.1;0.1;0.1;0.2;
2/2/2017 2:16:24 PM;3230;26.1;27.3;26.2;26.0;0.1;0.1;0.1;0.2;
2/2/2017 2:16:25 PM;3231;26.1;27.3;26.2;26.0;0.1;0.1;0.1;0.2;
2/2/2017 2:16:26 PM;3232;26.1;27.3;26.2;26.0;0.1;0.1;0.1;0.2;
2/2/2017 2:16:27 PM;3233;26.1;27.3;26.2;26.0;0.1;0.1;0.1;0.2;
2/2/2017 2:16:28 PM;3234;26.1;27.3;26.2;26.1;0.1;0.1;0.1;0.2;
2/2/2017 2:16:29 PM;3235;26.1;27.3;26.2;26.1;0.1;0.1;0.1;0.2;
2/2/2017 2:16:30 PM;3236;26.1;27.3;26.2;26.1;0.1;0.1;0.1;0.2;
2/2/2017 2:16:31 PM;3237;26.1;27.3;26.2;26.1;0.1;0.1;0.1;0.2;
2/2/2017 2:16:32 PM;3238;26.1;27.3;26.2;26.1;0.1;0.1;0.1;0.2;
2/2/2017 2:16:33 PM;3239;26.1;27.3;26.2;26.1;0.1;0.1;0.1;0.2;
2/2/2017 2:16:34 PM;3240;26.1;27.3;26.2;26.1;0.1;0.1;0.1;0.2;
2/2/2017 2:16:35 PM;3241;26.1;27.3;26.2;26.1;0.1;0.1;0.1;0.2;
2/2/2017 2:16:36 PM;3242;26.1;27.3;26.2;26.1;0.1;0.1;0.1;0.2;
2/2/2017 2:16:37 PM;3243;26.1;27.3;26.2;26.1;0.1;0.1;0.1;0.2;
2/2/2017 2:16:38 PM;3244;26.1;27.3;26.2;26.1;0.1;0.1;0.1;0.2;
2/2/2017 2:16:39 PM;3245;26.1;27.3;26.2;26.1;0.1;0.1;0.1;0.2;
2/2/2017 2:16:40 PM;3246;26.1;27.3;26.2;26.1;0.1;0.1;0.1;0.2;
2/2/2017 2:16:41 PM;3247;26.1;27.3;26.2;26.1;0.1;0.1;0.1;0.2;
2/2/2017 2:16:42 PM;3248;26.1;27.3;26.2;26.1;0.1;0.1;0.1;0.2;
2/2/2017 2:16:43 PM;3249;26.1;27.3;26.2;26.1;0.1;0.1;0.1;0.2;
2/2/2017 2:16:44 PM;3250;26.1;27.3;26.2;26.1;0.1;0.1;0.1;0.2;
2/2/2017 2:16:45 PM;3251;26.1;27.3;26.2;26.1;0.1;0.1;0.1;0.2;
2/2/2017 2:16:46 PM;3252;26.1;27.3;26.2;26.1;0.1;0.1;0.1;0.2;
2/2/2017 2:16:47 PM;3253;26.1;27.3;26.2;26.1;0.1;0.1;0.1;0.2;
2/2/2017 2:16:48 PM;3254;26.1;27.3;26.2;26.1;0.1;0.1;0.1;0.2;
2/2/2017 2:16:49 PM;3255;26.1;27.3;26.2;26.1;0.1;0.1;0.1;0.2;
2/2/2017 2:16:50 PM;3256;26.1;27.3;26.2;26.1;0.1;0.1;0.1;0.2;
2/2/2017 2:16:51 PM;3257;26.1;27.3;26.2;26.1;0.1;0.1;0.1;0.2;
2/2/2017 2:16:52 PM;3258;26.1;27.3;26.2;26.1;0.1;0.1;0.1;0.2;
2/2/2017 2:16:53 PM;3259;26.1;27.3;26.2;26.1;0.1;0.1;0.1;0.2;
2/2/2017 2:16:54 PM;3260;26.1;27.3;26.2;26.1;0.1;0.1;0.1;0.2;
2/2/2017 2:16:55 PM;3261;26.1;27.3;26.2;26.1;0.1;0.1;0.1;0.2;
2/2/2017 2:16:56 PM;3262;26.1;27.3;26.2;26.1;0.1;0.1;0.1;0.2;
2/2/2017 2:16:57 PM;3263;26.1;27.3;26.2;26.1;0.1;0.1;0.1;0.2;
2/2/2017 2:16:58 PM;3264;26.1;27.3;26.2;26.1;0.1;0.1;0.1;0.2;
2/2/2017 2:16:59 PM;3265;26.1;27.3;26.2;26.0;0.1;0.1;0.1;0.2;
2/2/2017 2:17:00 PM;3266;26.1;27.3;26.2;26.0;0.1;0.1;0.1;0.2;
2/2/2017 2:17:01 PM;3267;26.1;27.3;26.2;26.0;0.1;0.1;0.1;0.2;
2/2/2017 2:17:02 PM;3268;26.1;27.3;26.2;26.0;0.1;0.1;0.1;0.2;
2/2/2017 2:17:03 PM;3269;26.1;27.3;26.2;26.0;0.1;0.1;0.1;0.2;
2/2/2017 2:17:04 PM;3270;26.1;27.3;26.2;26.0;0.1;0.1;0.1;0.2;
2/2/2017 2:17:05 PM;3271;26.1;27.3;26.2;26.0;0.1;0.1;0.1;0.2;
2/2/2017 2:17:06 PM;3272;26.1;27.3;26.2;26.0;0.1;0.1;0.1;0.2;
2/2/2017 2:17:07 PM;3273;26.1;27.3;26.2;26.0;0.1;0.1;0.1;0.2;
2/2/2017 2:17:08 PM;3274;26.1;27.3;26.2;26.0;0.1;0.1;0.1;0.2;
2/2/2017 2:17:09 PM;3275;26.1;27.3;26.2;26.0;0.1;0.1;0.1;0.2;
2/2/2017 2:17:10 PM;3276;26.1;27.3;26.2;26.0;0.1;0.1;0.1;0.2;
2/2/2017 2:17:11 PM;3277;26.1;27.3;26.2;26.0;0.1;0.1;0.1;0.2;
2/2/2017 2:17:12 PM;3278;26.1;27.3;26.2;26.0;0.1;0.1;0.1;0.2;
2/2/2017 2:17:13 PM;3279;26.1;27.3;26.2;26.1;0.1;0.1;0.1;0.2;
2/2/2017 2:17:14 PM;3280;26.1;27.3;26.2;26.1;0.1;0.1;0.1;0.2;
2/2/2017 2:17:15 PM;3281;26.1;27.3;26.2;26.0;0.1;0.1;0.1;0.2;
2/2/2017 2:17:16 PM;3282;26.1;27.3;26.2;26.0;0.1;0.1;0.1;0.2;
2/2/2017 2:17:17 PM;3283;26.1;27.3;26.2;26.0;0.1;0.1;0.1;0.2;
2/2/2017 2:17:18 PM;3284;26.1;27.3;26.2;25.9;0.1;0.1;0.1;0.2;
2/2/2017 2:17:19 PM;3285;26.1;27.3;26.2;25.9;0.1;0.1;0.1;0.2;
2/2/2017 2:17:20 PM;3286;26.1;27.3;26.2;25.9;0.1;0.1;0.1;0.2;
2/2/2017 2:17:21 PM;3287;26.1;27.3;26.2;25.9;0.1;0.1;0.1;0.2;
2/2/2017 2:17:22 PM;3288;26.1;27.3;26.2;25.9;0.1;0.1;0.1;0.2;
2/2/2017 2:17:23 PM;3289;26.1;27.3;26.2;26.0;0.1;0.1;0.1;0.2;
2/2/2017 2:17:24 PM;3290;26.1;27.3;26.2;26.0;0.1;0.1;0.1;0.2;
2/2/2017 2:17:25 PM;3291;26.1;27.3;26.2;26.0;0.1;0.1;0.1;0.2;
2/2/2017 2:17:26 PM;3292;26.1;27.3;26.2;26.0;0.1;0.1;0.1;0.2;
2/2/2017 2:17:27 PM;3293;26.1;27.3;26.2;26.0;0.1;0.1;0.1;0.2;
2/2/2017 2:17:28 PM;3294;26.1;27.3;26.2;26.0;0.1;0.1;0.1;0.2;
2/2/2017 2:17:29 PM;3295;26.1;27.3;26.2;26.0;0.1;0.1;0.1;0.2;
2/2/2017 2:17:30 PM;3296;26.1;27.3;26.2;25.9;0.1;0.1;0.1;0.2;
2/2/2017 2:17:31 PM;3297;26.1;27.3;26.2;25.9;0.1;0.1;0.1;0.2;
2/2/2017 2:17:32 PM;3298;26.1;27.3;26.2;26.0;0.1;0.1;0.1;0.2;
2/2/2017 2:17:33 PM;3299;26.1;27.3;26.2;25.9;0.1;0.1;0.1;0.2;
2/2/2017 2:17:34 PM;3300;26.1;27.3;26.2;25.9;0.1;0.1;0.1;0.2;
2/2/2017 2:17:35 PM;3301;26.1;27.3;26.2;26.0;0.1;0.1;0.1;0.2;
2/2/2017 2:17:36 PM;3302;26.1;27.3;26.2;26.0;0.1;0.1;0.1;0.2;
2/2/2017 2:17:37 PM;3303;26.1;27.3;26.2;26.0;0.1;0.1;0.1;0.2;
2/2/2017 2:17:38 PM;3304;26.1;27.3;26.2;26.0;0.1;0.1;0.1;0.2;
2/2/2017 2:17:39 PM;3305;26.1;27.3;26.2;26.0;0.1;0.1;0.1;0.2;
2/2/2017 2:17:40 PM;3306;26.1;27.3;26.2;26.0;0.1;0.1;0.1;0.2;
2/2/2017 2:17:41 PM;3307;26.1;27.3;26.2;26.0;0.1;0.1;0.1;0.2;
2/2/2017 2:17:42 PM;3308;26.1;27.3;26.2;26.0;0.1;0.1;0.1;0.2;
2/2/2017 2:17:43 PM;3309;26.1;27.3;26.2;26.0;0.1;0.1;0.1;0.2;
2/2/2017 2:17:44 PM;3310;26.1;27.3;26.2;26.0;0.1;0.1;0.1;0.2;
2/2/2017 2:17:45 PM;3311;26.1;27.3;26.2;26.0;0.1;0.1;0.1;0.2;
2/2/2017 2:17:46 PM;3312;26.1;27.3;26.2;26.0;0.1;0.1;0.1;0.2;
2/2/2017 2:17:47 PM;3313;26.1;27.3;26.2;26.0;0.1;0.1;0.1;0.2;
2/2/2017 2:17:48 PM;3314;26.1;27.3;26.2;25.9;0.1;0.1;0.1;0.2;
2/2/2017 2:17:49 PM;3315;26.1;27.3;26.2;25.9;0.1;0.1;0.1;0.2;
2/2/2017 2:17:50 PM;3316;26.1;27.3;26.2;25.9;0.1;0.1;0.1;0.2;
2/2/2017 2:17:51 PM;3317;26.1;27.3;26.2;25.9;0.1;0.1;0.1;0.2;
2/2/2017 2:17:52 PM;3318;26.1;27.3;26.2;25.9;0.1;0.1;0.1;0.2;
2/2/2017 2:17:53 PM;3319;26.1;27.3;26.2;26.0;0.1;0.1;0.1;0.2;
2/2/2017 2:17:54 PM;3320;26.1;27.3;26.2;26.0;0.1;0.1;0.1;0.2;
2/2/2017 2:17:55 PM;3321;26.1;27.3;26.2;26.0;0.1;0.1;0.1;0.2;
2/2/2017 2:17:56 PM;3322;26.1;27.3;26.2;26.0;0.1;0.1;0.1;0.2;
2/2/2017 2:17:57 PM;3323;26.1;27.3;26.2;26.0;0.1;0.1;0.1;0.2;
2/2/2017 2:17:58 PM;3324;26.1;27.3;26.2;26.0;0.1;0.1;0.1;0.2;
2/2/2017 2:17:59 PM;3325;26.1;27.3;26.2;26.0;0.1;0.1;0.1;0.2;
2/2/2017 2:18:00 PM;3326;26.1;27.3;26.2;26.0;0.1;0.1;0.1;0.2;
2/2/2017 2:18:01 PM;3327;26.1;27.3;26.2;26.0;0.1;0.1;0.1;0.2;
2/2/2017 2:18:02 PM;3328;26.1;27.3;26.1;26.0;0.1;0.1;0.1;0.2;
2/2/2017 2:18:03 PM;3329;26.1;27.3;26.1;26.0;0.1;0.1;0.1;0.2;
2/2/2017 2:18:04 PM;3330;26.1;27.3;26.1;26.0;0.1;0.1;0.1;0.2;
2/2/2017 2:18:05 PM;3331;26.1;27.3;26.1;26.0;0.1;0.1;0.1;0.2;
2/2/2017 2:18:06 PM;3332;26.1;27.3;26.1;26.0;0.1;0.1;0.1;0.2;
2/2/2017 2:18:07 PM;3333;26.1;27.3;26.2;26.0;0.1;0.1;0.1;0.2;
2/2/2017 2:18:08 PM;3334;26.1;27.3;26.1;25.9;0.1;0.1;0.1;0.2;
2/2/2017 2:18:09 PM;3335;26.1;27.3;26.1;25.9;0.1;0.1;0.1;0.2;
2/2/2017 2:18:10 PM;3336;26.1;27.3;26.1;25.9;0.1;0.1;0.1;0.2;
2/2/2017 2:18:11 PM;3337;26.1;27.3;26.1;25.9;0.1;0.1;0.1;0.2;
2/2/2017 2:18:12 PM;3338;26.1;27.3;26.1;25.9;0.1;0.1;0.1;0.2;
2/2/2017 2:18:13 PM;3339;26.1;27.3;26.2;25.9;0.1;0.1;0.1;0.2;
2/2/2017 2:18:14 PM;3340;26.1;27.3;26.1;25.9;0.1;0.1;0.1;0.2;
2/2/2017 2:18:15 PM;3341;26.1;27.3;26.1;25.9;0.1;0.1;0.1;0.2;
2/2/2017 2:18:16 PM;3342;26.1;27.3;26.1;25.9;0.1;0.1;0.1;0.2;
2/2/2017 2:18:17 PM;3343;26.1;27.3;26.1;25.9;0.1;0.1;0.1;0.2;
2/2/2017 2:18:18 PM;3344;26.1;27.3;26.1;25.9;0.1;0.1;0.1;0.2;
2/2/2017 2:18:19 PM;3345;26.1;27.3;26.1;25.9;0.1;0.1;0.1;0.2;
2/2/2017 2:18:20 PM;3346;26.1;27.3;26.1;25.9;0.1;0.1;0.1;0.2;
2/2/2017 2:18:21 PM;3347;26.1;27.3;26.2;25.9;0.1;0.1;0.1;0.2;
2/2/2017 2:18:22 PM;3348;26.1;27.3;26.2;25.9;0.1;0.1;0.1;0.2;
2/2/2017 2:18:23 PM;3349;26.1;27.3;26.2;25.9;0.1;0.1;0.1;0.2;
2/2/2017 2:18:24 PM;3350;26.1;27.3;26.2;25.9;0.1;0.1;0.1;0.2;
2/2/2017 2:18:25 PM;3351;26.1;27.3;26.2;25.9;0.1;0.1;0.1;0.2;
2/2/2017 2:18:26 PM;3352;26.1;27.3;26.2;25.9;0.1;0.1;0.1;0.2;
2/2/2017 2:18:27 PM;3353;26.1;27.3;26.2;25.9;0.1;0.1;0.1;0.2;
2/2/2017 2:18:28 PM;3354;26.1;27.3;26.2;25.9;0.1;0.1;0.1;0.2;
2/2/2017 2:18:29 PM;3355;26.1;27.3;26.2;25.9;0.1;0.1;0.1;0.2;
2/2/2017 2:18:30 PM;3356;26.1;27.3;26.2;25.9;0.1;0.1;0.1;0.2;
2/2/2017 2:18:31 PM;3357;26.1;27.3;26.2;25.9;0.1;0.1;0.1;0.2;
2/2/2017 2:18:32 PM;3358;26.1;27.3;26.2;25.9;0.1;0.1;0.1;0.2;
2/2/2017 2:18:33 PM;3359;26.1;27.3;26.2;25.9;0.1;0.1;0.1;0.2;
2/2/2017 2:18:34 PM;3360;26.1;27.3;26.2;25.9;0.1;0.1;0.1;0.2;
2/2/2017 2:18:35 PM;3361;26.1;27.3;26.2;25.9;0.1;0.1;0.1;0.2;
2/2/2017 2:18:36 PM;3362;26.1;27.3;26.2;25.9;0.1;0.1;0.1;0.2;
2/2/2017 2:18:37 PM;3363;26.1;27.3;26.2;25.9;0.1;0.1;0.1;0.2;
2/2/2017 2:18:38 PM;3364;26.1;27.3;26.1;25.9;0.1;0.1;0.1;0.2;
2/2/2017 2:18:39 PM;3365;26.1;27.3;26.1;25.9;0.1;0.1;0.1;0.2;
2/2/2017 2:18:40 PM;3366;26.1;27.3;26.1;25.9;0.1;0.1;0.1;0.2;
2/2/2017 2:18:41 PM;3367;26.1;27.3;26.1;25.9;0.1;0.1;0.1;0.2;
2/2/2017 2:18:42 PM;3368;26.1;27.3;26.1;25.9;0.1;0.1;0.1;0.2;
2/2/2017 2:18:43 PM;3369;26.1;27.3;26.1;25.9;0.1;0.1;0.1;0.2;
2/2/2017 2:18:44 PM;3370;26.1;27.3;26.1;25.9;0.1;0.1;0.1;0.2;
2/2/2017 2:18:45 PM;3371;26.1;27.3;26.1;25.9;0.1;0.1;0.1;0.2;
2/2/2017 2:18:46 PM;3372;26.1;27.3;26.1;25.9;0.1;0.1;0.1;0.2;
2/2/2017 2:18:47 PM;3373;26.1;27.3;26.1;25.9;0.1;0.1;0.1;0.2;
2/2/2017 2:18:48 PM;3374;26.1;27.3;26.1;25.9;0.1;0.1;0.1;0.2;
2/2/2017 2:18:49 PM;3375;26.1;27.3;26.1;25.9;0.1;0.1;0.1;0.2;
2/2/2017 2:18:50 PM;3376;26.1;27.3;26.1;25.9;0.1;0.1;0.1;0.2;
2/2/2017 2:18:51 PM;3377;26.1;27.3;26.1;25.9;0.1;0.1;0.1;0.2;
2/2/2017 2:18:52 PM;3378;26.1;27.3;26.1;25.9;0.1;0.1;0.1;0.2;
2/2/2017 2:18:53 PM;3379;26.1;27.2;26.1;25.9;0.1;0.1;0.1;0.2;
2/2/2017 2:18:54 PM;3380;26.1;27.2;26.1;25.9;0.1;0.1;0.1;0.2;
2/2/2017 2:18:55 PM;3381;26.1;27.2;26.2;25.9;0.1;0.1;0.1;0.2;
2/2/2017 2:18:56 PM;3382;26.1;27.2;26.2;25.9;0.1;0.1;0.1;0.2;
2/2/2017 2:18:57 PM;3383;26.1;27.2;26.2;25.9;0.1;0.1;0.1;0.2;
2/2/2017 2:18:58 PM;3384;26.1;27.3;26.2;25.9;0.1;0.1;0.1;0.2;
2/2/2017 2:18:59 PM;3385;26.1;27.3;26.1;25.9;0.1;0.1;0.1;0.2;
2/2/2017 2:19:00 PM;3386;26.1;27.3;26.1;25.9;0.1;0.1;0.1;0.2;
2/2/2017 2:19:01 PM;3387;26.1;27.3;26.1;25.9;0.1;0.1;0.1;0.2;
2/2/2017 2:19:02 PM;3388;26.1;27.3;26.1;25.9;0.1;0.1;0.1;0.2;
2/2/2017 2:19:03 PM;3389;26.1;27.3;26.1;25.9;0.1;0.1;0.1;0.2;
2/2/2017 2:19:04 PM;3390;26.1;27.3;26.1;25.9;0.1;0.1;0.1;0.2;
2/2/2017 2:19:05 PM;3391;26.1;27.3;26.1;25.9;0.1;0.1;0.1;0.2;
2/2/2017 2:19:06 PM;3392;26.1;27.3;26.1;25.9;0.1;0.1;0.1;0.2;
2/2/2017 2:19:07 PM;3393;26.1;27.3;26.1;25.9;0.1;0.1;0.1;0.2;
2/2/2017 2:19:08 PM;3394;26.1;27.3;26.1;25.9;0.1;0.1;0.1;0.2;
2/2/2017 2:19:09 PM;3395;26.1;27.3;26.0;25.9;0.1;0.1;0.1;0.2;
2/2/2017 2:19:10 PM;3396;26.1;27.3;26.0;25.9;0.1;0.1;0.1;0.2;
2/2/2017 2:19:11 PM;3397;26.0;27.3;26.0;25.9;0.1;0.1;0.1;0.2;
2/2/2017 2:19:12 PM;3398;26.0;27.3;26.0;25.9;0.1;0.1;0.1;0.2;
2/2/2017 2:19:13 PM;3399;26.0;27.3;26.0;25.9;0.1;0.1;0.1;0.2;
2/2/2017 2:19:14 PM;3400;26.0;27.2;26.1;25.9;0.1;0.1;0.1;0.2;
2/2/2017 2:19:15 PM;3401;26.0;27.2;26.1;25.9;0.1;0.1;0.1;0.2;
2/2/2017 2:19:16 PM;3402;26.1;27.2;26.2;25.9;0.1;0.1;0.1;0.2;
2/2/2017 2:19:17 PM;3403;26.1;27.2;26.1;25.9;0.1;0.1;0.1;0.2;
2/2/2017 2:19:18 PM;3404;26.1;27.2;26.1;25.9;0.1;0.1;0.1;0.2;
2/2/2017 2:19:19 PM;3405;26.1;27.3;26.1;25.9;0.1;0.1;0.1;0.2;
2/2/2017 2:19:20 PM;3406;26.1;27.3;26.1;25.9;0.1;0.1;0.1;0.2;
2/2/2017 2:19:21 PM;3407;26.1;27.3;26.1;25.9;0.1;0.1;0.1;0.2;
2/2/2017 2:19:22 PM;3408;26.1;27.3;26.1;25.9;0.1;0.1;0.1;0.2;
2/2/2017 2:19:23 PM;3409;26.1;27.3;26.1;25.9;0.1;0.1;0.1;0.2;
2/2/2017 2:19:24 PM;3410;26.1;27.3;26.1;25.9;0.1;0.1;0.1;0.2;
2/2/2017 2:19:25 PM;3411;26.1;27.3;26.1;25.9;0.1;0.1;0.1;0.2;
2/2/2017 2:19:26 PM;3412;26.1;27.2;26.1;25.9;0.1;0.1;0.1;0.2;
2/2/2017 2:19:27 PM;3413;26.1;27.2;26.1;25.9;0.1;0.1;0.1;0.2;
2/2/2017 2:19:28 PM;3414;26.1;27.2;26.1;25.9;0.1;0.1;0.1;0.2;
2/2/2017 2:19:29 PM;3415;26.1;27.2;26.1;25.9;0.1;0.1;0.1;0.2;
2/2/2017 2:19:30 PM;3416;26.1;27.2;26.0;25.9;0.1;0.1;0.1;0.2;
2/2/2017 2:19:31 PM;3417;26.1;27.3;26.0;25.9;0.1;0.1;0.1;0.2;
2/2/2017 2:19:32 PM;3418;26.0;27.2;26.0;25.9;0.1;0.1;0.1;0.2;
2/2/2017 2:19:33 PM;3419;26.0;27.2;26.0;25.9;0.1;0.1;0.1;0.2;
2/2/2017 2:19:34 PM;3420;26.0;27.2;26.1;25.9;0.1;0.1;0.1;0.2;
2/2/2017 2:19:35 PM;3421;26.0;27.2;26.1;25.9;0.1;0.1;0.1;0.2;
2/2/2017 2:19:36 PM;3422;26.0;27.2;26.1;25.9;0.1;0.1;0.1;0.2;
2/2/2017 2:19:37 PM;3423;26.1;27.3;26.1;25.9;0.1;0.1;0.1;0.2;
2/2/2017 2:19:38 PM;3424;26.1;27.2;26.1;25.9;0.1;0.1;0.1;0.2;
2/2/2017 2:19:39 PM;3425;26.1;27.2;26.0;25.9;0.1;0.1;0.1;0.2;
2/2/2017 2:19:40 PM;3426;26.1;27.2;26.0;25.9;0.1;0.1;0.1;0.2;
2/2/2017 2:19:41 PM;3427;26.1;27.2;26.0;25.9;0.1;0.1;0.1;0.2;
2/2/2017 2:19:42 PM;3428;26.1;27.2;26.0;25.9;0.1;0.1;0.1;0.2;
2/2/2017 2:19:43 PM;3429;26.1;27.3;26.0;25.9;0.1;0.1;0.1;0.2;
2/2/2017 2:19:44 PM;3430;26.1;27.2;26.0;25.9;0.1;0.1;0.1;0.2;
2/2/2017 2:19:45 PM;3431;26.1;27.2;26.0;25.9;0.1;0.1;0.1;0.2;
2/2/2017 2:19:46 PM;3432;26.1;27.2;26.1;25.9;0.1;0.1;0.1;0.2;
2/2/2017 2:19:47 PM;3433;26.1;27.2;26.1;25.9;0.1;0.1;0.1;0.2;
2/2/2017 2:19:48 PM;3434;26.1;27.2;26.0;25.9;0.1;0.1;0.1;0.2;
2/2/2017 2:19:49 PM;3435;26.1;27.2;26.1;25.9;0.1;0.1;0.1;0.2;
2/2/2017 2:19:50 PM;3436;26.1;27.2;26.1;25.9;0.1;0.1;0.1;0.2;
2/2/2017 2:19:51 PM;3437;26.1;27.2;26.1;25.9;0.1;0.1;0.1;0.2;
2/2/2017 2:19:52 PM;3438;26.1;27.2;26.1;25.9;0.1;0.1;0.1;0.2;
2/2/2017 2:19:53 PM;3439;26.1;27.3;26.2;25.9;0.1;0.1;0.1;0.2;
2/2/2017 2:19:54 PM;3440;26.1;27.3;26.2;25.9;0.1;0.1;0.1;0.2;
2/2/2017 2:19:55 PM;3441;26.1;27.3;26.1;25.9;0.1;0.1;0.1;0.2;
2/2/2017 2:19:56 PM;3442;26.1;27.3;26.1;25.9;0.1;0.1;0.1;0.2;
2/2/2017 2:19:57 PM;3443;26.1;27.3;26.1;25.9;0.1;0.1;0.1;0.2;
2/2/2017 2:19:58 PM;3444;26.1;27.2;26.1;25.9;0.1;0.1;0.1;0.2;
2/2/2017 2:19:59 PM;3445;26.1;27.2;26.1;25.9;0.1;0.1;0.1;0.2;
2/2/2017 2:20:00 PM;3446;26.1;27.1;26.1;25.9;0.1;0.1;0.1;0.2;
2/2/2017 2:20:01 PM;3447;26.1;27.1;26.1;25.9;0.1;0.1;0.1;0.2;
2/2/2017 2:20:02 PM;3448;26.1;27.1;26.0;25.9;0.1;0.1;0.1;0.2;
2/2/2017 2:20:03 PM;3449;26.1;27.1;26.0;25.9;0.1;0.1;0.1;0.2;
2/2/2017 2:20:04 PM;3450;26.1;27.2;26.0;25.9;0.1;0.1;0.1;0.2;
2/2/2017 2:20:05 PM;3451;26.1;27.2;26.0;25.9;0.1;0.1;0.1;0.2;
2/2/2017 2:20:06 PM;3452;26.1;27.2;26.0;25.9;0.1;0.1;0.1;0.2;
2/2/2017 2:20:07 PM;3453;26.1;27.2;26.0;25.9;0.1;0.1;0.1;0.2;
2/2/2017 2:20:08 PM;3454;26.1;27.3;26.0;25.9;0.1;0.1;0.1;0.2;
2/2/2017 2:20:09 PM;3455;26.1;27.2;26.0;25.9;0.1;0.1;0.1;0.2;
2/2/2017 2:20:10 PM;3456;26.1;27.2;26.1;25.9;0.1;0.1;0.1;0.2;
2/2/2017 2:20:11 PM;3457;26.1;27.2;26.0;25.9;0.1;0.1;0.1;0.2;
2/2/2017 2:20:12 PM;3458;26.1;27.2;26.0;25.9;0.1;0.1;0.1;0.2;
2/2/2017 2:20:13 PM;3459;26.1;27.2;26.0;25.9;0.1;0.1;0.1;0.2;
2/2/2017 2:20:14 PM;3460;26.1;27.2;26.0;25.9;0.1;0.1;0.1;0.2;
2/2/2017 2:20:15 PM;3461;26.1;27.2;26.0;25.9;0.1;0.1;0.1;0.2;
2/2/2017 2:20:16 PM;3462;26.1;27.3;26.0;25.9;0.1;0.1;0.1;0.2;
2/2/2017 2:20:17 PM;3463;26.1;27.3;26.0;25.9;0.1;0.1;0.1;0.2;
2/2/2017 2:20:18 PM;3464;26.1;27.2;26.0;25.9;0.1;0.1;0.1;0.2;
2/2/2017 2:20:19 PM;3465;26.1;27.2;26.0;25.9;0.1;0.1;0.1;0.2;
2/2/2017 2:20:20 PM;3466;26.1;27.2;26.0;25.9;0.1;0.1;0.1;0.2;
2/2/2017 2:20:21 PM;3467;26.1;27.2;26.0;25.9;0.1;0.1;0.1;0.2;
2/2/2017 2:20:22 PM;3468;26.1;27.2;26.0;25.9;0.1;0.1;0.1;0.2;
2/2/2017 2:20:23 PM;3469;26.1;27.2;26.0;25.9;0.1;0.1;0.1;0.2;
2/2/2017 2:20:24 PM;3470;26.1;27.3;26.0;25.9;0.1;0.1;0.1;0.2;
2/2/2017 2:20:25 PM;3471;26.1;27.3;26.0;25.9;0.1;0.1;0.1;0.2;
2/2/2017 2:20:26 PM;3472;26.0;27.3;26.0;25.9;0.1;0.1;0.1;0.2;
2/2/2017 2:20:27 PM;3473;26.0;27.3;26.0;25.9;0.1;0.1;0.1;0.2;
2/2/2017 2:20:28 PM;3474;26.0;27.3;26.0;25.9;0.1;0.1;0.1;0.2;
2/2/2017 2:20:29 PM;3475;26.0;27.3;26.0;25.9;0.1;0.1;0.1;0.2;
2/2/2017 2:20:30 PM;3476;26.0;27.3;26.0;25.9;0.1;0.1;0.1;0.2;
2/2/2017 2:20:31 PM;3477;26.0;27.3;26.0;25.9;0.1;0.1;0.1;0.2;
2/2/2017 2:20:32 PM;3478;26.0;27.2;26.0;25.9;0.1;0.1;0.1;0.2;
2/2/2017 2:20:33 PM;3479;26.0;27.2;26.0;25.9;0.1;0.1;0.1;0.2;
2/2/2017 2:20:34 PM;3480;26.0;27.2;26.0;25.9;0.1;0.1;0.1;0.2;
2/2/2017 2:20:35 PM;3481;26.1;27.2;26.0;25.9;0.1;0.1;0.1;0.2;
2/2/2017 2:20:36 PM;3482;26.1;27.1;26.0;25.9;0.1;0.1;0.1;0.2;
2/2/2017 2:20:37 PM;3483;26.1;27.2;26.0;25.9;0.1;0.1;0.1;0.2;
2/2/2017 2:20:38 PM;3484;26.1;27.2;26.0;25.9;0.1;0.1;0.1;0.2;
2/2/2017 2:20:39 PM;3485;26.1;27.1;26.0;25.9;0.1;0.1;0.1;0.2;
2/2/2017 2:20:40 PM;3486;26.1;27.1;26.0;25.9;0.1;0.1;0.1;0.2;
2/2/2017 2:20:41 PM;3487;26.1;27.2;26.0;25.9;0.1;0.1;0.1;0.2;
2/2/2017 2:20:42 PM;3488;26.0;27.2;26.0;25.9;0.1;0.1;0.1;0.2;
2/2/2017 2:20:43 PM;3489;26.0;27.2;26.0;25.9;0.1;0.1;0.1;0.2;
2/2/2017 2:20:44 PM;3490;26.0;27.2;26.0;25.9;0.1;0.1;0.1;0.2;
2/2/2017 2:20:45 PM;3491;26.0;27.2;26.1;25.9;0.1;0.1;0.1;0.2;
2/2/2017 2:20:46 PM;3492;26.0;27.2;26.1;25.9;0.1;0.1;0.1;0.2;
2/2/2017 2:20:47 PM;3493;26.0;27.2;26.0;25.9;0.1;0.1;0.1;0.2;
2/2/2017 2:20:48 PM;3494;26.0;27.2;26.0;25.9;0.1;0.1;0.1;0.2;
2/2/2017 2:20:49 PM;3495;26.0;27.3;26.0;25.9;0.1;0.1;0.1;0.2;
2/2/2017 2:20:50 PM;3496;26.0;27.2;26.0;25.9;0.1;0.1;0.1;0.2;
2/2/2017 2:20:51 PM;3497;26.0;27.2;26.0;25.9;0.1;0.1;0.1;0.2;
2/2/2017 2:20:52 PM;3498;26.0;27.2;26.0;25.9;0.1;0.1;0.1;0.2;
2/2/2017 2:20:53 PM;3499;26.0;27.2;26.0;25.9;0.1;0.1;0.1;0.2;
2/2/2017 2:20:54 PM;3500;26.0;27.2;26.0;25.9;0.1;0.1;0.1;0.2;
2/2/2017 2:20:55 PM;3501;26.1;27.2;26.0;25.9;0.1;0.1;0.1;0.2;
2/2/2017 2:20:56 PM;3502;26.0;27.2;26.0;25.9;0.1;0.1;0.1;0.2;
2/2/2017 2:20:57 PM;3503;26.0;27.2;26.0;25.9;0.1;0.1;0.1;0.2;
2/2/2017 2:20:58 PM;3504;26.0;27.2;26.0;25.9;0.1;0.1;0.1;0.2;
2/2/2017 2:20:59 PM;3505;26.0;27.2;26.0;25.9;0.1;0.1;0.1;0.2;
2/2/2017 2:21:00 PM;3506;26.0;27.2;26.0;25.9;0.1;0.1;0.1;0.2;
2/2/2017 2:21:01 PM;3507;26.0;27.2;26.0;25.9;0.1;0.1;0.1;0.2;
2/2/2017 2:21:02 PM;3508;26.0;27.2;26.0;25.9;0.1;0.1;0.1;0.2;
2/2/2017 2:21:03 PM;3509;26.0;27.2;26.0;25.9;0.1;0.1;0.1;0.2;
2/2/2017 2:21:04 PM;3510;26.0;27.1;26.0;25.9;0.1;0.1;0.1;0.2;
2/2/2017 2:21:05 PM;3511;26.1;27.2;26.0;25.9;0.1;0.1;0.1;0.2;
2/2/2017 2:21:06 PM;3512;26.1;27.2;26.1;25.9;0.1;0.1;0.1;0.2;
2/2/2017 2:21:07 PM;3513;26.1;27.2;26.0;25.9;0.1;0.1;0.1;0.2;
2/2/2017 2:21:08 PM;3514;26.0;27.2;26.0;25.9;0.1;0.1;0.1;0.2;
2/2/2017 2:21:09 PM;3515;26.0;27.2;26.0;25.9;0.1;0.1;0.1;0.2;
2/2/2017 2:21:10 PM;3516;26.0;27.2;26.0;25.9;0.1;0.1;0.1;0.2;
2/2/2017 2:21:11 PM;3517;26.0;27.1;26.0;25.9;0.1;0.1;0.1;0.2;
2/2/2017 2:21:12 PM;3518;25.9;27.1;26.0;25.9;0.1;0.1;0.1;0.2;
2/2/2017 2:21:13 PM;3519;26.0;27.2;26.0;25.9;0.1;0.1;0.1;0.2;
2/2/2017 2:21:14 PM;3520;26.0;27.2;26.0;25.9;0.1;0.1;0.1;0.2;
2/2/2017 2:21:15 PM;3521;26.0;27.2;26.0;25.9;0.1;0.1;0.1;0.2;
2/2/2017 2:21:16 PM;3522;26.0;27.3;26.0;25.9;0.1;0.1;0.1;0.2;
2/2/2017 2:21:17 PM;3523;26.0;27.2;26.0;25.9;0.1;0.1;0.1;0.2;
2/2/2017 2:21:18 PM;3524;26.0;27.2;26.0;25.9;0.1;0.1;0.1;0.2;
2/2/2017 2:21:19 PM;3525;26.1;27.2;26.0;25.9;0.1;0.1;0.1;0.2;
2/2/2017 2:21:20 PM;3526;26.1;27.1;26.0;25.9;0.1;0.1;0.1;0.2;
2/2/2017 2:21:21 PM;3527;26.0;27.1;26.0;25.9;0.1;0.1;0.1;0.2;
2/2/2017 2:21:22 PM;3528;26.0;27.1;26.0;25.9;0.1;0.1;0.1;0.2;
2/2/2017 2:21:23 PM;3529;26.0;27.1;26.0;25.9;0.1;0.1;0.1;0.2;
2/2/2017 2:21:24 PM;3530;26.0;27.2;26.0;25.9;0.1;0.1;0.1;0.2;
2/2/2017 2:21:25 PM;3531;26.0;27.2;26.0;25.9;0.1;0.1;0.1;0.2;
2/2/2017 2:21:26 PM;3532;26.1;27.3;26.0;25.9;0.1;0.1;0.1;0.2;
2/2/2017 2:21:27 PM;3533;26.1;27.2;26.0;25.9;0.1;0.1;0.1;0.2;
2/2/2017 2:21:28 PM;3534;26.1;27.2;26.0;25.9;0.1;0.1;0.1;0.2;
2/2/2017 2:21:29 PM;3535;26.1;27.2;26.0;25.9;0.1;0.1;0.1;0.2;
2/2/2017 2:21:30 PM;3536;26.1;27.2;26.0;25.9;0.1;0.1;0.1;0.2;
2/2/2017 2:21:31 PM;3537;26.1;27.2;26.0;25.9;0.1;0.1;0.1;0.2;
2/2/2017 2:21:32 PM;3538;26.0;27.2;26.0;25.9;0.1;0.1;0.1;0.2;
2/2/2017 2:21:33 PM;3539;26.0;27.2;26.0;25.9;0.1;0.1;0.1;0.2;
2/2/2017 2:21:34 PM;3540;26.0;27.2;26.0;25.9;0.1;0.1;0.1;0.2;
2/2/2017 2:21:35 PM;3541;26.0;27.1;26.0;25.9;0.1;0.1;0.1;0.2;
2/2/2017 2:21:36 PM;3542;26.0;27.1;26.0;25.9;0.1;0.1;0.1;0.2;
2/2/2017 2:21:37 PM;3543;26.0;27.2;26.0;25.9;0.1;0.1;0.1;0.2;
2/2/2017 2:21:38 PM;3544;26.0;27.2;26.0;25.9;0.1;0.1;0.1;0.2;
2/2/2017 2:21:39 PM;3545;26.0;27.1;26.0;25.9;0.1;0.1;0.1;0.2;
2/2/2017 2:21:40 PM;3546;26.1;27.2;26.0;25.9;0.1;0.1;0.1;0.2;
2/2/2017 2:21:41 PM;3547;26.1;27.2;26.0;25.9;0.1;0.1;0.1;0.2;
2/2/2017 2:21:42 PM;3548;26.0;27.2;26.0;25.9;0.1;0.1;0.1;0.2;
2/2/2017 2:21:43 PM;3549;26.0;27.2;26.0;25.9;0.1;0.1;0.1;0.2;
2/2/2017 2:21:44 PM;3550;26.0;27.3;26.0;25.9;0.1;0.1;0.1;0.2;
2/2/2017 2:21:45 PM;3551;26.0;27.2;26.0;25.9;0.1;0.1;0.1;0.2;
2/2/2017 2:21:46 PM;3552;26.0;27.2;26.0;25.9;0.1;0.1;0.1;0.2;
2/2/2017 2:21:47 PM;3553;26.0;27.1;26.0;25.9;0.1;0.1;0.1;0.2;
2/2/2017 2:21:48 PM;3554;26.0;27.1;26.0;25.9;0.1;0.1;0.1;0.2;
2/2/2017 2:21:49 PM;3555;26.1;27.1;26.0;25.9;0.1;0.1;0.1;0.2;
2/2/2017 2:21:50 PM;3556;26.1;27.1;26.0;25.9;0.1;0.1;0.1;0.2;
2/2/2017 2:21:51 PM;3557;26.0;27.1;26.0;25.9;0.1;0.1;0.1;0.2;
2/2/2017 2:21:52 PM;3558;26.0;27.1;26.0;25.9;0.1;0.1;0.1;0.2;
2/2/2017 2:21:53 PM;3559;26.0;27.1;26.0;25.9;0.1;0.1;0.1;0.2;
2/2/2017 2:21:54 PM;3560;26.0;27.1;26.0;25.9;0.1;0.1;0.1;0.2;
2/2/2017 2:21:55 PM;3561;26.0;27.1;26.0;25.9;0.1;0.1;0.1;0.2;
2/2/2017 2:21:56 PM;3562;26.0;27.1;26.0;25.9;0.1;0.1;0.1;0.2;
2/2/2017 2:21:57 PM;3563;26.0;27.2;26.0;25.9;0.1;0.1;0.1;0.2;
2/2/2017 2:21:58 PM;3564;26.0;27.2;26.0;25.9;0.1;0.1;0.1;0.2;
2/2/2017 2:21:59 PM;3565;26.0;27.2;26.0;25.9;0.1;0.1;0.1;0.2;
2/2/2017 2:22:00 PM;3566;26.0;27.2;26.0;25.9;0.1;0.1;0.1;0.2;
2/2/2017 2:22:01 PM;3567;26.0;27.2;26.0;25.9;0.1;0.1;0.1;0.2;
2/2/2017 2:22:02 PM;3568;26.0;27.2;26.0;25.9;0.1;0.1;0.1;0.2;
2/2/2017 2:22:03 PM;3569;26.0;27.2;26.0;25.9;0.1;0.1;0.1;0.2;
2/2/2017 2:22:04 PM;3570;26.0;27.2;26.0;25.9;0.1;0.1;0.1;0.2;
2/2/2017 2:22:05 PM;3571;26.0;27.2;26.0;25.9;0.1;0.1;0.1;0.2;
2/2/2017 2:22:06 PM;3572;26.0;27.2;26.0;25.9;0.1;0.1;0.1;0.2;
2/2/2017 2:22:07 PM;3573;26.0;27.2;26.0;25.9;0.1;0.1;0.1;0.2;
2/2/2017 2:22:08 PM;3574;26.0;27.1;26.0;25.9;0.1;0.1;0.1;0.2;
2/2/2017 2:22:09 PM;3575;26.0;27.2;26.0;25.9;0.1;0.1;0.1;0.2;
2/2/2017 2:22:10 PM;3576;25.9;27.2;26.0;25.9;0.1;0.1;0.1;0.2;
2/2/2017 2:22:11 PM;3577;25.9;27.2;26.0;25.9;0.1;0.1;0.1;0.2;
2/2/2017 2:22:12 PM;3578;25.9;27.2;26.0;25.9;0.1;0.1;0.1;0.2;
2/2/2017 2:22:13 PM;3579;26.0;27.2;26.0;25.9;0.1;0.1;0.1;0.2;
2/2/2017 2:22:14 PM;3580;25.9;27.2;26.0;25.9;0.1;0.1;0.1;0.2;
2/2/2017 2:22:15 PM;3581;26.0;27.2;26.0;25.9;0.1;0.1;0.1;0.2;
2/2/2017 2:22:16 PM;3582;26.0;27.1;26.0;25.9;0.1;0.1;0.1;0.2;
2/2/2017 2:22:17 PM;3583;26.0;27.1;26.0;25.9;0.1;0.1;0.1;0.2;
2/2/2017 2:22:18 PM;3584;26.0;27.1;26.0;25.9;0.1;0.1;0.1;0.2;
2/2/2017 2:22:19 PM;3585;26.0;27.1;26.0;25.9;0.1;0.1;0.1;0.2;
2/2/2017 2:22:20 PM;3586;26.0;27.1;26.0;25.9;0.1;0.1;0.1;0.2;
2/2/2017 2:22:21 PM;3587;25.9;27.2;26.0;25.9;0.1;0.1;0.1;0.2;
2/2/2017 2:22:22 PM;3588;26.0;27.2;26.0;25.9;0.1;0.1;0.1;0.2;
2/2/2017 2:22:23 PM;3589;25.9;27.2;26.0;25.9;0.1;0.1;0.1;0.2;
2/2/2017 2:22:24 PM;3590;26.0;27.3;26.0;25.9;0.1;0.1;0.1;0.2;
2/2/2017 2:22:25 PM;3591;26.0;27.2;26.0;25.9;0.1;0.1;0.1;0.2;
2/2/2017 2:22:26 PM;3592;26.0;27.2;26.0;25.9;0.1;0.1;0.1;0.2;
2/2/2017 2:22:27 PM;3593;26.0;27.1;26.0;25.9;0.1;0.1;0.1;0.2;
2/2/2017 2:22:28 PM;3594;26.0;27.1;26.0;25.9;0.1;0.1;0.1;0.2;
2/2/2017 2:22:29 PM;3595;26.0;27.1;26.0;25.9;0.1;0.1;0.1;0.2;
2/2/2017 2:22:30 PM;3596;26.0;27.1;26.0;25.9;0.1;0.1;0.1;0.2;
2/2/2017 2:22:31 PM;3597;26.0;27.1;26.0;25.9;0.1;0.1;0.1;0.2;
2/2/2017 2:22:32 PM;3598;26.0;27.1;26.0;25.9;0.1;0.1;0.1;0.2;
2/2/2017 2:22:33 PM;3599;26.0;27.1;26.0;25.9;0.1;0.1;0.1;0.2;
2/2/2017 2:22:34 PM;3600;26.1;27.1;26.0;25.9;0.1;0.1;0.1;0.2;
2/2/2017 2:22:35 PM;3601;26.1;27.1;26.0;25.9;0.1;0.1;0.1;0.2;
2/2/2017 2:22:36 PM;3602;26.0;27.1;26.0;25.9;0.1;0.1;0.1;0.2;
2/2/2017 2:22:37 PM;3603;26.0;27.1;26.0;25.9;0.1;0.1;0.1;0.2;
2/2/2017 2:22:38 PM;3604;26.0;27.1;26.0;25.9;0.1;0.1;0.1;0.2;
2/2/2017 2:22:39 PM;3605;26.0;27.1;26.0;25.9;0.1;0.1;0.1;0.2;
2/2/2017 2:22:40 PM;3606;26.0;27.1;26.0;25.9;0.1;0.1;0.1;0.2;
2/2/2017 2:22:41 PM;3607;26.0;27.1;26.0;25.9;0.1;0.1;0.1;0.2;
2/2/2017 2:22:42 PM;3608;26.0;27.1;26.0;25.9;0.1;0.1;0.1;0.2;
2/2/2017 2:22:43 PM;3609;26.0;27.1;26.0;25.9;0.1;0.1;0.1;0.2;
2/2/2017 2:22:44 PM;3610;26.0;27.2;26.0;25.9;0.1;0.1;0.1;0.2;
2/2/2017 2:22:45 PM;3611;26.0;27.2;26.0;25.9;0.1;0.1;0.1;0.2;
2/2/2017 2:22:46 PM;3612;26.0;27.2;26.0;25.9;0.1;0.1;0.1;0.2;
2/2/2017 2:22:47 PM;3613;26.0;27.2;26.0;25.9;0.1;0.1;0.1;0.2;
2/2/2017 2:22:48 PM;3614;26.0;27.2;26.0;25.9;0.1;0.1;0.1;0.2;
2/2/2017 2:22:49 PM;3615;26.0;27.1;26.0;25.9;0.1;0.1;0.1;0.2;
2/2/2017 2:22:50 PM;3616;26.0;27.1;26.0;25.9;0.1;0.1;0.1;0.2;
2/2/2017 2:22:51 PM;3617;26.0;27.1;26.0;25.9;0.1;0.1;0.1;0.2;
2/2/2017 2:22:52 PM;3618;26.1;27.1;26.0;25.9;0.1;0.1;0.1;0.2;
2/2/2017 2:22:53 PM;3619;26.0;27.1;26.0;25.9;0.1;0.1;0.1;0.2;
2/2/2017 2:22:54 PM;3620;26.0;27.1;26.0;25.9;0.1;0.1;0.1;0.2;
2/2/2017 2:22:55 PM;3621;26.0;27.1;26.0;25.9;0.1;0.1;0.1;0.2;
2/2/2017 2:22:56 PM;3622;26.0;27.1;26.0;25.9;0.1;0.1;0.1;0.2;
2/2/2017 2:22:57 PM;3623;26.0;27.1;26.0;25.9;0.1;0.1;0.1;0.2;
2/2/2017 2:22:58 PM;3624;26.0;27.1;26.0;25.9;0.1;0.1;0.1;0.2;
2/2/2017 2:22:59 PM;3625;26.0;27.1;26.0;25.9;0.1;0.1;0.1;0.2;
2/2/2017 2:23:00 PM;3626;26.0;27.1;26.0;25.9;0.1;0.1;0.1;0.2;
2/2/2017 2:23:01 PM;3627;26.0;27.1;26.0;25.9;0.1;0.1;0.1;0.2;
2/2/2017 2:23:02 PM;3628;26.0;27.1;26.0;25.9;0.1;0.1;0.1;0.2;
2/2/2017 2:23:03 PM;3629;26.1;27.1;26.0;25.9;0.1;0.1;0.1;0.2;
2/2/2017 2:23:04 PM;3630;26.1;27.1;26.0;25.9;0.1;0.1;0.1;0.2;
2/2/2017 2:23:05 PM;3631;26.0;27.1;26.0;25.9;0.1;0.1;0.1;0.2;
2/2/2017 2:23:06 PM;3632;26.0;27.1;26.0;25.9;0.1;0.1;0.1;0.2;
2/2/2017 2:23:07 PM;3633;25.9;27.1;26.0;25.9;0.1;0.1;0.1;0.2;
2/2/2017 2:23:08 PM;3634;25.9;27.1;26.0;25.9;0.1;0.1;0.1;0.2;
2/2/2017 2:23:09 PM;3635;25.9;27.1;26.0;25.9;0.1;0.1;0.1;0.2;
2/2/2017 2:23:10 PM;3636;26.0;27.1;26.0;25.9;0.1;0.1;0.1;0.2;
2/2/2017 2:23:11 PM;3637;26.0;27.2;26.0;25.9;0.1;0.1;0.1;0.2;
2/2/2017 2:23:12 PM;3638;26.0;27.1;26.0;25.9;0.1;0.1;0.1;0.2;
2/2/2017 2:23:13 PM;3639;26.0;27.1;26.0;25.9;0.1;0.1;0.1;0.2;
2/2/2017 2:23:14 PM;3640;25.9;27.1;26.0;25.9;0.1;0.1;0.1;0.2;
2/2/2017 2:23:15 PM;3641;25.9;27.1;26.0;25.9;0.1;0.1;0.1;0.2;
2/2/2017 2:23:16 PM;3642;25.9;27.1;26.0;25.9;0.1;0.1;0.1;0.2;
2/2/2017 2:23:17 PM;3643;26.0;27.1;26.0;25.9;0.1;0.1;0.1;0.2;
2/2/2017 2:23:18 PM;3644;26.0;27.1;26.0;25.9;0.1;0.1;0.1;0.2;
2/2/2017 2:23:19 PM;3645;26.0;27.1;26.0;25.9;0.1;0.1;0.1;0.2;
2/2/2017 2:23:20 PM;3646;26.0;27.1;26.0;25.9;0.1;0.1;0.1;0.2;
2/2/2017 2:23:21 PM;3647;26.0;27.1;26.0;25.9;0.1;0.1;0.1;0.2;
2/2/2017 2:23:22 PM;3648;25.9;27.1;26.0;25.9;0.1;0.1;0.1;0.2;
2/2/2017 2:23:23 PM;3649;25.9;27.1;26.0;25.9;0.1;0.1;0.1;0.2;
2/2/2017 2:23:24 PM;3650;26.0;27.1;26.0;25.9;0.1;0.1;0.1;0.2;
2/2/2017 2:23:25 PM;3651;26.0;27.1;26.0;25.9;0.1;0.1;0.1;0.2;
2/2/2017 2:23:26 PM;3652;26.0;27.1;26.0;25.9;0.1;0.1;0.1;0.2;
2/2/2017 2:23:27 PM;3653;26.0;27.1;26.0;25.9;0.1;0.1;0.1;0.2;
2/2/2017 2:23:28 PM;3654;26.0;27.1;26.0;25.9;0.1;0.1;0.1;0.2;
2/2/2017 2:23:29 PM;3655;26.0;27.1;26.0;25.9;0.1;0.1;0.1;0.2;
2/2/2017 2:23:30 PM;3656;26.0;27.1;26.0;25.9;0.1;0.1;0.1;0.2;
2/2/2017 2:23:31 PM;3657;26.0;27.1;26.0;25.9;0.1;0.1;0.1;0.2;
2/2/2017 2:23:32 PM;3658;26.0;27.1;26.0;25.9;0.1;0.1;0.1;0.2;
2/2/2017 2:23:33 PM;3659;25.9;27.1;26.0;25.9;0.1;0.1;0.1;0.2;
2/2/2017 2:23:34 PM;3660;25.9;27.1;26.0;25.9;0.1;0.1;0.1;0.2;
2/2/2017 2:23:35 PM;3661;26.0;27.1;26.0;25.9;0.1;0.1;0.1;0.2;
2/2/2017 2:23:36 PM;3662;25.9;27.1;26.0;25.9;0.1;0.1;0.1;0.2;
2/2/2017 2:23:37 PM;3663;25.9;27.1;26.0;25.9;0.1;0.1;0.1;0.2;
2/2/2017 2:23:38 PM;3664;25.9;27.1;26.0;25.9;0.1;0.1;0.1;0.2;
2/2/2017 2:23:39 PM;3665;25.9;27.1;26.0;25.9;0.1;0.1;0.1;0.2;
2/2/2017 2:23:40 PM;3666;25.9;27.1;26.0;25.9;0.1;0.1;0.1;0.2;
2/2/2017 2:23:41 PM;3667;25.9;27.1;26.0;25.9;0.1;0.1;0.1;0.2;
2/2/2017 2:23:42 PM;3668;25.9;27.1;26.0;25.9;0.1;0.1;0.1;0.2;
2/2/2017 2:23:43 PM;3669;25.9;27.1;26.0;25.9;0.1;0.1;0.1;0.2;
2/2/2017 2:23:44 PM;3670;26.0;27.1;26.0;25.9;0.1;0.1;0.1;0.2;
2/2/2017 2:23:45 PM;3671;26.0;27.1;26.0;25.9;0.1;0.1;0.1;0.2;
2/2/2017 2:23:46 PM;3672;26.0;27.1;26.0;25.9;0.1;0.1;0.1;0.2;
2/2/2017 2:23:47 PM;3673;26.0;27.1;26.0;25.9;0.1;0.1;0.1;0.2;
2/2/2017 2:23:48 PM;3674;25.9;27.1;26.0;25.9;0.1;0.1;0.1;0.2;
2/2/2017 2:23:49 PM;3675;25.9;27.1;26.0;25.9;0.1;0.1;0.1;0.2;
2/2/2017 2:23:50 PM;3676;25.9;27.1;26.0;25.9;0.1;0.1;0.1;0.2;
2/2/2017 2:23:51 PM;3677;25.9;27.1;26.0;25.9;0.1;0.1;0.1;0.2;
2/2/2017 2:23:52 PM;3678;25.9;27.1;26.0;25.9;0.1;0.1;0.1;0.2;
2/2/2017 2:23:53 PM;3679;25.9;27.1;26.0;25.9;0.1;0.1;0.1;0.2;
2/2/2017 2:23:54 PM;3680;25.9;27.2;26.0;25.9;0.1;0.1;0.1;0.2;
2/2/2017 2:23:55 PM;3681;25.9;27.2;26.0;25.9;0.1;0.1;0.1;0.2;
2/2/2017 2:23:56 PM;3682;25.9;27.2;26.0;25.9;0.1;0.1;0.1;0.2;
2/2/2017 2:23:57 PM;3683;25.9;27.2;26.0;25.9;0.1;0.1;0.1;0.2;
2/2/2017 2:23:58 PM;3684;25.9;27.2;26.0;25.9;0.1;0.1;0.1;0.2;
2/2/2017 2:23:59 PM;3685;25.9;27.1;26.0;25.9;0.1;0.1;0.1;0.2;
2/2/2017 2:24:00 PM;3686;25.9;27.2;26.0;25.9;0.1;0.1;0.1;0.2;
2/2/2017 2:24:01 PM;3687;25.9;27.1;26.0;25.9;0.1;0.1;0.1;0.2;
2/2/2017 2:24:02 PM;3688;25.9;27.1;26.0;25.9;0.1;0.1;0.1;0.2;
2/2/2017 2:24:03 PM;3689;25.9;27.1;26.0;25.9;0.1;0.1;0.1;0.2;
2/2/2017 2:24:04 PM;3690;25.9;27.1;26.0;25.9;0.1;0.1;0.1;0.2;
2/2/2017 2:24:05 PM;3691;25.9;27.1;26.0;25.9;0.1;0.1;0.1;0.2;
2/2/2017 2:24:06 PM;3692;25.9;27.1;26.0;25.9;0.1;0.1;0.1;0.2;
2/2/2017 2:24:07 PM;3693;25.9;27.1;26.0;25.9;0.1;0.1;0.1;0.2;
2/2/2017 2:24:08 PM;3694;25.9;27.1;26.0;25.9;0.1;0.1;0.1;0.2;
2/2/2017 2:24:09 PM;3695;25.9;27.1;26.0;25.9;0.1;0.1;0.1;0.2;
2/2/2017 2:24:10 PM;3696;25.9;27.1;26.0;25.9;0.1;0.1;0.1;0.2;
2/2/2017 2:24:11 PM;3697;25.9;27.1;26.0;25.9;0.1;0.1;0.1;0.2;
2/2/2017 2:24:12 PM;3698;25.9;27.1;26.0;25.9;0.1;0.1;0.1;0.2;
2/2/2017 2:24:13 PM;3699;25.9;27.1;26.0;25.9;0.1;0.1;0.1;0.2;
2/2/2017 2:24:14 PM;3700;25.9;27.1;26.0;25.9;0.1;0.1;0.1;0.2;
2/2/2017 2:24:15 PM;3701;25.9;27.1;26.0;25.9;0.1;0.1;0.1;0.2;
2/2/2017 2:24:16 PM;3702;25.9;27.1;26.0;25.9;0.1;0.1;0.1;0.2;
2/2/2017 2:24:17 PM;3703;25.9;27.1;26.0;25.9;0.1;0.1;0.1;0.2;
2/2/2017 2:24:18 PM;3704;25.9;27.1;26.0;25.9;0.1;0.1;0.1;0.2;
2/2/2017 2:24:19 PM;3705;25.9;27.1;26.0;25.9;0.1;0.1;0.1;0.2;
2/2/2017 2:24:20 PM;3706;25.9;27.1;26.0;25.9;0.1;0.1;0.1;0.2;
2/2/2017 2:24:21 PM;3707;25.9;27.1;26.0;25.9;0.1;0.1;0.1;0.2;
2/2/2017 2:24:22 PM;3708;25.9;27.1;26.0;25.9;0.1;0.1;0.1;0.2;
2/2/2017 2:24:23 PM;3709;25.9;27.1;26.0;25.9;0.1;0.1;0.1;0.2;
2/2/2017 2:24:24 PM;3710;25.9;27.1;26.0;25.9;0.1;0.1;0.1;0.2;
2/2/2017 2:24:25 PM;3711;25.9;27.1;26.0;25.9;0.1;0.1;0.1;0.2;
2/2/2017 2:24:26 PM;3712;25.9;27.1;26.0;25.9;0.1;0.1;0.1;0.2;
2/2/2017 2:24:27 PM;3713;25.9;27.1;26.0;25.9;0.1;0.1;0.1;0.2;
2/2/2017 2:24:28 PM;3714;25.9;27.1;26.0;25.9;0.1;0.1;0.1;0.2;
2/2/2017 2:24:29 PM;3715;25.9;27.1;26.0;25.9;0.1;0.1;0.1;0.2;
2/2/2017 2:24:30 PM;3716;25.9;27.1;26.0;25.9;0.1;0.1;0.1;0.2;
2/2/2017 2:24:31 PM;3717;25.9;27.1;26.0;25.9;0.1;0.1;0.1;0.2;
2/2/2017 2:24:32 PM;3718;25.9;27.1;26.0;25.9;0.1;0.1;0.1;0.2;
2/2/2017 2:24:33 PM;3719;25.9;27.1;26.0;25.9;0.1;0.1;0.1;0.2;
2/2/2017 2:24:34 PM;3720;25.9;27.1;26.0;25.9;0.1;0.1;0.1;0.2;
2/2/2017 2:24:35 PM;3721;25.9;27.1;26.0;25.9;0.1;0.1;0.1;0.2;
2/2/2017 2:24:36 PM;3722;25.9;27.1;26.0;25.9;0.1;0.1;0.1;0.2;
2/2/2017 2:24:37 PM;3723;25.9;27.1;26.0;25.9;0.1;0.1;0.1;0.2;
2/2/2017 2:24:38 PM;3724;25.9;27.1;26.0;25.9;0.1;0.1;0.1;0.2;
2/2/2017 2:24:39 PM;3725;25.9;27.1;26.0;25.9;0.1;0.1;0.1;0.2;
2/2/2017 2:24:40 PM;3726;25.9;27.1;26.0;25.9;0.1;0.1;0.1;0.2;
2/2/2017 2:24:41 PM;3727;25.9;27.1;26.0;25.9;0.1;0.1;0.1;0.2;
2/2/2017 2:24:42 PM;3728;25.9;27.1;26.0;25.9;0.1;0.1;0.1;0.2;
2/2/2017 2:24:43 PM;3729;25.9;27.1;26.0;25.9;0.1;0.1;0.1;0.2;
2/2/2017 2:24:44 PM;3730;25.9;27.1;26.0;25.9;0.1;0.1;0.1;0.2;
2/2/2017 2:24:45 PM;3731;25.9;27.1;26.0;25.9;0.1;0.1;0.1;0.2;
2/2/2017 2:24:46 PM;3732;25.9;27.1;26.0;25.9;0.1;0.1;0.1;0.2;
2/2/2017 2:24:47 PM;3733;25.9;27.1;26.0;25.9;0.1;0.1;0.1;0.2;
2/2/2017 2:24:48 PM;3734;25.9;27.1;26.0;25.9;0.1;0.1;0.1;0.2;
2/2/2017 2:24:49 PM;3735;25.9;27.1;26.0;25.9;0.1;0.1;0.1;0.2;
2/2/2017 2:24:50 PM;3736;25.9;27.1;26.0;25.9;0.1;0.1;0.1;0.2;
2/2/2017 2:24:51 PM;3737;25.9;27.1;26.0;25.9;0.1;0.1;0.1;0.2;
2/2/2017 2:24:52 PM;3738;25.9;27.1;26.0;25.9;0.1;0.1;0.1;0.2;
2/2/2017 2:24:53 PM;3739;25.9;27.1;26.0;25.9;0.1;0.1;0.1;0.2;
2/2/2017 2:24:54 PM;3740;25.9;27.1;26.0;25.9;0.1;0.1;0.1;0.2;
2/2/2017 2:24:55 PM;3741;25.9;27.1;26.0;25.9;0.1;0.1;0.1;0.2;
2/2/2017 2:24:56 PM;3742;25.9;27.1;26.0;25.9;0.1;0.1;0.1;0.2;
2/2/2017 2:24:57 PM;3743;25.9;27.1;26.0;25.9;0.1;0.1;0.1;0.2;
2/2/2017 2:24:58 PM;3744;25.9;27.1;26.0;25.9;0.1;0.1;0.1;0.2;
2/2/2017 2:24:59 PM;3745;25.9;27.1;26.0;25.9;0.1;0.1;0.1;0.2;
2/2/2017 2:25:00 PM;3746;25.9;27.1;26.0;25.9;0.1;0.1;0.1;0.2;
2/2/2017 2:25:01 PM;3747;25.9;27.1;26.0;25.9;0.1;0.1;0.1;0.2;
2/2/2017 2:25:02 PM;3748;25.9;27.1;26.0;25.9;0.1;0.1;0.1;0.2;
2/2/2017 2:25:03 PM;3749;25.9;27.1;26.0;25.9;0.1;0.1;0.1;0.2;
2/2/2017 2:25:04 PM;3750;25.9;27.1;26.0;25.9;0.1;0.1;0.1;0.2;
2/2/2017 2:25:05 PM;3751;25.9;27.1;26.0;25.9;0.1;0.1;0.1;0.2;
2/2/2017 2:25:06 PM;3752;25.9;27.1;26.0;25.9;0.1;0.1;0.1;0.2;
2/2/2017 2:25:07 PM;3753;25.9;27.1;26.0;25.9;0.1;0.1;0.1;0.2;
2/2/2017 2:25:08 PM;3754;25.9;27.1;26.0;25.9;0.1;0.1;0.1;0.2;
2/2/2017 2:25:09 PM;3755;25.9;27.1;26.0;25.9;0.1;0.1;0.1;0.2;
2/2/2017 2:25:10 PM;3756;25.9;27.1;26.0;25.9;0.1;0.1;0.1;0.2;
2/2/2017 2:25:11 PM;3757;25.9;27.1;26.0;25.9;0.1;0.1;0.1;0.2;
2/2/2017 2:25:12 PM;3758;25.9;27.1;26.0;25.9;0.1;0.1;0.1;0.2;
2/2/2017 2:25:13 PM;3759;25.9;27.1;26.0;25.9;0.1;0.1;0.1;0.2;
2/2/2017 2:25:14 PM;3760;25.9;27.1;26.0;25.9;0.1;0.1;0.1;0.2;
2/2/2017 2:25:15 PM;3761;25.9;27.1;26.0;25.9;0.1;0.1;0.1;0.2;
2/2/2017 2:25:16 PM;3762;25.9;27.1;26.0;25.9;0.1;0.1;0.1;0.2;
2/2/2017 2:25:17 PM;3763;25.9;27.1;26.0;25.9;0.1;0.1;0.1;0.2;
2/2/2017 2:25:18 PM;3764;25.9;27.1;26.0;25.9;0.1;0.1;0.1;0.2;
2/2/2017 2:25:19 PM;3765;25.9;27.1;26.0;25.9;0.1;0.1;0.1;0.2;
2/2/2017 2:25:20 PM;3766;25.9;27.1;26.0;25.9;0.1;0.1;0.1;0.2;
2/2/2017 2:25:21 PM;3767;25.9;27.1;26.0;25.9;0.1;0.1;0.1;0.2;
2/2/2017 2:25:22 PM;3768;25.9;27.1;26.0;25.9;0.1;0.1;0.1;0.2;
2/2/2017 2:25:23 PM;3769;25.9;27.1;26.0;25.9;0.1;0.1;0.1;0.2;
2/2/2017 2:25:24 PM;3770;25.9;27.1;26.0;25.9;0.1;0.1;0.1;0.2;
2/2/2017 2:25:25 PM;3771;25.9;27.1;26.0;25.9;0.1;0.1;0.1;0.2;
2/2/2017 2:25:26 PM;3772;25.9;27.1;26.0;25.9;0.1;0.1;0.1;0.2;
2/2/2017 2:25:27 PM;3773;25.9;27.1;26.0;25.9;0.1;0.1;0.1;0.2;
2/2/2017 2:25:28 PM;3774;25.9;27.1;26.0;25.9;0.1;0.1;0.1;0.2;
2/2/2017 2:25:29 PM;3775;25.9;27.1;26.0;25.9;0.1;0.1;0.1;0.2;
2/2/2017 2:25:30 PM;3776;25.9;27.1;26.0;25.9;0.1;0.1;0.1;0.2;
2/2/2017 2:25:31 PM;3777;25.9;27.1;26.0;25.9;0.1;0.1;0.1;0.2;
2/2/2017 2:25:32 PM;3778;25.9;27.1;26.0;25.9;0.1;0.1;0.1;0.2;
2/2/2017 2:25:33 PM;3779;25.9;27.1;26.0;25.9;0.1;0.1;0.1;0.2;
2/2/2017 2:25:34 PM;3780;25.9;27.1;26.0;25.9;0.1;0.1;0.1;0.2;
2/2/2017 2:25:35 PM;3781;25.9;27.1;26.0;25.9;0.1;0.1;0.1;0.2;
2/2/2017 2:25:36 PM;3782;25.9;27.1;26.0;25.9;0.1;0.1;0.1;0.2;
2/2/2017 2:25:37 PM;3783;25.9;27.1;26.0;25.9;0.1;0.1;0.1;0.2;
2/2/2017 2:25:38 PM;3784;25.9;27.1;26.0;25.9;0.1;0.1;0.1;0.2;
2/2/2017 2:25:39 PM;3785;25.9;27.1;26.0;25.9;0.1;0.1;0.1;0.2;
2/2/2017 2:25:40 PM;3786;25.9;27.1;26.0;25.9;0.1;0.1;0.1;0.2;
2/2/2017 2:25:41 PM;3787;25.9;27.1;26.0;25.9;0.1;0.1;0.1;0.2;
2/2/2017 2:25:42 PM;3788;25.9;27.1;26.0;25.9;0.1;0.1;0.1;0.2;
2/2/2017 2:25:43 PM;3789;25.9;27.1;26.0;25.9;0.1;0.1;0.1;0.2;
2/2/2017 2:25:44 PM;3790;25.9;27.1;26.0;25.9;0.1;0.1;0.1;0.2;
2/2/2017 2:25:45 PM;3791;25.9;27.1;26.0;25.9;0.1;0.1;0.1;0.2;
2/2/2017 2:25:46 PM;3792;25.9;27.1;26.0;25.9;0.1;0.1;0.1;0.2;
2/2/2017 2:25:47 PM;3793;25.9;27.1;26.0;25.9;0.1;0.1;0.1;0.2;
2/2/2017 2:25:48 PM;3794;25.9;27.1;26.0;25.9;0.1;0.1;0.1;0.2;
2/2/2017 2:25:49 PM;3795;25.9;27.1;26.0;25.9;0.1;0.1;0.1;0.2;
2/2/2017 2:25:50 PM;3796;25.9;27.1;26.0;25.9;0.1;0.1;0.1;0.2;
2/2/2017 2:25:51 PM;3797;25.9;27.1;26.0;25.9;0.1;0.1;0.1;0.2;
2/2/2017 2:25:52 PM;3798;25.9;27.1;26.0;25.9;0.1;0.1;0.1;0.2;
2/2/2017 2:25:53 PM;3799;25.9;27.1;26.0;25.9;0.1;0.1;0.1;0.2;
2/2/2017 2:25:54 PM;3800;25.9;27.1;26.0;25.9;0.1;0.1;0.1;0.2;
2/2/2017 2:25:55 PM;3801;25.9;27.1;26.0;25.9;0.1;0.1;0.1;0.2;
2/2/2017 2:25:56 PM;3802;25.9;27.1;26.0;25.9;0.1;0.1;0.1;0.2;
2/2/2017 2:25:57 PM;3803;25.9;27.1;26.0;25.9;0.1;0.1;0.1;0.2;
2/2/2017 2:25:58 PM;3804;25.9;27.1;26.0;25.9;0.1;0.1;0.1;0.2;
2/2/2017 2:25:59 PM;3805;25.9;27.1;26.0;25.9;0.1;0.1;0.1;0.2;
2/2/2017 2:26:00 PM;3806;25.9;27.1;26.0;25.9;0.1;0.1;0.1;0.2;
2/2/2017 2:26:01 PM;3807;25.9;27.1;26.0;25.9;0.1;0.1;0.1;0.2;
2/2/2017 2:26:02 PM;3808;25.9;27.1;26.0;25.9;0.1;0.1;0.1;0.2;
2/2/2017 2:26:03 PM;3809;25.9;27.1;26.0;25.9;0.1;0.1;0.1;0.2;
2/2/2017 2:26:04 PM;3810;25.9;27.1;26.0;25.9;0.1;0.1;0.1;0.2;
2/2/2017 2:26:05 PM;3811;25.9;27.1;26.0;25.9;0.1;0.1;0.1;0.2;
2/2/2017 2:26:06 PM;3812;25.9;27.1;26.0;25.9;0.1;0.1;0.1;0.2;
2/2/2017 2:26:07 PM;3813;25.9;27.1;26.0;25.9;0.1;0.1;0.1;0.2;
2/2/2017 2:26:08 PM;3814;25.9;27.1;26.0;25.9;0.1;0.1;0.1;0.2;
2/2/2017 2:26:09 PM;3815;25.9;27.1;26.0;25.9;0.1;0.1;0.1;0.2;
2/2/2017 2:26:10 PM;3816;25.9;27.1;26.0;25.9;0.1;0.1;0.1;0.2;
2/2/2017 2:26:11 PM;3817;25.9;27.1;26.0;25.9;0.1;0.1;0.1;0.2;
2/2/2017 2:26:12 PM;3818;25.9;27.1;26.0;25.9;0.1;0.1;0.1;0.2;
2/2/2017 2:26:13 PM;3819;25.9;27.1;26.0;25.9;0.1;0.1;0.1;0.2;
2/2/2017 2:26:14 PM;3820;25.9;27.1;26.0;25.9;0.1;0.1;0.1;0.2;
2/2/2017 2:26:15 PM;3821;25.9;27.1;26.0;25.9;0.1;0.1;0.1;0.2;
2/2/2017 2:26:16 PM;3822;25.9;27.1;26.0;25.9;0.1;0.1;0.1;0.2;
2/2/2017 2:26:17 PM;3823;25.9;27.1;26.0;25.9;0.1;0.1;0.1;0.2;
2/2/2017 2:26:18 PM;3824;25.9;27.1;26.0;25.9;0.1;0.1;0.1;0.2;
2/2/2017 2:26:19 PM;3825;25.9;27.1;26.0;25.9;0.1;0.1;0.1;0.2;
2/2/2017 2:26:20 PM;3826;25.9;27.1;26.0;25.9;0.1;0.1;0.1;0.2;
2/2/2017 2:26:21 PM;3827;25.9;27.1;26.0;25.9;0.1;0.1;0.1;0.2;
2/2/2017 2:26:22 PM;3828;25.9;27.1;26.0;25.9;0.1;0.1;0.1;0.2;
2/2/2017 2:26:23 PM;3829;25.9;27.1;26.0;25.9;0.1;0.1;0.1;0.2;
2/2/2017 2:26:24 PM;3830;25.9;27.1;26.0;25.9;0.1;0.1;0.1;0.2;
2/2/2017 2:26:25 PM;3831;25.9;27.1;26.0;25.9;0.1;0.1;0.1;0.2;
2/2/2017 2:26:26 PM;3832;25.9;27.1;26.0;25.9;0.1;0.1;0.1;0.2;
2/2/2017 2:26:27 PM;3833;25.9;27.1;26.0;25.9;0.1;0.1;0.1;0.2;
2/2/2017 2:26:28 PM;3834;25.9;27.1;26.0;25.9;0.1;0.1;0.1;0.2;
2/2/2017 2:26:29 PM;3835;25.9;27.1;26.0;25.9;0.1;0.1;0.1;0.2;
2/2/2017 2:26:30 PM;3836;25.9;27.1;26.0;25.9;0.1;0.1;0.1;0.2;
2/2/2017 2:26:31 PM;3837;25.9;27.1;26.0;25.9;0.1;0.1;0.1;0.2;
2/2/2017 2:26:32 PM;3838;25.9;27.1;26.0;25.9;0.1;0.1;0.1;0.2;
2/2/2017 2:26:33 PM;3839;25.9;27.1;26.0;25.9;0.1;0.1;0.1;0.2;
2/2/2017 2:26:34 PM;3840;25.9;27.1;26.0;25.9;0.1;0.1;0.1;0.2;
2/2/2017 2:26:35 PM;3841;25.9;27.1;26.0;25.9;0.1;0.1;0.1;0.2;
2/2/2017 2:26:36 PM;3842;25.9;27.1;26.0;25.9;0.1;0.1;0.1;0.2;
2/2/2017 2:26:37 PM;3843;25.9;27.1;26.0;25.9;0.1;0.1;0.1;0.2;
2/2/2017 2:26:38 PM;3844;25.9;27.1;26.0;25.9;0.1;0.1;0.1;0.2;
2/2/2017 2:26:39 PM;3845;25.9;27.1;26.0;25.9;0.1;0.1;0.1;0.2;
2/2/2017 2:26:40 PM;3846;25.9;27.1;26.0;25.9;0.1;0.1;0.1;0.2;
2/2/2017 2:26:41 PM;3847;25.9;27.1;26.0;25.9;0.1;0.1;0.1;0.2;
2/2/2017 2:26:42 PM;3848;25.9;27.1;26.0;25.9;0.1;0.1;0.1;0.2;
2/2/2017 2:26:43 PM;3849;25.9;27.1;26.0;25.9;0.1;0.1;0.1;0.2;
2/2/2017 2:26:44 PM;3850;25.9;27.1;26.0;25.9;0.1;0.1;0.1;0.2;
2/2/2017 2:26:45 PM;3851;25.9;27.1;26.0;25.9;0.1;0.1;0.1;0.2;
2/2/2017 2:26:46 PM;3852;25.9;27.1;26.0;25.9;0.1;0.1;0.1;0.2;
2/2/2017 2:26:47 PM;3853;25.9;27.1;26.0;25.9;0.1;0.1;0.1;0.2;
2/2/2017 2:26:48 PM;3854;25.9;27.1;26.0;25.9;0.1;0.1;0.1;0.2;
2/2/2017 2:26:49 PM;3855;25.9;27.1;26.0;25.9;0.1;0.1;0.1;0.2;
2/2/2017 2:26:50 PM;3856;25.9;27.1;26.0;25.9;0.1;0.1;0.1;0.2;
2/2/2017 2:26:51 PM;3857;25.9;27.1;26.0;25.9;0.1;0.1;0.1;0.2;
2/2/2017 2:26:52 PM;3858;25.9;27.1;26.0;25.9;0.1;0.1;0.1;0.2;
2/2/2017 2:26:53 PM;3859;25.9;27.1;26.0;25.9;0.1;0.1;0.1;0.2;
2/2/2017 2:26:54 PM;3860;25.9;27.1;26.0;25.9;0.1;0.1;0.1;0.2;
2/2/2017 2:26:55 PM;3861;25.9;27.1;26.0;25.9;0.1;0.1;0.1;0.2;
2/2/2017 2:26:56 PM;3862;25.9;27.1;26.0;25.9;0.1;0.1;0.1;0.2;
2/2/2017 2:26:57 PM;3863;25.9;27.1;26.0;25.9;0.1;0.1;0.1;0.2;
2/2/2017 2:26:58 PM;3864;25.9;27.1;26.0;25.9;0.1;0.1;0.1;0.2;
2/2/2017 2:26:59 PM;3865;25.9;27.1;26.0;25.9;0.1;0.1;0.1;0.2;
2/2/2017 2:27:00 PM;3866;25.9;27.1;26.0;25.9;0.1;0.1;0.1;0.2;
2/2/2017 2:27:01 PM;3867;25.9;27.1;26.0;25.9;0.1;0.1;0.1;0.2;
2/2/2017 2:27:02 PM;3868;25.9;27.1;26.0;25.9;0.1;0.1;0.1;0.2;
2/2/2017 2:27:03 PM;3869;25.9;27.1;26.0;25.9;0.1;0.1;0.1;0.2;
2/2/2017 2:27:04 PM;3870;25.9;27.1;26.0;25.9;0.1;0.1;0.1;0.2;
2/2/2017 2:27:05 PM;3871;25.9;27.1;26.0;25.9;0.1;0.1;0.1;0.2;
2/2/2017 2:27:06 PM;3872;25.9;27.1;26.0;25.9;0.1;0.1;0.1;0.2;
2/2/2017 2:27:07 PM;3873;25.9;27.1;26.0;25.9;0.1;0.1;0.1;0.2;
2/2/2017 2:27:08 PM;3874;25.9;27.1;26.0;25.9;0.1;0.1;0.1;0.2;
2/2/2017 2:27:09 PM;3875;25.9;27.1;26.0;25.9;0.1;0.1;0.1;0.2;
2/2/2017 2:27:10 PM;3876;25.9;27.1;26.0;25.9;0.1;0.1;0.1;0.2;
2/2/2017 2:27:11 PM;3877;25.9;27.1;26.0;25.9;0.1;0.1;0.1;0.2;
2/2/2017 2:27:12 PM;3878;25.9;27.1;26.0;25.9;0.1;0.1;0.1;0.2;
2/2/2017 2:27:13 PM;3879;25.9;27.1;26.0;25.9;0.1;0.1;0.1;0.2;
2/2/2017 2:27:14 PM;3880;25.9;27.1;26.0;25.9;0.1;0.1;0.1;0.2;
2/2/2017 2:27:15 PM;3881;25.9;27.1;26.0;25.9;0.1;0.1;0.1;0.2;
2/2/2017 2:27:16 PM;3882;25.9;27.1;26.0;25.9;0.1;0.1;0.1;0.2;
2/2/2017 2:27:17 PM;3883;25.9;27.1;26.0;25.9;0.1;0.1;0.1;0.2;
2/2/2017 2:27:18 PM;3884;25.9;27.1;26.0;25.9;0.1;0.1;0.1;0.2;
2/2/2017 2:27:19 PM;3885;25.9;27.1;26.0;25.9;0.1;0.1;0.1;0.2;
2/2/2017 2:27:20 PM;3886;25.9;27.1;26.0;25.9;0.1;0.1;0.1;0.2;
2/2/2017 2:27:21 PM;3887;25.9;27.1;26.0;25.9;0.1;0.1;0.1;0.2;
2/2/2017 2:27:22 PM;3888;25.9;27.1;26.0;25.9;0.1;0.1;0.1;0.2;
2/2/2017 2:27:23 PM;3889;25.9;27.1;26.0;25.9;0.1;0.1;0.1;0.2;
2/2/2017 2:27:24 PM;3890;25.9;27.1;26.0;25.9;0.1;0.1;0.1;0.2;
2/2/2017 2:27:25 PM;3891;25.9;27.1;26.0;25.9;0.1;0.1;0.1;0.2;
2/2/2017 2:27:26 PM;3892;25.9;27.1;26.0;25.9;0.1;0.1;0.1;0.2;
2/2/2017 2:27:27 PM;3893;25.9;27.1;26.0;25.9;0.1;0.1;0.1;0.2;
2/2/2017 2:27:28 PM;3894;25.9;27.1;26.0;25.9;0.1;0.1;0.1;0.2;
2/2/2017 2:27:29 PM;3895;25.9;27.1;26.0;25.9;0.1;0.1;0.1;0.2;
2/2/2017 2:27:30 PM;3896;25.9;27.1;26.0;25.9;0.1;0.1;0.1;0.2;
2/2/2017 2:27:31 PM;3897;25.9;27.1;26.0;25.9;0.1;0.1;0.1;0.2;
2/2/2017 2:27:32 PM;3898;25.9;27.1;26.0;25.9;0.1;0.1;0.1;0.2;
2/2/2017 2:27:33 PM;3899;25.9;27.1;26.0;25.9;0.1;0.1;0.1;0.2;
2/2/2017 2:27:34 PM;3900;25.9;27.1;26.0;25.9;0.1;0.1;0.1;0.2;
2/2/2017 2:27:35 PM;3901;25.9;27.1;26.0;25.9;0.1;0.1;0.1;0.2;
2/2/2017 2:27:36 PM;3902;25.9;27.1;26.0;25.9;0.1;0.1;0.1;0.2;
2/2/2017 2:27:37 PM;3903;25.9;27.1;26.0;25.9;0.1;0.1;0.1;0.2;
2/2/2017 2:27:38 PM;3904;25.9;27.1;26.0;25.9;0.1;0.1;0.1;0.2;
2/2/2017 2:27:39 PM;3905;25.9;27.1;26.0;25.9;0.1;0.1;0.1;0.2;
2/2/2017 2:27:40 PM;3906;25.9;27.1;26.0;25.9;0.1;0.1;0.1;0.2;
2/2/2017 2:27:41 PM;3907;25.9;27.1;26.0;25.9;0.1;0.1;0.1;0.2;
2/2/2017 2:27:42 PM;3908;25.9;27.1;26.0;25.9;0.1;0.1;0.1;0.2;
2/2/2017 2:27:43 PM;3909;25.9;27.1;26.0;25.9;0.1;0.1;0.1;0.2;
2/2/2017 2:27:44 PM;3910;25.9;27.1;26.0;25.9;0.1;0.1;0.1;0.2;
2/2/2017 2:27:45 PM;3911;25.9;27.1;26.0;25.9;0.1;0.1;0.1;0.2;
2/2/2017 2:27:46 PM;3912;25.9;27.1;26.0;25.9;0.1;0.1;0.1;0.2;
2/2/2017 2:27:47 PM;3913;25.9;27.1;26.0;25.9;0.1;0.1;0.1;0.2;
2/2/2017 2:27:48 PM;3914;25.9;27.1;26.0;25.9;0.1;0.1;0.1;0.2;
2/2/2017 2:27:49 PM;3915;25.9;27.1;26.0;25.9;0.1;0.1;0.1;0.2;
2/2/2017 2:27:50 PM;3916;25.9;27.1;26.0;25.9;0.1;0.1;0.1;0.2;
2/2/2017 2:27:51 PM;3917;25.9;27.1;26.0;25.9;0.1;0.1;0.1;0.2;
2/2/2017 2:27:52 PM;3918;25.9;27.1;26.0;25.9;0.1;0.1;0.1;0.2;
2/2/2017 2:27:53 PM;3919;25.9;27.1;26.0;25.9;0.1;0.1;0.1;0.2;
2/2/2017 2:27:54 PM;3920;25.9;27.1;26.0;25.9;0.1;0.1;0.1;0.2;
2/2/2017 2:27:55 PM;3921;25.9;27.1;26.0;25.9;0.1;0.1;0.1;0.2;
2/2/2017 2:27:56 PM;3922;25.9;27.1;26.0;25.9;0.1;0.1;0.1;0.2;
2/2/2017 2:27:57 PM;3923;25.9;27.1;26.0;25.9;0.1;0.1;0.1;0.2;
2/2/2017 2:27:58 PM;3924;25.9;27.1;26.0;25.9;0.1;0.1;0.1;0.2;
2/2/2017 2:27:59 PM;3925;25.9;27.1;26.0;25.9;0.1;0.1;0.1;0.2;
2/2/2017 2:28:00 PM;3926;25.9;27.1;26.0;25.9;0.1;0.1;0.1;0.2;
2/2/2017 2:28:01 PM;3927;25.9;27.1;26.0;25.9;0.1;0.1;0.1;0.2;
2/2/2017 2:28:02 PM;3928;25.9;27.1;26.0;25.9;0.1;0.1;0.1;0.2;
2/2/2017 2:28:03 PM;3929;25.9;27.1;26.0;25.9;0.1;0.1;0.1;0.2;
2/2/2017 2:28:04 PM;3930;25.9;27.1;26.0;25.9;0.1;0.1;0.1;0.2;
2/2/2017 2:28:05 PM;3931;25.9;27.1;26.0;25.9;0.1;0.1;0.1;0.2;
2/2/2017 2:28:06 PM;3932;25.9;27.1;26.0;25.9;0.1;0.1;0.1;0.2;
2/2/2017 2:28:07 PM;3933;25.9;27.1;26.0;25.9;0.1;0.1;0.1;0.2;
2/2/2017 2:28:08 PM;3934;25.9;27.1;26.0;25.9;0.1;0.1;0.1;0.2;
2/2/2017 2:28:09 PM;3935;25.9;27.1;26.0;25.9;0.1;0.1;0.1;0.2;
2/2/2017 2:28:10 PM;3936;25.9;27.1;26.0;25.9;0.1;0.1;0.1;0.2;
2/2/2017 2:28:11 PM;3937;25.9;27.1;26.0;25.9;0.1;0.1;0.1;0.2;
2/2/2017 2:28:12 PM;3938;25.9;27.1;26.0;25.9;0.1;0.1;0.1;0.2;
2/2/2017 2:28:13 PM;3939;25.9;27.1;26.0;25.9;0.1;0.1;0.1;0.2;
2/2/2017 2:28:14 PM;3940;25.9;27.1;26.0;25.9;0.1;0.1;0.1;0.2;
2/2/2017 2:28:15 PM;3941;25.9;27.1;26.0;25.9;0.1;0.1;0.1;0.2;
2/2/2017 2:28:16 PM;3942;25.9;27.1;26.0;25.9;0.1;0.1;0.1;0.2;
2/2/2017 2:28:17 PM;3943;25.9;27.1;26.0;25.9;0.1;0.1;0.1;0.2;
2/2/2017 2:28:18 PM;3944;25.9;27.1;26.0;25.9;0.1;0.1;0.1;0.2;
2/2/2017 2:28:19 PM;3945;25.9;27.1;26.0;25.9;0.1;0.1;0.1;0.2;
2/2/2017 2:28:20 PM;3946;25.9;27.1;26.0;25.9;0.1;0.1;0.1;0.2;
2/2/2017 2:28:21 PM;3947;25.9;27.1;26.0;25.9;0.1;0.1;0.1;0.2;
2/2/2017 2:28:22 PM;3948;25.9;27.1;26.0;25.9;0.1;0.1;0.1;0.2;
2/2/2017 2:28:23 PM;3949;25.9;27.1;26.0;25.9;0.1;0.1;0.1;0.2;
2/2/2017 2:28:24 PM;3950;25.9;27.1;26.0;25.9;0.1;0.1;0.1;0.2;
2/2/2017 2:28:25 PM;3951;25.9;27.1;26.0;25.9;0.1;0.1;0.1;0.2;
2/2/2017 2:28:26 PM;3952;25.9;27.1;26.0;25.9;0.1;0.1;0.1;0.2;
2/2/2017 2:28:27 PM;3953;25.9;27.1;26.0;25.9;0.1;0.1;0.1;0.2;
2/2/2017 2:28:28 PM;3954;25.9;27.1;26.0;25.9;0.1;0.1;0.1;0.2;
2/2/2017 2:28:29 PM;3955;25.9;27.1;26.0;25.9;0.1;0.1;0.1;0.2;
2/2/2017 2:28:30 PM;3956;25.9;27.1;26.0;25.9;0.1;0.1;0.1;0.2;
2/2/2017 2:28:31 PM;3957;25.9;27.1;26.0;25.9;0.1;0.1;0.1;0.2;
2/2/2017 2:28:32 PM;3958;25.9;27.1;26.0;25.9;0.1;0.1;0.1;0.2;
2/2/2017 2:28:33 PM;3959;25.9;27.1;26.0;25.9;0.1;0.1;0.1;0.2;
2/2/2017 2:28:34 PM;3960;25.9;27.1;26.0;25.9;0.1;0.1;0.1;0.2;
2/2/2017 2:28:35 PM;3961;25.9;27.1;26.0;25.9;0.1;0.1;0.1;0.2;
2/2/2017 2:28:36 PM;3962;25.9;27.1;26.0;25.9;0.1;0.1;0.1;0.2;
2/2/2017 2:28:37 PM;3963;25.9;27.1;26.0;25.9;0.1;0.1;0.1;0.2;
2/2/2017 2:28:38 PM;3964;25.9;27.1;26.0;25.9;0.1;0.1;0.1;0.2;
2/2/2017 2:28:39 PM;3965;25.9;27.1;26.0;25.9;0.1;0.1;0.1;0.2;
2/2/2017 2:28:40 PM;3966;25.9;27.1;26.0;25.9;0.1;0.1;0.1;0.2;
2/2/2017 2:28:41 PM;3967;25.9;27.1;26.0;25.9;0.1;0.1;0.1;0.2;
2/2/2017 2:28:42 PM;3968;25.9;27.1;26.0;25.9;0.1;0.1;0.1;0.2;
2/2/2017 2:28:43 PM;3969;25.9;27.1;26.0;25.9;0.1;0.1;0.1;0.2;
2/2/2017 2:28:44 PM;3970;25.9;27.1;26.0;25.9;0.1;0.1;0.1;0.2;
2/2/2017 2:28:45 PM;3971;25.9;27.1;26.0;25.9;0.1;0.1;0.1;0.2;
2/2/2017 2:28:46 PM;3972;25.9;27.1;26.0;25.9;0.1;0.1;0.1;0.2;
2/2/2017 2:28:47 PM;3973;25.9;27.1;26.0;25.9;0.1;0.1;0.1;0.2;
2/2/2017 2:28:48 PM;3974;25.9;27.1;26.0;25.9;0.1;0.1;0.1;0.2;
2/2/2017 2:28:49 PM;3975;25.9;27.1;26.0;25.9;0.1;0.1;0.1;0.2;
2/2/2017 2:28:50 PM;3976;25.9;27.1;26.0;25.9;0.1;0.1;0.1;0.2;
2/2/2017 2:28:51 PM;3977;25.9;27.1;26.0;25.9;0.1;0.1;0.1;0.2;
2/2/2017 2:28:52 PM;3978;25.9;27.1;26.0;25.9;0.1;0.1;0.1;0.2;
2/2/2017 2:28:53 PM;3979;25.9;27.1;26.0;25.9;0.1;0.1;0.1;0.2;
2/2/2017 2:28:54 PM;3980;25.9;27.1;26.0;25.9;0.1;0.1;0.1;0.2;
2/2/2017 2:28:55 PM;3981;25.9;27.1;26.0;25.9;0.1;0.1;0.1;0.2;
2/2/2017 2:28:56 PM;3982;25.9;27.1;26.0;25.9;0.1;0.1;0.1;0.2;
2/2/2017 2:28:57 PM;3983;25.9;27.1;26.0;25.9;0.1;0.1;0.1;0.2;
2/2/2017 2:28:58 PM;3984;25.9;27.1;26.0;25.9;0.1;0.1;0.1;0.2;
2/2/2017 2:28:59 PM;3985;25.9;27.1;26.0;25.9;0.1;0.1;0.1;0.2;
2/2/2017 2:29:00 PM;3986;25.9;27.1;26.0;25.9;0.1;0.1;0.1;0.2;
2/2/2017 2:29:01 PM;3987;25.9;27.1;26.0;25.9;0.1;0.1;0.1;0.2;
2/2/2017 2:29:02 PM;3988;25.9;27.1;26.0;25.9;0.1;0.1;0.1;0.2;
2/2/2017 2:29:03 PM;3989;25.9;27.1;26.0;25.9;0.1;0.1;0.1;0.2;
2/2/2017 2:29:04 PM;3990;25.9;27.1;26.0;25.9;0.1;0.1;0.1;0.2;
2/2/2017 2:29:05 PM;3991;25.9;27.1;26.0;25.9;0.1;0.1;0.1;0.2;
2/2/2017 2:29:06 PM;3992;25.9;27.1;26.0;25.9;0.1;0.1;0.1;0.2;
2/2/2017 2:29:07 PM;3993;25.9;27.1;26.0;25.9;0.1;0.1;0.1;0.2;
2/2/2017 2:29:08 PM;3994;25.9;27.1;26.0;25.9;0.1;0.1;0.1;0.2;
2/2/2017 2:29:09 PM;3995;25.9;27.1;26.0;25.9;0.1;0.1;0.1;0.2;
2/2/2017 2:29:10 PM;3996;25.9;27.1;26.0;25.9;0.1;0.1;0.1;0.2;
2/2/2017 2:29:11 PM;3997;25.9;27.1;26.0;25.9;0.1;0.1;0.1;0.2;
2/2/2017 2:29:12 PM;3998;25.9;27.1;26.0;25.9;0.1;0.1;0.1;0.2;
2/2/2017 2:29:13 PM;3999;25.9;27.1;26.0;25.9;0.1;0.1;0.1;0.2;
2/2/2017 2:29:14 PM;4000;25.9;27.1;26.0;25.9;0.1;0.1;0.1;0.2;
2/2/2017 2:29:15 PM;4001;25.9;27.1;26.0;25.9;0.1;0.1;0.1;0.2;
2/2/2017 2:29:16 PM;4002;25.9;27.1;26.0;25.9;0.1;0.1;0.1;0.2;
2/2/2017 2:29:17 PM;4003;25.9;27.1;26.0;25.9;0.1;0.1;0.1;0.2;
2/2/2017 2:29:18 PM;4004;25.9;27.1;26.0;25.9;0.1;0.1;0.1;0.2;
2/2/2017 2:29:19 PM;4005;25.9;27.1;26.0;25.9;0.1;0.1;0.1;0.2;
2/2/2017 2:29:20 PM;4006;25.9;27.1;26.0;25.9;0.1;0.1;0.1;0.2;
2/2/2017 2:29:21 PM;4007;25.9;27.1;26.0;25.9;0.1;0.1;0.1;0.2;
2/2/2017 2:29:22 PM;4008;25.9;27.1;26.0;25.9;0.1;0.1;0.1;0.2;
2/2/2017 2:29:23 PM;4009;25.9;27.1;26.0;25.9;0.1;0.1;0.1;0.2;
2/2/2017 2:29:24 PM;4010;25.9;27.1;26.0;25.9;0.1;0.1;0.1;0.2;
2/2/2017 2:29:25 PM;4011;25.9;27.1;26.0;25.9;0.1;0.1;0.1;0.2;
2/2/2017 2:29:26 PM;4012;25.9;27.1;26.0;25.9;0.1;0.1;0.1;0.2;
2/2/2017 2:29:27 PM;4013;25.9;27.1;26.0;25.9;0.1;0.1;0.1;0.2;
2/2/2017 2:29:28 PM;4014;25.9;27.1;26.0;25.9;0.1;0.1;0.1;0.2;
2/2/2017 2:29:29 PM;4015;25.9;27.1;26.0;25.9;0.1;0.1;0.1;0.2;
2/2/2017 2:29:30 PM;4016;25.9;27.1;26.0;25.9;0.1;0.1;0.1;0.2;
2/2/2017 2:29:31 PM;4017;25.9;27.1;26.0;25.9;0.1;0.1;0.1;0.2;
2/2/2017 2:29:32 PM;4018;25.9;27.1;26.0;25.9;0.1;0.1;0.1;0.2;
2/2/2017 2:29:33 PM;4019;25.9;27.1;26.0;25.9;0.1;0.1;0.1;0.2;
2/2/2017 2:29:34 PM;4020;25.9;27.1;26.0;25.9;0.1;0.1;0.1;0.2;
2/2/2017 2:29:35 PM;4021;25.9;27.1;26.0;25.9;0.1;0.1;0.1;0.2;
2/2/2017 2:29:36 PM;4022;25.9;27.1;26.0;25.9;0.1;0.1;0.1;0.2;
2/2/2017 2:29:37 PM;4023;25.9;27.1;26.0;25.9;0.1;0.1;0.1;0.2;
2/2/2017 2:29:38 PM;4024;25.9;27.1;26.0;25.9;0.1;0.1;0.1;0.2;
2/2/2017 2:29:39 PM;4025;25.9;27.1;26.0;25.9;0.1;0.1;0.1;0.2;
2/2/2017 2:29:40 PM;4026;25.9;27.1;26.0;25.9;0.1;0.1;0.1;0.2;
2/2/2017 2:29:41 PM;4027;25.9;27.1;26.0;25.9;0.1;0.1;0.1;0.2;
2/2/2017 2:29:42 PM;4028;25.9;27.1;26.0;25.9;0.1;0.1;0.1;0.2;
2/2/2017 2:29:43 PM;4029;25.9;27.1;26.0;25.9;0.1;0.1;0.1;0.2;
2/2/2017 2:29:44 PM;4030;25.9;27.1;26.0;25.9;0.1;0.1;0.1;0.2;
2/2/2017 2:29:45 PM;4031;25.9;27.1;26.0;25.9;0.1;0.1;0.1;0.2;
2/2/2017 2:29:46 PM;4032;25.9;27.1;26.0;25.9;0.1;0.1;0.1;0.2;
2/2/2017 2:29:47 PM;4033;25.9;27.1;26.0;25.9;0.1;0.1;0.1;0.2;
2/2/2017 2:29:48 PM;4034;25.9;27.1;26.0;25.9;0.1;0.1;0.1;0.2;
2/2/2017 2:29:49 PM;4035;25.9;27.1;26.0;25.9;0.1;0.1;0.1;0.2;
2/2/2017 2:29:50 PM;4036;25.9;27.1;26.0;25.9;0.1;0.1;0.1;0.2;
2/2/2017 2:29:51 PM;4037;25.9;27.1;26.0;25.9;0.1;0.1;0.1;0.2;
2/2/2017 2:29:52 PM;4038;25.9;27.1;26.0;25.9;0.1;0.1;0.1;0.2;
2/2/2017 2:29:53 PM;4039;25.9;27.1;26.0;25.9;0.1;0.1;0.1;0.2;
2/2/2017 2:29:54 PM;4040;25.9;27.1;26.0;25.9;0.1;0.1;0.1;0.2;
2/2/2017 2:29:55 PM;4041;25.9;27.1;26.0;25.9;0.1;0.1;0.1;0.2;
2/2/2017 2:29:56 PM;4042;25.9;27.1;26.0;25.9;0.1;0.1;0.1;0.2;
2/2/2017 2:29:57 PM;4043;25.9;27.1;26.0;25.9;0.1;0.1;0.1;0.2;
2/2/2017 2:29:58 PM;4044;25.9;27.1;26.0;25.9;0.1;0.1;0.1;0.2;
2/2/2017 2:29:59 PM;4045;25.9;27.1;26.0;25.9;0.1;0.1;0.1;0.2;
2/2/2017 2:30:00 PM;4046;25.9;27.1;26.0;25.9;0.1;0.1;0.1;0.2;
2/2/2017 2:30:01 PM;4047;25.9;27.1;26.0;25.9;0.1;0.1;0.1;0.2;
2/2/2017 2:30:02 PM;4048;25.9;27.1;26.0;25.9;0.1;0.1;0.1;0.2;
2/2/2017 2:30:03 PM;4049;25.9;27.1;26.0;25.9;0.1;0.1;0.1;0.2;
2/2/2017 2:30:04 PM;4050;25.9;27.1;26.0;25.9;0.1;0.1;0.1;0.2;
2/2/2017 2:30:05 PM;4051;25.9;27.1;26.0;25.9;0.1;0.1;0.1;0.2;
2/2/2017 2:30:06 PM;4052;25.9;27.1;26.0;25.9;0.1;0.1;0.1;0.2;
2/2/2017 2:30:07 PM;4053;25.9;27.1;26.0;25.9;0.1;0.1;0.1;0.2;
2/2/2017 2:30:08 PM;4054;25.9;27.1;26.0;25.9;0.1;0.1;0.1;0.2;
2/2/2017 2:30:09 PM;4055;25.9;27.1;26.0;25.9;0.1;0.1;0.1;0.2;
2/2/2017 2:30:10 PM;4056;25.9;27.1;26.0;25.9;0.1;0.1;0.1;0.2;
2/2/2017 2:30:11 PM;4057;25.9;27.1;26.0;25.9;0.1;0.1;0.1;0.2;
2/2/2017 2:30:12 PM;4058;25.9;27.1;26.0;25.9;0.1;0.1;0.1;0.2;
2/2/2017 2:30:13 PM;4059;25.9;27.1;26.0;25.9;0.1;0.1;0.1;0.2;
2/2/2017 2:30:14 PM;4060;25.9;27.1;26.0;25.9;0.1;0.1;0.1;0.2;
2/2/2017 2:30:15 PM;4061;25.9;27.1;26.0;25.9;0.1;0.1;0.1;0.2;
2/2/2017 2:30:16 PM;4062;25.9;27.1;26.0;25.9;0.1;0.1;0.1;0.2;
2/2/2017 2:30:17 PM;4063;25.9;27.1;26.0;25.9;0.1;0.1;0.1;0.2;
2/2/2017 2:30:18 PM;4064;25.9;27.1;26.0;25.9;0.1;0.1;0.1;0.2;
2/2/2017 2:30:19 PM;4065;25.9;27.1;26.0;25.9;0.1;0.1;0.1;0.2;
2/2/2017 2:30:20 PM;4066;25.9;27.1;26.0;25.9;0.1;0.1;0.1;0.2;
2/2/2017 2:30:21 PM;4067;25.9;27.1;26.0;25.9;0.1;0.1;0.1;0.2;
2/2/2017 2:30:22 PM;4068;25.9;27.1;26.0;25.9;0.1;0.1;0.1;0.2;
2/2/2017 2:30:23 PM;4069;25.9;27.1;26.0;25.9;0.1;0.1;0.1;0.2;
2/2/2017 2:30:24 PM;4070;25.9;27.1;26.0;25.9;0.1;0.1;0.1;0.2;
2/2/2017 2:30:25 PM;4071;25.9;27.1;26.0;25.9;0.1;0.1;0.1;0.2;
2/2/2017 2:30:26 PM;4072;25.9;27.1;26.0;25.9;0.1;0.1;0.1;0.2;
2/2/2017 2:30:27 PM;4073;25.9;27.1;26.0;25.9;0.1;0.1;0.1;0.2;
2/2/2017 2:30:28 PM;4074;25.9;27.1;26.0;25.9;0.1;0.1;0.1;0.2;
2/2/2017 2:30:29 PM;4075;25.9;27.1;26.0;25.9;0.1;0.1;0.1;0.2;
2/2/2017 2:30:30 PM;4076;25.9;27.1;26.0;25.9;0.1;0.1;0.1;0.2;
2/2/2017 2:30:31 PM;4077;25.9;27.1;26.0;25.9;0.1;0.1;0.1;0.2;
2/2/2017 2:30:32 PM;4078;25.9;27.1;26.0;25.9;0.1;0.1;0.1;0.2;
2/2/2017 2:30:33 PM;4079;25.9;27.1;26.0;25.9;0.1;0.1;0.1;0.2;
2/2/2017 2:30:34 PM;4080;25.9;27.1;26.0;25.9;0.1;0.1;0.1;0.2;
2/2/2017 2:30:35 PM;4081;25.9;27.1;26.0;25.9;0.1;0.1;0.1;0.2;
2/2/2017 2:30:36 PM;4082;25.9;27.1;26.0;25.9;0.1;0.1;0.1;0.2;
2/2/2017 2:30:37 PM;4083;25.9;27.1;26.0;25.9;0.1;0.1;0.1;0.2;
2/2/2017 2:30:38 PM;4084;25.9;27.1;26.0;25.9;0.1;0.1;0.1;0.2;
2/2/2017 2:30:39 PM;4085;25.9;27.1;26.0;25.9;0.1;0.1;0.1;0.2;
2/2/2017 2:30:40 PM;4086;25.9;27.1;26.0;25.9;0.1;0.1;0.1;0.2;
2/2/2017 2:30:41 PM;4087;25.9;27.1;26.0;25.9;0.1;0.1;0.1;0.2;
2/2/2017 2:30:42 PM;4088;25.9;27.1;26.0;25.9;0.1;0.1;0.1;0.2;
2/2/2017 2:30:43 PM;4089;25.9;27.1;26.0;25.9;0.1;0.1;0.1;0.2;
2/2/2017 2:30:44 PM;4090;25.9;27.1;26.0;25.9;0.1;0.1;0.1;0.2;
2/2/2017 2:30:45 PM;4091;25.9;27.1;26.0;25.9;0.1;0.1;0.1;0.2;
2/2/2017 2:30:46 PM;4092;25.9;27.1;26.0;25.9;0.1;0.1;0.1;0.2;
2/2/2017 2:30:47 PM;4093;25.9;27.1;26.0;25.9;0.1;0.1;0.1;0.2;
2/2/2017 2:30:48 PM;4094;25.9;27.1;26.0;25.9;0.1;0.1;0.1;0.2;
2/2/2017 2:30:49 PM;4095;25.9;27.1;26.0;25.9;0.1;0.1;0.1;0.2;
2/2/2017 2:30:50 PM;4096;25.9;27.1;26.0;25.9;0.1;0.1;0.1;0.2;
2/2/2017 2:30:51 PM;4097;25.9;27.1;26.0;25.9;0.1;0.1;0.1;0.2;
2/2/2017 2:30:52 PM;4098;25.9;27.1;26.0;25.9;0.1;0.1;0.1;0.2;
2/2/2017 2:30:53 PM;4099;25.9;27.1;26.0;25.9;0.1;0.1;0.1;0.2;
2/2/2017 2:30:54 PM;4100;25.9;27.1;26.0;25.9;0.1;0.1;0.1;0.2;
2/2/2017 2:30:55 PM;4101;25.9;27.1;26.0;25.9;0.1;0.1;0.1;0.2;
2/2/2017 2:30:56 PM;4102;25.9;27.1;26.0;25.9;0.1;0.1;0.1;0.2;
2/2/2017 2:30:57 PM;4103;25.9;27.1;26.0;25.9;0.1;0.1;0.1;0.2;
2/2/2017 2:30:58 PM;4104;25.9;27.1;26.0;25.9;0.1;0.1;0.1;0.2;
2/2/2017 2:30:59 PM;4105;25.9;27.1;26.0;25.9;0.1;0.1;0.1;0.2;
2/2/2017 2:31:00 PM;4106;25.9;27.1;26.0;25.9;0.1;0.1;0.1;0.2;
2/2/2017 2:31:01 PM;4107;25.9;27.1;26.0;25.9;0.1;0.1;0.1;0.2;
2/2/2017 2:31:02 PM;4108;25.9;27.1;26.0;25.9;0.1;0.1;0.1;0.2;
2/2/2017 2:31:03 PM;4109;25.9;27.1;26.0;25.9;0.1;0.1;0.1;0.2;
2/2/2017 2:31:04 PM;4110;25.9;27.1;26.0;25.9;0.1;0.1;0.1;0.2;
2/2/2017 2:31:05 PM;4111;25.9;27.1;26.0;25.9;0.1;0.1;0.1;0.2;
2/2/2017 2:31:06 PM;4112;25.9;27.1;26.0;25.9;0.1;0.1;0.1;0.2;
2/2/2017 2:31:07 PM;4113;25.9;27.1;26.0;25.9;0.1;0.1;0.1;0.2;
2/2/2017 2:31:08 PM;4114;25.9;27.1;26.0;25.9;0.1;0.1;0.1;0.2;
2/2/2017 2:31:09 PM;4115;25.9;27.1;26.0;25.9;0.1;0.1;0.1;0.2;
2/2/2017 2:31:10 PM;4116;25.9;27.1;26.0;25.9;0.1;0.1;0.1;0.2;
2/2/2017 2:31:11 PM;4117;25.9;27.1;26.0;25.9;0.1;0.1;0.1;0.2;
2/2/2017 2:31:12 PM;4118;25.9;27.1;26.0;25.9;0.1;0.1;0.1;0.2;
2/2/2017 2:31:13 PM;4119;25.9;27.1;26.0;25.9;0.1;0.1;0.1;0.2;
2/2/2017 2:31:14 PM;4120;25.9;27.1;26.0;25.9;0.1;0.1;0.1;0.2;
2/2/2017 2:31:15 PM;4121;25.9;27.1;26.0;25.9;0.1;0.1;0.1;0.2;
2/2/2017 2:31:16 PM;4122;25.9;27.1;26.0;25.9;0.1;0.1;0.1;0.2;
2/2/2017 2:31:17 PM;4123;25.9;27.1;26.0;25.9;0.1;0.1;0.1;0.2;
2/2/2017 2:31:18 PM;4124;25.9;27.1;26.0;25.9;0.1;0.1;0.1;0.2;
2/2/2017 2:31:19 PM;4125;25.9;27.1;26.0;25.9;0.1;0.1;0.1;0.2;
2/2/2017 2:31:20 PM;4126;25.9;27.1;26.0;25.9;0.1;0.1;0.1;0.2;
2/2/2017 2:31:21 PM;4127;25.9;27.1;26.0;25.9;0.1;0.1;0.1;0.2;
2/2/2017 2:31:22 PM;4128;25.9;27.1;26.0;25.9;0.1;0.1;0.1;0.2;
2/2/2017 2:31:23 PM;4129;25.9;27.1;26.0;25.9;0.1;0.1;0.1;0.2;
2/2/2017 2:31:24 PM;4130;25.9;27.1;26.0;25.9;0.1;0.1;0.1;0.2;
2/2/2017 2:31:25 PM;4131;25.9;27.1;26.0;25.9;0.1;0.1;0.1;0.2;
2/2/2017 2:31:26 PM;4132;25.9;27.1;26.0;25.9;0.1;0.1;0.1;0.2;
2/2/2017 2:31:27 PM;4133;25.9;27.1;26.0;25.9;0.1;0.1;0.1;0.2;
2/2/2017 2:31:28 PM;4134;25.9;27.1;26.0;25.9;0.1;0.1;0.1;0.2;
2/2/2017 2:31:29 PM;4135;25.9;27.1;26.0;25.9;0.1;0.1;0.1;0.2;
2/2/2017 2:31:30 PM;4136;25.9;27.1;26.0;25.9;0.1;0.1;0.1;0.2;
2/2/2017 2:31:31 PM;4137;25.9;27.1;26.0;25.9;0.1;0.1;0.1;0.2;
2/2/2017 2:31:32 PM;4138;25.9;27.1;26.0;25.9;0.1;0.1;0.1;0.2;
2/2/2017 2:31:33 PM;4139;25.9;27.1;26.0;25.9;0.1;0.1;0.1;0.2;
2/2/2017 2:31:34 PM;4140;25.9;27.1;26.0;25.9;0.1;0.1;0.1;0.2;
2/2/2017 2:31:35 PM;4141;25.9;27.1;26.0;25.9;0.1;0.1;0.1;0.2;
2/2/2017 2:31:36 PM;4142;25.9;27.1;26.0;25.9;0.1;0.1;0.1;0.2;
2/2/2017 2:31:37 PM;4143;25.9;27.1;26.0;25.9;0.1;0.1;0.1;0.2;
2/2/2017 2:31:38 PM;4144;25.9;27.1;26.0;25.9;0.1;0.1;0.1;0.2;
2/2/2017 2:31:39 PM;4145;25.9;27.1;26.0;25.9;0.1;0.1;0.1;0.2;
2/2/2017 2:31:40 PM;4146;25.9;27.1;26.0;25.9;0.1;0.1;0.1;0.2;
2/2/2017 2:31:41 PM;4147;25.9;27.1;26.0;25.9;0.1;0.1;0.1;0.2;
2/2/2017 2:31:42 PM;4148;25.9;27.1;26.0;25.9;0.1;0.1;0.1;0.2;
2/2/2017 2:31:43 PM;4149;25.9;27.1;26.0;25.9;0.1;0.1;0.1;0.2;
2/2/2017 2:31:44 PM;4150;25.9;27.1;26.0;25.9;0.1;0.1;0.1;0.2;
2/2/2017 2:31:45 PM;4151;25.9;27.1;26.0;25.9;0.1;0.1;0.1;0.2;
2/2/2017 2:31:46 PM;4152;25.9;27.1;26.0;25.9;0.1;0.1;0.1;0.2;
2/2/2017 2:31:47 PM;4153;25.9;27.1;26.0;25.9;0.1;0.1;0.1;0.2;
2/2/2017 2:31:48 PM;4154;25.9;27.1;26.0;25.9;0.1;0.1;0.1;0.2;
2/2/2017 2:31:49 PM;4155;25.9;27.1;26.0;25.9;0.1;0.1;0.1;0.2;
2/2/2017 2:31:50 PM;4156;25.9;27.1;26.0;25.9;0.1;0.1;0.1;0.2;
2/2/2017 2:31:51 PM;4157;25.9;27.1;26.0;25.9;0.1;0.1;0.1;0.2;
2/2/2017 2:31:52 PM;4158;25.9;27.1;26.0;25.9;0.1;0.1;0.1;0.2;
2/2/2017 2:31:53 PM;4159;25.9;27.1;26.0;25.9;0.1;0.1;0.1;0.2;
2/2/2017 2:31:54 PM;4160;25.9;27.1;26.0;25.9;0.1;0.1;0.1;0.2;
2/2/2017 2:31:55 PM;4161;25.9;27.1;26.0;25.9;0.1;0.1;0.1;0.2;
2/2/2017 2:31:56 PM;4162;25.9;27.1;26.0;25.9;0.1;0.1;0.1;0.2;
2/2/2017 2:31:57 PM;4163;25.9;27.1;26.0;25.9;0.1;0.1;0.1;0.2;
2/2/2017 2:31:58 PM;4164;25.9;27.1;26.0;25.9;0.1;0.1;0.1;0.2;
2/2/2017 2:31:59 PM;4165;25.9;27.1;26.0;25.9;0.1;0.1;0.1;0.2;
2/2/2017 2:32:00 PM;4166;25.9;27.1;26.0;25.9;0.1;0.1;0.1;0.2;
2/2/2017 2:32:01 PM;4167;25.9;27.1;26.0;25.9;0.1;0.1;0.1;0.2;
2/2/2017 2:32:02 PM;4168;25.9;27.1;26.0;25.9;0.1;0.1;0.1;0.2;
2/2/2017 2:32:03 PM;4169;25.9;27.1;26.0;25.9;0.1;0.1;0.1;0.2;
2/2/2017 2:32:04 PM;4170;25.9;27.1;26.0;25.9;0.1;0.1;0.1;0.2;
2/2/2017 2:32:05 PM;4171;25.9;27.1;26.0;25.9;0.1;0.1;0.1;0.2;
2/2/2017 2:32:06 PM;4172;25.9;27.1;26.0;25.9;0.1;0.1;0.1;0.2;
2/2/2017 2:32:07 PM;4173;25.9;27.1;26.0;25.9;0.1;0.1;0.1;0.2;
2/2/2017 2:32:08 PM;4174;25.9;27.1;26.0;25.9;0.1;0.1;0.1;0.2;
2/2/2017 2:32:09 PM;4175;25.9;27.1;26.0;25.9;0.1;0.1;0.1;0.2;
2/2/2017 2:32:10 PM;4176;25.9;27.1;26.0;25.9;0.1;0.1;0.1;0.2;
2/2/2017 2:32:11 PM;4177;25.9;27.1;26.0;25.9;0.1;0.1;0.1;0.2;
2/2/2017 2:32:12 PM;4178;25.9;27.1;26.0;25.9;0.1;0.1;0.1;0.2;
2/2/2017 2:32:13 PM;4179;25.9;27.1;26.0;25.9;0.1;0.1;0.1;0.2;
2/2/2017 2:32:14 PM;4180;25.9;27.1;26.0;25.9;0.1;0.1;0.1;0.2;
2/2/2017 2:32:15 PM;4181;25.9;27.1;26.0;25.9;0.1;0.1;0.1;0.2;
2/2/2017 2:32:16 PM;4182;25.9;27.1;26.0;25.9;0.1;0.1;0.1;0.2;
2/2/2017 2:32:17 PM;4183;25.9;27.1;26.0;25.9;0.1;0.1;0.1;0.2;
2/2/2017 2:32:18 PM;4184;25.9;27.1;26.0;25.9;0.1;0.1;0.1;0.2;
2/2/2017 2:32:19 PM;4185;25.9;27.1;26.0;25.9;0.1;0.1;0.1;0.2;
2/2/2017 2:32:20 PM;4186;25.9;27.1;26.0;25.9;0.1;0.1;0.1;0.2;
2/2/2017 2:32:21 PM;4187;25.9;27.1;26.0;25.9;0.1;0.1;0.1;0.2;
2/2/2017 2:32:22 PM;4188;25.9;27.1;26.0;25.9;0.1;0.1;0.1;0.2;
2/2/2017 2:32:23 PM;4189;25.9;27.1;26.0;25.9;0.1;0.1;0.1;0.2;
2/2/2017 2:32:24 PM;4190;25.9;27.1;26.0;25.9;0.1;0.1;0.1;0.2;
2/2/2017 2:32:25 PM;4191;25.9;27.1;26.0;25.9;0.1;0.1;0.1;0.2;
2/2/2017 2:32:26 PM;4192;25.9;27.1;26.0;25.9;0.1;0.1;0.1;0.2;
2/2/2017 2:32:27 PM;4193;25.9;27.1;26.0;25.9;0.1;0.1;0.1;0.2;
2/2/2017 2:32:28 PM;4194;25.9;27.1;26.0;25.9;0.1;0.1;0.1;0.2;
2/2/2017 2:32:29 PM;4195;25.9;27.1;26.0;25.9;0.1;0.1;0.1;0.2;
2/2/2017 2:32:30 PM;4196;25.9;27.1;26.0;25.9;0.1;0.1;0.1;0.2;
2/2/2017 2:32:31 PM;4197;25.9;27.1;26.0;25.9;0.1;0.1;0.1;0.2;
2/2/2017 2:32:32 PM;4198;25.9;27.1;26.0;25.9;0.1;0.1;0.1;0.2;
2/2/2017 2:32:33 PM;4199;25.9;27.1;26.0;25.9;0.1;0.1;0.1;0.2;
2/2/2017 2:32:34 PM;4200;25.9;27.1;26.0;25.9;0.1;0.1;0.1;0.2;
2/2/2017 2:32:35 PM;4201;25.9;27.1;26.0;25.9;0.1;0.1;0.1;0.2;
2/2/2017 2:32:36 PM;4202;25.9;27.1;26.0;25.9;0.1;0.1;0.1;0.2;
2/2/2017 2:32:37 PM;4203;25.9;27.1;26.0;25.9;0.1;0.1;0.1;0.2;
2/2/2017 2:32:38 PM;4204;25.9;27.1;26.0;25.9;0.1;0.1;0.1;0.2;
2/2/2017 2:32:39 PM;4205;25.9;27.1;26.0;25.9;0.1;0.1;0.1;0.2;
2/2/2017 2:32:40 PM;4206;25.9;27.1;26.0;25.9;0.1;0.1;0.1;0.2;
2/2/2017 2:32:41 PM;4207;25.9;27.1;26.0;25.9;0.1;0.1;0.1;0.2;
2/2/2017 2:32:42 PM;4208;25.9;27.1;26.0;25.9;0.1;0.1;0.1;0.2;
2/2/2017 2:32:43 PM;4209;25.9;27.1;26.0;25.9;0.1;0.1;0.1;0.2;
2/2/2017 2:32:44 PM;4210;25.9;27.1;26.0;25.9;0.1;0.1;0.1;0.2;
2/2/2017 2:32:45 PM;4211;25.9;27.1;26.0;25.9;0.1;0.1;0.1;0.2;
2/2/2017 2:32:46 PM;4212;25.9;27.1;26.0;25.9;0.1;0.1;0.1;0.2;
2/2/2017 2:32:47 PM;4213;25.9;27.1;26.0;25.9;0.1;0.1;0.1;0.2;
2/2/2017 2:32:48 PM;4214;25.9;27.1;26.0;25.9;0.1;0.1;0.1;0.2;
2/2/2017 2:32:49 PM;4215;25.9;27.1;26.0;25.9;0.1;0.1;0.1;0.2;
2/2/2017 2:32:50 PM;4216;25.9;27.1;26.0;25.9;0.1;0.1;0.1;0.2;
2/2/2017 2:32:51 PM;4217;25.9;27.1;26.0;25.9;0.1;0.1;0.1;0.2;
2/2/2017 2:32:52 PM;4218;25.9;27.1;26.0;25.9;0.1;0.1;0.1;0.2;
2/2/2017 2:32:53 PM;4219;25.9;27.1;26.0;25.9;0.1;0.1;0.1;0.2;
2/2/2017 2:32:54 PM;4220;25.9;27.1;26.0;25.9;0.1;0.1;0.1;0.2;
2/2/2017 2:32:55 PM;4221;25.9;27.1;26.0;25.9;0.1;0.1;0.1;0.2;
2/2/2017 2:32:56 PM;4222;25.9;27.1;26.0;25.9;0.1;0.1;0.1;0.2;
2/2/2017 2:32:57 PM;4223;25.9;27.1;26.0;25.9;0.1;0.1;0.1;0.2;
2/2/2017 2:32:58 PM;4224;25.9;27.1;26.0;25.9;0.1;0.1;0.1;0.2;
2/2/2017 2:32:59 PM;4225;25.9;27.1;26.0;25.9;0.1;0.1;0.1;0.2;
2/2/2017 2:33:00 PM;4226;25.9;27.1;26.0;25.9;0.1;0.1;0.1;0.2;
2/2/2017 2:33:01 PM;4227;25.9;27.1;26.0;25.9;0.1;0.1;0.1;0.2;
2/2/2017 2:33:02 PM;4228;25.9;27.1;26.0;25.9;0.1;0.1;0.1;0.2;
2/2/2017 2:33:03 PM;4229;25.9;27.1;26.0;25.9;0.1;0.1;0.1;0.2;
2/2/2017 2:33:04 PM;4230;25.9;27.1;26.0;25.9;0.1;0.1;0.1;0.2;
2/2/2017 2:33:05 PM;4231;25.9;27.1;26.0;25.9;0.1;0.1;0.1;0.2;
2/2/2017 2:33:06 PM;4232;25.9;27.1;26.0;25.9;0.1;0.1;0.1;0.2;
2/2/2017 2:33:07 PM;4233;25.9;27.1;26.0;25.9;0.1;0.1;0.1;0.2;
2/2/2017 2:33:08 PM;4234;25.9;27.1;26.0;25.9;0.1;0.1;0.1;0.2;
2/2/2017 2:33:09 PM;4235;25.9;27.1;26.0;25.9;0.1;0.1;0.1;0.2;
2/2/2017 2:33:10 PM;4236;25.9;27.1;26.0;25.9;0.1;0.1;0.1;0.2;
2/2/2017 2:33:11 PM;4237;25.9;27.1;26.0;25.9;0.1;0.1;0.1;0.2;
2/2/2017 2:33:12 PM;4238;25.9;27.1;26.0;25.9;0.1;0.1;0.1;0.2;
2/2/2017 2:33:13 PM;4239;25.9;27.1;26.0;25.9;0.1;0.1;0.1;0.2;
2/2/2017 2:33:14 PM;4240;25.9;27.1;26.0;25.9;0.1;0.1;0.1;0.2;
2/2/2017 2:33:15 PM;4241;25.9;27.1;26.0;25.9;0.1;0.1;0.1;0.2;
2/2/2017 2:33:16 PM;4242;25.9;27.1;26.0;25.9;0.1;0.1;0.1;0.2;
2/2/2017 2:33:17 PM;4243;25.9;27.1;26.0;25.9;0.1;0.1;0.1;0.2;
2/2/2017 2:33:18 PM;4244;25.9;27.1;26.0;25.9;0.1;0.1;0.1;0.2;
2/2/2017 2:33:19 PM;4245;25.9;27.1;26.0;25.9;0.1;0.1;0.1;0.2;
2/2/2017 2:33:20 PM;4246;25.9;27.1;26.0;25.9;0.1;0.1;0.1;0.2;
2/2/2017 2:33:21 PM;4247;25.9;27.1;26.0;25.9;0.1;0.1;0.1;0.2;
2/2/2017 2:33:22 PM;4248;25.9;27.1;26.0;25.9;0.1;0.1;0.1;0.2;
2/2/2017 2:33:23 PM;4249;25.9;27.1;26.0;25.9;0.1;0.1;0.1;0.2;
2/2/2017 2:33:24 PM;4250;25.9;27.1;26.0;25.9;0.1;0.1;0.1;0.2;
2/2/2017 2:33:25 PM;4251;25.9;27.1;26.0;25.9;0.1;0.1;0.1;0.2;
2/2/2017 2:33:26 PM;4252;25.9;27.1;26.0;25.9;0.1;0.1;0.1;0.2;
2/2/2017 2:33:27 PM;4253;25.9;27.1;26.0;25.9;0.1;0.1;0.1;0.2;
2/2/2017 2:33:28 PM;4254;25.9;27.1;26.0;25.9;0.1;0.1;0.1;0.2;
2/2/2017 2:33:29 PM;4255;25.9;27.1;26.0;25.9;0.1;0.1;0.1;0.2;
2/2/2017 2:33:30 PM;4256;25.9;27.1;26.0;25.9;0.1;0.1;0.1;0.2;
2/2/2017 2:33:31 PM;4257;25.9;27.1;26.0;25.9;0.1;0.1;0.1;0.2;
2/2/2017 2:33:32 PM;4258;25.9;27.1;26.0;25.9;0.1;0.1;0.1;0.2;
2/2/2017 2:33:33 PM;4259;25.9;27.1;26.0;25.9;0.1;0.1;0.1;0.2;
2/2/2017 2:33:34 PM;4260;25.9;27.1;26.0;25.9;0.1;0.1;0.1;0.2;
2/2/2017 2:33:35 PM;4261;25.9;27.1;26.0;25.9;0.1;0.1;0.1;0.2;
2/2/2017 2:33:36 PM;4262;25.9;27.1;26.0;25.9;0.1;0.1;0.1;0.2;
2/2/2017 2:33:37 PM;4263;25.9;27.1;26.0;25.9;0.1;0.1;0.1;0.2;
2/2/2017 2:33:38 PM;4264;25.9;27.1;26.0;25.9;0.1;0.1;0.1;0.2;
2/2/2017 2:33:39 PM;4265;25.9;27.1;26.0;25.9;0.1;0.1;0.1;0.2;
2/2/2017 2:33:40 PM;4266;25.9;27.1;26.0;25.9;0.1;0.1;0.1;0.2;
2/2/2017 2:33:41 PM;4267;25.9;27.1;26.0;25.9;0.1;0.1;0.1;0.2;
2/2/2017 2:33:42 PM;4268;25.9;27.1;26.0;25.9;0.1;0.1;0.1;0.2;
2/2/2017 2:33:43 PM;4269;25.9;27.1;26.0;25.9;0.1;0.1;0.1;0.2;
2/2/2017 2:33:44 PM;4270;25.9;27.1;26.0;25.9;0.1;0.1;0.1;0.2;
2/2/2017 2:33:45 PM;4271;25.9;27.1;26.0;25.9;0.1;0.1;0.1;0.2;
2/2/2017 2:33:46 PM;4272;25.9;27.1;26.0;25.9;0.1;0.1;0.1;0.2;
2/2/2017 2:33:47 PM;4273;25.9;27.1;26.0;25.9;0.1;0.1;0.1;0.2;
2/2/2017 2:33:48 PM;4274;25.9;27.1;26.0;25.9;0.1;0.1;0.1;0.2;
2/2/2017 2:33:49 PM;4275;25.9;27.1;26.0;25.9;0.1;0.1;0.1;0.2;
2/2/2017 2:33:50 PM;4276;25.9;27.1;26.0;25.9;0.1;0.1;0.1;0.2;
2/2/2017 2:33:51 PM;4277;25.9;27.1;26.0;25.9;0.1;0.1;0.1;0.2;
2/2/2017 2:33:52 PM;4278;25.9;27.1;26.0;25.9;0.1;0.1;0.1;0.2;
2/2/2017 2:33:53 PM;4279;25.9;27.1;26.0;25.9;0.1;0.1;0.1;0.2;
2/2/2017 2:33:54 PM;4280;25.9;27.1;26.0;25.9;0.1;0.1;0.1;0.2;
2/2/2017 2:33:55 PM;4281;25.9;27.1;26.0;25.9;0.1;0.1;0.1;0.2;
2/2/2017 2:33:56 PM;4282;25.9;27.1;26.0;25.9;0.1;0.1;0.1;0.2;
2/2/2017 2:33:57 PM;4283;25.9;27.1;26.0;25.9;0.1;0.1;0.1;0.2;
2/2/2017 2:33:58 PM;4284;25.9;27.1;26.0;25.9;0.1;0.1;0.1;0.2;
2/2/2017 2:33:59 PM;4285;25.9;27.1;26.0;25.9;0.1;0.1;0.1;0.2;
2/2/2017 2:34:00 PM;4286;25.9;27.1;26.0;25.9;0.1;0.1;0.1;0.2;
2/2/2017 2:34:01 PM;4287;25.9;27.1;26.0;25.9;0.1;0.1;0.1;0.2;
2/2/2017 2:34:02 PM;4288;25.9;27.1;26.0;25.9;0.1;0.1;0.1;0.2;
2/2/2017 2:34:03 PM;4289;25.9;27.1;26.0;25.9;0.1;0.1;0.1;0.2;
2/2/2017 2:34:04 PM;4290;25.9;27.1;26.0;25.9;0.1;0.1;0.1;0.2;
2/2/2017 2:34:05 PM;4291;25.9;27.1;26.0;25.9;0.1;0.1;0.1;0.2;
2/2/2017 2:34:06 PM;4292;25.9;27.1;26.0;25.9;0.1;0.1;0.1;0.2;
2/2/2017 2:34:07 PM;4293;25.9;27.1;26.0;25.9;0.1;0.1;0.1;0.2;
2/2/2017 2:34:08 PM;4294;25.9;27.1;26.0;25.9;0.1;0.1;0.1;0.2;
2/2/2017 2:34:09 PM;4295;25.9;27.1;26.0;25.9;0.1;0.1;0.1;0.2;
2/2/2017 2:34:10 PM;4296;25.9;27.1;26.0;25.9;0.1;0.1;0.1;0.2;
2/2/2017 2:34:11 PM;4297;25.9;27.1;26.0;25.9;0.1;0.1;0.1;0.2;
2/2/2017 2:34:12 PM;4298;25.9;27.1;26.0;25.9;0.1;0.1;0.1;0.2;
2/2/2017 2:34:13 PM;4299;25.9;27.1;26.0;25.9;0.1;0.1;0.1;0.2;
2/2/2017 2:34:14 PM;4300;25.9;27.1;26.0;25.9;0.1;0.1;0.1;0.2;
2/2/2017 2:34:15 PM;4301;25.9;27.1;26.0;25.9;0.1;0.1;0.1;0.2;
2/2/2017 2:34:16 PM;4302;25.9;27.1;26.0;25.9;0.1;0.1;0.1;0.2;
2/2/2017 2:34:17 PM;4303;25.9;27.1;26.0;25.9;0.1;0.1;0.1;0.2;
2/2/2017 2:34:18 PM;4304;25.9;27.1;26.0;25.9;0.1;0.1;0.1;0.2;
2/2/2017 2:34:19 PM;4305;25.9;27.1;26.0;25.9;0.1;0.1;0.1;0.2;
2/2/2017 2:34:20 PM;4306;25.9;27.1;26.0;25.9;0.1;0.1;0.1;0.2;
2/2/2017 2:34:21 PM;4307;25.9;27.1;26.0;25.9;0.1;0.1;0.1;0.2;
2/2/2017 2:34:22 PM;4308;25.9;27.1;26.0;25.9;0.1;0.1;0.1;0.2;
2/2/2017 2:34:23 PM;4309;25.9;27.1;26.0;25.9;0.1;0.1;0.1;0.2;
2/2/2017 2:34:24 PM;4310;25.9;27.1;26.0;25.9;0.1;0.1;0.1;0.2;
2/2/2017 2:34:25 PM;4311;25.9;27.1;26.0;25.9;0.1;0.1;0.1;0.2;
2/2/2017 2:34:26 PM;4312;25.9;27.1;26.0;25.9;0.1;0.1;0.1;0.2;
2/2/2017 2:34:27 PM;4313;25.9;27.1;26.0;25.9;0.1;0.1;0.1;0.2;
2/2/2017 2:34:28 PM;4314;25.9;27.1;26.0;25.9;0.1;0.1;0.1;0.2;
2/2/2017 2:34:29 PM;4315;25.9;27.1;26.0;25.9;0.1;0.1;0.1;0.2;
2/2/2017 2:34:30 PM;4316;25.9;27.1;26.0;25.9;0.1;0.1;0.1;0.2;
2/2/2017 2:34:31 PM;4317;25.9;27.1;26.0;25.9;0.1;0.1;0.1;0.2;
2/2/2017 2:34:32 PM;4318;25.9;27.1;26.0;25.9;0.1;0.1;0.1;0.2;
2/2/2017 2:34:33 PM;4319;25.9;27.1;26.0;25.9;0.1;0.1;0.1;0.2;
2/2/2017 2:34:34 PM;4320;25.9;27.1;26.0;25.9;0.1;0.1;0.1;0.2;
2/2/2017 2:34:35 PM;4321;25.9;27.1;26.0;25.9;0.1;0.1;0.1;0.2;
2/2/2017 2:34:36 PM;4322;25.9;27.1;26.0;25.9;0.1;0.1;0.1;0.2;
2/2/2017 2:34:37 PM;4323;25.9;27.1;26.0;25.9;0.1;0.1;0.1;0.2;
2/2/2017 2:34:38 PM;4324;25.9;27.1;26.0;25.9;0.1;0.1;0.1;0.2;
2/2/2017 2:34:39 PM;4325;25.9;27.1;26.0;25.9;0.1;0.1;0.1;0.2;
2/2/2017 2:34:40 PM;4326;25.9;27.1;26.0;25.9;0.1;0.1;0.1;0.2;
2/2/2017 2:34:41 PM;4327;25.9;27.1;26.0;25.9;0.1;0.1;0.1;0.2;
2/2/2017 2:34:42 PM;4328;25.9;27.1;26.0;25.9;0.1;0.1;0.1;0.2;
2/2/2017 2:34:43 PM;4329;25.9;27.1;26.0;25.9;0.1;0.1;0.1;0.2;
2/2/2017 2:34:44 PM;4330;25.9;27.1;26.0;25.9;0.1;0.1;0.1;0.2;
2/2/2017 2:34:45 PM;4331;25.9;27.1;26.0;25.9;0.1;0.1;0.1;0.2;
2/2/2017 2:34:46 PM;4332;25.9;27.1;26.0;25.9;0.1;0.1;0.1;0.2;
2/2/2017 2:34:47 PM;4333;25.9;27.1;26.0;25.9;0.1;0.1;0.1;0.2;
2/2/2017 2:34:48 PM;4334;25.9;27.1;26.0;25.9;0.1;0.1;0.1;0.2;
2/2/2017 2:34:49 PM;4335;25.9;27.1;26.0;25.9;0.1;0.1;0.1;0.2;
2/2/2017 2:34:50 PM;4336;25.9;27.1;26.0;25.9;0.1;0.1;0.1;0.2;
2/2/2017 2:34:51 PM;4337;25.9;27.1;26.0;25.9;0.1;0.1;0.1;0.2;
2/2/2017 2:34:52 PM;4338;25.9;27.1;26.0;25.9;0.1;0.1;0.1;0.2;
2/2/2017 2:34:53 PM;4339;25.9;27.1;26.0;25.9;0.1;0.1;0.1;0.2;
2/2/2017 2:34:54 PM;4340;25.9;27.1;26.0;25.9;0.1;0.1;0.1;0.2;
2/2/2017 2:34:55 PM;4341;25.9;27.1;26.0;25.9;0.1;0.1;0.1;0.2;
2/2/2017 2:34:56 PM;4342;25.9;27.1;26.0;25.9;0.1;0.1;0.1;0.2;
2/2/2017 2:34:57 PM;4343;25.9;27.1;26.0;25.9;0.1;0.1;0.1;0.2;
2/2/2017 2:34:58 PM;4344;25.9;27.1;26.0;25.9;0.1;0.1;0.1;0.2;
2/2/2017 2:34:59 PM;4345;25.9;27.1;26.0;25.9;0.1;0.1;0.1;0.2;
2/2/2017 2:35:00 PM;4346;25.9;27.1;26.0;25.9;0.1;0.1;0.1;0.2;
2/2/2017 2:35:01 PM;4347;25.9;27.1;26.0;25.9;0.1;0.1;0.1;0.2;
2/2/2017 2:35:02 PM;4348;25.9;27.1;26.0;25.9;0.1;0.1;0.1;0.2;
2/2/2017 2:35:03 PM;4349;25.9;27.1;26.0;25.9;0.1;0.1;0.1;0.2;
2/2/2017 2:35:04 PM;4350;25.9;27.1;26.0;25.9;0.1;0.1;0.1;0.2;
2/2/2017 2:35:05 PM;4351;25.9;27.1;26.0;25.9;0.1;0.1;0.1;0.2;
2/2/2017 2:35:06 PM;4352;25.9;27.1;26.0;25.9;0.1;0.1;0.1;0.2;
2/2/2017 2:35:07 PM;4353;25.9;27.1;26.0;25.9;0.1;0.1;0.1;0.2;
2/2/2017 2:35:08 PM;4354;25.9;27.1;26.0;25.9;0.1;0.1;0.1;0.2;
2/2/2017 2:35:09 PM;4355;25.9;27.1;26.0;25.9;0.1;0.1;0.1;0.2;
2/2/2017 2:35:10 PM;4356;25.9;27.1;26.0;25.9;0.1;0.1;0.1;0.2;
2/2/2017 2:35:11 PM;4357;25.9;27.1;26.0;25.9;0.1;0.1;0.1;0.2;
2/2/2017 2:35:12 PM;4358;25.9;27.1;26.0;25.9;0.1;0.1;0.1;0.2;
2/2/2017 2:35:13 PM;4359;25.9;27.1;26.0;25.9;0.1;0.1;0.1;0.2;
2/2/2017 2:35:14 PM;4360;25.9;27.1;26.0;25.9;0.1;0.1;0.1;0.2;
2/2/2017 2:35:15 PM;4361;25.9;27.1;26.0;25.9;0.1;0.1;0.1;0.2;
2/2/2017 2:35:16 PM;4362;25.9;27.1;26.0;25.9;0.1;0.1;0.1;0.2;
2/2/2017 2:35:17 PM;4363;25.9;27.1;26.0;25.9;0.1;0.1;0.1;0.2;
2/2/2017 2:35:18 PM;4364;25.9;27.1;26.0;25.9;0.1;0.1;0.1;0.2;
2/2/2017 2:35:19 PM;4365;25.9;27.1;26.0;25.9;0.1;0.1;0.1;0.2;
2/2/2017 2:35:20 PM;4366;25.9;27.1;26.0;25.9;0.1;0.1;0.1;0.2;
2/2/2017 2:35:21 PM;4367;25.9;27.1;26.0;25.9;0.1;0.1;0.1;0.2;
2/2/2017 2:35:22 PM;4368;25.9;27.1;26.0;25.9;0.1;0.1;0.1;0.2;
2/2/2017 2:35:23 PM;4369;25.9;27.1;26.0;25.9;0.1;0.1;0.1;0.2;
2/2/2017 2:35:24 PM;4370;25.9;27.1;26.0;25.9;0.1;0.1;0.1;0.2;
2/2/2017 2:35:25 PM;4371;25.9;27.1;26.0;25.9;0.1;0.1;0.1;0.2;
2/2/2017 2:35:26 PM;4372;25.9;27.1;26.0;25.9;0.1;0.1;0.1;0.2;
2/2/2017 2:35:27 PM;4373;25.9;27.1;26.0;25.9;0.1;0.1;0.1;0.2;
2/2/2017 2:35:28 PM;4374;25.9;27.1;26.0;25.9;0.1;0.1;0.1;0.2;
2/2/2017 2:35:29 PM;4375;25.9;27.1;26.0;25.9;0.1;0.1;0.1;0.2;
2/2/2017 2:35:30 PM;4376;25.9;27.1;26.0;25.9;0.1;0.1;0.1;0.2;
2/2/2017 2:35:31 PM;4377;25.9;27.1;26.0;25.9;0.1;0.1;0.1;0.2;
2/2/2017 2:35:32 PM;4378;25.9;27.1;26.0;25.9;0.1;0.1;0.1;0.2;
2/2/2017 2:35:33 PM;4379;25.9;27.1;26.0;25.9;0.1;0.1;0.1;0.2;
2/2/2017 2:35:34 PM;4380;25.9;27.1;26.0;25.9;0.1;0.1;0.1;0.2;
2/2/2017 2:35:35 PM;4381;25.9;27.1;26.0;25.9;0.1;0.1;0.1;0.2;
2/2/2017 2:35:36 PM;4382;25.9;27.1;26.0;25.9;0.1;0.1;0.1;0.2;
2/2/2017 2:35:37 PM;4383;25.9;27.1;26.0;25.9;0.1;0.1;0.1;0.2;
2/2/2017 2:35:38 PM;4384;25.9;27.1;26.0;25.9;0.1;0.1;0.1;0.2;
2/2/2017 2:35:39 PM;4385;25.9;27.1;26.0;25.9;0.1;0.1;0.1;0.2;
2/2/2017 2:35:40 PM;4386;25.9;27.1;26.0;25.9;0.1;0.1;0.1;0.2;
2/2/2017 2:35:41 PM;4387;25.9;27.1;26.0;25.9;0.1;0.1;0.1;0.2;
2/2/2017 2:35:42 PM;4388;25.9;27.1;26.0;25.9;0.1;0.1;0.1;0.2;
2/2/2017 2:35:43 PM;4389;25.9;27.1;26.0;25.9;0.1;0.1;0.1;0.2;
2/2/2017 2:35:44 PM;4390;25.9;27.1;26.0;25.9;0.1;0.1;0.1;0.2;
2/2/2017 2:35:45 PM;4391;25.9;27.1;26.0;25.9;0.1;0.1;0.1;0.2;
2/2/2017 2:35:46 PM;4392;25.9;27.1;26.0;25.9;0.1;0.1;0.1;0.2;
2/2/2017 2:35:47 PM;4393;25.9;27.1;26.0;25.9;0.1;0.1;0.1;0.2;
2/2/2017 2:35:48 PM;4394;25.9;27.1;26.0;25.9;0.1;0.1;0.1;0.2;
2/2/2017 2:35:49 PM;4395;25.9;27.1;26.0;25.9;0.1;0.1;0.1;0.2;
2/2/2017 2:35:50 PM;4396;25.9;27.1;26.0;25.9;0.1;0.1;0.1;0.2;
2/2/2017 2:35:51 PM;4397;25.9;27.1;26.0;25.9;0.1;0.1;0.1;0.2;
2/2/2017 2:35:52 PM;4398;25.9;27.1;26.0;25.9;0.1;0.1;0.1;0.2;
2/2/2017 2:35:53 PM;4399;25.9;27.1;26.0;25.9;0.1;0.1;0.1;0.2;
2/2/2017 2:35:54 PM;4400;25.9;27.1;26.0;25.9;0.1;0.1;0.1;0.2;
2/2/2017 2:35:55 PM;4401;25.9;27.1;26.0;25.9;0.1;0.1;0.1;0.2;
2/2/2017 2:35:56 PM;4402;25.9;27.1;26.0;25.9;0.1;0.1;0.1;0.2;
2/2/2017 2:35:57 PM;4403;25.9;27.1;26.0;25.9;0.1;0.1;0.1;0.2;
2/2/2017 2:35:58 PM;4404;25.9;27.1;26.0;25.9;0.1;0.1;0.1;0.2;
2/2/2017 2:35:59 PM;4405;25.9;27.1;26.0;25.9;0.1;0.1;0.1;0.2;
2/2/2017 2:36:00 PM;4406;25.9;27.1;26.0;25.9;0.1;0.1;0.1;0.2;
2/2/2017 2:36:01 PM;4407;25.9;27.1;26.0;25.9;0.1;0.1;0.1;0.2;
2/2/2017 2:36:02 PM;4408;25.9;27.1;26.0;25.9;0.1;0.1;0.1;0.2;
2/2/2017 2:36:03 PM;4409;25.9;27.1;26.0;25.9;0.1;0.1;0.1;0.2;
2/2/2017 2:36:04 PM;4410;25.9;27.1;26.0;25.9;0.1;0.1;0.1;0.2;
2/2/2017 2:36:05 PM;4411;25.9;27.1;26.0;25.9;0.1;0.1;0.1;0.2;
2/2/2017 2:36:06 PM;4412;25.9;27.1;26.0;25.9;0.1;0.1;0.1;0.2;
2/2/2017 2:36:07 PM;4413;25.9;27.1;26.0;25.9;0.1;0.1;0.1;0.2;
2/2/2017 2:36:08 PM;4414;25.9;27.1;26.0;25.9;0.1;0.1;0.1;0.2;
2/2/2017 2:36:09 PM;4415;25.9;27.1;26.0;25.9;0.1;0.1;0.1;0.2;
2/2/2017 2:36:10 PM;4416;25.9;27.1;26.0;25.9;0.1;0.1;0.1;0.2;
2/2/2017 2:36:11 PM;4417;25.9;27.1;26.0;25.9;0.1;0.1;0.1;0.2;
2/2/2017 2:36:12 PM;4418;25.9;27.1;26.0;25.9;0.1;0.1;0.1;0.2;
2/2/2017 2:36:13 PM;4419;25.9;27.1;26.0;25.9;0.1;0.1;0.1;0.2;
2/2/2017 2:36:14 PM;4420;25.9;27.1;26.0;25.9;0.1;0.1;0.1;0.2;
2/2/2017 2:36:15 PM;4421;25.9;27.1;26.0;25.9;0.1;0.1;0.1;0.2;
2/2/2017 2:36:16 PM;4422;25.9;27.1;26.0;25.9;0.1;0.1;0.1;0.2;
2/2/2017 2:36:17 PM;4423;25.9;27.1;26.0;25.9;0.1;0.1;0.1;0.2;
2/2/2017 2:36:18 PM;4424;25.9;27.1;26.0;25.9;0.1;0.1;0.1;0.2;
2/2/2017 2:36:19 PM;4425;25.9;27.1;26.0;25.9;0.1;0.1;0.1;0.2;
2/2/2017 2:36:20 PM;4426;25.9;27.1;26.0;25.9;0.1;0.1;0.1;0.2;
2/2/2017 2:36:21 PM;4427;25.9;27.1;26.0;25.9;0.1;0.1;0.1;0.2;
2/2/2017 2:36:22 PM;4428;25.9;27.1;26.0;25.9;0.1;0.1;0.1;0.2;
2/2/2017 2:36:23 PM;4429;25.9;27.1;26.0;25.9;0.1;0.1;0.1;0.2;
2/2/2017 2:36:24 PM;4430;25.9;27.1;26.0;25.9;0.1;0.1;0.1;0.2;
2/2/2017 2:36:25 PM;4431;25.9;27.1;26.0;25.9;0.1;0.1;0.1;0.2;
2/2/2017 2:36:26 PM;4432;25.9;27.1;26.0;25.9;0.1;0.1;0.1;0.2;
2/2/2017 2:36:27 PM;4433;25.9;27.1;26.0;25.9;0.1;0.1;0.1;0.2;
2/2/2017 2:36:28 PM;4434;25.9;27.1;26.0;25.9;0.1;0.1;0.1;0.2;
2/2/2017 2:36:29 PM;4435;25.9;27.1;26.0;25.9;0.1;0.1;0.1;0.2;
2/2/2017 2:36:30 PM;4436;25.9;27.1;26.0;25.9;0.1;0.1;0.1;0.2;
2/2/2017 2:36:31 PM;4437;25.9;27.1;26.0;25.9;0.1;0.1;0.1;0.2;
2/2/2017 2:36:32 PM;4438;25.9;27.1;26.0;25.9;0.1;0.1;0.1;0.2;
2/2/2017 2:36:33 PM;4439;25.9;27.1;26.0;25.9;0.1;0.1;0.1;0.2;
2/2/2017 2:36:34 PM;4440;25.9;27.1;26.0;25.9;0.1;0.1;0.1;0.2;
2/2/2017 2:36:35 PM;4441;25.9;27.1;26.0;25.9;0.1;0.1;0.1;0.2;
2/2/2017 2:36:36 PM;4442;25.9;27.1;26.0;25.9;0.1;0.1;0.1;0.2;
2/2/2017 2:36:37 PM;4443;25.9;27.1;26.0;25.9;0.1;0.1;0.1;0.2;
2/2/2017 2:36:38 PM;4444;25.9;27.1;26.0;25.9;0.1;0.1;0.1;0.2;
2/2/2017 2:36:39 PM;4445;25.9;27.1;26.0;25.9;0.1;0.1;0.1;0.2;
2/2/2017 2:36:40 PM;4446;25.9;27.1;26.0;25.9;0.1;0.1;0.1;0.2;
2/2/2017 2:36:41 PM;4447;25.9;27.1;26.0;25.9;0.1;0.1;0.1;0.2;
2/2/2017 2:36:42 PM;4448;25.9;27.1;26.0;25.9;0.1;0.1;0.1;0.2;
2/2/2017 2:36:43 PM;4449;25.9;27.1;26.0;25.9;0.1;0.1;0.1;0.2;
2/2/2017 2:36:44 PM;4450;25.9;27.1;26.0;25.9;0.1;0.1;0.1;0.2;
2/2/2017 2:36:45 PM;4451;25.9;27.1;26.0;25.9;0.1;0.1;0.1;0.2;
2/2/2017 2:36:46 PM;4452;25.9;27.1;26.0;25.9;0.1;0.1;0.1;0.2;
2/2/2017 2:36:47 PM;4453;25.9;27.1;26.0;25.9;0.1;0.1;0.1;0.2;
2/2/2017 2:36:48 PM;4454;25.9;27.1;26.0;25.9;0.1;0.1;0.1;0.2;
2/2/2017 2:36:49 PM;4455;25.9;27.1;26.0;25.9;0.1;0.1;0.1;0.2;
2/2/2017 2:36:50 PM;4456;25.9;27.1;26.0;25.9;0.1;0.1;0.1;0.2;
2/2/2017 2:36:51 PM;4457;25.9;27.1;26.0;25.9;0.1;0.1;0.1;0.2;
2/2/2017 2:36:52 PM;4458;25.9;27.1;26.0;25.9;0.1;0.1;0.1;0.2;
2/2/2017 2:36:53 PM;4459;25.9;27.1;26.0;25.9;0.1;0.1;0.1;0.2;
2/2/2017 2:36:54 PM;4460;25.9;27.1;26.0;25.9;0.1;0.1;0.1;0.2;
2/2/2017 2:36:55 PM;4461;25.9;27.1;26.0;25.9;0.1;0.1;0.1;0.2;
2/2/2017 2:36:56 PM;4462;25.9;27.1;26.0;25.9;0.1;0.1;0.1;0.2;
2/2/2017 2:36:57 PM;4463;25.9;27.1;26.0;25.9;0.1;0.1;0.1;0.2;
2/2/2017 2:36:58 PM;4464;25.9;27.1;26.0;25.9;0.1;0.1;0.1;0.2;
2/2/2017 2:36:59 PM;4465;25.9;27.1;26.0;25.9;0.1;0.1;0.1;0.2;
2/2/2017 2:37:00 PM;4466;25.9;27.1;26.0;25.9;0.1;0.1;0.1;0.2;
2/2/2017 2:37:01 PM;4467;25.9;27.1;26.0;25.9;0.1;0.1;0.1;0.2;
2/2/2017 2:37:02 PM;4468;25.9;27.1;26.0;25.9;0.1;0.1;0.1;0.2;
2/2/2017 2:37:03 PM;4469;25.9;27.1;26.0;25.9;0.1;0.1;0.1;0.2;
2/2/2017 2:37:04 PM;4470;25.9;27.1;26.0;25.9;0.1;0.1;0.1;0.2;
2/2/2017 2:37:05 PM;4471;25.9;27.1;26.0;25.9;0.1;0.1;0.1;0.2;
2/2/2017 2:37:06 PM;4472;25.9;27.1;26.0;25.9;0.1;0.1;0.1;0.2;
2/2/2017 2:37:07 PM;4473;25.9;27.1;26.0;25.9;0.1;0.1;0.1;0.2;
2/2/2017 2:37:08 PM;4474;25.9;27.1;26.0;25.9;0.1;0.1;0.1;0.2;
2/2/2017 2:37:09 PM;4475;25.9;27.1;26.0;25.9;0.1;0.1;0.1;0.2;
2/2/2017 2:37:10 PM;4476;25.9;27.1;26.0;25.9;0.1;0.1;0.1;0.2;
2/2/2017 2:37:11 PM;4477;25.9;27.1;26.0;25.9;0.1;0.1;0.1;0.2;
2/2/2017 2:37:12 PM;4478;25.9;27.1;26.0;25.9;0.1;0.1;0.1;0.2;
2/2/2017 2:37:13 PM;4479;25.9;27.1;26.0;25.9;0.1;0.1;0.1;0.2;
2/2/2017 2:37:14 PM;4480;25.9;27.1;26.0;25.9;0.1;0.1;0.1;0.2;
2/2/2017 2:37:15 PM;4481;25.9;27.1;26.0;25.9;0.1;0.1;0.1;0.2;
2/2/2017 2:37:16 PM;4482;25.9;27.1;26.0;25.9;0.1;0.1;0.1;0.2;
2/2/2017 2:37:17 PM;4483;25.9;27.1;26.0;25.9;0.1;0.1;0.1;0.2;
2/2/2017 2:37:18 PM;4484;25.9;27.1;26.0;25.9;0.1;0.1;0.1;0.2;
2/2/2017 2:37:19 PM;4485;25.9;27.1;26.0;25.9;0.1;0.1;0.1;0.2;
2/2/2017 2:37:20 PM;4486;25.9;27.1;26.0;25.9;0.1;0.1;0.1;0.2;
2/2/2017 2:37:21 PM;4487;25.9;27.1;26.0;25.9;0.1;0.1;0.1;0.2;
2/2/2017 2:37:22 PM;4488;25.9;27.1;26.0;25.9;0.1;0.1;0.1;0.2;
2/2/2017 2:37:23 PM;4489;25.9;27.1;26.0;25.9;0.1;0.1;0.1;0.2;
2/2/2017 2:37:24 PM;4490;25.9;27.1;26.0;25.9;0.1;0.1;0.1;0.2;
2/2/2017 2:37:25 PM;4491;25.9;27.1;26.0;25.9;0.1;0.1;0.1;0.2;
2/2/2017 2:37:26 PM;4492;25.9;27.1;26.0;25.9;0.1;0.1;0.1;0.2;
2/2/2017 2:37:27 PM;4493;25.9;27.1;26.0;25.9;0.1;0.1;0.1;0.2;
2/2/2017 2:37:28 PM;4494;25.9;27.1;26.0;25.9;0.1;0.1;0.1;0.2;
2/2/2017 2:37:29 PM;4495;25.9;27.1;26.0;25.9;0.1;0.1;0.1;0.2;
2/2/2017 2:37:30 PM;4496;25.9;27.1;26.0;25.9;0.1;0.1;0.1;0.2;
2/2/2017 2:37:31 PM;4497;25.9;27.1;26.0;25.9;0.1;0.1;0.1;0.2;
2/2/2017 2:37:32 PM;4498;25.9;27.1;26.0;25.9;0.1;0.1;0.1;0.2;
2/2/2017 2:37:33 PM;4499;25.9;27.1;26.0;25.9;0.1;0.1;0.1;0.2;
2/2/2017 2:37:34 PM;4500;25.9;27.1;26.0;25.9;0.1;0.1;0.1;0.2;
2/2/2017 2:37:35 PM;4501;25.9;27.1;26.0;25.9;0.1;0.1;0.1;0.2;
2/2/2017 2:37:36 PM;4502;25.9;27.1;26.0;25.9;0.1;0.1;0.1;0.2;
2/2/2017 2:37:37 PM;4503;25.9;27.1;26.0;25.9;0.1;0.1;0.1;0.2;
2/2/2017 2:37:38 PM;4504;25.9;27.1;26.0;25.9;0.1;0.1;0.1;0.2;
2/2/2017 2:37:39 PM;4505;25.9;27.1;26.0;25.9;0.1;0.1;0.1;0.2;
2/2/2017 2:37:40 PM;4506;25.9;27.1;26.0;25.9;0.1;0.1;0.1;0.2;
2/2/2017 2:37:41 PM;4507;25.9;27.1;26.0;25.9;0.1;0.1;0.1;0.2;
2/2/2017 2:37:42 PM;4508;25.9;27.1;26.0;25.9;0.1;0.1;0.1;0.2;
2/2/2017 2:37:43 PM;4509;25.9;27.1;26.0;25.9;0.1;0.1;0.1;0.2;
2/2/2017 2:37:44 PM;4510;25.9;27.1;26.0;25.9;0.1;0.1;0.1;0.2;
2/2/2017 2:37:45 PM;4511;25.9;27.1;26.0;25.9;0.1;0.1;0.1;0.2;
2/2/2017 2:37:46 PM;4512;25.9;27.1;26.0;25.9;0.1;0.1;0.1;0.2;
2/2/2017 2:37:47 PM;4513;25.9;27.1;26.0;25.9;0.1;0.1;0.1;0.2;
2/2/2017 2:37:48 PM;4514;25.9;27.1;26.0;25.9;0.1;0.1;0.1;0.2;
2/2/2017 2:37:49 PM;4515;25.9;27.1;26.0;25.9;0.1;0.1;0.1;0.2;
2/2/2017 2:37:50 PM;4516;25.9;27.1;26.0;25.9;0.1;0.1;0.1;0.2;
2/2/2017 2:37:51 PM;4517;25.9;27.1;26.0;25.9;0.1;0.1;0.1;0.2;
2/2/2017 2:37:52 PM;4518;25.9;27.1;26.0;25.9;0.1;0.1;0.1;0.2;
2/2/2017 2:37:53 PM;4519;25.9;27.1;26.0;25.9;0.1;0.1;0.1;0.2;
2/2/2017 2:37:54 PM;4520;25.9;27.1;26.0;25.9;0.1;0.1;0.1;0.2;
2/2/2017 2:37:55 PM;4521;25.9;27.1;26.0;25.9;0.1;0.1;0.1;0.2;
2/2/2017 2:37:56 PM;4522;25.9;27.1;26.0;25.9;0.1;0.1;0.1;0.2;
2/2/2017 2:37:57 PM;4523;25.9;27.1;26.0;25.9;0.1;0.1;0.1;0.2;
2/2/2017 2:37:58 PM;4524;25.9;27.1;26.0;25.9;0.1;0.1;0.1;0.2;
2/2/2017 2:37:59 PM;4525;25.9;27.1;26.0;25.9;0.1;0.1;0.1;0.2;
2/2/2017 2:38:00 PM;4526;25.9;27.1;26.0;25.9;0.1;0.1;0.1;0.2;
2/2/2017 2:38:01 PM;4527;25.9;27.1;26.0;25.8;0.1;0.1;0.1;0.2;
2/2/2017 2:38:02 PM;4528;25.9;27.1;26.0;25.8;0.1;0.1;0.1;0.2;
2/2/2017 2:38:03 PM;4529;25.9;27.1;26.0;25.8;0.1;0.1;0.1;0.2;
2/2/2017 2:38:04 PM;4530;25.9;27.1;26.0;25.8;0.1;0.1;0.1;0.2;
2/2/2017 2:38:05 PM;4531;25.9;27.1;26.0;25.8;0.1;0.1;0.1;0.2;
2/2/2017 2:38:06 PM;4532;25.9;27.1;26.0;25.9;0.1;0.1;0.1;0.2;
2/2/2017 2:38:07 PM;4533;25.9;27.1;26.0;25.9;0.1;0.1;0.1;0.2;
2/2/2017 2:38:08 PM;4534;25.9;27.1;26.0;25.9;0.1;0.1;0.1;0.2;
2/2/2017 2:38:09 PM;4535;25.9;27.1;26.0;25.9;0.1;0.1;0.1;0.2;
2/2/2017 2:38:10 PM;4536;25.9;27.1;26.0;25.9;0.1;0.1;0.1;0.2;
2/2/2017 2:38:11 PM;4537;25.9;27.1;26.0;25.9;0.1;0.1;0.1;0.2;
2/2/2017 2:38:12 PM;4538;25.9;27.1;26.0;25.9;0.1;0.1;0.1;0.2;
2/2/2017 2:38:13 PM;4539;25.9;27.1;26.0;25.9;0.1;0.1;0.1;0.2;
2/2/2017 2:38:14 PM;4540;25.9;27.1;26.0;25.9;0.1;0.1;0.1;0.2;
2/2/2017 2:38:15 PM;4541;25.9;27.1;26.0;25.9;0.1;0.1;0.1;0.2;
2/2/2017 2:38:16 PM;4542;25.9;27.1;26.0;25.9;0.1;0.1;0.1;0.2;
2/2/2017 2:38:17 PM;4543;25.9;27.1;26.0;25.9;0.1;0.1;0.1;0.2;
2/2/2017 2:38:18 PM;4544;25.9;27.1;26.0;25.9;0.1;0.1;0.1;0.2;
2/2/2017 2:38:19 PM;4545;25.9;27.1;26.0;25.9;0.1;0.1;0.1;0.2;
2/2/2017 2:38:20 PM;4546;25.9;27.1;26.0;25.9;0.1;0.1;0.1;0.2;
2/2/2017 2:38:21 PM;4547;25.9;27.1;26.0;25.9;0.1;0.1;0.1;0.2;
2/2/2017 2:38:22 PM;4548;25.9;27.1;26.0;25.9;0.1;0.1;0.1;0.2;
2/2/2017 2:38:23 PM;4549;25.9;27.1;26.0;25.9;0.1;0.1;0.1;0.2;
2/2/2017 2:38:24 PM;4550;25.9;27.1;26.0;25.9;0.1;0.1;0.1;0.2;
2/2/2017 2:38:25 PM;4551;25.9;27.1;26.0;25.8;0.1;0.1;0.1;0.2;
2/2/2017 2:38:26 PM;4552;25.9;27.1;26.0;25.8;0.1;0.1;0.1;0.2;
2/2/2017 2:38:27 PM;4553;25.9;27.1;26.0;25.8;0.1;0.1;0.1;0.2;
2/2/2017 2:38:28 PM;4554;25.9;27.1;26.0;25.8;0.1;0.1;0.1;0.2;
2/2/2017 2:38:29 PM;4555;25.9;27.1;26.0;25.8;0.1;0.1;0.1;0.2;
2/2/2017 2:38:30 PM;4556;25.9;27.1;26.0;25.9;0.1;0.1;0.1;0.2;
2/2/2017 2:38:31 PM;4557;25.9;27.1;26.0;25.9;0.1;0.1;0.1;0.2;
2/2/2017 2:38:32 PM;4558;25.9;27.1;26.0;25.9;0.1;0.1;0.1;0.2;
2/2/2017 2:38:33 PM;4559;25.9;27.1;26.0;25.9;0.1;0.1;0.1;0.2;
2/2/2017 2:38:34 PM;4560;25.9;27.1;26.0;25.8;0.1;0.1;0.1;0.2;
2/2/2017 2:38:35 PM;4561;25.9;27.1;26.0;25.8;0.1;0.1;0.1;0.2;
2/2/2017 2:38:36 PM;4562;25.9;27.1;26.0;25.8;0.1;0.1;0.1;0.2;
2/2/2017 2:38:37 PM;4563;25.9;27.1;26.0;25.8;0.1;0.1;0.1;0.2;
2/2/2017 2:38:38 PM;4564;25.9;27.1;26.0;25.8;0.1;0.1;0.1;0.2;
2/2/2017 2:38:39 PM;4565;25.9;27.1;26.0;25.8;0.1;0.1;0.1;0.2;
2/2/2017 2:38:40 PM;4566;25.9;27.1;26.0;25.8;0.1;0.1;0.1;0.2;
2/2/2017 2:38:41 PM;4567;25.9;27.1;25.9;25.8;0.1;0.1;0.1;0.2;
2/2/2017 2:38:42 PM;4568;25.9;27.1;25.9;25.8;0.1;0.1;0.1;0.2;
2/2/2017 2:38:43 PM;4569;25.9;27.1;25.9;25.8;0.1;0.1;0.1;0.2;
2/2/2017 2:38:44 PM;4570;25.9;27.1;25.9;25.9;0.1;0.1;0.1;0.2;
2/2/2017 2:38:45 PM;4571;25.9;27.1;25.9;25.9;0.1;0.1;0.1;0.2;
2/2/2017 2:38:46 PM;4572;25.9;27.1;26.0;25.9;0.1;0.1;0.1;0.2;
2/2/2017 2:38:47 PM;4573;25.9;27.1;26.0;25.9;0.1;0.1;0.1;0.2;
2/2/2017 2:38:48 PM;4574;25.9;27.1;26.0;25.9;0.1;0.1;0.1;0.2;
2/2/2017 2:38:49 PM;4575;25.9;27.1;26.0;25.9;0.1;0.1;0.1;0.2;
2/2/2017 2:38:50 PM;4576;25.9;27.1;26.0;25.9;0.1;0.1;0.1;0.2;
2/2/2017 2:38:51 PM;4577;25.9;27.1;26.0;25.9;0.1;0.1;0.1;0.2;
2/2/2017 2:38:52 PM;4578;25.9;27.1;26.0;25.9;0.1;0.1;0.1;0.2;
2/2/2017 2:38:53 PM;4579;25.9;27.1;26.0;25.9;0.1;0.1;0.1;0.2;
2/2/2017 2:38:54 PM;4580;25.9;27.1;26.0;25.9;0.1;0.1;0.1;0.2;
2/2/2017 2:38:55 PM;4581;25.9;27.1;26.0;25.9;0.1;0.1;0.1;0.2;
2/2/2017 2:38:56 PM;4582;25.9;27.1;26.0;25.9;0.1;0.1;0.1;0.2;
2/2/2017 2:38:57 PM;4583;25.9;27.1;26.0;25.9;0.1;0.1;0.1;0.2;
2/2/2017 2:38:58 PM;4584;25.9;27.1;26.0;25.9;0.1;0.1;0.1;0.2;
2/2/2017 2:38:59 PM;4585;25.9;27.1;26.0;25.9;0.1;0.1;0.1;0.2;
2/2/2017 2:39:00 PM;4586;25.9;27.1;26.0;25.9;0.1;0.1;0.1;0.2;
2/2/2017 2:39:01 PM;4587;25.9;27.1;26.0;25.9;0.1;0.1;0.1;0.2;
2/2/2017 2:39:02 PM;4588;25.9;27.1;26.0;25.9;0.1;0.1;0.1;0.2;
2/2/2017 2:39:03 PM;4589;25.9;27.1;26.0;25.9;0.1;0.1;0.1;0.2;
2/2/2017 2:39:04 PM;4590;25.9;27.1;26.0;25.9;0.1;0.1;0.1;0.2;
2/2/2017 2:39:05 PM;4591;25.9;27.1;25.9;25.9;0.1;0.1;0.1;0.2;
2/2/2017 2:39:06 PM;4592;25.9;27.1;25.9;25.9;0.1;0.1;0.1;0.2;
2/2/2017 2:39:07 PM;4593;25.9;27.1;25.9;25.9;0.1;0.1;0.1;0.2;
2/2/2017 2:39:08 PM;4594;25.9;27.1;25.9;25.9;0.1;0.1;0.1;0.2;
2/2/2017 2:39:09 PM;4595;25.9;27.1;25.9;25.9;0.1;0.1;0.1;0.2;
2/2/2017 2:39:10 PM;4596;25.9;27.1;26.0;25.9;0.1;0.1;0.1;0.2;
2/2/2017 2:39:11 PM;4597;25.9;27.1;26.0;25.9;0.1;0.1;0.1;0.2;
2/2/2017 2:39:12 PM;4598;25.9;27.1;26.0;25.9;0.1;0.1;0.1;0.2;
2/2/2017 2:39:13 PM;4599;25.9;27.1;26.0;25.9;0.1;0.1;0.1;0.2;
2/2/2017 2:39:14 PM;4600;25.9;27.1;25.9;25.9;0.1;0.1;0.1;0.2;
2/2/2017 2:39:15 PM;4601;25.9;27.1;25.9;25.9;0.1;0.1;0.1;0.2;
2/2/2017 2:39:16 PM;4602;25.9;27.1;25.9;25.9;0.1;0.1;0.1;0.2;
2/2/2017 2:39:17 PM;4603;25.9;27.1;25.9;25.9;0.1;0.1;0.1;0.2;
2/2/2017 2:39:18 PM;4604;25.9;27.1;25.9;25.9;0.1;0.1;0.1;0.2;
2/2/2017 2:39:19 PM;4605;25.9;27.1;26.0;25.9;0.1;0.1;0.1;0.2;
2/2/2017 2:39:20 PM;4606;25.9;27.1;26.0;25.9;0.1;0.1;0.1;0.2;
2/2/2017 2:39:21 PM;4607;25.9;27.1;26.0;25.9;0.1;0.1;0.1;0.2;
2/2/2017 2:39:22 PM;4608;25.9;27.1;26.0;25.9;0.1;0.1;0.1;0.2;
2/2/2017 2:39:23 PM;4609;25.9;27.1;26.0;25.9;0.1;0.1;0.1;0.2;
2/2/2017 2:39:24 PM;4610;25.9;27.1;26.0;25.9;0.1;0.1;0.1;0.2;
2/2/2017 2:39:25 PM;4611;25.9;27.1;26.0;25.8;0.1;0.1;0.1;0.2;
2/2/2017 2:39:26 PM;4612;25.9;27.1;26.0;25.8;0.1;0.1;0.1;0.2;
2/2/2017 2:39:27 PM;4613;25.9;27.1;26.0;25.8;0.1;0.1;0.1;0.2;
2/2/2017 2:39:28 PM;4614;25.9;27.1;26.0;25.8;0.1;0.1;0.1;0.2;
2/2/2017 2:39:29 PM;4615;25.9;27.1;26.0;25.8;0.1;0.1;0.1;0.2;
2/2/2017 2:39:30 PM;4616;25.9;27.1;26.0;25.9;0.1;0.1;0.1;0.2;
2/2/2017 2:39:31 PM;4617;25.9;27.1;26.0;25.9;0.1;0.1;0.1;0.2;
2/2/2017 2:39:32 PM;4618;25.9;27.1;26.0;25.9;0.1;0.1;0.1;0.2;
2/2/2017 2:39:33 PM;4619;25.9;27.1;26.0;25.9;0.1;0.1;0.1;0.2;
2/2/2017 2:39:34 PM;4620;25.9;27.1;26.0;25.9;0.1;0.1;0.1;0.2;
2/2/2017 2:39:35 PM;4621;25.9;27.1;26.0;25.9;0.1;0.1;0.1;0.2;
2/2/2017 2:39:36 PM;4622;25.9;27.1;26.0;25.9;0.1;0.1;0.1;0.2;
2/2/2017 2:39:37 PM;4623;25.9;27.1;26.0;25.8;0.1;0.1;0.1;0.2;
2/2/2017 2:39:38 PM;4624;25.9;27.1;26.0;25.8;0.1;0.1;0.1;0.2;
2/2/2017 2:39:39 PM;4625;25.9;27.1;26.0;25.8;0.1;0.1;0.1;0.2;
2/2/2017 2:39:40 PM;4626;25.9;27.1;26.0;25.8;0.1;0.1;0.1;0.2;
2/2/2017 2:39:41 PM;4627;25.9;27.1;26.0;25.8;0.1;0.1;0.1;0.2;
2/2/2017 2:39:42 PM;4628;25.9;27.1;26.0;25.9;0.1;0.1;0.1;0.2;
2/2/2017 2:39:43 PM;4629;25.9;27.1;26.0;25.9;0.1;0.1;0.1;0.2;
2/2/2017 2:39:44 PM;4630;25.9;27.1;26.0;25.9;0.1;0.1;0.1;0.2;
2/2/2017 2:39:45 PM;4631;25.9;27.1;26.0;25.8;0.1;0.1;0.1;0.2;
2/2/2017 2:39:46 PM;4632;25.9;27.1;26.0;25.8;0.1;0.1;0.1;0.2;
2/2/2017 2:39:47 PM;4633;25.9;27.1;25.9;25.8;0.1;0.1;0.1;0.2;
2/2/2017 2:39:48 PM;4634;25.9;27.1;25.9;25.8;0.1;0.1;0.1;0.2;
2/2/2017 2:39:49 PM;4635;25.9;27.1;25.9;25.8;0.1;0.1;0.1;0.2;
2/2/2017 2:39:50 PM;4636;25.9;27.1;25.9;25.8;0.1;0.1;0.1;0.2;
2/2/2017 2:39:51 PM;4637;25.9;27.1;25.9;25.9;0.1;0.1;0.1;0.2;
2/2/2017 2:39:52 PM;4638;25.9;27.1;26.0;25.9;0.1;0.1;0.1;0.2;
2/2/2017 2:39:53 PM;4639;25.9;27.1;25.9;25.9;0.1;0.1;0.1;0.2;
2/2/2017 2:39:54 PM;4640;25.9;27.1;25.9;25.9;0.1;0.1;0.1;0.2;
2/2/2017 2:39:55 PM;4641;25.9;27.1;25.9;25.9;0.1;0.1;0.1;0.2;
2/2/2017 2:39:56 PM;4642;25.9;27.1;25.9;25.9;0.1;0.1;0.1;0.2;
2/2/2017 2:39:57 PM;4643;25.9;27.1;25.9;25.9;0.1;0.1;0.1;0.2;
2/2/2017 2:39:58 PM;4644;25.9;27.1;26.0;25.9;0.1;0.1;0.1;0.2;
2/2/2017 2:39:59 PM;4645;25.9;27.1;26.0;25.9;0.1;0.1;0.1;0.2;
2/2/2017 2:40:00 PM;4646;25.9;27.1;26.0;25.9;0.1;0.1;0.1;0.2;
2/2/2017 2:40:01 PM;4647;25.9;27.1;26.0;25.8;0.1;0.1;0.1;0.2;
2/2/2017 2:40:02 PM;4648;25.9;27.1;26.0;25.8;0.1;0.1;0.1;0.2;
2/2/2017 2:40:03 PM;4649;25.9;27.1;26.0;25.8;0.1;0.1;0.1;0.2;
2/2/2017 2:40:04 PM;4650;25.9;27.1;26.0;25.8;0.1;0.1;0.1;0.2;
2/2/2017 2:40:05 PM;4651;25.9;27.1;26.0;25.8;0.1;0.1;0.1;0.2;
2/2/2017 2:40:06 PM;4652;25.9;27.1;26.0;25.8;0.1;0.1;0.1;0.2;
2/2/2017 2:40:07 PM;4653;25.9;27.1;26.0;25.8;0.1;0.1;0.1;0.2;
2/2/2017 2:40:08 PM;4654;25.9;27.1;26.0;25.8;0.1;0.1;0.1;0.2;
2/2/2017 2:40:09 PM;4655;25.9;27.1;26.0;25.9;0.1;0.1;0.1;0.2;
2/2/2017 2:40:10 PM;4656;25.9;27.1;26.0;25.8;0.1;0.1;0.1;0.2;
2/2/2017 2:40:11 PM;4657;25.9;27.1;26.0;25.8;0.1;0.1;0.1;0.2;
2/2/2017 2:40:12 PM;4658;25.9;27.1;26.0;25.8;0.1;0.1;0.1;0.2;
2/2/2017 2:40:13 PM;4659;25.9;27.1;26.0;25.8;0.1;0.1;0.1;0.2;
2/2/2017 2:40:14 PM;4660;25.9;27.1;25.9;25.8;0.1;0.1;0.1;0.2;
2/2/2017 2:40:15 PM;4661;25.9;27.1;25.9;25.9;0.1;0.1;0.1;0.2;
2/2/2017 2:40:16 PM;4662;25.9;27.1;25.9;25.9;0.1;0.1;0.1;0.2;
2/2/2017 2:40:17 PM;4663;25.9;27.1;25.9;25.9;0.1;0.1;0.1;0.2;
2/2/2017 2:40:18 PM;4664;25.9;27.1;25.9;25.9;0.1;0.1;0.1;0.2;
2/2/2017 2:40:19 PM;4665;25.9;27.1;26.0;25.8;0.1;0.1;0.1;0.2;
2/2/2017 2:40:20 PM;4666;25.9;27.1;25.9;25.8;0.1;0.1;0.1;0.2;
2/2/2017 2:40:21 PM;4667;25.9;27.1;25.9;25.8;0.1;0.1;0.1;0.2;
2/2/2017 2:40:22 PM;4668;25.9;27.1;25.9;25.8;0.1;0.1;0.1;0.2;
2/2/2017 2:40:23 PM;4669;25.9;27.1;25.9;25.8;0.1;0.1;0.1;0.2;
2/2/2017 2:40:24 PM;4670;25.9;27.1;25.9;25.8;0.1;0.1;0.1;0.2;
2/2/2017 2:40:25 PM;4671;25.9;27.1;25.9;25.8;0.1;0.1;0.1;0.2;
2/2/2017 2:40:26 PM;4672;25.9;27.1;25.9;25.8;0.1;0.1;0.1;0.2;
2/2/2017 2:40:27 PM;4673;25.9;27.1;25.9;25.9;0.1;0.1;0.1;0.2;
2/2/2017 2:40:28 PM;4674;25.9;27.1;26.0;25.8;0.1;0.1;0.1;0.2;
2/2/2017 2:40:29 PM;4675;25.9;27.1;26.0;25.8;0.1;0.1;0.1;0.2;
2/2/2017 2:40:30 PM;4676;25.9;27.1;26.0;25.8;0.1;0.1;0.1;0.2;
2/2/2017 2:40:31 PM;4677;25.9;27.1;26.0;25.8;0.1;0.1;0.1;0.2;
2/2/2017 2:40:32 PM;4678;25.9;27.1;26.0;25.8;0.1;0.1;0.1;0.2;
2/2/2017 2:40:33 PM;4679;25.9;27.1;26.0;25.9;0.1;0.1;0.1;0.2;
2/2/2017 2:40:34 PM;4680;25.9;27.1;26.0;25.9;0.1;0.1;0.1;0.2;
2/2/2017 2:40:35 PM;4681;25.9;27.1;26.0;25.9;0.1;0.1;0.1;0.2;
2/2/2017 2:40:36 PM;4682;25.9;27.1;26.0;25.9;0.1;0.1;0.1;0.2;
2/2/2017 2:40:37 PM;4683;25.9;27.1;26.0;25.8;0.1;0.1;0.1;0.2;
2/2/2017 2:40:38 PM;4684;25.9;27.1;26.0;25.8;0.1;0.1;0.1;0.2;
2/2/2017 2:40:39 PM;4685;25.9;27.1;26.0;25.8;0.1;0.1;0.1;0.2;
2/2/2017 2:40:40 PM;4686;25.9;27.1;26.0;25.8;0.1;0.1;0.1;0.2;
2/2/2017 2:40:41 PM;4687;25.9;27.1;26.0;25.8;0.1;0.1;0.1;0.2;
2/2/2017 2:40:42 PM;4688;25.9;27.1;26.0;25.9;0.1;0.1;0.1;0.2;
2/2/2017 2:40:43 PM;4689;25.9;27.1;26.0;25.9;0.1;0.1;0.1;0.2;
2/2/2017 2:40:44 PM;4690;25.9;27.1;26.0;25.9;0.1;0.1;0.1;0.2;
2/2/2017 2:40:45 PM;4691;25.9;27.1;26.0;25.9;0.1;0.1;0.1;0.2;
2/2/2017 2:40:46 PM;4692;25.9;27.1;26.0;25.9;0.1;0.1;0.1;0.2;
2/2/2017 2:40:47 PM;4693;25.9;27.1;26.0;25.9;0.1;0.1;0.1;0.2;
2/2/2017 2:40:48 PM;4694;25.9;27.1;26.0;25.9;0.1;0.1;0.1;0.2;
2/2/2017 2:40:49 PM;4695;25.9;27.1;26.0;25.9;0.1;0.1;0.1;0.2;
2/2/2017 2:40:50 PM;4696;25.9;27.1;26.0;25.8;0.1;0.1;0.1;0.2;
2/2/2017 2:40:51 PM;4697;25.9;27.1;26.0;25.8;0.1;0.1;0.1;0.2;
2/2/2017 2:40:52 PM;4698;25.9;27.1;26.0;25.8;0.1;0.1;0.1;0.2;
2/2/2017 2:40:53 PM;4699;25.9;27.1;26.0;25.7;0.1;0.1;0.1;0.2;
2/2/2017 2:40:54 PM;4700;25.9;27.1;26.0;25.7;0.1;0.1;0.1;0.2;
2/2/2017 2:40:55 PM;4701;25.9;27.1;26.0;25.8;0.1;0.1;0.1;0.2;
2/2/2017 2:40:56 PM;4702;25.9;27.1;26.0;25.8;0.1;0.1;0.1;0.2;
2/2/2017 2:40:57 PM;4703;25.9;27.1;26.0;25.8;0.1;0.1;0.1;0.2;
2/2/2017 2:40:58 PM;4704;25.9;27.1;26.0;25.9;0.1;0.1;0.1;0.2;
2/2/2017 2:40:59 PM;4705;25.9;27.1;26.0;25.9;0.1;0.1;0.1;0.2;
2/2/2017 2:41:00 PM;4706;25.9;27.1;26.0;25.9;0.1;0.1;0.1;0.2;
2/2/2017 2:41:01 PM;4707;25.9;27.1;26.0;25.8;0.1;0.1;0.1;0.2;
2/2/2017 2:41:02 PM;4708;25.9;27.1;26.0;25.8;0.1;0.1;0.1;0.2;
2/2/2017 2:41:03 PM;4709;25.9;27.1;26.0;25.8;0.1;0.1;0.1;0.2;
2/2/2017 2:41:04 PM;4710;25.9;27.1;26.0;25.8;0.1;0.1;0.1;0.2;
2/2/2017 2:41:05 PM;4711;25.9;27.1;26.0;25.8;0.1;0.1;0.1;0.2;
2/2/2017 2:41:06 PM;4712;25.9;27.1;26.0;25.9;0.1;0.1;0.1;0.2;
2/2/2017 2:41:07 PM;4713;25.9;27.1;26.0;25.8;0.1;0.1;0.1;0.2;
2/2/2017 2:41:08 PM;4714;25.9;27.1;26.0;25.8;0.1;0.1;0.1;0.2;
2/2/2017 2:41:09 PM;4715;25.9;27.1;26.0;25.8;0.1;0.1;0.1;0.2;
2/2/2017 2:41:10 PM;4716;25.9;27.1;26.0;25.8;0.1;0.1;0.1;0.2;
2/2/2017 2:41:11 PM;4717;25.9;27.1;26.0;25.8;0.1;0.1;0.1;0.2;
2/2/2017 2:41:12 PM;4718;25.9;27.1;26.0;25.8;0.1;0.1;0.1;0.2;
2/2/2017 2:41:13 PM;4719;25.9;27.1;26.0;25.8;0.1;0.1;0.1;0.2;
2/2/2017 2:41:14 PM;4720;25.9;27.1;26.0;25.8;0.1;0.1;0.1;0.2;
2/2/2017 2:41:15 PM;4721;25.9;27.1;26.0;25.9;0.1;0.1;0.1;0.2;
2/2/2017 2:41:16 PM;4722;25.9;27.1;26.0;25.9;0.1;0.1;0.1;0.2;
2/2/2017 2:41:17 PM;4723;25.9;27.1;26.0;25.9;0.1;0.1;0.1;0.2;
2/2/2017 2:41:18 PM;4724;25.9;27.1;26.0;25.9;0.1;0.1;0.1;0.2;
2/2/2017 2:41:19 PM;4725;25.9;27.1;26.0;25.9;0.1;0.1;0.1;0.2;
2/2/2017 2:41:20 PM;4726;25.9;27.1;26.0;25.9;0.1;0.1;0.1;0.2;
2/2/2017 2:41:21 PM;4727;25.9;27.1;26.0;25.9;0.1;0.1;0.1;0.2;
2/2/2017 2:41:22 PM;4728;25.9;27.1;26.0;25.8;0.1;0.1;0.1;0.2;
2/2/2017 2:41:23 PM;4729;25.9;27.1;25.9;25.8;0.1;0.1;0.1;0.2;
2/2/2017 2:41:24 PM;4730;25.9;27.1;25.9;25.8;0.1;0.1;0.1;0.2;
2/2/2017 2:41:25 PM;4731;25.9;27.1;25.9;25.8;0.1;0.1;0.1;0.2;
2/2/2017 2:41:26 PM;4732;25.9;27.1;25.9;25.7;0.1;0.1;0.1;0.2;
2/2/2017 2:41:27 PM;4733;25.9;27.1;25.9;25.8;0.1;0.1;0.1;0.2;
2/2/2017 2:41:28 PM;4734;25.9;27.1;25.9;25.8;0.1;0.1;0.1;0.2;
2/2/2017 2:41:29 PM;4735;25.9;27.1;25.9;25.8;0.1;0.1;0.1;0.2;
2/2/2017 2:41:30 PM;4736;25.9;27.1;25.9;25.8;0.1;0.1;0.1;0.2;
2/2/2017 2:41:31 PM;4737;25.9;27.1;25.9;25.8;0.1;0.1;0.1;0.2;
2/2/2017 2:41:32 PM;4738;25.9;27.1;25.9;25.8;0.1;0.1;0.1;0.2;
2/2/2017 2:41:33 PM;4739;25.9;27.1;25.9;25.8;0.1;0.1;0.1;0.2;
2/2/2017 2:41:34 PM;4740;25.9;27.1;26.0;25.9;0.1;0.1;0.1;0.2;
2/2/2017 2:41:35 PM;4741;25.9;27.1;26.0;25.9;0.1;0.1;0.1;0.2;
2/2/2017 2:41:36 PM;4742;25.9;27.1;26.0;25.9;0.1;0.1;0.1;0.2;
2/2/2017 2:41:37 PM;4743;25.9;27.1;26.0;25.9;0.1;0.1;0.1;0.2;
2/2/2017 2:41:38 PM;4744;25.9;27.1;25.9;25.9;0.1;0.1;0.1;0.2;
2/2/2017 2:41:39 PM;4745;25.9;27.1;25.9;25.9;0.1;0.1;0.1;0.2;
2/2/2017 2:41:40 PM;4746;25.9;27.1;25.9;25.8;0.1;0.1;0.1;0.2;
2/2/2017 2:41:41 PM;4747;25.9;27.1;25.9;25.8;0.1;0.1;0.1;0.2;
2/2/2017 2:41:42 PM;4748;25.9;27.1;25.9;25.8;0.1;0.1;0.1;0.2;
2/2/2017 2:41:43 PM;4749;25.9;27.1;26.0;25.8;0.1;0.1;0.1;0.2;
2/2/2017 2:41:44 PM;4750;25.9;27.1;26.0;25.8;0.1;0.1;0.1;0.2;
2/2/2017 2:41:45 PM;4751;25.9;27.1;26.0;25.9;0.1;0.1;0.1;0.2;
2/2/2017 2:41:46 PM;4752;25.9;27.1;26.0;25.9;0.1;0.1;0.1;0.2;
2/2/2017 2:41:47 PM;4753;25.9;27.1;26.0;25.8;0.1;0.1;0.1;0.2;
2/2/2017 2:41:48 PM;4754;25.9;27.1;26.0;25.8;0.1;0.1;0.1;0.2;
2/2/2017 2:41:49 PM;4755;25.9;27.1;26.0;25.8;0.1;0.1;0.1;0.2;
2/2/2017 2:41:50 PM;4756;25.9;27.1;25.9;25.8;0.1;0.1;0.1;0.2;
2/2/2017 2:41:51 PM;4757;25.9;27.1;25.9;25.8;0.1;0.1;0.1;0.2;
2/2/2017 2:41:52 PM;4758;25.9;27.1;25.9;25.8;0.1;0.1;0.1;0.2;
2/2/2017 2:41:53 PM;4759;25.9;27.1;25.9;25.8;0.1;0.1;0.1;0.2;
2/2/2017 2:41:54 PM;4760;25.9;27.1;25.9;25.8;0.1;0.1;0.1;0.2;
2/2/2017 2:41:55 PM;4761;25.9;27.1;26.0;25.8;0.1;0.1;0.1;0.2;
2/2/2017 2:41:56 PM;4762;25.9;27.1;26.0;25.8;0.1;0.1;0.1;0.2;
2/2/2017 2:41:57 PM;4763;25.9;27.1;25.9;25.9;0.1;0.1;0.1;0.2;
2/2/2017 2:41:58 PM;4764;25.9;27.1;25.9;25.9;0.1;0.1;0.1;0.2;
2/2/2017 2:41:59 PM;4765;25.9;27.1;25.9;25.9;0.1;0.1;0.1;0.2;
2/2/2017 2:42:00 PM;4766;25.9;27.1;25.9;25.9;0.1;0.1;0.1;0.2;
2/2/2017 2:42:01 PM;4767;25.9;27.1;25.9;25.9;0.1;0.1;0.1;0.2;
2/2/2017 2:42:02 PM;4768;25.9;27.1;26.0;25.8;0.1;0.1;0.1;0.2;
2/2/2017 2:42:03 PM;4769;25.9;27.1;26.0;25.8;0.1;0.1;0.1;0.2;
2/2/2017 2:42:04 PM;4770;25.9;27.1;26.0;25.8;0.1;0.1;0.1;0.2;
2/2/2017 2:42:05 PM;4771;25.9;27.1;26.0;25.8;0.1;0.1;0.1;0.2;
2/2/2017 2:42:06 PM;4772;25.9;27.1;26.0;25.8;0.1;0.1;0.1;0.2;
2/2/2017 2:42:07 PM;4773;25.9;27.1;26.0;25.8;0.1;0.1;0.1;0.2;
2/2/2017 2:42:08 PM;4774;25.9;27.1;26.0;25.8;0.1;0.1;0.1;0.2;
2/2/2017 2:42:09 PM;4775;25.9;27.1;26.0;25.8;0.1;0.1;0.1;0.2;
2/2/2017 2:42:10 PM;4776;25.9;27.1;26.0;25.8;0.1;0.1;0.1;0.2;
2/2/2017 2:42:11 PM;4777;25.9;27.1;26.0;25.7;0.1;0.1;0.1;0.2;
2/2/2017 2:42:12 PM;4778;25.9;27.1;25.9;25.8;0.1;0.1;0.1;0.2;
2/2/2017 2:42:13 PM;4779;25.9;27.1;25.9;25.8;0.1;0.1;0.1;0.2;
2/2/2017 2:42:14 PM;4780;25.9;27.1;25.9;25.7;0.1;0.1;0.1;0.2;
2/2/2017 2:42:15 PM;4781;25.9;27.1;25.9;25.8;0.1;0.1;0.1;0.2;
2/2/2017 2:42:16 PM;4782;25.9;27.1;25.9;25.8;0.1;0.1;0.1;0.2;
2/2/2017 2:42:17 PM;4783;25.9;27.1;26.0;25.7;0.1;0.1;0.1;0.2;
2/2/2017 2:42:18 PM;4784;25.9;27.1;25.9;25.7;0.1;0.1;0.1;0.2;
2/2/2017 2:42:19 PM;4785;25.9;27.1;25.9;25.8;0.1;0.1;0.1;0.2;
2/2/2017 2:42:20 PM;4786;25.9;27.1;25.9;25.8;0.1;0.1;0.1;0.2;
2/2/2017 2:42:21 PM;4787;25.9;27.1;25.9;25.8;0.1;0.1;0.1;0.2;
2/2/2017 2:42:22 PM;4788;25.9;27.1;25.9;25.9;0.1;0.1;0.1;0.2;
2/2/2017 2:42:23 PM;4789;25.9;27.1;25.9;25.9;0.1;0.1;0.1;0.2;
2/2/2017 2:42:24 PM;4790;25.9;27.1;25.9;25.9;0.1;0.1;0.1;0.2;
2/2/2017 2:42:25 PM;4791;25.9;27.1;25.9;25.9;0.1;0.1;0.1;0.2;
2/2/2017 2:42:26 PM;4792;25.9;27.1;25.9;25.9;0.1;0.1;0.1;0.2;
2/2/2017 2:42:27 PM;4793;25.9;27.1;25.9;25.9;0.1;0.1;0.1;0.2;
2/2/2017 2:42:28 PM;4794;25.9;27.1;25.9;25.9;0.1;0.1;0.1;0.2;
2/2/2017 2:42:29 PM;4795;25.9;27.1;25.9;25.9;0.1;0.1;0.1;0.2;
2/2/2017 2:42:30 PM;4796;25.9;27.1;25.9;25.9;0.1;0.1;0.1;0.2;
2/2/2017 2:42:31 PM;4797;25.9;27.1;26.0;25.8;0.1;0.1;0.1;0.2;
2/2/2017 2:42:32 PM;4798;25.9;27.1;26.0;25.8;0.1;0.1;0.1;0.2;
2/2/2017 2:42:33 PM;4799;25.9;27.1;25.9;25.8;0.1;0.1;0.1;0.2;
2/2/2017 2:42:34 PM;4800;25.9;27.1;25.9;25.8;0.1;0.1;0.1;0.2;
2/2/2017 2:42:35 PM;4801;25.9;27.1;25.9;25.8;0.1;0.1;0.1;0.2;
2/2/2017 2:42:36 PM;4802;25.9;27.1;25.9;25.8;0.1;0.1;0.1;0.2;
2/2/2017 2:42:37 PM;4803;25.9;27.1;25.9;25.8;0.1;0.1;0.1;0.2;
2/2/2017 2:42:38 PM;4804;25.9;27.1;25.9;25.8;0.1;0.1;0.1;0.2;
2/2/2017 2:42:39 PM;4805;25.9;27.1;25.8;25.8;0.1;0.1;0.1;0.2;
2/2/2017 2:42:40 PM;4806;25.9;27.1;25.9;25.9;0.1;0.1;0.1;0.2;
2/2/2017 2:42:41 PM;4807;25.9;27.1;25.8;25.9;0.1;0.1;0.1;0.2;
2/2/2017 2:42:42 PM;4808;25.9;27.1;25.8;25.9;0.1;0.1;0.1;0.2;
2/2/2017 2:42:43 PM;4809;25.9;27.1;25.9;25.8;0.1;0.1;0.1;0.2;
2/2/2017 2:42:44 PM;4810;25.9;27.1;25.9;25.8;0.1;0.1;0.1;0.2;
2/2/2017 2:42:45 PM;4811;25.9;27.1;25.9;25.8;0.1;0.1;0.1;0.2;
2/2/2017 2:42:46 PM;4812;25.9;27.1;26.0;25.8;0.1;0.1;0.1;0.2;
2/2/2017 2:42:47 PM;4813;25.9;27.1;25.9;25.8;0.1;0.1;0.1;0.2;
2/2/2017 2:42:48 PM;4814;25.9;27.1;25.9;25.8;0.1;0.1;0.1;0.2;
2/2/2017 2:42:49 PM;4815;25.9;27.1;25.9;25.8;0.1;0.1;0.1;0.2;
2/2/2017 2:42:50 PM;4816;25.9;27.1;25.9;25.7;0.1;0.1;0.1;0.2;
2/2/2017 2:42:51 PM;4817;25.9;27.1;25.9;25.8;0.1;0.1;0.1;0.2;
2/2/2017 2:42:52 PM;4818;25.9;27.1;25.9;25.8;0.1;0.1;0.1;0.2;
2/2/2017 2:42:53 PM;4819;25.9;27.1;26.0;25.7;0.1;0.1;0.1;0.2;
2/2/2017 2:42:54 PM;4820;25.9;27.1;26.0;25.8;0.1;0.1;0.1;0.2;
2/2/2017 2:42:55 PM;4821;25.9;27.1;26.0;25.8;0.1;0.1;0.1;0.2;
2/2/2017 2:42:56 PM;4822;25.9;27.1;25.9;25.8;0.1;0.1;0.1;0.2;
2/2/2017 2:42:57 PM;4823;25.9;27.1;25.9;25.8;0.1;0.1;0.1;0.2;
2/2/2017 2:42:58 PM;4824;25.9;27.1;25.9;25.9;0.1;0.1;0.1;0.2;
2/2/2017 2:42:59 PM;4825;25.9;27.1;25.9;25.8;0.1;0.1;0.1;0.2;
2/2/2017 2:43:00 PM;4826;25.9;27.1;25.8;25.8;0.1;0.1;0.1;0.2;
2/2/2017 2:43:01 PM;4827;25.9;27.1;25.9;25.8;0.1;0.1;0.1;0.2;
2/2/2017 2:43:02 PM;4828;25.9;27.1;25.9;25.8;0.1;0.1;0.1;0.2;
2/2/2017 2:43:03 PM;4829;25.9;27.1;25.9;25.8;0.1;0.1;0.1;0.2;
2/2/2017 2:43:04 PM;4830;25.9;27.1;25.9;25.8;0.1;0.1;0.1;0.2;
2/2/2017 2:43:05 PM;4831;25.9;27.1;25.9;25.8;0.1;0.1;0.1;0.2;
2/2/2017 2:43:06 PM;4832;25.9;27.1;25.9;25.8;0.1;0.1;0.1;0.2;
2/2/2017 2:43:07 PM;4833;25.9;27.1;25.9;25.8;0.1;0.1;0.1;0.2;
2/2/2017 2:43:08 PM;4834;25.9;27.1;25.9;25.8;0.1;0.1;0.1;0.2;
2/2/2017 2:43:09 PM;4835;25.9;27.1;25.8;25.8;0.1;0.1;0.1;0.2;
2/2/2017 2:43:10 PM;4836;25.9;27.1;25.9;25.9;0.1;0.1;0.1;0.2;
2/2/2017 2:43:11 PM;4837;25.9;27.1;25.9;25.9;0.1;0.1;0.1;0.2;
2/2/2017 2:43:12 PM;4838;25.9;27.1;25.9;25.9;0.1;0.1;0.1;0.2;
2/2/2017 2:43:13 PM;4839;25.9;27.1;25.9;25.9;0.1;0.1;0.1;0.2;
2/2/2017 2:43:14 PM;4840;25.9;27.1;26.0;25.9;0.1;0.1;0.1;0.2;
2/2/2017 2:43:15 PM;4841;25.9;27.1;25.9;25.9;0.1;0.1;0.1;0.2;
2/2/2017 2:43:16 PM;4842;25.9;27.1;25.9;25.9;0.1;0.1;0.1;0.2;
2/2/2017 2:43:17 PM;4843;25.9;27.1;25.9;25.9;0.1;0.1;0.1;0.2;
2/2/2017 2:43:18 PM;4844;25.9;27.1;25.9;25.9;0.1;0.1;0.1;0.2;
2/2/2017 2:43:19 PM;4845;25.9;27.1;25.9;25.9;0.1;0.1;0.1;0.2;
2/2/2017 2:43:20 PM;4846;25.9;27.1;25.9;25.8;0.1;0.1;0.1;0.2;
2/2/2017 2:43:21 PM;4847;25.9;27.1;25.9;25.8;0.1;0.1;0.1;0.2;
2/2/2017 2:43:22 PM;4848;25.9;27.1;26.0;25.8;0.1;0.1;0.1;0.2;
2/2/2017 2:43:23 PM;4849;25.9;27.1;26.0;25.8;0.1;0.1;0.1;0.2;
2/2/2017 2:43:24 PM;4850;25.9;27.1;25.9;25.8;0.1;0.1;0.1;0.2;
2/2/2017 2:43:25 PM;4851;25.9;27.1;25.9;25.9;0.1;0.1;0.1;0.2;
2/2/2017 2:43:26 PM;4852;25.9;27.1;25.9;25.9;0.1;0.1;0.1;0.2;
2/2/2017 2:43:27 PM;4853;25.9;27.1;25.9;25.9;0.1;0.1;0.1;0.2;
2/2/2017 2:43:28 PM;4854;25.9;27.1;25.9;25.9;0.1;0.1;0.1;0.2;
2/2/2017 2:43:29 PM;4855;25.9;27.1;25.9;25.9;0.1;0.1;0.1;0.2;
2/2/2017 2:43:30 PM;4856;25.9;27.1;25.9;25.9;0.1;0.1;0.1;0.2;
2/2/2017 2:43:31 PM;4857;25.9;27.1;25.9;25.9;0.1;0.1;0.1;0.2;
2/2/2017 2:43:32 PM;4858;25.9;27.1;25.9;25.9;0.1;0.1;0.1;0.2;
2/2/2017 2:43:33 PM;4859;25.9;27.1;25.8;25.8;0.1;0.1;0.1;0.2;
2/2/2017 2:43:34 PM;4860;25.9;27.1;25.8;25.8;0.1;0.1;0.1;0.2;
2/2/2017 2:43:35 PM;4861;25.9;27.1;25.8;25.8;0.1;0.1;0.1;0.2;
2/2/2017 2:43:36 PM;4862;25.9;27.1;25.8;25.7;0.1;0.1;0.1;0.2;
2/2/2017 2:43:37 PM;4863;25.9;27.1;25.8;25.7;0.1;0.1;0.1;0.2;
2/2/2017 2:43:38 PM;4864;25.9;27.1;25.8;25.8;0.1;0.1;0.1;0.2;
2/2/2017 2:43:39 PM;4865;25.9;27.1;25.9;25.8;0.1;0.1;0.1;0.2;
2/2/2017 2:43:40 PM;4866;25.9;27.1;25.9;25.8;0.1;0.1;0.1;0.2;
2/2/2017 2:43:41 PM;4867;25.9;27.1;25.8;25.8;0.1;0.1;0.1;0.2;
2/2/2017 2:43:42 PM;4868;25.9;27.1;25.8;25.8;0.1;0.1;0.1;0.2;
2/2/2017 2:43:43 PM;4869;25.9;27.1;25.9;25.8;0.1;0.1;0.1;0.2;
2/2/2017 2:43:44 PM;4870;25.9;27.1;25.9;25.8;0.1;0.1;0.1;0.2;
2/2/2017 2:43:45 PM;4871;25.9;27.1;25.9;25.9;0.1;0.1;0.1;0.2;
2/2/2017 2:43:46 PM;4872;25.9;27.1;26.0;25.9;0.1;0.1;0.1;0.2;
2/2/2017 2:43:47 PM;4873;25.9;27.1;26.0;25.9;0.1;0.1;0.1;0.2;
2/2/2017 2:43:48 PM;4874;25.9;27.1;25.9;25.8;0.1;0.1;0.1;0.2;
2/2/2017 2:43:49 PM;4875;25.9;27.1;25.9;25.8;0.1;0.1;0.1;0.2;
2/2/2017 2:43:50 PM;4876;25.9;27.1;25.9;25.7;0.1;0.1;0.1;0.2;
2/2/2017 2:43:51 PM;4877;25.9;27.1;25.8;25.7;0.1;0.1;0.1;0.2;
2/2/2017 2:43:52 PM;4878;25.9;27.1;25.8;25.7;0.1;0.1;0.1;0.2;
2/2/2017 2:43:53 PM;4879;25.9;27.1;25.9;25.7;0.1;0.1;0.1;0.2;
2/2/2017 2:43:54 PM;4880;25.9;27.1;25.9;25.8;0.1;0.1;0.1;0.2;
2/2/2017 2:43:55 PM;4881;25.9;27.1;25.9;25.8;0.1;0.1;0.1;0.2;
2/2/2017 2:43:56 PM;4882;25.9;27.1;25.9;25.8;0.1;0.1;0.1;0.2;
2/2/2017 2:43:57 PM;4883;25.9;27.1;25.8;25.8;0.1;0.1;0.1;0.2;
2/2/2017 2:43:58 PM;4884;25.9;27.1;25.8;25.8;0.1;0.1;0.1;0.2;
2/2/2017 2:43:59 PM;4885;25.9;27.1;25.8;25.8;0.1;0.1;0.1;0.2;
2/2/2017 2:44:00 PM;4886;25.9;27.1;25.8;25.8;0.1;0.1;0.1;0.2;
2/2/2017 2:44:01 PM;4887;25.9;27.1;25.9;25.8;0.1;0.1;0.1;0.2;
2/2/2017 2:44:02 PM;4888;25.9;27.1;25.9;25.8;0.1;0.1;0.1;0.2;
2/2/2017 2:44:03 PM;4889;25.9;27.1;25.9;25.7;0.1;0.1;0.1;0.2;
2/2/2017 2:44:04 PM;4890;25.9;27.1;25.9;25.7;0.1;0.1;0.1;0.2;
2/2/2017 2:44:05 PM;4891;25.9;27.1;25.9;25.7;0.1;0.1;0.1;0.2;
2/2/2017 2:44:06 PM;4892;25.9;27.1;25.9;25.7;0.1;0.1;0.1;0.2;
2/2/2017 2:44:07 PM;4893;25.9;27.1;25.9;25.7;0.1;0.1;0.1;0.2;
2/2/2017 2:44:08 PM;4894;25.9;27.1;25.8;25.8;0.1;0.1;0.1;0.2;
2/2/2017 2:44:09 PM;4895;25.9;27.1;25.8;25.8;0.1;0.1;0.1;0.2;
2/2/2017 2:44:10 PM;4896;25.9;27.1;25.8;25.9;0.1;0.1;0.1;0.2;
2/2/2017 2:44:11 PM;4897;25.9;27.1;25.9;25.9;0.1;0.1;0.1;0.2;
2/2/2017 2:44:12 PM;4898;25.9;27.1;25.9;25.9;0.1;0.1;0.1;0.2;
2/2/2017 2:44:13 PM;4899;25.9;27.1;25.9;25.9;0.1;0.1;0.1;0.2;
2/2/2017 2:44:14 PM;4900;25.9;27.1;25.9;25.9;0.1;0.1;0.1;0.2;
2/2/2017 2:44:15 PM;4901;25.9;27.1;25.9;25.9;0.1;0.1;0.1;0.2;
2/2/2017 2:44:16 PM;4902;25.9;27.1;25.8;25.9;0.1;0.1;0.1;0.2;
2/2/2017 2:44:17 PM;4903;25.9;27.1;25.8;25.9;0.1;0.1;0.1;0.2;
2/2/2017 2:44:18 PM;4904;25.9;27.1;25.8;25.9;0.1;0.1;0.1;0.2;
2/2/2017 2:44:19 PM;4905;25.9;27.1;25.8;25.9;0.1;0.1;0.1;0.2;
2/2/2017 2:44:20 PM;4906;25.9;27.1;25.8;25.9;0.1;0.1;0.1;0.2;
2/2/2017 2:44:21 PM;4907;25.9;27.1;25.8;25.9;0.1;0.1;0.1;0.2;
2/2/2017 2:44:22 PM;4908;25.9;27.1;25.9;25.9;0.1;0.1;0.1;0.2;
2/2/2017 2:44:23 PM;4909;25.9;27.1;25.9;25.9;0.1;0.1;0.1;0.2;
2/2/2017 2:44:24 PM;4910;25.9;27.1;25.9;25.8;0.1;0.1;0.1;0.2;
2/2/2017 2:44:25 PM;4911;25.9;27.1;25.9;25.8;0.1;0.1;0.1;0.2;
2/2/2017 2:44:26 PM;4912;25.9;27.1;25.9;25.7;0.1;0.1;0.1;0.2;
2/2/2017 2:44:27 PM;4913;25.9;27.1;25.9;25.7;0.1;0.1;0.1;0.2;
2/2/2017 2:44:28 PM;4914;25.9;27.1;25.9;25.7;0.1;0.1;0.1;0.2;
2/2/2017 2:44:29 PM;4915;25.9;27.1;25.9;25.7;0.1;0.1;0.1;0.2;
2/2/2017 2:44:30 PM;4916;25.9;27.1;25.9;25.7;0.1;0.1;0.1;0.2;
2/2/2017 2:44:31 PM;4917;25.9;27.1;25.9;25.8;0.1;0.1;0.1;0.2;
2/2/2017 2:44:32 PM;4918;25.9;27.1;25.9;25.8;0.1;0.1;0.1;0.2;
2/2/2017 2:44:33 PM;4919;25.9;27.1;25.9;25.8;0.1;0.1;0.1;0.2;
2/2/2017 2:44:34 PM;4920;25.9;27.1;25.9;25.8;0.1;0.1;0.1;0.2;
2/2/2017 2:44:35 PM;4921;25.9;27.1;25.9;25.9;0.1;0.1;0.1;0.2;
2/2/2017 2:44:36 PM;4922;25.9;27.1;25.9;25.9;0.1;0.1;0.1;0.2;
2/2/2017 2:44:37 PM;4923;25.9;27.1;25.9;25.9;0.1;0.1;0.1;0.2;
2/2/2017 2:44:38 PM;4924;25.9;27.1;25.9;25.9;0.1;0.1;0.1;0.2;
2/2/2017 2:44:39 PM;4925;25.9;27.1;25.8;25.8;0.1;0.1;0.1;0.2;
2/2/2017 2:44:40 PM;4926;25.9;27.1;25.8;25.8;0.1;0.1;0.1;0.2;
2/2/2017 2:44:41 PM;4927;25.9;27.1;25.8;25.7;0.1;0.1;0.1;0.2;
2/2/2017 2:44:42 PM;4928;25.9;27.1;25.8;25.7;0.1;0.1;0.1;0.2;
2/2/2017 2:44:43 PM;4929;25.9;27.1;25.8;25.7;0.1;0.1;0.1;0.2;
2/2/2017 2:44:44 PM;4930;25.9;27.1;25.8;25.7;0.1;0.1;0.1;0.2;
2/2/2017 2:44:45 PM;4931;25.9;27.1;25.9;25.7;0.1;0.1;0.1;0.2;
2/2/2017 2:44:46 PM;4932;25.9;27.1;25.9;25.7;0.1;0.1;0.1;0.2;
2/2/2017 2:44:47 PM;4933;25.9;27.1;25.9;25.7;0.1;0.1;0.1;0.2;
2/2/2017 2:44:48 PM;4934;25.9;27.1;25.9;25.8;0.1;0.1;0.1;0.2;
2/2/2017 2:44:49 PM;4935;25.9;27.1;25.9;25.8;0.1;0.1;0.1;0.2;
2/2/2017 2:44:50 PM;4936;25.9;27.1;25.9;25.8;0.1;0.1;0.1;0.2;
2/2/2017 2:44:51 PM;4937;25.9;27.1;25.9;25.8;0.1;0.1;0.1;0.2;
2/2/2017 2:44:52 PM;4938;25.9;27.1;25.8;25.9;0.1;0.1;0.1;0.2;
2/2/2017 2:44:53 PM;4939;25.9;27.1;25.8;25.9;0.1;0.1;0.1;0.2;
2/2/2017 2:44:54 PM;4940;25.9;27.1;25.8;25.9;0.1;0.1;0.1;0.2;
2/2/2017 2:44:55 PM;4941;25.9;27.1;25.9;25.8;0.1;0.1;0.1;0.2;
2/2/2017 2:44:56 PM;4942;25.9;27.1;25.9;25.8;0.1;0.1;0.1;0.2;
2/2/2017 2:44:57 PM;4943;25.9;27.1;25.9;25.8;0.1;0.1;0.1;0.2;
2/2/2017 2:44:58 PM;4944;25.9;27.1;25.9;25.7;0.1;0.1;0.1;0.2;
2/2/2017 2:44:59 PM;4945;25.9;27.1;25.9;25.7;0.1;0.1;0.1;0.2;
2/2/2017 2:45:00 PM;4946;25.9;27.1;25.9;25.7;0.1;0.1;0.1;0.2;
2/2/2017 2:45:01 PM;4947;25.9;27.1;25.9;25.7;0.1;0.1;0.1;0.2;
2/2/2017 2:45:02 PM;4948;25.9;27.1;25.9;25.8;0.1;0.1;0.1;0.2;
2/2/2017 2:45:03 PM;4949;25.9;27.1;25.9;25.8;0.1;0.1;0.1;0.2;
2/2/2017 2:45:04 PM;4950;25.9;27.1;25.9;25.8;0.1;0.1;0.1;0.2;
2/2/2017 2:45:05 PM;4951;25.9;27.1;25.9;25.8;0.1;0.1;0.1;0.2;
2/2/2017 2:45:06 PM;4952;25.9;27.1;25.9;25.7;0.1;0.1;0.1;0.2;
2/2/2017 2:45:07 PM;4953;25.9;27.1;25.8;25.7;0.1;0.1;0.1;0.2;
2/2/2017 2:45:08 PM;4954;25.9;27.1;25.9;25.7;0.1;0.1;0.1;0.2;
2/2/2017 2:45:09 PM;4955;25.9;27.1;25.9;25.7;0.1;0.1;0.1;0.2;
2/2/2017 2:45:10 PM;4956;25.9;27.1;25.9;25.7;0.1;0.1;0.1;0.2;
2/2/2017 2:45:11 PM;4957;25.9;27.1;25.9;25.7;0.1;0.1;0.1;0.2;
2/2/2017 2:45:12 PM;4958;25.9;27.1;25.9;25.7;0.1;0.1;0.1;0.2;
2/2/2017 2:45:13 PM;4959;25.9;27.1;25.9;25.7;0.1;0.1;0.1;0.2;
2/2/2017 2:45:14 PM;4960;25.9;27.1;25.9;25.8;0.1;0.1;0.1;0.2;
2/2/2017 2:45:15 PM;4961;25.9;27.1;25.9;25.8;0.1;0.1;0.1;0.2;
2/2/2017 2:45:16 PM;4962;25.9;27.1;25.9;25.8;0.1;0.1;0.1;0.2;
2/2/2017 2:45:17 PM;4963;25.9;27.1;25.9;25.8;0.1;0.1;0.1;0.2;
2/2/2017 2:45:18 PM;4964;25.9;27.1;25.9;25.9;0.1;0.1;0.1;0.2;
2/2/2017 2:45:19 PM;4965;25.9;27.1;25.9;25.9;0.1;0.1;0.1;0.2;
2/2/2017 2:45:20 PM;4966;25.9;27.1;25.8;25.9;0.1;0.1;0.1;0.2;
2/2/2017 2:45:21 PM;4967;25.9;27.1;25.8;25.9;0.1;0.1;0.1;0.2;
2/2/2017 2:45:22 PM;4968;25.9;27.1;25.8;25.8;0.1;0.1;0.1;0.2;
2/2/2017 2:45:23 PM;4969;25.9;27.1;25.9;25.8;0.1;0.1;0.1;0.2;
2/2/2017 2:45:24 PM;4970;25.9;27.1;25.9;25.7;0.1;0.1;0.1;0.2;
2/2/2017 2:45:25 PM;4971;25.9;27.1;25.9;25.7;0.1;0.1;0.1;0.2;
2/2/2017 2:45:26 PM;4972;25.9;27.1;25.9;25.7;0.1;0.1;0.1;0.2;
2/2/2017 2:45:27 PM;4973;25.9;27.1;25.9;25.7;0.1;0.1;0.1;0.2;
2/2/2017 2:45:28 PM;4974;25.9;27.1;25.8;25.8;0.1;0.1;0.1;0.2;
2/2/2017 2:45:29 PM;4975;25.9;27.1;25.8;25.8;0.1;0.1;0.1;0.2;
2/2/2017 2:45:30 PM;4976;25.9;27.1;25.8;25.8;0.1;0.1;0.1;0.2;
2/2/2017 2:45:31 PM;4977;25.9;27.1;25.8;25.8;0.1;0.1;0.1;0.2;
2/2/2017 2:45:32 PM;4978;25.9;27.1;25.9;25.8;0.1;0.1;0.1;0.2;
2/2/2017 2:45:33 PM;4979;25.9;27.1;25.9;25.8;0.1;0.1;0.1;0.2;
2/2/2017 2:45:34 PM;4980;25.9;27.1;25.9;25.9;0.1;0.1;0.1;0.2;
2/2/2017 2:45:35 PM;4981;25.9;27.1;25.9;25.9;0.1;0.1;0.1;0.2;
2/2/2017 2:45:36 PM;4982;25.9;27.1;25.8;25.9;0.1;0.1;0.1;0.2;
2/2/2017 2:45:37 PM;4983;25.9;27.1;25.8;25.8;0.1;0.1;0.1;0.2;
2/2/2017 2:45:38 PM;4984;25.9;27.1;25.8;25.8;0.1;0.1;0.1;0.2;
2/2/2017 2:45:39 PM;4985;25.9;27.1;25.8;25.8;0.1;0.1;0.1;0.2;
2/2/2017 2:45:40 PM;4986;25.9;27.1;25.9;25.8;0.1;0.1;0.1;0.2;
2/2/2017 2:45:41 PM;4987;25.9;27.1;25.9;25.7;0.1;0.1;0.1;0.2;
2/2/2017 2:45:42 PM;4988;25.9;27.1;25.8;25.8;0.1;0.1;0.1;0.2;
2/2/2017 2:45:43 PM;4989;25.9;27.1;25.8;25.8;0.1;0.1;0.1;0.2;
2/2/2017 2:45:44 PM;4990;25.9;27.1;25.8;25.8;0.1;0.1;0.1;0.2;
2/2/2017 2:45:45 PM;4991;25.9;27.1;25.8;25.8;0.1;0.1;0.1;0.2;
2/2/2017 2:45:46 PM;4992;25.9;27.1;25.8;25.8;0.1;0.1;0.1;0.2;
2/2/2017 2:45:47 PM;4993;25.9;27.1;25.8;25.7;0.1;0.1;0.1;0.2;
2/2/2017 2:45:48 PM;4994;25.9;27.1;25.8;25.7;0.1;0.1;0.1;0.2;
2/2/2017 2:45:49 PM;4995;25.9;27.1;25.8;25.7;0.1;0.1;0.1;0.2;
2/2/2017 2:45:50 PM;4996;25.9;27.1;25.8;25.7;0.1;0.1;0.1;0.2;
2/2/2017 2:45:51 PM;4997;25.9;27.1;25.8;25.7;0.1;0.1;0.1;0.2;
2/2/2017 2:45:52 PM;4998;25.9;27.1;25.8;25.8;0.1;0.1;0.1;0.2;
2/2/2017 2:45:53 PM;4999;25.9;27.1;25.8;25.8;0.1;0.1;0.1;0.2;
2/2/2017 2:45:54 PM;5000;25.9;27.1;25.8;25.8;0.1;0.1;0.1;0.2;
2/2/2017 2:45:55 PM;5001;25.9;27.1;25.8;25.8;0.1;0.1;0.1;0.2;
2/2/2017 2:45:56 PM;5002;25.9;27.1;25.9;25.8;0.1;0.1;0.1;0.2;
2/2/2017 2:45:57 PM;5003;25.9;27.1;25.9;25.8;0.1;0.1;0.1;0.2;
2/2/2017 2:45:58 PM;5004;25.9;27.1;25.9;25.8;0.1;0.1;0.1;0.2;
2/2/2017 2:45:59 PM;5005;25.9;27.1;25.9;25.8;0.1;0.1;0.1;0.2;
2/2/2017 2:46:00 PM;5006;25.9;27.1;25.9;25.8;0.1;0.1;0.1;0.2;
2/2/2017 2:46:01 PM;5007;25.9;27.1;25.9;25.8;0.1;0.1;0.1;0.2;
2/2/2017 2:46:02 PM;5008;25.9;27.1;25.9;25.8;0.1;0.1;0.1;0.2;
2/2/2017 2:46:03 PM;5009;25.9;27.1;25.9;25.8;0.1;0.1;0.1;0.2;
2/2/2017 2:46:04 PM;5010;25.9;27.1;25.9;25.7;0.1;0.1;0.1;0.2;
2/2/2017 2:46:05 PM;5011;25.9;27.1;25.9;25.7;0.1;0.1;0.1;0.2;
2/2/2017 2:46:06 PM;5012;25.9;27.1;25.9;25.7;0.1;0.1;0.1;0.2;
2/2/2017 2:46:07 PM;5013;25.9;27.1;25.9;25.7;0.1;0.1;0.1;0.2;
2/2/2017 2:46:08 PM;5014;25.9;27.1;25.9;25.7;0.1;0.1;0.1;0.2;
2/2/2017 2:46:09 PM;5015;25.9;27.1;25.8;25.7;0.1;0.1;0.1;0.2;
2/2/2017 2:46:10 PM;5016;25.9;27.1;25.9;25.7;0.1;0.1;0.1;0.2;
2/2/2017 2:46:11 PM;5017;25.9;27.1;25.9;25.8;0.1;0.1;0.1;0.2;
2/2/2017 2:46:12 PM;5018;25.9;27.1;25.9;25.8;0.1;0.1;0.1;0.2;
2/2/2017 2:46:13 PM;5019;25.9;27.1;25.8;25.8;0.1;0.1;0.1;0.2;
2/2/2017 2:46:14 PM;5020;25.9;27.1;25.8;25.8;0.1;0.1;0.1;0.2;
2/2/2017 2:46:15 PM;5021;25.9;27.1;25.8;25.8;0.1;0.1;0.1;0.2;
2/2/2017 2:46:16 PM;5022;25.9;27.1;25.8;25.8;0.1;0.1;0.1;0.2;
2/2/2017 2:46:17 PM;5023;25.9;27.1;25.8;25.8;0.1;0.1;0.1;0.2;
2/2/2017 2:46:18 PM;5024;25.9;27.1;25.8;25.8;0.1;0.1;0.1;0.2;
2/2/2017 2:46:19 PM;5025;25.9;27.1;25.8;25.8;0.1;0.1;0.1;0.2;
2/2/2017 2:46:20 PM;5026;25.9;27.1;25.9;25.8;0.1;0.1;0.1;0.2;
2/2/2017 2:46:21 PM;5027;25.9;27.1;25.9;25.8;0.1;0.1;0.1;0.2;
2/2/2017 2:46:22 PM;5028;25.9;27.1;25.8;25.8;0.1;0.1;0.1;0.2;
2/2/2017 2:46:23 PM;5029;25.9;27.1;25.8;25.8;0.1;0.1;0.1;0.2;
2/2/2017 2:46:24 PM;5030;25.9;27.1;25.8;25.8;0.1;0.1;0.1;0.2;
2/2/2017 2:46:25 PM;5031;25.9;27.1;25.8;25.7;0.1;0.1;0.1;0.2;
2/2/2017 2:46:26 PM;5032;25.9;27.1;25.8;25.8;0.1;0.1;0.1;0.2;
2/2/2017 2:46:27 PM;5033;25.9;27.1;25.9;25.8;0.1;0.1;0.1;0.2;
2/2/2017 2:46:28 PM;5034;25.9;27.1;25.9;25.8;0.1;0.1;0.1;0.2;
2/2/2017 2:46:29 PM;5035;25.9;27.1;25.9;25.8;0.1;0.1;0.1;0.2;
2/2/2017 2:46:30 PM;5036;25.9;27.1;25.8;25.8;0.1;0.1;0.1;0.2;
2/2/2017 2:46:31 PM;5037;25.9;27.1;25.9;25.8;0.1;0.1;0.1;0.2;
2/2/2017 2:46:32 PM;5038;25.9;27.1;25.8;25.8;0.1;0.1;0.1;0.2;
2/2/2017 2:46:33 PM;5039;25.9;27.1;25.8;25.8;0.1;0.1;0.1;0.2;
2/2/2017 2:46:34 PM;5040;25.9;27.1;25.8;25.8;0.1;0.1;0.1;0.2;
2/2/2017 2:46:35 PM;5041;25.9;27.1;25.8;25.8;0.1;0.1;0.1;0.2;
2/2/2017 2:46:36 PM;5042;25.9;27.1;25.8;25.8;0.1;0.1;0.1;0.2;
2/2/2017 2:46:37 PM;5043;25.9;27.1;25.8;25.8;0.1;0.1;0.1;0.2;
2/2/2017 2:46:38 PM;5044;25.9;27.1;25.8;25.8;0.1;0.1;0.1;0.2;
2/2/2017 2:46:39 PM;5045;25.9;27.1;25.8;25.8;0.1;0.1;0.1;0.2;
2/2/2017 2:46:40 PM;5046;25.9;27.1;25.9;25.8;0.1;0.1;0.1;0.2;
2/2/2017 2:46:41 PM;5047;25.9;27.1;25.9;25.8;0.1;0.1;0.1;0.2;
2/2/2017 2:46:42 PM;5048;25.9;27.1;25.9;25.8;0.1;0.1;0.1;0.2;
2/2/2017 2:46:43 PM;5049;25.9;27.1;25.9;25.7;0.1;0.1;0.1;0.2;
2/2/2017 2:46:44 PM;5050;25.9;27.1;25.9;25.8;0.1;0.1;0.1;0.2;
2/2/2017 2:46:45 PM;5051;25.9;27.1;25.9;25.7;0.1;0.1;0.1;0.2;
2/2/2017 2:46:46 PM;5052;25.9;27.1;25.9;25.7;0.1;0.1;0.1;0.2;
2/2/2017 2:46:47 PM;5053;25.9;27.1;25.8;25.7;0.1;0.1;0.1;0.2;
2/2/2017 2:46:48 PM;5054;25.9;27.1;25.8;25.7;0.1;0.1;0.1;0.2;
2/2/2017 2:46:49 PM;5055;25.9;27.1;25.8;25.7;0.1;0.1;0.1;0.2;
2/2/2017 2:46:50 PM;5056;25.9;27.1;25.8;25.7;0.1;0.1;0.1;0.2;
2/2/2017 2:46:51 PM;5057;25.9;27.1;25.8;25.8;0.1;0.1;0.1;0.2;
2/2/2017 2:46:52 PM;5058;25.9;27.1;25.9;25.7;0.1;0.1;0.1;0.2;
2/2/2017 2:46:53 PM;5059;25.9;27.1;25.9;25.7;0.1;0.1;0.1;0.2;
2/2/2017 2:46:54 PM;5060;25.9;27.1;25.8;25.8;0.1;0.1;0.1;0.2;
2/2/2017 2:46:55 PM;5061;25.9;27.1;25.8;25.7;0.1;0.1;0.1;0.2;
2/2/2017 2:46:56 PM;5062;25.9;27.1;25.8;25.7;0.1;0.1;0.1;0.2;
2/2/2017 2:46:57 PM;5063;25.9;27.1;25.8;25.8;0.1;0.1;0.1;0.2;
2/2/2017 2:46:58 PM;5064;25.9;27.1;25.9;25.8;0.1;0.1;0.1;0.2;
2/2/2017 2:46:59 PM;5065;25.9;27.1;25.9;25.8;0.1;0.1;0.1;0.2;
2/2/2017 2:47:00 PM;5066;25.9;27.1;25.8;25.8;0.1;0.1;0.1;0.2;
2/2/2017 2:47:01 PM;5067;25.9;27.1;25.9;25.8;0.1;0.1;0.1;0.2;
2/2/2017 2:47:02 PM;5068;25.9;27.1;25.9;25.7;0.1;0.1;0.1;0.2;
2/2/2017 2:47:03 PM;5069;25.9;27.1;25.9;25.7;0.1;0.1;0.1;0.2;
2/2/2017 2:47:04 PM;5070;25.9;27.1;25.9;25.7;0.1;0.1;0.1;0.2;
2/2/2017 2:47:05 PM;5071;25.9;27.1;25.9;25.7;0.1;0.1;0.1;0.2;
2/2/2017 2:47:06 PM;5072;25.9;27.1;25.9;25.8;0.1;0.1;0.1;0.2;
2/2/2017 2:47:07 PM;5073;25.9;27.1;25.8;25.8;0.1;0.1;0.1;0.2;
2/2/2017 2:47:08 PM;5074;25.9;27.1;25.8;25.8;0.1;0.1;0.1;0.2;
2/2/2017 2:47:09 PM;5075;25.9;27.1;25.8;25.8;0.1;0.1;0.1;0.2;
2/2/2017 2:47:10 PM;5076;25.9;27.1;25.8;25.8;0.1;0.1;0.1;0.2;
2/2/2017 2:47:11 PM;5077;25.9;27.1;25.8;25.7;0.1;0.1;0.1;0.2;
2/2/2017 2:47:12 PM;5078;25.9;27.1;25.8;25.7;0.1;0.1;0.1;0.2;
2/2/2017 2:47:13 PM;5079;25.9;27.1;25.8;25.7;0.1;0.1;0.1;0.2;
2/2/2017 2:47:14 PM;5080;25.9;27.1;25.8;25.7;0.1;0.1;0.1;0.2;
2/2/2017 2:47:15 PM;5081;25.9;27.1;25.8;25.7;0.1;0.1;0.1;0.2;
2/2/2017 2:47:16 PM;5082;25.9;27.1;25.8;25.7;0.1;0.1;0.1;0.2;
2/2/2017 2:47:17 PM;5083;25.9;27.1;25.8;25.7;0.1;0.1;0.1;0.2;
2/2/2017 2:47:18 PM;5084;25.9;27.1;25.8;25.7;0.1;0.1;0.1;0.2;
2/2/2017 2:47:19 PM;5085;25.9;27.1;25.8;25.7;0.1;0.1;0.1;0.2;
2/2/2017 2:47:20 PM;5086;25.9;27.1;25.8;25.7;0.1;0.1;0.1;0.2;
2/2/2017 2:47:21 PM;5087;25.9;27.1;25.8;25.7;0.1;0.1;0.1;0.2;
2/2/2017 2:47:22 PM;5088;25.9;27.1;25.8;25.7;0.1;0.1;0.1;0.2;
2/2/2017 2:47:23 PM;5089;25.9;27.1;25.8;25.8;0.1;0.1;0.1;0.2;
2/2/2017 2:47:24 PM;5090;25.9;27.1;25.8;25.7;0.1;0.1;0.1;0.2;
2/2/2017 2:47:25 PM;5091;25.9;27.1;25.8;25.7;0.1;0.1;0.1;0.2;
2/2/2017 2:47:26 PM;5092;25.9;27.1;25.9;25.7;0.1;0.1;0.1;0.2;
2/2/2017 2:47:27 PM;5093;25.9;27.1;25.8;25.7;0.1;0.1;0.1;0.2;
2/2/2017 2:47:28 PM;5094;25.9;27.1;25.9;25.7;0.1;0.1;0.1;0.2;
2/2/2017 2:47:29 PM;5095;25.9;27.1;25.9;25.7;0.1;0.1;0.1;0.2;
2/2/2017 2:47:30 PM;5096;25.9;27.1;25.9;25.7;0.1;0.1;0.1;0.2;
2/2/2017 2:47:31 PM;5097;25.9;27.1;25.8;25.7;0.1;0.1;0.1;0.2;
2/2/2017 2:47:32 PM;5098;25.9;27.1;25.8;25.7;0.1;0.1;0.1;0.2;
2/2/2017 2:47:33 PM;5099;25.9;27.1;25.8;25.7;0.1;0.1;0.1;0.2;
2/2/2017 2:47:34 PM;5100;25.9;27.1;25.8;25.7;0.1;0.1;0.1;0.2;
2/2/2017 2:47:35 PM;5101;25.9;27.1;25.8;25.7;0.1;0.1;0.1;0.2;
2/2/2017 2:47:36 PM;5102;25.9;27.1;25.8;25.7;0.1;0.1;0.1;0.2;
2/2/2017 2:47:37 PM;5103;25.9;27.1;25.8;25.7;0.1;0.1;0.1;0.2;
2/2/2017 2:47:38 PM;5104;25.9;27.1;25.8;25.7;0.1;0.1;0.1;0.2;
2/2/2017 2:47:39 PM;5105;25.9;27.1;25.8;25.7;0.1;0.1;0.1;0.2;
2/2/2017 2:47:40 PM;5106;25.9;27.1;25.8;25.7;0.1;0.1;0.1;0.2;
2/2/2017 2:47:41 PM;5107;25.9;27.1;25.8;25.7;0.1;0.1;0.1;0.2;
2/2/2017 2:47:42 PM;5108;25.9;27.1;25.8;25.7;0.1;0.1;0.1;0.2;
2/2/2017 2:47:43 PM;5109;25.9;27.1;25.9;25.7;0.1;0.1;0.1;0.2;
2/2/2017 2:47:44 PM;5110;25.9;27.1;25.8;25.7;0.1;0.1;0.1;0.2;
2/2/2017 2:47:45 PM;5111;25.9;27.1;25.9;25.7;0.1;0.1;0.1;0.2;
2/2/2017 2:47:46 PM;5112;25.9;27.1;25.9;25.7;0.1;0.1;0.1;0.2;
2/2/2017 2:47:47 PM;5113;25.9;27.1;25.8;25.7;0.1;0.1;0.1;0.2;
2/2/2017 2:47:48 PM;5114;25.9;27.1;25.8;25.7;0.1;0.1;0.1;0.2;
2/2/2017 2:47:49 PM;5115;25.9;27.1;25.8;25.7;0.1;0.1;0.1;0.2;
2/2/2017 2:47:50 PM;5116;25.9;27.1;25.8;25.7;0.1;0.1;0.1;0.2;
2/2/2017 2:47:51 PM;5117;25.9;27.1;25.8;25.7;0.1;0.1;0.1;0.2;
2/2/2017 2:47:52 PM;5118;25.9;27.1;25.9;25.7;0.1;0.1;0.1;0.2;
2/2/2017 2:47:53 PM;5119;25.9;27.1;25.9;25.7;0.1;0.1;0.1;0.2;
2/2/2017 2:47:54 PM;5120;25.9;27.1;25.9;25.7;0.1;0.1;0.1;0.2;
2/2/2017 2:47:55 PM;5121;25.9;27.1;25.8;25.7;0.1;0.1;0.1;0.2;
2/2/2017 2:47:56 PM;5122;25.9;27.1;25.8;25.7;0.1;0.1;0.1;0.2;
2/2/2017 2:47:57 PM;5123;25.9;27.1;25.8;25.7;0.1;0.1;0.1;0.2;
2/2/2017 2:47:58 PM;5124;25.9;27.1;25.8;25.7;0.1;0.1;0.1;0.2;
2/2/2017 2:47:59 PM;5125;25.9;27.1;25.8;25.7;0.1;0.1;0.1;0.2;
2/2/2017 2:48:00 PM;5126;25.9;27.1;25.8;25.7;0.1;0.1;0.1;0.2;
2/2/2017 2:48:01 PM;5127;25.9;27.1;25.8;25.7;0.1;0.1;0.1;0.2;
2/2/2017 2:48:02 PM;5128;25.9;27.1;25.8;25.7;0.1;0.1;0.1;0.2;
2/2/2017 2:48:03 PM;5129;25.9;27.1;25.8;25.7;0.1;0.1;0.1;0.2;
2/2/2017 2:48:04 PM;5130;25.9;27.1;25.8;25.7;0.1;0.1;0.1;0.2;
2/2/2017 2:48:05 PM;5131;25.9;27.1;25.8;25.7;0.1;0.1;0.1;0.2;
2/2/2017 2:48:06 PM;5132;25.9;27.1;25.8;25.7;0.1;0.1;0.1;0.2;
2/2/2017 2:48:07 PM;5133;25.9;27.1;25.8;25.7;0.1;0.1;0.1;0.2;
2/2/2017 2:48:08 PM;5134;25.9;27.1;25.8;25.7;0.1;0.1;0.1;0.2;
2/2/2017 2:48:09 PM;5135;25.9;27.1;25.8;25.7;0.1;0.1;0.1;0.2;
2/2/2017 2:48:10 PM;5136;25.9;27.1;25.8;25.7;0.1;0.1;0.1;0.2;
2/2/2017 2:48:11 PM;5137;25.9;27.1;25.8;25.7;0.1;0.1;0.1;0.2;
2/2/2017 2:48:12 PM;5138;25.9;27.1;25.8;25.7;0.1;0.1;0.1;0.2;
2/2/2017 2:48:13 PM;5139;25.9;27.1;25.8;25.7;0.1;0.1;0.1;0.2;
2/2/2017 2:48:14 PM;5140;25.9;27.1;25.8;25.7;0.1;0.1;0.1;0.2;
2/2/2017 2:48:15 PM;5141;25.9;27.1;25.8;25.7;0.1;0.1;0.1;0.2;
2/2/2017 2:48:16 PM;5142;25.9;27.1;25.8;25.7;0.1;0.1;0.1;0.2;
2/2/2017 2:48:17 PM;5143;25.9;27.1;25.8;25.7;0.1;0.1;0.1;0.2;
2/2/2017 2:48:18 PM;5144;25.9;27.1;25.8;25.7;0.1;0.1;0.1;0.2;
2/2/2017 2:48:19 PM;5145;25.9;27.1;25.8;25.7;0.1;0.1;0.1;0.2;
2/2/2017 2:48:20 PM;5146;25.9;27.1;25.8;25.7;0.1;0.1;0.1;0.2;
2/2/2017 2:48:21 PM;5147;25.9;27.1;25.8;25.7;0.1;0.1;0.1;0.2;
2/2/2017 2:48:22 PM;5148;25.9;27.1;25.8;25.7;0.1;0.1;0.1;0.2;
2/2/2017 2:48:23 PM;5149;25.9;27.1;25.8;25.7;0.1;0.1;0.1;0.2;
2/2/2017 2:48:24 PM;5150;25.9;27.1;25.8;25.7;0.1;0.1;0.1;0.2;
2/2/2017 2:48:25 PM;5151;25.9;27.1;25.8;25.7;0.1;0.1;0.1;0.2;
2/2/2017 2:48:26 PM;5152;25.9;27.1;25.8;25.7;0.1;0.1;0.1;0.2;
2/2/2017 2:48:27 PM;5153;25.9;27.1;25.8;25.7;0.1;0.1;0.1;0.2;
2/2/2017 2:48:28 PM;5154;25.9;27.1;25.8;25.8;0.1;0.1;0.1;0.2;
2/2/2017 2:48:29 PM;5155;25.9;27.1;25.8;25.8;0.1;0.1;0.1;0.2;
2/2/2017 2:48:30 PM;5156;25.9;27.1;25.8;25.7;0.1;0.1;0.1;0.2;
2/2/2017 2:48:31 PM;5157;25.9;27.1;25.8;25.8;0.1;0.1;0.1;0.2;
2/2/2017 2:48:32 PM;5158;25.9;27.1;25.8;25.8;0.1;0.1;0.1;0.2;
2/2/2017 2:48:33 PM;5159;25.9;27.1;25.9;25.7;0.1;0.1;0.1;0.2;
2/2/2017 2:48:34 PM;5160;25.9;27.1;25.9;25.7;0.1;0.1;0.1;0.2;
2/2/2017 2:48:35 PM;5161;25.9;27.1;25.8;25.7;0.1;0.1;0.1;0.2;
2/2/2017 2:48:36 PM;5162;25.9;27.1;25.8;25.7;0.1;0.1;0.1;0.2;
2/2/2017 2:48:37 PM;5163;25.9;27.1;25.8;25.7;0.1;0.1;0.1;0.2;
2/2/2017 2:48:38 PM;5164;25.9;27.1;25.8;25.7;0.1;0.1;0.1;0.2;
2/2/2017 2:48:39 PM;5165;25.9;27.1;25.8;25.7;0.1;0.1;0.1;0.2;
2/2/2017 2:48:40 PM;5166;25.9;27.1;25.8;25.7;0.1;0.1;0.1;0.2;
2/2/2017 2:48:41 PM;5167;25.9;27.1;25.8;25.7;0.1;0.1;0.1;0.2;
2/2/2017 2:48:42 PM;5168;25.9;27.1;25.8;25.7;0.1;0.1;0.1;0.2;
2/2/2017 2:48:43 PM;5169;25.9;27.1;25.8;25.7;0.1;0.1;0.1;0.2;
2/2/2017 2:48:44 PM;5170;25.9;27.1;25.8;25.7;0.1;0.1;0.1;0.2;
2/2/2017 2:48:45 PM;5171;25.9;27.1;25.8;25.7;0.1;0.1;0.1;0.2;
2/2/2017 2:48:46 PM;5172;25.9;27.1;25.8;25.7;0.1;0.1;0.1;0.2;
2/2/2017 2:48:47 PM;5173;25.9;27.1;25.8;25.7;0.1;0.1;0.1;0.2;
2/2/2017 2:48:48 PM;5174;25.9;27.1;25.8;25.7;0.1;0.1;0.1;0.2;
2/2/2017 2:48:49 PM;5175;25.9;27.1;25.8;25.7;0.1;0.1;0.1;0.2;
2/2/2017 2:48:50 PM;5176;25.9;27.1;25.8;25.8;0.1;0.1;0.1;0.2;
2/2/2017 2:48:51 PM;5177;25.9;27.1;25.8;25.8;0.1;0.1;0.1;0.2;
2/2/2017 2:48:52 PM;5178;25.9;27.1;25.8;25.7;0.1;0.1;0.1;0.2;
2/2/2017 2:48:53 PM;5179;25.9;27.1;25.8;25.7;0.1;0.1;0.1;0.2;
2/2/2017 2:48:54 PM;5180;25.9;27.1;25.8;25.7;0.1;0.1;0.1;0.2;
2/2/2017 2:48:55 PM;5181;25.9;27.1;25.8;25.7;0.1;0.1;0.1;0.2;
2/2/2017 2:48:56 PM;5182;25.9;27.1;25.8;25.7;0.1;0.1;0.1;0.2;
2/2/2017 2:48:57 PM;5183;25.9;27.1;25.8;25.7;0.1;0.1;0.1;0.2;
2/2/2017 2:48:58 PM;5184;25.9;27.1;25.8;25.7;0.1;0.1;0.1;0.2;
2/2/2017 2:48:59 PM;5185;25.9;27.1;25.8;25.8;0.1;0.1;0.1;0.2;
2/2/2017 2:49:00 PM;5186;25.9;27.1;25.8;25.7;0.1;0.1;0.1;0.2;
2/2/2017 2:49:01 PM;5187;25.9;27.1;25.8;25.7;0.1;0.1;0.1;0.2;
2/2/2017 2:49:02 PM;5188;25.9;27.1;25.8;25.7;0.1;0.1;0.1;0.2;
2/2/2017 2:49:03 PM;5189;25.9;27.1;25.9;25.7;0.1;0.1;0.1;0.2;
2/2/2017 2:49:04 PM;5190;25.9;27.1;25.9;25.7;0.1;0.1;0.1;0.2;
2/2/2017 2:49:05 PM;5191;25.9;27.1;25.8;25.7;0.1;0.1;0.1;0.2;
2/2/2017 2:49:06 PM;5192;25.9;27.1;25.8;25.7;0.1;0.1;0.1;0.2;
2/2/2017 2:49:07 PM;5193;25.9;27.1;25.8;25.7;0.1;0.1;0.1;0.2;
2/2/2017 2:49:08 PM;5194;25.9;27.1;25.8;25.7;0.1;0.1;0.1;0.2;
2/2/2017 2:49:09 PM;5195;25.9;27.1;25.8;25.7;0.1;0.1;0.1;0.2;
2/2/2017 2:49:10 PM;5196;25.9;27.1;25.8;25.7;0.1;0.1;0.1;0.2;
2/2/2017 2:49:11 PM;5197;25.9;27.1;25.8;25.7;0.1;0.1;0.1;0.2;
2/2/2017 2:49:12 PM;5198;25.9;27.1;25.8;25.7;0.1;0.1;0.1;0.2;
2/2/2017 2:49:13 PM;5199;25.9;27.1;25.8;25.7;0.1;0.1;0.1;0.2;
2/2/2017 2:49:14 PM;5200;25.9;27.1;25.8;25.7;0.1;0.1;0.1;0.2;
2/2/2017 2:49:15 PM;5201;25.9;27.1;25.8;25.7;0.1;0.1;0.1;0.2;
2/2/2017 2:49:16 PM;5202;25.9;27.1;25.8;25.7;0.1;0.1;0.1;0.2;
2/2/2017 2:49:17 PM;5203;25.9;27.1;25.8;25.7;0.1;0.1;0.1;0.2;
2/2/2017 2:49:18 PM;5204;25.9;27.1;25.8;25.7;0.1;0.1;0.1;0.2;
2/2/2017 2:49:19 PM;5205;25.9;27.1;25.8;25.7;0.1;0.1;0.1;0.2;
2/2/2017 2:49:20 PM;5206;25.9;27.1;25.8;25.7;0.1;0.1;0.1;0.2;
2/2/2017 2:49:21 PM;5207;25.9;27.1;25.8;25.7;0.1;0.1;0.1;0.2;
2/2/2017 2:49:22 PM;5208;25.9;27.1;25.8;25.7;0.1;0.1;0.1;0.2;
2/2/2017 2:49:23 PM;5209;25.9;27.1;25.8;25.7;0.1;0.1;0.1;0.2;
2/2/2017 2:49:24 PM;5210;25.9;27.1;25.8;25.7;0.1;0.1;0.1;0.2;
2/2/2017 2:49:25 PM;5211;25.9;27.1;25.8;25.7;0.1;0.1;0.1;0.2;
2/2/2017 2:49:26 PM;5212;25.9;27.1;25.8;25.7;0.1;0.1;0.1;0.2;
2/2/2017 2:49:27 PM;5213;25.9;27.1;25.8;25.7;0.1;0.1;0.1;0.2;
2/2/2017 2:49:28 PM;5214;25.9;27.1;25.8;25.7;0.1;0.1;0.1;0.2;
2/2/2017 2:49:29 PM;5215;25.9;27.1;25.8;25.7;0.1;0.1;0.1;0.2;
2/2/2017 2:49:30 PM;5216;25.9;27.1;25.8;25.7;0.1;0.1;0.1;0.2;
2/2/2017 2:49:31 PM;5217;25.9;27.1;25.8;25.7;0.1;0.1;0.1;0.2;
2/2/2017 2:49:32 PM;5218;25.9;27.1;25.8;25.7;0.1;0.1;0.1;0.2;
2/2/2017 2:49:33 PM;5219;25.9;27.1;25.8;25.7;0.1;0.1;0.1;0.2;
2/2/2017 2:49:34 PM;5220;25.9;27.1;25.8;25.7;0.1;0.1;0.1;0.2;
2/2/2017 2:49:35 PM;5221;25.9;27.1;25.8;25.7;0.1;0.1;0.1;0.2;
2/2/2017 2:49:36 PM;5222;25.9;27.1;25.8;25.7;0.1;0.1;0.1;0.2;
2/2/2017 2:49:37 PM;5223;25.9;27.1;25.8;25.7;0.1;0.1;0.1;0.2;
2/2/2017 2:49:38 PM;5224;25.9;27.1;25.8;25.7;0.1;0.1;0.1;0.2;
2/2/2017 2:49:39 PM;5225;25.9;27.1;25.9;25.7;0.1;0.1;0.1;0.2;
2/2/2017 2:49:40 PM;5226;25.9;27.1;25.9;25.7;0.1;0.1;0.1;0.2;
2/2/2017 2:49:41 PM;5227;25.9;27.1;25.9;25.7;0.1;0.1;0.1;0.2;
2/2/2017 2:49:42 PM;5228;25.9;27.1;25.8;25.7;0.1;0.1;0.1;0.2;
2/2/2017 2:49:43 PM;5229;25.9;27.1;25.8;25.7;0.1;0.1;0.1;0.2;
2/2/2017 2:49:44 PM;5230;25.9;27.1;25.8;25.7;0.1;0.1;0.1;0.2;
2/2/2017 2:49:45 PM;5231;25.9;27.1;25.8;25.7;0.1;0.1;0.1;0.2;
2/2/2017 2:49:46 PM;5232;25.9;27.1;25.8;25.7;0.1;0.1;0.1;0.2;
2/2/2017 2:49:47 PM;5233;25.9;27.1;25.8;25.7;0.1;0.1;0.1;0.2;
2/2/2017 2:49:48 PM;5234;25.9;27.1;25.8;25.7;0.1;0.1;0.1;0.2;
2/2/2017 2:49:49 PM;5235;25.9;27.1;25.8;25.7;0.1;0.1;0.1;0.2;
2/2/2017 2:49:50 PM;5236;25.9;27.1;25.8;25.7;0.1;0.1;0.1;0.2;
2/2/2017 2:49:51 PM;5237;25.9;27.1;25.8;25.7;0.1;0.1;0.1;0.2;
2/2/2017 2:49:52 PM;5238;25.9;27.1;25.8;25.7;0.1;0.1;0.1;0.2;
2/2/2017 2:49:53 PM;5239;25.9;27.1;25.8;25.7;0.1;0.1;0.1;0.2;
2/2/2017 2:49:54 PM;5240;25.9;27.1;25.8;25.7;0.1;0.1;0.1;0.2;
2/2/2017 2:49:55 PM;5241;25.9;27.1;25.8;25.8;0.1;0.1;0.1;0.2;
2/2/2017 2:49:56 PM;5242;25.9;27.1;25.8;25.8;0.1;0.1;0.1;0.2;
2/2/2017 2:49:57 PM;5243;25.9;27.1;25.8;25.8;0.1;0.1;0.1;0.2;
2/2/2017 2:49:58 PM;5244;25.9;27.1;25.8;25.7;0.1;0.1;0.1;0.2;
2/2/2017 2:49:59 PM;5245;25.9;27.1;25.8;25.8;0.1;0.1;0.1;0.2;
2/2/2017 2:50:00 PM;5246;25.9;27.1;25.8;25.7;0.1;0.1;0.1;0.2;
2/2/2017 2:50:01 PM;5247;25.9;27.1;25.8;25.7;0.1;0.1;0.1;0.2;
2/2/2017 2:50:02 PM;5248;25.9;27.1;25.8;25.7;0.1;0.1;0.1;0.2;
2/2/2017 2:50:03 PM;5249;25.9;27.1;25.8;25.7;0.1;0.1;0.1;0.2;
2/2/2017 2:50:04 PM;5250;25.9;27.1;25.8;25.7;0.1;0.1;0.1;0.2;
2/2/2017 2:50:05 PM;5251;25.9;27.1;25.8;25.7;0.1;0.1;0.1;0.2;
2/2/2017 2:50:06 PM;5252;25.9;27.1;25.8;25.7;0.1;0.1;0.1;0.2;
2/2/2017 2:50:07 PM;5253;25.9;27.1;25.8;25.7;0.1;0.1;0.1;0.2;
2/2/2017 2:50:08 PM;5254;25.9;27.1;25.8;25.8;0.1;0.1;0.1;0.2;
2/2/2017 2:50:09 PM;5255;25.9;27.1;25.8;25.8;0.1;0.1;0.1;0.2;
2/2/2017 2:50:10 PM;5256;25.9;27.1;25.8;25.8;0.1;0.1;0.1;0.2;
2/2/2017 2:50:11 PM;5257;25.9;27.1;25.8;25.8;0.1;0.1;0.1;0.2;
2/2/2017 2:50:12 PM;5258;25.9;27.1;25.8;25.8;0.1;0.1;0.1;0.2;
2/2/2017 2:50:13 PM;5259;25.9;27.1;25.8;25.7;0.1;0.1;0.1;0.2;
2/2/2017 2:50:14 PM;5260;25.9;27.1;25.8;25.7;0.1;0.1;0.1;0.2;
2/2/2017 2:50:15 PM;5261;25.9;27.1;25.8;25.7;0.1;0.1;0.1;0.2;
2/2/2017 2:50:16 PM;5262;25.9;27.1;25.8;25.7;0.1;0.1;0.1;0.2;
2/2/2017 2:50:17 PM;5263;25.9;27.1;25.8;25.7;0.1;0.1;0.1;0.2;
2/2/2017 2:50:18 PM;5264;25.9;27.1;25.8;25.7;0.1;0.1;0.1;0.2;
2/2/2017 2:50:19 PM;5265;25.9;27.1;25.8;25.7;0.1;0.1;0.1;0.2;
2/2/2017 2:50:20 PM;5266;25.9;27.1;25.8;25.7;0.1;0.1;0.1;0.2;
2/2/2017 2:50:21 PM;5267;25.9;27.1;25.8;25.7;0.1;0.1;0.1;0.2;
2/2/2017 2:50:22 PM;5268;25.9;27.1;25.8;25.7;0.1;0.1;0.1;0.2;
2/2/2017 2:50:23 PM;5269;25.9;27.1;25.8;25.7;0.1;0.1;0.1;0.2;
2/2/2017 2:50:24 PM;5270;25.9;27.1;25.8;25.7;0.1;0.1;0.1;0.2;
2/2/2017 2:50:25 PM;5271;25.9;27.1;25.8;25.7;0.1;0.1;0.1;0.2;
2/2/2017 2:50:26 PM;5272;25.9;27.1;25.8;25.7;0.1;0.1;0.1;0.2;
2/2/2017 2:50:27 PM;5273;25.9;27.1;25.8;25.7;0.1;0.1;0.1;0.2;
2/2/2017 2:50:28 PM;5274;25.9;27.1;25.8;25.7;0.1;0.1;0.1;0.2;
2/2/2017 2:50:29 PM;5275;25.9;27.1;25.8;25.7;0.1;0.1;0.1;0.2;
2/2/2017 2:50:30 PM;5276;25.9;27.1;25.8;25.7;0.1;0.1;0.1;0.2;
2/2/2017 2:50:31 PM;5277;25.9;27.1;25.8;25.7;0.1;0.1;0.1;0.2;
2/2/2017 2:50:32 PM;5278;25.9;27.1;25.8;25.7;0.1;0.1;0.1;0.2;
2/2/2017 2:50:33 PM;5279;25.9;27.1;25.8;25.7;0.1;0.1;0.1;0.2;
2/2/2017 2:50:34 PM;5280;25.9;27.1;25.8;25.7;0.1;0.1;0.1;0.2;
2/2/2017 2:50:35 PM;5281;25.9;27.1;25.8;25.7;0.1;0.1;0.1;0.2;
2/2/2017 2:50:36 PM;5282;25.9;27.1;25.8;25.7;0.1;0.1;0.1;0.2;
2/2/2017 2:50:37 PM;5283;25.9;27.1;25.8;25.8;0.1;0.1;0.1;0.2;
2/2/2017 2:50:38 PM;5284;25.9;27.1;25.8;25.8;0.1;0.1;0.1;0.2;
2/2/2017 2:50:39 PM;5285;25.9;27.1;25.8;25.7;0.1;0.1;0.1;0.2;
2/2/2017 2:50:40 PM;5286;25.9;27.1;25.8;25.7;0.1;0.1;0.1;0.2;
2/2/2017 2:50:41 PM;5287;25.9;27.1;25.8;25.7;0.1;0.1;0.1;0.2;
2/2/2017 2:50:42 PM;5288;25.9;27.1;25.8;25.7;0.1;0.1;0.1;0.2;
2/2/2017 2:50:43 PM;5289;25.9;27.1;25.8;25.7;0.1;0.1;0.1;0.2;
2/2/2017 2:50:44 PM;5290;25.9;27.1;25.8;25.7;0.1;0.1;0.1;0.2;
2/2/2017 2:50:45 PM;5291;25.9;27.1;25.8;25.7;0.1;0.1;0.1;0.2;
2/2/2017 2:50:46 PM;5292;25.9;27.1;25.8;25.7;0.1;0.1;0.1;0.2;
2/2/2017 2:50:47 PM;5293;25.9;27.1;25.8;25.7;0.1;0.1;0.1;0.2;
2/2/2017 2:50:48 PM;5294;25.9;27.1;25.8;25.7;0.1;0.1;0.1;0.2;
2/2/2017 2:50:49 PM;5295;25.9;27.1;25.8;25.7;0.1;0.1;0.1;0.2;
2/2/2017 2:50:50 PM;5296;25.9;27.1;25.8;25.7;0.1;0.1;0.1;0.2;
2/2/2017 2:50:51 PM;5297;25.9;27.1;25.8;25.7;0.1;0.1;0.1;0.2;
2/2/2017 2:50:52 PM;5298;25.9;27.1;25.8;25.7;0.1;0.1;0.1;0.2;
2/2/2017 2:50:53 PM;5299;25.9;27.1;25.8;25.7;0.1;0.1;0.1;0.2;
2/2/2017 2:50:54 PM;5300;25.9;27.1;25.8;25.7;0.1;0.1;0.1;0.2;
2/2/2017 2:50:55 PM;5301;25.9;27.1;25.8;25.8;0.1;0.1;0.1;0.2;
2/2/2017 2:50:56 PM;5302;25.9;27.1;25.8;25.8;0.1;0.1;0.1;0.2;
2/2/2017 2:50:57 PM;5303;25.9;27.1;25.8;25.7;0.1;0.1;0.1;0.2;
2/2/2017 2:50:58 PM;5304;25.9;27.1;25.8;25.7;0.1;0.1;0.1;0.2;
2/2/2017 2:50:59 PM;5305;25.9;27.1;25.8;25.7;0.1;0.1;0.1;0.2;
2/2/2017 2:51:00 PM;5306;25.9;27.1;25.8;25.7;0.1;0.1;0.1;0.2;
2/2/2017 2:51:01 PM;5307;25.9;27.1;25.8;25.7;0.1;0.1;0.1;0.2;
2/2/2017 2:51:02 PM;5308;25.9;27.1;25.8;25.7;0.1;0.1;0.1;0.2;
2/2/2017 2:51:03 PM;5309;25.9;27.1;25.9;25.7;0.1;0.1;0.1;0.2;
2/2/2017 2:51:04 PM;5310;25.9;27.1;25.9;25.7;0.1;0.1;0.1;0.2;
2/2/2017 2:51:05 PM;5311;25.9;27.1;25.8;25.7;0.1;0.1;0.1;0.2;
2/2/2017 2:51:06 PM;5312;25.9;27.1;25.9;25.7;0.1;0.1;0.1;0.2;
2/2/2017 2:51:07 PM;5313;25.9;27.1;25.8;25.8;0.1;0.1;0.1;0.2;
2/2/2017 2:51:08 PM;5314;25.9;27.1;25.8;25.8;0.1;0.1;0.1;0.2;
2/2/2017 2:51:09 PM;5315;25.9;27.1;25.8;25.7;0.1;0.1;0.1;0.2;
2/2/2017 2:51:10 PM;5316;25.9;27.1;25.8;25.7;0.1;0.1;0.1;0.2;
2/2/2017 2:51:11 PM;5317;25.9;27.1;25.8;25.7;0.1;0.1;0.1;0.2;
2/2/2017 2:51:12 PM;5318;25.9;27.1;25.8;25.7;0.1;0.1;0.1;0.2;
2/2/2017 2:51:13 PM;5319;25.9;27.1;25.8;25.7;0.1;0.1;0.1;0.2;
2/2/2017 2:51:14 PM;5320;25.9;27.1;25.8;25.7;0.1;0.1;0.1;0.2;
2/2/2017 2:51:15 PM;5321;25.9;27.1;25.8;25.7;0.1;0.1;0.1;0.2;
2/2/2017 2:51:16 PM;5322;25.9;27.1;25.8;25.7;0.1;0.1;0.1;0.2;
2/2/2017 2:51:17 PM;5323;25.9;27.1;25.8;25.7;0.1;0.1;0.1;0.2;
2/2/2017 2:51:18 PM;5324;25.9;27.1;25.9;25.7;0.1;0.1;0.1;0.2;
2/2/2017 2:51:19 PM;5325;25.9;27.1;25.9;25.7;0.1;0.1;0.1;0.2;
2/2/2017 2:51:20 PM;5326;25.9;27.1;25.8;25.7;0.1;0.1;0.1;0.2;
2/2/2017 2:51:21 PM;5327;25.9;27.1;25.8;25.7;0.1;0.1;0.1;0.2;
2/2/2017 2:51:22 PM;5328;25.9;27.1;25.8;25.7;0.1;0.1;0.1;0.2;
2/2/2017 2:51:23 PM;5329;25.9;27.1;25.8;25.7;0.1;0.1;0.1;0.2;
2/2/2017 2:51:24 PM;5330;25.9;27.1;25.8;25.7;0.1;0.1;0.1;0.2;
2/2/2017 2:51:25 PM;5331;25.9;27.1;25.8;25.7;0.1;0.1;0.1;0.2;
2/2/2017 2:51:26 PM;5332;25.9;27.1;25.8;25.7;0.1;0.1;0.1;0.2;
2/2/2017 2:51:27 PM;5333;25.9;27.1;25.9;25.7;0.1;0.1;0.1;0.2;
2/2/2017 2:51:28 PM;5334;25.9;27.1;25.8;25.7;0.1;0.1;0.1;0.2;
2/2/2017 2:51:29 PM;5335;25.9;27.1;25.8;25.7;0.1;0.1;0.1;0.2;
2/2/2017 2:51:30 PM;5336;25.9;27.1;25.8;25.7;0.1;0.1;0.1;0.2;
2/2/2017 2:51:31 PM;5337;25.9;27.1;25.8;25.7;0.1;0.1;0.1;0.2;
2/2/2017 2:51:32 PM;5338;25.9;27.1;25.8;25.7;0.1;0.1;0.1;0.2;
2/2/2017 2:51:33 PM;5339;25.9;27.1;25.8;25.7;0.1;0.1;0.1;0.2;
2/2/2017 2:51:34 PM;5340;25.9;27.1;25.8;25.7;0.1;0.1;0.1;0.2;
2/2/2017 2:51:35 PM;5341;25.9;27.1;25.8;25.7;0.1;0.1;0.1;0.2;
2/2/2017 2:51:36 PM;5342;25.9;27.1;25.8;25.7;0.1;0.1;0.1;0.2;
2/2/2017 2:51:37 PM;5343;25.9;27.1;25.8;25.7;0.1;0.1;0.1;0.2;
2/2/2017 2:51:38 PM;5344;25.9;27.1;25.8;25.7;0.1;0.1;0.1;0.2;
2/2/2017 2:51:39 PM;5345;25.9;27.1;25.8;25.7;0.1;0.1;0.1;0.2;
2/2/2017 2:51:40 PM;5346;25.9;27.1;25.8;25.7;0.1;0.1;0.1;0.2;
2/2/2017 2:51:41 PM;5347;25.9;27.1;25.8;25.7;0.1;0.1;0.1;0.2;
2/2/2017 2:51:42 PM;5348;25.9;27.1;25.8;25.7;0.1;0.1;0.1;0.2;
2/2/2017 2:51:43 PM;5349;25.9;27.1;25.8;25.7;0.1;0.1;0.1;0.2;
2/2/2017 2:51:44 PM;5350;25.9;27.1;25.8;25.7;0.1;0.1;0.1;0.2;
2/2/2017 2:51:45 PM;5351;25.9;27.1;25.8;25.7;0.1;0.1;0.1;0.2;
2/2/2017 2:51:46 PM;5352;25.9;27.1;25.8;25.7;0.1;0.1;0.1;0.2;
2/2/2017 2:51:47 PM;5353;25.9;27.1;25.8;25.8;0.1;0.1;0.1;0.2;
2/2/2017 2:51:48 PM;5354;25.9;27.1;25.8;25.7;0.1;0.1;0.1;0.2;
2/2/2017 2:51:49 PM;5355;25.9;27.1;25.8;25.7;0.1;0.1;0.1;0.2;
2/2/2017 2:51:50 PM;5356;25.9;27.1;25.8;25.7;0.1;0.1;0.1;0.2;
2/2/2017 2:51:51 PM;5357;25.9;27.1;25.8;25.7;0.1;0.1;0.1;0.2;
2/2/2017 2:51:52 PM;5358;25.9;27.1;25.8;25.7;0.1;0.1;0.1;0.2;
2/2/2017 2:51:53 PM;5359;25.9;27.1;25.8;25.7;0.1;0.1;0.1;0.2;
2/2/2017 2:51:54 PM;5360;25.9;27.1;25.8;25.7;0.1;0.1;0.1;0.2;
2/2/2017 2:51:55 PM;5361;25.9;27.1;25.8;25.7;0.1;0.1;0.1;0.2;
2/2/2017 2:51:56 PM;5362;25.9;27.1;25.8;25.7;0.1;0.1;0.1;0.2;
2/2/2017 2:51:57 PM;5363;25.9;27.1;25.8;25.7;0.1;0.1;0.1;0.2;
2/2/2017 2:51:58 PM;5364;25.9;27.1;25.8;25.7;0.1;0.1;0.1;0.2;
2/2/2017 2:51:59 PM;5365;25.9;27.1;25.8;25.7;0.1;0.1;0.1;0.2;
2/2/2017 2:52:00 PM;5366;25.9;27.1;25.8;25.7;0.1;0.1;0.1;0.2;
2/2/2017 2:52:01 PM;5367;25.9;27.1;25.8;25.7;0.1;0.1;0.1;0.2;
2/2/2017 2:52:02 PM;5368;25.9;27.1;25.8;25.7;0.1;0.1;0.1;0.2;
2/2/2017 2:52:03 PM;5369;25.9;27.1;25.8;25.7;0.1;0.1;0.1;0.2;
2/2/2017 2:52:04 PM;5370;25.9;27.1;25.8;25.7;0.1;0.1;0.1;0.2;
2/2/2017 2:52:05 PM;5371;25.9;27.1;25.8;25.7;0.1;0.1;0.1;0.2;
2/2/2017 2:52:06 PM;5372;25.9;27.1;25.8;25.7;0.1;0.1;0.1;0.2;
2/2/2017 2:52:07 PM;5373;25.9;27.1;25.8;25.7;0.1;0.1;0.1;0.2;
2/2/2017 2:52:08 PM;5374;25.9;27.1;25.8;25.7;0.1;0.1;0.1;0.2;
2/2/2017 2:52:09 PM;5375;25.9;27.1;25.8;25.7;0.1;0.1;0.1;0.2;
2/2/2017 2:52:10 PM;5376;25.9;27.1;25.8;25.7;0.1;0.1;0.1;0.2;
2/2/2017 2:52:11 PM;5377;25.9;27.1;25.8;25.7;0.1;0.1;0.1;0.2;
2/2/2017 2:52:12 PM;5378;25.9;27.1;25.8;25.7;0.1;0.1;0.1;0.2;
2/2/2017 2:52:13 PM;5379;25.9;27.1;25.8;25.7;0.1;0.1;0.1;0.2;
2/2/2017 2:52:14 PM;5380;25.9;27.1;25.8;25.7;0.1;0.1;0.1;0.2;
2/2/2017 2:52:15 PM;5381;25.9;27.1;25.8;25.7;0.1;0.1;0.1;0.2;
2/2/2017 2:52:16 PM;5382;25.9;27.1;25.8;25.7;0.1;0.1;0.1;0.2;
2/2/2017 2:52:17 PM;5383;25.9;27.1;25.8;25.8;0.1;0.1;0.1;0.2;
2/2/2017 2:52:18 PM;5384;25.9;27.1;25.8;25.7;0.1;0.1;0.1;0.2;
2/2/2017 2:52:19 PM;5385;25.9;27.1;25.8;25.7;0.1;0.1;0.1;0.2;
2/2/2017 2:52:20 PM;5386;25.9;27.1;25.8;25.8;0.1;0.1;0.1;0.2;
2/2/2017 2:52:21 PM;5387;25.9;27.1;25.8;25.7;0.1;0.1;0.1;0.2;
2/2/2017 2:52:22 PM;5388;25.9;27.1;25.8;25.7;0.1;0.1;0.1;0.2;
2/2/2017 2:52:23 PM;5389;25.9;27.1;25.8;25.7;0.1;0.1;0.1;0.2;
2/2/2017 2:52:24 PM;5390;25.9;27.1;25.8;25.7;0.1;0.1;0.1;0.2;
2/2/2017 2:52:25 PM;5391;25.9;27.1;25.8;25.7;0.1;0.1;0.1;0.2;
2/2/2017 2:52:26 PM;5392;25.9;27.1;25.8;25.7;0.1;0.1;0.1;0.2;
2/2/2017 2:52:27 PM;5393;25.9;27.1;25.8;25.7;0.1;0.1;0.1;0.2;
2/2/2017 2:52:28 PM;5394;25.9;27.1;25.8;25.7;0.1;0.1;0.1;0.2;
2/2/2017 2:52:29 PM;5395;25.9;27.1;25.8;25.7;0.1;0.1;0.1;0.2;
2/2/2017 2:52:30 PM;5396;25.9;27.1;25.9;25.7;0.1;0.1;0.1;0.2;
2/2/2017 2:52:31 PM;5397;25.9;27.1;25.8;25.7;0.1;0.1;0.1;0.2;
2/2/2017 2:52:32 PM;5398;25.9;27.1;25.8;25.7;0.1;0.1;0.1;0.2;
2/2/2017 2:52:33 PM;5399;25.9;27.1;25.8;25.7;0.1;0.1;0.1;0.2;
2/2/2017 2:52:34 PM;5400;25.9;27.1;25.8;25.7;0.1;0.1;0.1;0.2;
2/2/2017 2:52:35 PM;5401;25.9;27.1;25.8;25.7;0.1;0.1;0.1;0.2;
2/2/2017 2:52:36 PM;5402;25.9;27.1;25.8;25.7;0.1;0.1;0.1;0.2;
2/2/2017 2:52:37 PM;5403;25.9;27.1;25.8;25.7;0.1;0.1;0.1;0.2;
2/2/2017 2:52:38 PM;5404;25.9;27.1;25.8;25.7;0.1;0.1;0.1;0.2;
2/2/2017 2:52:39 PM;5405;25.9;27.1;25.8;25.7;0.1;0.1;0.1;0.2;
2/2/2017 2:52:40 PM;5406;25.9;27.1;25.8;25.7;0.1;0.1;0.1;0.2;
2/2/2017 2:52:41 PM;5407;25.9;27.1;25.8;25.7;0.1;0.1;0.1;0.2;
2/2/2017 2:52:42 PM;5408;25.9;27.1;25.8;25.7;0.1;0.1;0.1;0.2;
2/2/2017 2:52:43 PM;5409;25.9;27.1;25.8;25.7;0.1;0.1;0.1;0.2;
2/2/2017 2:52:44 PM;5410;25.9;27.1;25.8;25.7;0.1;0.1;0.1;0.2;
2/2/2017 2:52:45 PM;5411;25.9;27.1;25.8;25.7;0.1;0.1;0.1;0.2;
2/2/2017 2:52:46 PM;5412;25.9;27.1;25.8;25.7;0.1;0.1;0.1;0.2;
2/2/2017 2:52:47 PM;5413;25.9;27.1;25.8;25.7;0.1;0.1;0.1;0.2;
2/2/2017 2:52:48 PM;5414;25.9;27.1;25.8;25.7;0.1;0.1;0.1;0.2;
2/2/2017 2:52:49 PM;5415;25.9;27.1;25.8;25.7;0.1;0.1;0.1;0.2;
2/2/2017 2:52:50 PM;5416;25.9;27.1;25.8;25.7;0.1;0.1;0.1;0.2;
2/2/2017 2:52:51 PM;5417;25.9;27.1;25.8;25.7;0.1;0.1;0.1;0.2;
2/2/2017 2:52:52 PM;5418;25.9;27.1;25.8;25.7;0.1;0.1;0.1;0.2;
2/2/2017 2:52:53 PM;5419;25.9;27.1;25.8;25.7;0.1;0.1;0.1;0.2;
2/2/2017 2:52:54 PM;5420;25.9;27.1;25.8;25.7;0.1;0.1;0.1;0.2;
2/2/2017 2:52:55 PM;5421;25.9;27.1;25.8;25.7;0.1;0.1;0.1;0.2;
2/2/2017 2:52:56 PM;5422;25.9;27.1;25.8;25.7;0.1;0.1;0.1;0.2;
2/2/2017 2:52:57 PM;5423;25.9;27.1;25.8;25.7;0.1;0.1;0.1;0.2;
2/2/2017 2:52:58 PM;5424;25.9;27.1;25.8;25.7;0.1;0.1;0.1;0.2;
2/2/2017 2:52:59 PM;5425;25.9;27.1;25.8;25.7;0.1;0.1;0.1;0.2;
2/2/2017 2:53:00 PM;5426;25.9;27.1;25.8;25.7;0.1;0.1;0.1;0.2;
2/2/2017 2:53:01 PM;5427;25.9;27.1;25.8;25.7;0.1;0.1;0.1;0.2;
2/2/2017 2:53:02 PM;5428;25.9;27.1;25.8;25.7;0.1;0.1;0.1;0.2;
2/2/2017 2:53:03 PM;5429;25.9;27.1;25.8;25.7;0.1;0.1;0.1;0.2;
2/2/2017 2:53:04 PM;5430;25.9;27.1;25.8;25.7;0.1;0.1;0.1;0.2;
2/2/2017 2:53:05 PM;5431;25.9;27.1;25.8;25.7;0.1;0.1;0.1;0.2;
2/2/2017 2:53:06 PM;5432;25.9;27.1;25.8;25.7;0.1;0.1;0.1;0.2;
2/2/2017 2:53:07 PM;5433;25.9;27.1;25.8;25.7;0.1;0.1;0.1;0.2;
2/2/2017 2:53:08 PM;5434;25.9;27.1;25.8;25.7;0.1;0.1;0.1;0.2;
2/2/2017 2:53:09 PM;5435;25.9;27.1;25.8;25.7;0.1;0.1;0.1;0.2;
2/2/2017 2:53:10 PM;5436;25.9;27.1;25.8;25.7;0.1;0.1;0.1;0.2;
2/2/2017 2:53:11 PM;5437;25.9;27.1;25.8;25.7;0.1;0.1;0.1;0.2;
2/2/2017 2:53:12 PM;5438;25.9;27.1;25.8;25.7;0.1;0.1;0.1;0.2;
2/2/2017 2:53:13 PM;5439;25.9;27.1;25.8;25.7;0.1;0.1;0.1;0.2;
2/2/2017 2:53:14 PM;5440;25.9;27.1;25.8;25.7;0.1;0.1;0.1;0.2;
2/2/2017 2:53:15 PM;5441;25.9;27.1;25.8;25.7;0.1;0.1;0.1;0.2;
2/2/2017 2:53:16 PM;5442;25.9;27.1;25.8;25.7;0.1;0.1;0.1;0.2;
2/2/2017 2:53:17 PM;5443;25.9;27.1;25.8;25.7;0.1;0.1;0.1;0.2;
2/2/2017 2:53:18 PM;5444;25.9;27.1;25.8;25.7;0.1;0.1;0.1;0.2;
2/2/2017 2:53:19 PM;5445;25.9;27.1;25.8;25.7;0.1;0.1;0.1;0.2;
2/2/2017 2:53:20 PM;5446;25.9;27.1;25.8;25.7;0.1;0.1;0.1;0.2;
2/2/2017 2:53:21 PM;5447;25.9;27.1;25.8;25.7;0.1;0.1;0.1;0.2;
2/2/2017 2:53:22 PM;5448;25.9;27.1;25.8;25.7;0.1;0.1;0.1;0.2;
2/2/2017 2:53:23 PM;5449;25.9;27.1;25.8;25.7;0.1;0.1;0.1;0.2;
2/2/2017 2:53:24 PM;5450;25.9;27.1;25.8;25.7;0.1;0.1;0.1;0.2;
2/2/2017 2:53:25 PM;5451;25.9;27.1;25.8;25.7;0.1;0.1;0.1;0.2;
2/2/2017 2:53:26 PM;5452;25.9;27.1;25.8;25.7;0.1;0.1;0.1;0.2;
2/2/2017 2:53:27 PM;5453;25.9;27.1;25.8;25.7;0.1;0.1;0.1;0.2;
2/2/2017 2:53:28 PM;5454;25.9;27.1;25.8;25.7;0.1;0.1;0.1;0.2;
2/2/2017 2:53:29 PM;5455;25.9;27.1;25.8;25.7;0.1;0.1;0.1;0.2;
2/2/2017 2:53:30 PM;5456;25.9;27.1;25.8;25.7;0.1;0.1;0.1;0.2;
2/2/2017 2:53:31 PM;5457;25.9;27.1;25.8;25.7;0.1;0.1;0.1;0.2;
2/2/2017 2:53:32 PM;5458;25.9;27.1;25.8;25.7;0.1;0.1;0.1;0.2;
2/2/2017 2:53:33 PM;5459;25.9;27.1;25.8;25.7;0.1;0.1;0.1;0.2;
2/2/2017 2:53:34 PM;5460;25.9;27.1;25.8;25.7;0.1;0.1;0.1;0.2;
2/2/2017 2:53:35 PM;5461;25.9;27.1;25.8;25.7;0.1;0.1;0.1;0.2;
2/2/2017 2:53:36 PM;5462;25.9;27.1;25.8;25.7;0.1;0.1;0.1;0.2;
2/2/2017 2:53:37 PM;5463;25.9;27.1;25.8;25.7;0.1;0.1;0.1;0.2;
2/2/2017 2:53:38 PM;5464;25.9;27.1;25.8;25.7;0.1;0.1;0.1;0.2;
2/2/2017 2:53:39 PM;5465;25.9;27.1;25.8;25.7;0.1;0.1;0.1;0.2;
2/2/2017 2:53:40 PM;5466;25.9;27.1;25.8;25.7;0.1;0.1;0.1;0.2;
2/2/2017 2:53:41 PM;5467;25.9;27.1;25.8;25.7;0.1;0.1;0.1;0.2;
2/2/2017 2:53:42 PM;5468;25.9;27.1;25.8;25.7;0.1;0.1;0.1;0.2;
2/2/2017 2:53:43 PM;5469;25.9;27.1;25.8;25.7;0.1;0.1;0.1;0.2;
2/2/2017 2:53:44 PM;5470;25.9;27.1;25.8;25.7;0.1;0.1;0.1;0.2;
2/2/2017 2:53:45 PM;5471;25.9;27.1;25.8;25.7;0.1;0.1;0.1;0.2;
2/2/2017 2:53:46 PM;5472;25.9;27.1;25.8;25.7;0.1;0.1;0.1;0.2;
2/2/2017 2:53:47 PM;5473;25.9;27.1;25.8;25.7;0.1;0.1;0.1;0.2;
2/2/2017 2:53:48 PM;5474;25.9;27.1;25.8;25.7;0.1;0.1;0.1;0.2;
2/2/2017 2:53:49 PM;5475;25.9;27.1;25.8;25.7;0.1;0.1;0.1;0.2;
2/2/2017 2:53:50 PM;5476;25.9;27.1;25.8;25.7;0.1;0.1;0.1;0.2;
2/2/2017 2:53:51 PM;5477;25.9;27.1;25.8;25.7;0.1;0.1;0.1;0.2;
2/2/2017 2:53:52 PM;5478;25.9;27.1;25.8;25.7;0.1;0.1;0.1;0.2;
2/2/2017 2:53:53 PM;5479;25.9;27.1;25.8;25.7;0.1;0.1;0.1;0.2;
2/2/2017 2:53:54 PM;5480;25.9;27.1;25.8;25.7;0.1;0.1;0.1;0.2;
2/2/2017 2:53:55 PM;5481;25.9;27.1;25.8;25.7;0.1;0.1;0.1;0.2;
2/2/2017 2:53:56 PM;5482;25.9;27.1;25.8;25.7;0.1;0.1;0.1;0.2;
2/2/2017 2:53:57 PM;5483;25.9;27.1;25.8;25.7;0.1;0.1;0.1;0.2;
2/2/2017 2:53:58 PM;5484;25.9;27.1;25.8;25.7;0.1;0.1;0.1;0.2;
2/2/2017 2:53:59 PM;5485;25.9;27.1;25.8;25.7;0.1;0.1;0.1;0.2;
2/2/2017 2:54:00 PM;5486;25.9;27.1;25.8;25.7;0.1;0.1;0.1;0.2;
2/2/2017 2:54:01 PM;5487;25.9;27.1;25.8;25.7;0.1;0.1;0.1;0.2;
2/2/2017 2:54:02 PM;5488;25.9;27.1;25.8;25.7;0.1;0.1;0.1;0.2;
2/2/2017 2:54:03 PM;5489;25.9;27.1;25.8;25.7;0.1;0.1;0.1;0.2;
2/2/2017 2:54:04 PM;5490;25.9;27.1;25.8;25.7;0.1;0.1;0.1;0.2;
2/2/2017 2:54:05 PM;5491;25.9;27.1;25.8;25.7;0.1;0.1;0.1;0.2;
2/2/2017 2:54:06 PM;5492;25.9;27.1;25.8;25.7;0.1;0.1;0.1;0.2;
2/2/2017 2:54:07 PM;5493;25.9;27.1;25.8;25.7;0.1;0.1;0.1;0.2;
2/2/2017 2:54:08 PM;5494;25.9;27.1;25.8;25.7;0.1;0.1;0.1;0.2;
2/2/2017 2:54:09 PM;5495;25.9;27.1;25.8;25.7;0.1;0.1;0.1;0.2;
2/2/2017 2:54:10 PM;5496;25.9;27.1;25.8;25.7;0.1;0.1;0.1;0.2;
2/2/2017 2:54:11 PM;5497;25.9;27.1;25.8;25.7;0.1;0.1;0.1;0.2;
2/2/2017 2:54:12 PM;5498;25.9;27.1;25.8;25.7;0.1;0.1;0.1;0.2;
2/2/2017 2:54:13 PM;5499;25.9;27.1;25.8;25.7;0.1;0.1;0.1;0.2;
2/2/2017 2:54:14 PM;5500;25.9;27.1;25.8;25.7;0.1;0.1;0.1;0.2;
2/2/2017 2:54:15 PM;5501;25.9;27.1;25.8;25.7;0.1;0.1;0.1;0.2;
2/2/2017 2:54:16 PM;5502;25.9;27.1;25.8;25.7;0.1;0.1;0.1;0.2;
2/2/2017 2:54:17 PM;5503;25.9;27.1;25.8;25.7;0.1;0.1;0.1;0.2;
2/2/2017 2:54:18 PM;5504;25.9;27.1;25.8;25.7;0.1;0.1;0.1;0.2;
2/2/2017 2:54:19 PM;5505;25.9;27.1;25.8;25.7;0.1;0.1;0.1;0.2;
2/2/2017 2:54:20 PM;5506;25.9;27.1;25.8;25.7;0.1;0.1;0.1;0.2;
2/2/2017 2:54:21 PM;5507;25.9;27.1;25.8;25.7;0.1;0.1;0.1;0.2;
2/2/2017 2:54:22 PM;5508;25.9;27.1;25.8;25.7;0.1;0.1;0.1;0.2;
2/2/2017 2:54:23 PM;5509;25.9;27.1;25.8;25.7;0.1;0.1;0.1;0.2;
2/2/2017 2:54:24 PM;5510;25.9;27.1;25.8;25.7;0.1;0.1;0.1;0.2;
2/2/2017 2:54:25 PM;5511;25.9;27.1;25.8;25.7;0.1;0.1;0.1;0.2;
2/2/2017 2:54:26 PM;5512;25.9;27.1;25.8;25.7;0.1;0.1;0.1;0.2;
2/2/2017 2:54:27 PM;5513;25.9;27.1;25.8;25.7;0.1;0.1;0.1;0.2;
2/2/2017 2:54:28 PM;5514;25.9;27.1;25.8;25.7;0.1;0.1;0.1;0.2;
2/2/2017 2:54:29 PM;5515;25.9;27.1;25.8;25.7;0.1;0.1;0.1;0.2;
2/2/2017 2:54:30 PM;5516;25.9;27.1;25.8;25.7;0.1;0.1;0.1;0.2;
2/2/2017 2:54:31 PM;5517;25.9;27.1;25.8;25.7;0.1;0.1;0.1;0.2;
2/2/2017 2:54:32 PM;5518;25.9;27.1;25.8;25.7;0.1;0.1;0.1;0.2;
2/2/2017 2:54:33 PM;5519;25.9;27.1;25.8;25.7;0.1;0.1;0.1;0.2;
2/2/2017 2:54:34 PM;5520;25.9;27.1;25.8;25.7;0.1;0.1;0.1;0.2;
2/2/2017 2:54:35 PM;5521;25.9;27.1;25.8;25.7;0.1;0.1;0.1;0.2;
2/2/2017 2:54:36 PM;5522;25.9;27.1;25.8;25.7;0.1;0.1;0.1;0.2;
2/2/2017 2:54:37 PM;5523;25.9;27.1;25.8;25.7;0.1;0.1;0.1;0.2;
2/2/2017 2:54:38 PM;5524;25.9;27.1;25.8;25.7;0.1;0.1;0.1;0.2;
2/2/2017 2:54:39 PM;5525;25.9;27.1;25.8;25.7;0.1;0.1;0.1;0.2;
2/2/2017 2:54:40 PM;5526;25.9;27.1;25.8;25.7;0.1;0.1;0.1;0.2;
2/2/2017 2:54:41 PM;5527;25.9;27.1;25.8;25.7;0.1;0.1;0.1;0.2;
2/2/2017 2:54:42 PM;5528;25.9;27.1;25.8;25.7;0.1;0.1;0.1;0.2;
2/2/2017 2:54:43 PM;5529;25.9;27.1;25.8;25.7;0.1;0.1;0.1;0.2;
2/2/2017 2:54:44 PM;5530;25.9;27.1;25.8;25.7;0.1;0.1;0.1;0.2;
2/2/2017 2:54:45 PM;5531;25.9;27.1;25.8;25.7;0.1;0.1;0.1;0.2;
2/2/2017 2:54:46 PM;5532;25.9;27.1;25.8;25.7;0.1;0.1;0.1;0.2;
2/2/2017 2:54:47 PM;5533;25.9;27.1;25.8;25.7;0.1;0.1;0.1;0.2;
2/2/2017 2:54:48 PM;5534;25.9;27.1;25.8;25.7;0.1;0.1;0.1;0.2;
2/2/2017 2:54:49 PM;5535;25.9;27.1;25.8;25.7;0.1;0.1;0.1;0.2;
2/2/2017 2:54:50 PM;5536;25.9;27.1;25.8;25.7;0.1;0.1;0.1;0.2;
2/2/2017 2:54:51 PM;5537;25.9;27.1;25.8;25.7;0.1;0.1;0.1;0.2;
2/2/2017 2:54:52 PM;5538;25.9;27.1;25.8;25.7;0.1;0.1;0.1;0.2;
2/2/2017 2:54:53 PM;5539;25.9;27.1;25.8;25.7;0.1;0.1;0.1;0.2;
2/2/2017 2:54:54 PM;5540;25.9;27.1;25.8;25.7;0.1;0.1;0.1;0.2;
2/2/2017 2:54:55 PM;5541;25.9;27.1;25.8;25.7;0.1;0.1;0.1;0.2;
2/2/2017 2:54:56 PM;5542;25.9;27.1;25.8;25.7;0.1;0.1;0.1;0.2;
2/2/2017 2:54:57 PM;5543;25.9;27.1;25.8;25.7;0.1;0.1;0.1;0.2;
2/2/2017 2:54:58 PM;5544;25.9;27.1;25.8;25.7;0.1;0.1;0.1;0.2;
2/2/2017 2:54:59 PM;5545;25.9;27.1;25.8;25.7;0.1;0.1;0.1;0.2;
2/2/2017 2:55:00 PM;5546;25.9;27.1;25.8;25.7;0.1;0.1;0.1;0.2;
2/2/2017 2:55:01 PM;5547;25.9;27.1;25.8;25.7;0.1;0.1;0.1;0.2;
2/2/2017 2:55:02 PM;5548;25.9;27.1;25.8;25.7;0.1;0.1;0.1;0.2;
2/2/2017 2:55:03 PM;5549;25.9;27.1;25.8;25.7;0.1;0.1;0.1;0.2;
2/2/2017 2:55:04 PM;5550;25.9;27.1;25.8;25.7;0.1;0.1;0.1;0.2;
2/2/2017 2:55:05 PM;5551;25.9;27.1;25.8;25.7;0.1;0.1;0.1;0.2;
2/2/2017 2:55:06 PM;5552;25.9;27.1;25.8;25.7;0.1;0.1;0.1;0.2;
2/2/2017 2:55:07 PM;5553;25.9;27.1;25.8;25.7;0.1;0.1;0.1;0.2;
2/2/2017 2:55:08 PM;5554;25.9;27.1;25.8;25.7;0.1;0.1;0.1;0.2;
2/2/2017 2:55:09 PM;5555;25.9;27.1;25.8;25.7;0.1;0.1;0.1;0.2;
2/2/2017 2:55:10 PM;5556;25.9;27.1;25.8;25.7;0.1;0.1;0.1;0.2;
2/2/2017 2:55:11 PM;5557;25.9;27.1;25.8;25.7;0.1;0.1;0.1;0.2;
2/2/2017 2:55:12 PM;5558;25.9;27.1;25.8;25.7;0.1;0.1;0.1;0.2;
2/2/2017 2:55:13 PM;5559;25.9;27.1;25.8;25.7;0.1;0.1;0.1;0.2;
2/2/2017 2:55:14 PM;5560;25.9;27.1;25.8;25.7;0.1;0.1;0.1;0.2;
2/2/2017 2:55:15 PM;5561;25.9;27.1;25.8;25.7;0.1;0.1;0.1;0.2;
2/2/2017 2:55:16 PM;5562;25.9;27.1;25.8;25.7;0.1;0.1;0.1;0.2;
2/2/2017 2:55:17 PM;5563;25.9;27.1;25.8;25.7;0.1;0.1;0.1;0.2;
2/2/2017 2:55:18 PM;5564;25.9;27.1;25.8;25.7;0.1;0.1;0.1;0.2;
2/2/2017 2:55:19 PM;5565;25.9;27.1;25.8;25.7;0.1;0.1;0.1;0.2;
2/2/2017 2:55:20 PM;5566;25.9;27.1;25.8;25.7;0.1;0.1;0.1;0.2;
2/2/2017 2:55:21 PM;5567;25.9;27.1;25.8;25.7;0.1;0.1;0.1;0.2;
2/2/2017 2:55:22 PM;5568;25.9;27.1;25.8;25.7;0.1;0.1;0.1;0.2;
2/2/2017 2:55:23 PM;5569;25.9;27.1;25.8;25.7;0.1;0.1;0.1;0.2;
2/2/2017 2:55:24 PM;5570;25.9;27.1;25.8;25.7;0.1;0.1;0.1;0.2;
2/2/2017 2:55:25 PM;5571;25.9;27.1;25.8;25.7;0.1;0.1;0.1;0.2;
2/2/2017 2:55:26 PM;5572;25.9;27.1;25.8;25.7;0.1;0.1;0.1;0.2;
2/2/2017 2:55:27 PM;5573;25.9;27.1;25.8;25.7;0.1;0.1;0.1;0.2;
2/2/2017 2:55:28 PM;5574;25.9;27.1;25.8;25.7;0.1;0.1;0.1;0.2;
2/2/2017 2:55:29 PM;5575;25.9;27.1;25.8;25.7;0.1;0.1;0.1;0.2;
2/2/2017 2:55:30 PM;5576;25.9;27.1;25.8;25.7;0.1;0.1;0.1;0.2;
2/2/2017 2:55:31 PM;5577;25.9;27.1;25.8;25.7;0.1;0.1;0.1;0.2;
2/2/2017 2:55:32 PM;5578;25.9;27.1;25.8;25.7;0.1;0.1;0.1;0.2;
2/2/2017 2:55:33 PM;5579;25.9;27.1;25.8;25.7;0.1;0.1;0.1;0.2;
2/2/2017 2:55:34 PM;5580;25.9;27.1;25.8;25.7;0.1;0.1;0.1;0.2;
2/2/2017 2:55:35 PM;5581;25.9;27.1;25.8;25.7;0.1;0.1;0.1;0.2;
2/2/2017 2:55:36 PM;5582;25.9;27.1;25.8;25.7;0.1;0.1;0.1;0.2;
2/2/2017 2:55:37 PM;5583;25.9;27.1;25.8;25.7;0.1;0.1;0.1;0.2;
2/2/2017 2:55:38 PM;5584;25.9;27.1;25.8;25.7;0.1;0.1;0.1;0.2;
2/2/2017 2:55:39 PM;5585;25.9;27.1;25.8;25.7;0.1;0.1;0.1;0.2;
2/2/2017 2:55:40 PM;5586;25.9;27.1;25.8;25.7;0.1;0.1;0.1;0.2;
2/2/2017 2:55:41 PM;5587;25.9;27.1;25.8;25.7;0.1;0.1;0.1;0.2;
2/2/2017 2:55:42 PM;5588;25.9;27.1;25.8;25.7;0.1;0.1;0.1;0.2;
2/2/2017 2:55:43 PM;5589;25.9;27.1;25.8;25.7;0.1;0.1;0.1;0.2;
2/2/2017 2:55:44 PM;5590;25.9;27.1;25.8;25.7;0.1;0.1;0.1;0.2;
2/2/2017 2:55:45 PM;5591;25.9;27.1;25.8;25.7;0.1;0.1;0.1;0.2;
2/2/2017 2:55:46 PM;5592;25.9;27.1;25.8;25.7;0.1;0.1;0.1;0.2;
2/2/2017 2:55:47 PM;5593;25.9;27.1;25.8;25.7;0.1;0.1;0.1;0.2;
2/2/2017 2:55:48 PM;5594;25.9;27.1;25.8;25.7;0.1;0.1;0.1;0.2;
2/2/2017 2:55:49 PM;5595;25.9;27.1;25.8;25.7;0.1;0.1;0.1;0.2;
2/2/2017 2:55:50 PM;5596;25.9;27.1;25.8;25.7;0.1;0.1;0.1;0.2;
2/2/2017 2:55:51 PM;5597;25.9;27.1;25.8;25.7;0.1;0.1;0.1;0.2;
2/2/2017 2:55:52 PM;5598;25.9;27.1;25.8;25.7;0.1;0.1;0.1;0.2;
2/2/2017 2:55:53 PM;5599;25.9;27.1;25.8;25.7;0.1;0.1;0.1;0.2;
2/2/2017 2:55:54 PM;5600;25.9;27.1;25.8;25.7;0.1;0.1;0.1;0.2;
2/2/2017 2:55:55 PM;5601;25.9;27.1;25.8;25.7;0.1;0.1;0.1;0.2;
2/2/2017 2:55:56 PM;5602;25.9;27.1;25.8;25.7;0.1;0.1;0.1;0.2;
2/2/2017 2:55:57 PM;5603;25.9;27.1;25.8;25.7;0.1;0.1;0.1;0.2;
2/2/2017 2:55:58 PM;5604;25.9;27.1;25.8;25.7;0.1;0.1;0.1;0.2;
2/2/2017 2:55:59 PM;5605;25.9;27.1;25.8;25.7;0.1;0.1;0.1;0.2;
2/2/2017 2:56:00 PM;5606;25.9;27.1;25.8;25.7;0.1;0.1;0.1;0.2;
2/2/2017 2:56:01 PM;5607;25.9;27.1;25.8;25.7;0.1;0.1;0.1;0.2;
2/2/2017 2:56:02 PM;5608;25.9;27.1;25.8;25.7;0.1;0.1;0.1;0.2;
2/2/2017 2:56:03 PM;5609;25.9;27.1;25.8;25.7;0.1;0.1;0.1;0.2;
2/2/2017 2:56:04 PM;5610;25.9;27.1;25.8;25.7;0.1;0.1;0.1;0.2;
2/2/2017 2:56:05 PM;5611;25.9;27.1;25.8;25.7;0.1;0.1;0.1;0.2;
2/2/2017 2:56:06 PM;5612;25.9;27.1;25.8;25.7;0.1;0.1;0.1;0.2;
2/2/2017 2:56:07 PM;5613;25.9;27.1;25.8;25.7;0.1;0.1;0.1;0.2;
2/2/2017 2:56:08 PM;5614;25.9;27.1;25.8;25.7;0.1;0.1;0.1;0.2;
2/2/2017 2:56:09 PM;5615;25.9;27.1;25.8;25.7;0.1;0.1;0.1;0.2;
2/2/2017 2:56:10 PM;5616;25.9;27.1;25.8;25.7;0.1;0.1;0.1;0.2;
2/2/2017 2:56:11 PM;5617;25.9;27.1;25.8;25.7;0.1;0.1;0.1;0.2;
2/2/2017 2:56:12 PM;5618;25.9;27.1;25.8;25.7;0.1;0.1;0.1;0.2;
2/2/2017 2:56:13 PM;5619;25.9;27.1;25.8;25.7;0.1;0.1;0.1;0.2;
2/2/2017 2:56:14 PM;5620;25.9;27.1;25.8;25.7;0.1;0.1;0.1;0.2;
2/2/2017 2:56:15 PM;5621;25.9;27.1;25.8;25.7;0.1;0.1;0.1;0.2;
2/2/2017 2:56:16 PM;5622;25.9;27.1;25.8;25.7;0.1;0.1;0.1;0.2;
2/2/2017 2:56:17 PM;5623;25.9;27.1;25.8;25.7;0.1;0.1;0.1;0.2;
2/2/2017 2:56:18 PM;5624;25.9;27.1;25.8;25.7;0.1;0.1;0.1;0.2;
2/2/2017 2:56:19 PM;5625;25.9;27.1;25.8;25.7;0.1;0.1;0.1;0.2;
2/2/2017 2:56:20 PM;5626;25.9;27.1;25.8;25.7;0.1;0.1;0.1;0.2;
2/2/2017 2:56:21 PM;5627;25.9;27.1;25.8;25.7;0.1;0.1;0.1;0.2;
2/2/2017 2:56:22 PM;5628;25.9;27.1;25.8;25.7;0.1;0.1;0.1;0.2;
2/2/2017 2:56:23 PM;5629;25.9;27.1;25.8;25.7;0.1;0.1;0.1;0.2;
2/2/2017 2:56:24 PM;5630;25.9;27.1;25.8;25.7;0.1;0.1;0.1;0.2;
2/2/2017 2:56:25 PM;5631;25.9;27.1;25.8;25.7;0.1;0.1;0.1;0.2;
2/2/2017 2:56:26 PM;5632;25.9;27.1;25.8;25.7;0.1;0.1;0.1;0.2;
2/2/2017 2:56:27 PM;5633;25.9;27.1;25.8;25.7;0.1;0.1;0.1;0.2;
2/2/2017 2:56:28 PM;5634;25.9;27.1;25.8;25.7;0.1;0.1;0.1;0.2;
2/2/2017 2:56:29 PM;5635;25.9;27.1;25.8;25.7;0.1;0.1;0.1;0.2;
2/2/2017 2:56:30 PM;5636;25.9;27.1;25.8;25.7;0.1;0.1;0.1;0.2;
2/2/2017 2:56:31 PM;5637;25.9;27.1;25.8;25.7;0.1;0.1;0.1;0.2;
2/2/2017 2:56:32 PM;5638;25.9;27.1;25.8;25.7;0.1;0.1;0.1;0.2;
2/2/2017 2:56:33 PM;5639;25.9;27.1;25.8;25.7;0.1;0.1;0.1;0.2;
2/2/2017 2:56:34 PM;5640;25.9;27.1;25.8;25.7;0.1;0.1;0.1;0.2;
2/2/2017 2:56:35 PM;5641;25.9;27.1;25.8;25.7;0.1;0.1;0.1;0.2;
2/2/2017 2:56:36 PM;5642;25.9;27.1;25.8;25.7;0.1;0.1;0.1;0.2;
2/2/2017 2:56:37 PM;5643;25.9;27.1;25.8;25.7;0.1;0.1;0.1;0.2;
2/2/2017 2:56:38 PM;5644;25.9;27.1;25.8;25.7;0.1;0.1;0.1;0.2;
2/2/2017 2:56:39 PM;5645;25.9;27.1;25.8;25.7;0.1;0.1;0.1;0.2;
2/2/2017 2:56:40 PM;5646;25.9;27.1;25.8;25.7;0.1;0.1;0.1;0.2;
2/2/2017 2:56:41 PM;5647;25.9;27.1;25.8;25.7;0.1;0.1;0.1;0.2;
2/2/2017 2:56:42 PM;5648;25.9;27.1;25.8;25.7;0.1;0.1;0.1;0.2;
2/2/2017 2:56:43 PM;5649;25.9;27.1;25.8;25.7;0.1;0.1;0.1;0.2;
2/2/2017 2:56:44 PM;5650;25.9;27.1;25.8;25.7;0.1;0.1;0.1;0.2;
2/2/2017 2:56:45 PM;5651;25.9;27.1;25.8;25.7;0.1;0.1;0.1;0.2;
2/2/2017 2:56:46 PM;5652;25.9;27.1;25.8;25.7;0.1;0.1;0.1;0.2;
2/2/2017 2:56:47 PM;5653;25.9;27.1;25.8;25.7;0.1;0.1;0.1;0.2;
2/2/2017 2:56:48 PM;5654;25.9;27.1;25.8;25.7;0.1;0.1;0.1;0.2;
2/2/2017 2:56:49 PM;5655;25.9;27.1;25.8;25.7;0.1;0.1;0.1;0.2;
2/2/2017 2:56:50 PM;5656;25.9;27.1;25.8;25.7;0.1;0.1;0.1;0.2;
2/2/2017 2:56:51 PM;5657;25.9;27.1;25.8;25.7;0.1;0.1;0.1;0.2;
2/2/2017 2:56:52 PM;5658;25.9;27.1;25.8;25.7;0.1;0.1;0.1;0.2;
2/2/2017 2:56:53 PM;5659;25.9;27.1;25.8;25.7;0.1;0.1;0.1;0.2;
2/2/2017 2:56:54 PM;5660;25.9;27.1;25.8;25.7;0.1;0.1;0.1;0.2;
2/2/2017 2:56:55 PM;5661;25.9;27.1;25.8;25.7;0.1;0.1;0.1;0.2;
2/2/2017 2:56:56 PM;5662;25.9;27.1;25.8;25.7;0.1;0.1;0.1;0.2;
2/2/2017 2:56:57 PM;5663;25.9;27.1;25.8;25.7;0.1;0.1;0.1;0.2;
2/2/2017 2:56:58 PM;5664;25.9;27.1;25.8;25.7;0.1;0.1;0.1;0.2;
2/2/2017 2:56:59 PM;5665;25.9;27.1;25.8;25.7;0.1;0.1;0.1;0.2;
2/2/2017 2:57:00 PM;5666;25.9;27.1;25.8;25.7;0.1;0.1;0.1;0.2;
2/2/2017 2:57:01 PM;5667;25.9;27.1;25.8;25.7;0.1;0.1;0.1;0.2;
2/2/2017 2:57:02 PM;5668;25.9;27.1;25.8;25.7;0.1;0.1;0.1;0.2;
2/2/2017 2:57:03 PM;5669;25.9;27.1;25.8;25.7;0.1;0.1;0.1;0.2;
2/2/2017 2:57:04 PM;5670;25.9;27.1;25.8;25.7;0.1;0.1;0.1;0.2;
2/2/2017 2:57:05 PM;5671;25.9;27.1;25.8;25.7;0.1;0.1;0.1;0.2;
2/2/2017 2:57:06 PM;5672;25.9;27.1;25.8;25.7;0.1;0.1;0.1;0.2;
2/2/2017 2:57:07 PM;5673;25.9;27.1;25.8;25.7;0.1;0.1;0.1;0.2;
2/2/2017 2:57:08 PM;5674;25.9;27.1;25.8;25.7;0.1;0.1;0.1;0.2;
2/2/2017 2:57:09 PM;5675;25.9;27.1;25.8;25.7;0.1;0.1;0.1;0.2;
2/2/2017 2:57:10 PM;5676;25.9;27.1;25.8;25.7;0.1;0.1;0.1;0.2;
2/2/2017 2:57:11 PM;5677;25.9;27.1;25.8;25.7;0.1;0.1;0.1;0.2;
2/2/2017 2:57:12 PM;5678;25.9;27.1;25.8;25.7;0.1;0.1;0.1;0.2;
2/2/2017 2:57:13 PM;5679;25.9;27.1;25.8;25.7;0.1;0.1;0.1;0.2;
2/2/2017 2:57:14 PM;5680;25.9;27.1;25.8;25.7;0.1;0.1;0.1;0.2;
2/2/2017 2:57:15 PM;5681;25.9;27.1;25.8;25.7;0.1;0.1;0.1;0.2;
2/2/2017 2:57:16 PM;5682;25.9;27.1;25.8;25.7;0.1;0.1;0.1;0.2;
2/2/2017 2:57:17 PM;5683;25.9;27.1;25.8;25.7;0.1;0.1;0.1;0.2;
2/2/2017 2:57:18 PM;5684;25.9;27.1;25.8;25.7;0.1;0.1;0.1;0.2;
2/2/2017 2:57:19 PM;5685;25.9;27.1;25.8;25.7;0.1;0.1;0.1;0.2;
2/2/2017 2:57:20 PM;5686;25.9;27.1;25.8;25.7;0.1;0.1;0.1;0.2;
2/2/2017 2:57:21 PM;5687;25.9;27.1;25.8;25.7;0.1;0.1;0.1;0.2;
2/2/2017 2:57:22 PM;5688;25.9;27.1;25.8;25.7;0.1;0.1;0.1;0.2;
2/2/2017 2:57:23 PM;5689;25.9;27.1;25.8;25.7;0.1;0.1;0.1;0.2;
2/2/2017 2:57:24 PM;5690;25.9;27.1;25.8;25.7;0.1;0.1;0.1;0.2;
2/2/2017 2:57:25 PM;5691;25.9;27.1;25.8;25.7;0.1;0.1;0.1;0.2;
2/2/2017 2:57:26 PM;5692;25.9;27.1;25.8;25.7;0.1;0.1;0.1;0.2;
2/2/2017 2:57:27 PM;5693;25.9;27.1;25.8;25.7;0.1;0.1;0.1;0.2;
2/2/2017 2:57:28 PM;5694;25.9;27.1;25.8;25.7;0.1;0.1;0.1;0.2;
2/2/2017 2:57:29 PM;5695;25.9;27.1;25.8;25.7;0.1;0.1;0.1;0.2;
2/2/2017 2:57:30 PM;5696;25.9;27.1;25.8;25.7;0.1;0.1;0.1;0.2;
2/2/2017 2:57:31 PM;5697;25.9;27.1;25.8;25.7;0.1;0.1;0.1;0.2;
2/2/2017 2:57:32 PM;5698;25.9;27.1;25.8;25.7;0.1;0.1;0.1;0.2;
2/2/2017 2:57:33 PM;5699;25.9;27.1;25.8;25.7;0.1;0.1;0.1;0.2;
2/2/2017 2:57:34 PM;5700;25.9;27.1;25.8;25.7;0.1;0.1;0.1;0.2;
2/2/2017 2:57:35 PM;5701;25.9;27.1;25.8;25.7;0.1;0.1;0.1;0.2;
2/2/2017 2:57:36 PM;5702;25.9;27.1;25.8;25.7;0.1;0.1;0.1;0.2;
2/2/2017 2:57:37 PM;5703;25.9;27.1;25.8;25.7;0.1;0.1;0.1;0.2;
2/2/2017 2:57:38 PM;5704;25.9;27.1;25.8;25.7;0.1;0.1;0.1;0.2;
2/2/2017 2:57:39 PM;5705;25.9;27.1;25.8;25.7;0.1;0.1;0.1;0.2;
2/2/2017 2:57:40 PM;5706;25.9;27.1;25.8;25.7;0.1;0.1;0.1;0.2;
2/2/2017 2:57:41 PM;5707;25.9;27.1;25.8;25.7;0.1;0.1;0.1;0.2;
2/2/2017 2:57:42 PM;5708;25.9;27.1;25.8;25.7;0.1;0.1;0.1;0.2;
2/2/2017 2:57:43 PM;5709;25.9;27.1;25.8;25.7;0.1;0.1;0.1;0.2;
2/2/2017 2:57:44 PM;5710;25.9;27.1;25.8;25.7;0.1;0.1;0.1;0.2;
2/2/2017 2:57:45 PM;5711;25.9;27.1;25.8;25.7;0.1;0.1;0.1;0.2;
2/2/2017 2:57:46 PM;5712;25.9;27.1;25.8;25.7;0.1;0.1;0.1;0.2;
2/2/2017 2:57:47 PM;5713;25.9;27.1;25.8;25.7;0.1;0.1;0.1;0.2;
2/2/2017 2:57:48 PM;5714;25.9;27.1;25.8;25.7;0.1;0.1;0.1;0.2;
2/2/2017 2:57:49 PM;5715;25.9;27.1;25.8;25.7;0.1;0.1;0.1;0.2;
2/2/2017 2:57:50 PM;5716;25.9;27.1;25.8;25.7;0.1;0.1;0.1;0.2;
2/2/2017 2:57:51 PM;5717;25.9;27.1;25.8;25.7;0.1;0.1;0.1;0.2;
2/2/2017 2:57:52 PM;5718;25.9;27.1;25.8;25.7;0.1;0.1;0.1;0.2;
2/2/2017 2:57:53 PM;5719;25.9;27.1;25.8;25.7;0.1;0.1;0.1;0.2;
2/2/2017 2:57:54 PM;5720;25.9;27.1;25.8;25.7;0.1;0.1;0.1;0.2;
2/2/2017 2:57:55 PM;5721;25.9;27.1;25.8;25.7;0.1;0.1;0.1;0.2;
2/2/2017 2:57:56 PM;5722;25.9;27.1;25.8;25.7;0.1;0.1;0.1;0.2;
2/2/2017 2:57:57 PM;5723;25.9;27.1;25.8;25.7;0.1;0.1;0.1;0.2;
2/2/2017 2:57:58 PM;5724;25.9;27.1;25.8;25.7;0.1;0.1;0.1;0.2;
2/2/2017 2:57:59 PM;5725;25.9;27.1;25.8;25.7;0.1;0.1;0.1;0.2;
2/2/2017 2:58:00 PM;5726;25.9;27.1;25.8;25.7;0.1;0.1;0.1;0.2;
2/2/2017 2:58:01 PM;5727;25.9;27.1;25.8;25.7;0.1;0.1;0.1;0.2;
2/2/2017 2:58:02 PM;5728;25.9;27.1;25.8;25.7;0.1;0.1;0.1;0.2;
2/2/2017 2:58:03 PM;5729;25.9;27.1;25.8;25.7;0.1;0.1;0.1;0.2;
2/2/2017 2:58:04 PM;5730;25.9;27.1;25.8;25.7;0.1;0.1;0.1;0.2;
2/2/2017 2:58:05 PM;5731;25.9;27.1;25.8;25.7;0.1;0.1;0.1;0.2;
2/2/2017 2:58:06 PM;5732;25.9;27.1;25.8;25.7;0.1;0.1;0.1;0.2;
2/2/2017 2:58:07 PM;5733;25.9;27.1;25.8;25.7;0.1;0.1;0.1;0.2;
2/2/2017 2:58:08 PM;5734;25.9;27.1;25.8;25.7;0.1;0.1;0.1;0.2;
2/2/2017 2:58:09 PM;5735;25.9;27.1;25.8;25.7;0.1;0.1;0.1;0.2;
2/2/2017 2:58:10 PM;5736;25.9;27.1;25.8;25.7;0.1;0.1;0.1;0.2;
2/2/2017 2:58:11 PM;5737;25.9;27.1;25.8;25.7;0.1;0.1;0.1;0.2;
2/2/2017 2:58:12 PM;5738;25.9;27.1;25.8;25.7;0.1;0.1;0.1;0.2;
2/2/2017 2:58:13 PM;5739;25.9;27.1;25.8;25.7;0.1;0.1;0.1;0.2;
2/2/2017 2:58:14 PM;5740;25.9;27.1;25.8;25.7;0.1;0.1;0.1;0.2;
2/2/2017 2:58:15 PM;5741;25.9;27.1;25.8;25.7;0.1;0.1;0.1;0.2;
2/2/2017 2:58:16 PM;5742;25.9;27.1;25.8;25.7;0.1;0.1;0.1;0.2;
2/2/2017 2:58:17 PM;5743;25.9;27.1;25.8;25.7;0.1;0.1;0.1;0.2;
2/2/2017 2:58:18 PM;5744;25.9;27.1;25.8;25.7;0.1;0.1;0.1;0.2;
2/2/2017 2:58:19 PM;5745;25.9;27.1;25.8;25.7;0.1;0.1;0.1;0.2;
2/2/2017 2:58:20 PM;5746;25.9;27.1;25.8;25.7;0.1;0.1;0.1;0.2;
2/2/2017 2:58:21 PM;5747;25.9;27.1;25.8;25.7;0.1;0.1;0.1;0.2;
2/2/2017 2:58:22 PM;5748;25.9;27.1;25.8;25.7;0.1;0.1;0.1;0.2;
2/2/2017 2:58:23 PM;5749;25.9;27.1;25.8;25.7;0.1;0.1;0.1;0.2;
2/2/2017 2:58:24 PM;5750;25.9;27.1;25.8;25.7;0.1;0.1;0.1;0.2;
2/2/2017 2:58:25 PM;5751;25.9;27.1;25.8;25.7;0.1;0.1;0.1;0.2;
2/2/2017 2:58:26 PM;5752;25.9;27.1;25.8;25.7;0.1;0.1;0.1;0.2;
2/2/2017 2:58:27 PM;5753;25.9;27.1;25.8;25.7;0.1;0.1;0.1;0.2;
2/2/2017 2:58:28 PM;5754;25.9;27.1;25.8;25.7;0.1;0.1;0.1;0.2;
2/2/2017 2:58:29 PM;5755;25.9;27.1;25.8;25.7;0.1;0.1;0.1;0.2;
2/2/2017 2:58:30 PM;5756;25.9;27.1;25.8;25.7;0.1;0.1;0.1;0.2;
2/2/2017 2:58:31 PM;5757;25.9;27.1;25.8;25.7;0.1;0.1;0.1;0.2;
2/2/2017 2:58:32 PM;5758;25.9;27.1;25.8;25.7;0.1;0.1;0.1;0.2;
2/2/2017 2:58:33 PM;5759;25.9;27.1;25.8;25.7;0.1;0.1;0.1;0.2;
2/2/2017 2:58:34 PM;5760;25.9;27.1;25.8;25.7;0.1;0.1;0.1;0.2;
2/2/2017 2:58:35 PM;5761;25.9;27.1;25.8;25.7;0.1;0.1;0.1;0.2;
2/2/2017 2:58:36 PM;5762;25.9;27.1;25.8;25.7;0.1;0.1;0.1;0.2;
2/2/2017 2:58:37 PM;5763;25.9;27.1;25.8;25.7;0.1;0.1;0.1;0.2;
2/2/2017 2:58:38 PM;5764;25.9;27.1;25.8;25.7;0.1;0.1;0.1;0.2;
2/2/2017 2:58:39 PM;5765;25.9;27.1;25.8;25.7;0.1;0.1;0.1;0.2;
2/2/2017 2:58:40 PM;5766;25.9;27.1;25.8;25.7;0.1;0.1;0.1;0.2;
2/2/2017 2:58:41 PM;5767;25.9;27.1;25.8;25.7;0.1;0.1;0.1;0.2;
2/2/2017 2:58:42 PM;5768;25.9;27.1;25.8;25.7;0.1;0.1;0.1;0.2;
2/2/2017 2:58:43 PM;5769;25.9;27.1;25.8;25.7;0.1;0.1;0.1;0.2;
2/2/2017 2:58:44 PM;5770;25.9;27.1;25.8;25.7;0.1;0.1;0.1;0.2;
2/2/2017 2:58:45 PM;5771;25.9;27.1;25.8;25.7;0.1;0.1;0.1;0.2;
2/2/2017 2:58:46 PM;5772;25.9;27.1;25.8;25.7;0.1;0.1;0.1;0.2;
2/2/2017 2:58:47 PM;5773;25.9;27.1;25.8;25.7;0.1;0.1;0.1;0.2;
2/2/2017 2:58:48 PM;5774;25.9;27.1;25.8;25.7;0.1;0.1;0.1;0.2;
2/2/2017 2:58:49 PM;5775;25.9;27.1;25.8;25.7;0.1;0.1;0.1;0.2;
2/2/2017 2:58:50 PM;5776;25.9;27.1;25.8;25.7;0.1;0.1;0.1;0.2;
2/2/2017 2:58:51 PM;5777;25.9;27.1;25.8;25.7;0.1;0.1;0.1;0.2;
2/2/2017 2:58:52 PM;5778;25.9;27.1;25.8;25.7;0.1;0.1;0.1;0.2;
2/2/2017 2:58:53 PM;5779;25.9;27.1;25.8;25.7;0.1;0.1;0.1;0.2;
2/2/2017 2:58:54 PM;5780;25.9;27.1;25.8;25.7;0.1;0.1;0.1;0.2;
2/2/2017 2:58:55 PM;5781;25.9;27.1;25.8;25.7;0.1;0.1;0.1;0.2;
2/2/2017 2:58:56 PM;5782;25.9;27.1;25.8;25.7;0.1;0.1;0.1;0.2;
2/2/2017 2:58:57 PM;5783;25.9;27.1;25.8;25.7;0.1;0.1;0.1;0.2;
2/2/2017 2:58:58 PM;5784;25.9;27.1;25.8;25.7;0.1;0.1;0.1;0.2;
2/2/2017 2:58:59 PM;5785;25.9;27.1;25.8;25.7;0.1;0.1;0.1;0.2;
2/2/2017 2:59:00 PM;5786;25.9;27.1;25.8;25.7;0.1;0.1;0.1;0.2;
2/2/2017 2:59:01 PM;5787;25.9;27.1;25.8;25.7;0.1;0.1;0.1;0.2;
2/2/2017 2:59:02 PM;5788;25.9;27.1;25.8;25.7;0.1;0.1;0.1;0.2;
2/2/2017 2:59:03 PM;5789;25.9;27.1;25.8;25.7;0.1;0.1;0.1;0.2;
2/2/2017 2:59:04 PM;5790;25.9;27.1;25.8;25.7;0.1;0.1;0.1;0.2;
2/2/2017 2:59:05 PM;5791;25.9;27.1;25.8;25.7;0.1;0.1;0.1;0.2;
2/2/2017 2:59:06 PM;5792;25.9;27.1;25.8;25.7;0.1;0.1;0.1;0.2;
2/2/2017 2:59:07 PM;5793;25.9;27.1;25.8;25.7;0.1;0.1;0.1;0.2;
2/2/2017 2:59:08 PM;5794;25.9;27.1;25.8;25.7;0.1;0.1;0.1;0.2;
2/2/2017 2:59:09 PM;5795;25.9;27.1;25.8;25.7;0.1;0.1;0.1;0.2;
2/2/2017 2:59:10 PM;5796;25.9;27.1;25.8;25.7;0.1;0.1;0.1;0.2;
2/2/2017 2:59:11 PM;5797;25.9;27.1;25.8;25.7;0.1;0.1;0.1;0.2;
2/2/2017 2:59:12 PM;5798;25.9;27.1;25.8;25.7;0.1;0.1;0.1;0.2;
2/2/2017 2:59:13 PM;5799;25.9;27.1;25.8;25.7;0.1;0.1;0.1;0.2;
2/2/2017 2:59:14 PM;5800;25.9;27.1;25.8;25.7;0.1;0.1;0.1;0.2;
2/2/2017 2:59:15 PM;5801;25.9;27.1;25.8;25.7;0.1;0.1;0.1;0.2;
2/2/2017 2:59:16 PM;5802;25.9;27.1;25.8;25.7;0.1;0.1;0.1;0.2;
2/2/2017 2:59:17 PM;5803;25.9;27.1;25.8;25.7;0.1;0.1;0.1;0.2;
2/2/2017 2:59:18 PM;5804;25.9;27.1;25.8;25.7;0.1;0.1;0.1;0.2;
2/2/2017 2:59:19 PM;5805;25.9;27.1;25.8;25.7;0.1;0.1;0.1;0.2;
2/2/2017 2:59:20 PM;5806;25.9;27.1;25.8;25.7;0.1;0.1;0.1;0.2;
2/2/2017 2:59:21 PM;5807;25.9;27.1;25.8;25.7;0.1;0.1;0.1;0.2;
2/2/2017 2:59:22 PM;5808;25.9;27.1;25.8;25.7;0.1;0.1;0.1;0.2;
2/2/2017 2:59:23 PM;5809;25.9;27.1;25.8;25.7;0.1;0.1;0.1;0.2;
2/2/2017 2:59:24 PM;5810;25.9;27.1;25.8;25.7;0.1;0.1;0.1;0.2;
2/2/2017 2:59:25 PM;5811;25.9;27.1;25.8;25.7;0.1;0.1;0.1;0.2;
2/2/2017 2:59:26 PM;5812;25.9;27.1;25.8;25.7;0.1;0.1;0.1;0.2;
2/2/2017 2:59:27 PM;5813;25.9;27.1;25.8;25.7;0.1;0.1;0.1;0.2;
2/2/2017 2:59:28 PM;5814;25.9;27.1;25.8;25.7;0.1;0.1;0.1;0.2;
2/2/2017 2:59:29 PM;5815;25.9;27.1;25.8;25.7;0.1;0.1;0.1;0.2;
2/2/2017 2:59:30 PM;5816;25.9;27.1;25.8;25.7;0.1;0.1;0.1;0.2;
2/2/2017 2:59:31 PM;5817;25.9;27.1;25.8;25.7;0.1;0.1;0.1;0.2;
2/2/2017 2:59:32 PM;5818;25.9;27.1;25.8;25.7;0.1;0.1;0.1;0.2;
2/2/2017 2:59:33 PM;5819;25.9;27.1;25.8;25.7;0.1;0.1;0.1;0.2;
2/2/2017 2:59:34 PM;5820;25.9;27.1;25.8;25.7;0.1;0.1;0.1;0.2;
2/2/2017 2:59:35 PM;5821;25.9;27.1;25.8;25.7;0.1;0.1;0.1;0.2;
2/2/2017 2:59:36 PM;5822;25.9;27.1;25.8;25.7;0.1;0.1;0.1;0.2;
2/2/2017 2:59:37 PM;5823;25.9;27.1;25.8;25.7;0.1;0.1;0.1;0.2;
2/2/2017 2:59:38 PM;5824;25.9;27.1;25.8;25.7;0.1;0.1;0.1;0.2;
2/2/2017 2:59:39 PM;5825;25.9;27.1;25.8;25.7;0.1;0.1;0.1;0.2;
2/2/2017 2:59:40 PM;5826;25.9;27.1;25.8;25.7;0.1;0.1;0.1;0.2;
2/2/2017 2:59:41 PM;5827;25.9;27.1;25.8;25.7;0.1;0.1;0.1;0.2;
2/2/2017 2:59:42 PM;5828;25.9;27.1;25.8;25.7;0.1;0.1;0.1;0.2;
2/2/2017 2:59:43 PM;5829;25.9;27.1;25.8;25.7;0.1;0.1;0.1;0.2;
2/2/2017 2:59:44 PM;5830;25.9;27.1;25.8;25.7;0.1;0.1;0.1;0.2;
2/2/2017 2:59:45 PM;5831;25.9;27.1;25.8;25.7;0.1;0.1;0.1;0.2;
2/2/2017 2:59:46 PM;5832;25.9;27.1;25.8;25.7;0.1;0.1;0.1;0.2;
2/2/2017 2:59:47 PM;5833;25.9;27.1;25.8;25.7;0.1;0.1;0.1;0.2;
2/2/2017 2:59:48 PM;5834;25.9;27.1;25.8;25.7;0.1;0.1;0.1;0.2;
2/2/2017 2:59:49 PM;5835;25.9;27.1;25.8;25.7;0.1;0.1;0.1;0.2;
2/2/2017 2:59:50 PM;5836;25.9;27.1;25.8;25.7;0.1;0.1;0.1;0.2;
2/2/2017 2:59:51 PM;5837;25.9;27.1;25.8;25.7;0.1;0.1;0.1;0.2;
2/2/2017 2:59:52 PM;5838;25.9;27.1;25.8;25.7;0.1;0.1;0.1;0.2;
2/2/2017 2:59:53 PM;5839;25.9;27.1;25.8;25.7;0.1;0.1;0.1;0.2;
2/2/2017 2:59:54 PM;5840;25.9;27.1;25.8;25.7;0.1;0.1;0.1;0.2;
2/2/2017 2:59:55 PM;5841;25.9;27.1;25.8;25.7;0.1;0.1;0.1;0.2;
2/2/2017 2:59:56 PM;5842;25.9;27.1;25.8;25.7;0.1;0.1;0.1;0.2;
2/2/2017 2:59:57 PM;5843;25.9;27.1;25.8;25.7;0.1;0.1;0.1;0.2;
2/2/2017 2:59:58 PM;5844;25.9;27.1;25.8;25.7;0.1;0.1;0.1;0.2;
2/2/2017 2:59:59 PM;5845;25.9;27.1;25.8;25.7;0.1;0.1;0.1;0.2;
2/2/2017 3:00:00 PM;5846;25.9;27.1;25.8;25.7;0.1;0.1;0.1;0.2;
2/2/2017 3:00:01 PM;5847;25.9;27.1;25.8;25.7;0.1;0.1;0.1;0.2;
2/2/2017 3:00:02 PM;5848;25.9;27.1;25.8;25.7;0.1;0.1;0.1;0.2;
2/2/2017 3:00:03 PM;5849;25.9;27.1;25.8;25.7;0.1;0.1;0.1;0.2;
2/2/2017 3:00:04 PM;5850;25.9;27.1;25.8;25.7;0.1;0.1;0.1;0.2;
2/2/2017 3:00:05 PM;5851;25.9;27.1;25.8;25.7;0.1;0.1;0.1;0.2;
2/2/2017 3:00:06 PM;5852;25.9;27.1;25.8;25.7;0.1;0.1;0.1;0.2;
2/2/2017 3:00:07 PM;5853;25.9;27.1;25.8;25.7;0.1;0.1;0.1;0.2;
2/2/2017 3:00:08 PM;5854;25.9;27.1;25.8;25.7;0.1;0.1;0.1;0.2;
2/2/2017 3:00:09 PM;5855;25.9;27.1;25.8;25.7;0.1;0.1;0.1;0.2;
2/2/2017 3:00:10 PM;5856;25.9;27.1;25.8;25.7;0.1;0.1;0.1;0.2;
2/2/2017 3:00:11 PM;5857;25.9;27.1;25.8;25.7;0.1;0.1;0.1;0.2;
2/2/2017 3:00:12 PM;5858;25.9;27.1;25.8;25.7;0.1;0.1;0.1;0.2;
2/2/2017 3:00:13 PM;5859;25.9;27.1;25.8;25.7;0.1;0.1;0.1;0.2;
2/2/2017 3:00:14 PM;5860;25.9;27.1;25.8;25.7;0.1;0.1;0.1;0.2;
2/2/2017 3:00:15 PM;5861;25.9;27.1;25.8;25.7;0.1;0.1;0.1;0.2;
2/2/2017 3:00:16 PM;5862;25.9;27.1;25.8;25.7;0.1;0.1;0.1;0.2;
2/2/2017 3:00:17 PM;5863;25.9;27.1;25.8;25.7;0.1;0.1;0.1;0.2;
2/2/2017 3:00:18 PM;5864;25.9;27.1;25.8;25.7;0.1;0.1;0.1;0.2;
2/2/2017 3:00:19 PM;5865;25.9;27.1;25.8;25.7;0.1;0.1;0.1;0.2;
2/2/2017 3:00:20 PM;5866;25.9;27.1;25.8;25.7;0.1;0.1;0.1;0.2;
2/2/2017 3:00:21 PM;5867;25.9;27.1;25.8;25.7;0.1;0.1;0.1;0.2;
2/2/2017 3:00:22 PM;5868;25.9;27.1;25.8;25.7;0.1;0.1;0.1;0.2;
2/2/2017 3:00:23 PM;5869;25.9;27.1;25.8;25.7;0.1;0.1;0.1;0.2;
2/2/2017 3:00:24 PM;5870;25.9;27.1;25.8;25.7;0.1;0.1;0.1;0.2;
2/2/2017 3:00:25 PM;5871;25.9;27.1;25.8;25.7;0.1;0.1;0.1;0.2;
2/2/2017 3:00:26 PM;5872;25.9;27.1;25.8;25.7;0.1;0.1;0.1;0.2;
2/2/2017 3:00:27 PM;5873;25.9;27.1;25.8;25.7;0.1;0.1;0.1;0.2;
2/2/2017 3:00:28 PM;5874;25.9;27.1;25.8;25.7;0.1;0.1;0.1;0.2;
2/2/2017 3:00:29 PM;5875;25.9;27.1;25.8;25.7;0.1;0.1;0.1;0.2;
2/2/2017 3:00:30 PM;5876;25.9;27.1;25.8;25.7;0.1;0.1;0.1;0.2;
2/2/2017 3:00:31 PM;5877;25.9;27.1;25.8;25.7;0.1;0.1;0.1;0.2;
2/2/2017 3:00:32 PM;5878;25.9;27.1;25.8;25.7;0.1;0.1;0.1;0.2;
2/2/2017 3:00:33 PM;5879;25.9;27.1;25.8;25.7;0.1;0.1;0.1;0.2;
2/2/2017 3:00:34 PM;5880;25.9;27.1;25.8;25.7;0.1;0.1;0.1;0.2;
2/2/2017 3:00:35 PM;5881;25.9;27.1;25.8;25.7;0.1;0.1;0.1;0.2;
2/2/2017 3:00:36 PM;5882;25.9;27.1;25.8;25.7;0.1;0.1;0.1;0.2;
2/2/2017 3:00:37 PM;5883;25.9;27.1;25.8;25.7;0.1;0.1;0.1;0.2;
2/2/2017 3:00:38 PM;5884;25.9;27.1;25.8;25.7;0.1;0.1;0.1;0.2;
2/2/2017 3:00:39 PM;5885;25.9;27.1;25.8;25.7;0.1;0.1;0.1;0.2;
2/2/2017 3:00:40 PM;5886;25.9;27.1;25.8;25.7;0.1;0.1;0.1;0.2;
2/2/2017 3:00:41 PM;5887;25.9;27.1;25.8;25.7;0.1;0.1;0.1;0.2;
2/2/2017 3:00:42 PM;5888;25.9;27.1;25.8;25.7;0.1;0.1;0.1;0.2;
2/2/2017 3:00:43 PM;5889;25.9;27.1;25.8;25.7;0.1;0.1;0.1;0.2;
2/2/2017 3:00:44 PM;5890;25.9;27.1;25.8;25.7;0.1;0.1;0.1;0.2;
2/2/2017 3:00:45 PM;5891;25.9;27.1;25.8;25.7;0.1;0.1;0.1;0.2;
2/2/2017 3:00:46 PM;5892;25.9;27.1;25.8;25.7;0.1;0.1;0.1;0.2;
2/2/2017 3:00:47 PM;5893;25.9;27.1;25.8;25.7;0.1;0.1;0.1;0.2;
2/2/2017 3:00:48 PM;5894;25.9;27.1;25.8;25.7;0.1;0.1;0.1;0.2;
2/2/2017 3:00:49 PM;5895;25.9;27.1;25.8;25.7;0.1;0.1;0.1;0.2;
2/2/2017 3:00:50 PM;5896;25.9;27.1;25.8;25.7;0.1;0.1;0.1;0.2;
2/2/2017 3:00:51 PM;5897;25.9;27.1;25.8;25.7;0.1;0.1;0.1;0.2;
2/2/2017 3:00:52 PM;5898;25.9;27.1;25.8;25.7;0.1;0.1;0.1;0.2;
2/2/2017 3:00:53 PM;5899;25.9;27.1;25.8;25.7;0.1;0.1;0.1;0.2;
2/2/2017 3:00:54 PM;5900;25.9;27.1;25.8;25.7;0.1;0.1;0.1;0.2;
2/2/2017 3:00:55 PM;5901;25.9;27.1;25.8;25.7;0.1;0.1;0.1;0.2;
2/2/2017 3:00:56 PM;5902;25.9;27.1;25.8;25.7;0.1;0.1;0.1;0.2;
2/2/2017 3:00:57 PM;5903;25.9;27.1;25.8;25.7;0.1;0.1;0.1;0.2;
2/2/2017 3:00:58 PM;5904;25.9;27.1;25.8;25.7;0.1;0.1;0.1;0.2;
2/2/2017 3:00:59 PM;5905;25.9;27.1;25.8;25.7;0.1;0.1;0.1;0.2;
2/2/2017 3:01:00 PM;5906;25.9;27.1;25.8;25.7;0.1;0.1;0.1;0.2;
2/2/2017 3:01:01 PM;5907;25.9;27.1;25.8;25.7;0.1;0.1;0.1;0.2;
2/2/2017 3:01:02 PM;5908;25.9;27.1;25.8;25.7;0.1;0.1;0.1;0.2;
2/2/2017 3:01:03 PM;5909;25.9;27.1;25.8;25.7;0.1;0.1;0.1;0.2;
2/2/2017 3:01:04 PM;5910;25.9;27.1;25.8;25.7;0.1;0.1;0.1;0.2;
2/2/2017 3:01:05 PM;5911;25.9;27.1;25.8;25.7;0.1;0.1;0.1;0.2;
2/2/2017 3:01:06 PM;5912;25.9;27.1;25.8;25.7;0.1;0.1;0.1;0.2;
2/2/2017 3:01:07 PM;5913;25.9;27.1;25.8;25.7;0.1;0.1;0.1;0.2;
2/2/2017 3:01:08 PM;5914;25.9;27.1;25.8;25.7;0.1;0.1;0.1;0.2;
2/2/2017 3:01:09 PM;5915;25.9;27.1;25.8;25.7;0.1;0.1;0.1;0.2;
2/2/2017 3:01:10 PM;5916;25.9;27.1;25.8;25.7;0.1;0.1;0.1;0.2;
2/2/2017 3:01:11 PM;5917;25.9;27.1;25.8;25.7;0.1;0.1;0.1;0.2;
2/2/2017 3:01:12 PM;5918;25.9;27.1;25.8;25.7;0.1;0.1;0.1;0.2;
2/2/2017 3:01:13 PM;5919;25.9;27.1;25.8;25.7;0.1;0.1;0.1;0.2;
2/2/2017 3:01:14 PM;5920;25.9;27.1;25.8;25.7;0.1;0.1;0.1;0.2;
2/2/2017 3:01:15 PM;5921;25.9;27.1;25.8;25.7;0.1;0.1;0.1;0.2;
2/2/2017 3:01:16 PM;5922;25.9;27.1;25.8;25.7;0.1;0.1;0.1;0.2;
2/2/2017 3:01:17 PM;5923;25.9;27.1;25.8;25.7;0.1;0.1;0.1;0.2;
2/2/2017 3:01:18 PM;5924;25.9;27.1;25.8;25.7;0.1;0.1;0.1;0.2;
2/2/2017 3:01:19 PM;5925;25.9;27.1;25.8;25.7;0.1;0.1;0.1;0.2;
2/2/2017 3:01:20 PM;5926;25.9;27.1;25.8;25.7;0.1;0.1;0.1;0.2;
2/2/2017 3:01:21 PM;5927;25.9;27.1;25.8;25.7;0.1;0.1;0.1;0.2;
2/2/2017 3:01:22 PM;5928;25.9;27.1;25.8;25.7;0.1;0.1;0.1;0.2;
2/2/2017 3:01:23 PM;5929;25.9;27.1;25.8;25.7;0.1;0.1;0.1;0.2;
2/2/2017 3:01:24 PM;5930;25.9;27.1;25.8;25.7;0.1;0.1;0.1;0.2;
2/2/2017 3:01:25 PM;5931;25.9;27.1;25.8;25.7;0.1;0.1;0.1;0.2;
2/2/2017 3:01:26 PM;5932;25.9;27.1;25.8;25.7;0.1;0.1;0.1;0.2;
2/2/2017 3:01:27 PM;5933;25.9;27.1;25.8;25.7;0.1;0.1;0.1;0.2;
2/2/2017 3:01:28 PM;5934;25.9;27.1;25.8;25.7;0.1;0.1;0.1;0.2;
2/2/2017 3:01:29 PM;5935;25.9;27.1;25.8;25.7;0.1;0.1;0.1;0.2;
2/2/2017 3:01:30 PM;5936;25.9;27.1;25.8;25.7;0.1;0.1;0.1;0.2;
2/2/2017 3:01:31 PM;5937;25.9;27.1;25.8;25.7;0.1;0.1;0.1;0.2;
2/2/2017 3:01:32 PM;5938;25.9;27.1;25.8;25.7;0.1;0.1;0.1;0.2;
2/2/2017 3:01:33 PM;5939;25.9;27.1;25.8;25.7;0.1;0.1;0.1;0.2;
2/2/2017 3:01:34 PM;5940;25.9;27.1;25.8;25.7;0.1;0.1;0.1;0.2;
2/2/2017 3:01:35 PM;5941;25.9;27.1;25.8;25.7;0.1;0.1;0.1;0.2;
2/2/2017 3:01:36 PM;5942;25.9;27.1;25.8;25.7;0.1;0.1;0.1;0.2;
2/2/2017 3:01:37 PM;5943;25.9;27.1;25.8;25.7;0.1;0.1;0.1;0.2;
2/2/2017 3:01:38 PM;5944;25.9;27.1;25.8;25.7;0.1;0.1;0.1;0.2;
2/2/2017 3:01:39 PM;5945;25.9;27.1;25.8;25.7;0.1;0.1;0.1;0.2;
2/2/2017 3:01:40 PM;5946;25.9;27.1;25.8;25.7;0.1;0.1;0.1;0.2;
2/2/2017 3:01:41 PM;5947;25.9;27.1;25.8;25.7;0.1;0.1;0.1;0.2;
2/2/2017 3:01:42 PM;5948;25.9;27.1;25.8;25.7;0.1;0.1;0.1;0.2;
2/2/2017 3:01:43 PM;5949;25.9;27.1;25.8;25.7;0.1;0.1;0.1;0.2;
2/2/2017 3:01:44 PM;5950;25.9;27.1;25.8;25.7;0.1;0.1;0.1;0.2;
2/2/2017 3:01:45 PM;5951;25.9;27.1;25.8;25.7;0.1;0.1;0.1;0.2;
2/2/2017 3:01:46 PM;5952;25.9;27.1;25.8;25.7;0.1;0.1;0.1;0.2;
2/2/2017 3:01:47 PM;5953;25.9;27.1;25.8;25.7;0.1;0.1;0.1;0.2;
2/2/2017 3:01:48 PM;5954;25.9;27.1;25.8;25.7;0.1;0.1;0.1;0.2;
2/2/2017 3:01:49 PM;5955;25.9;27.0;25.8;25.7;0.1;0.1;0.1;0.2;
2/2/2017 3:01:50 PM;5956;25.9;27.0;25.8;25.7;0.1;0.1;0.1;0.2;
2/2/2017 3:01:51 PM;5957;25.9;27.0;25.8;25.7;0.1;0.1;0.1;0.2;
2/2/2017 3:01:52 PM;5958;25.9;27.0;25.8;25.7;0.1;0.1;0.1;0.2;
2/2/2017 3:01:53 PM;5959;25.9;27.0;25.8;25.7;0.1;0.1;0.1;0.2;
2/2/2017 3:01:54 PM;5960;25.9;27.1;25.8;25.7;0.1;0.1;0.1;0.2;
2/2/2017 3:01:55 PM;5961;25.9;27.1;25.8;25.7;0.1;0.1;0.1;0.2;
2/2/2017 3:01:56 PM;5962;25.9;27.1;25.8;25.7;0.1;0.1;0.1;0.2;
2/2/2017 3:01:57 PM;5963;25.9;27.1;25.8;25.7;0.1;0.1;0.1;0.2;
2/2/2017 3:01:58 PM;5964;25.9;27.1;25.8;25.7;0.1;0.1;0.1;0.2;
2/2/2017 3:01:59 PM;5965;25.9;27.1;25.8;25.7;0.1;0.1;0.1;0.2;
2/2/2017 3:02:00 PM;5966;25.9;27.1;25.8;25.7;0.1;0.1;0.1;0.2;
2/2/2017 3:02:01 PM;5967;25.9;27.1;25.8;25.7;0.1;0.1;0.1;0.2;
2/2/2017 3:02:02 PM;5968;25.9;27.1;25.8;25.7;0.1;0.1;0.1;0.2;
2/2/2017 3:02:03 PM;5969;25.9;27.1;25.8;25.7;0.1;0.1;0.1;0.2;
2/2/2017 3:02:04 PM;5970;25.9;27.1;25.8;25.7;0.1;0.1;0.1;0.2;
2/2/2017 3:02:05 PM;5971;25.9;27.1;25.8;25.7;0.1;0.1;0.1;0.2;
2/2/2017 3:02:06 PM;5972;25.9;27.1;25.8;25.7;0.1;0.1;0.1;0.2;
2/2/2017 3:02:07 PM;5973;25.9;27.1;25.8;25.7;0.1;0.1;0.1;0.2;
2/2/2017 3:02:08 PM;5974;25.9;27.1;25.8;25.7;0.1;0.1;0.1;0.2;
2/2/2017 3:02:09 PM;5975;25.9;27.1;25.8;25.7;0.1;0.1;0.1;0.2;
2/2/2017 3:02:10 PM;5976;25.9;27.0;25.8;25.7;0.1;0.1;0.1;0.2;
2/2/2017 3:02:11 PM;5977;25.9;27.0;25.8;25.7;0.1;0.1;0.1;0.2;
2/2/2017 3:02:12 PM;5978;25.9;27.0;25.8;25.7;0.1;0.1;0.1;0.2;
2/2/2017 3:02:13 PM;5979;25.9;27.0;25.8;25.7;0.1;0.1;0.1;0.2;
2/2/2017 3:02:14 PM;5980;25.9;27.0;25.8;25.7;0.1;0.1;0.1;0.2;
2/2/2017 3:02:15 PM;5981;25.9;27.0;25.8;25.7;0.1;0.1;0.1;0.2;
2/2/2017 3:02:16 PM;5982;25.9;27.0;25.8;25.7;0.1;0.1;0.1;0.2;
2/2/2017 3:02:17 PM;5983;25.9;27.0;25.8;25.7;0.1;0.1;0.1;0.2;
2/2/2017 3:02:18 PM;5984;25.9;27.1;25.8;25.7;0.1;0.1;0.1;0.2;
2/2/2017 3:02:19 PM;5985;25.9;27.1;25.8;25.7;0.1;0.1;0.1;0.2;
2/2/2017 3:02:20 PM;5986;25.9;27.1;25.8;25.7;0.1;0.1;0.1;0.2;
2/2/2017 3:02:21 PM;5987;25.9;27.1;25.8;25.7;0.1;0.1;0.1;0.2;
2/2/2017 3:02:22 PM;5988;25.9;27.1;25.8;25.7;0.1;0.1;0.1;0.2;
2/2/2017 3:02:23 PM;5989;25.9;27.1;25.8;25.7;0.1;0.1;0.1;0.2;
2/2/2017 3:02:24 PM;5990;25.9;27.1;25.8;25.7;0.1;0.1;0.1;0.2;
2/2/2017 3:02:25 PM;5991;25.9;27.0;25.8;25.7;0.1;0.1;0.1;0.2;
2/2/2017 3:02:26 PM;5992;25.9;27.0;25.8;25.7;0.1;0.1;0.1;0.2;
2/2/2017 3:02:27 PM;5993;25.9;27.0;25.8;25.7;0.1;0.1;0.1;0.2;
2/2/2017 3:02:28 PM;5994;25.9;27.0;25.8;25.7;0.1;0.1;0.1;0.2;
2/2/2017 3:02:29 PM;5995;25.9;27.0;25.8;25.7;0.1;0.1;0.1;0.2;
2/2/2017 3:02:30 PM;5996;25.9;27.1;25.8;25.7;0.1;0.1;0.1;0.2;
2/2/2017 3:02:31 PM;5997;25.9;27.1;25.8;25.7;0.1;0.1;0.1;0.2;
2/2/2017 3:02:32 PM;5998;25.9;27.1;25.8;25.7;0.1;0.1;0.1;0.2;
2/2/2017 3:02:33 PM;5999;25.9;27.1;25.8;25.7;0.1;0.1;0.1;0.2;
2/2/2017 3:02:34 PM;6000;25.9;27.1;25.8;25.7;0.1;0.1;0.1;0.2;
2/2/2017 3:02:35 PM;6001;25.9;27.1;25.8;25.7;0.1;0.1;0.1;0.2;
2/2/2017 3:02:36 PM;6002;25.9;27.1;25.8;25.7;0.1;0.1;0.1;0.2;
2/2/2017 3:02:37 PM;6003;25.9;27.1;25.8;25.7;0.1;0.1;0.1;0.2;
2/2/2017 3:02:38 PM;6004;25.9;27.1;25.8;25.7;0.1;0.1;0.1;0.2;
2/2/2017 3:02:39 PM;6005;25.9;27.1;25.8;25.7;0.1;0.1;0.1;0.2;
2/2/2017 3:02:40 PM;6006;25.9;27.1;25.8;25.7;0.1;0.1;0.1;0.2;
2/2/2017 3:02:41 PM;6007;25.9;27.1;25.8;25.7;0.1;0.1;0.1;0.2;
2/2/2017 3:02:42 PM;6008;25.9;27.1;25.8;25.7;0.1;0.1;0.1;0.2;
2/2/2017 3:02:43 PM;6009;25.9;27.1;25.8;25.7;0.1;0.1;0.1;0.2;
2/2/2017 3:02:44 PM;6010;25.9;27.1;25.8;25.7;0.1;0.1;0.1;0.2;
2/2/2017 3:02:45 PM;6011;25.9;27.1;25.8;25.7;0.1;0.1;0.1;0.2;
2/2/2017 3:02:46 PM;6012;25.9;27.1;25.8;25.7;0.1;0.1;0.1;0.2;
2/2/2017 3:02:47 PM;6013;25.9;27.1;25.8;25.7;0.1;0.1;0.1;0.2;
2/2/2017 3:02:48 PM;6014;25.9;27.1;25.8;25.7;0.1;0.1;0.1;0.2;
2/2/2017 3:02:49 PM;6015;25.9;27.1;25.8;25.7;0.1;0.1;0.1;0.2;
2/2/2017 3:02:50 PM;6016;25.9;27.1;25.8;25.7;0.1;0.1;0.1;0.2;
2/2/2017 3:02:51 PM;6017;25.9;27.1;25.8;25.7;0.1;0.1;0.1;0.2;
2/2/2017 3:02:52 PM;6018;25.9;27.1;25.8;25.7;0.1;0.1;0.1;0.2;
2/2/2017 3:02:53 PM;6019;25.9;27.1;25.8;25.7;0.1;0.1;0.1;0.2;
2/2/2017 3:02:54 PM;6020;25.9;27.1;25.8;25.7;0.1;0.1;0.1;0.2;
2/2/2017 3:02:55 PM;6021;25.9;27.1;25.8;25.7;0.1;0.1;0.1;0.2;
2/2/2017 3:02:56 PM;6022;25.9;27.1;25.8;25.7;0.1;0.1;0.1;0.2;
2/2/2017 3:02:57 PM;6023;25.9;27.1;25.8;25.7;0.1;0.1;0.1;0.2;
2/2/2017 3:02:58 PM;6024;25.9;27.1;25.8;25.7;0.1;0.1;0.1;0.2;
2/2/2017 3:02:59 PM;6025;25.9;27.1;25.8;25.7;0.1;0.1;0.1;0.2;
2/2/2017 3:03:00 PM;6026;25.9;27.1;25.8;25.7;0.1;0.1;0.1;0.2;
2/2/2017 3:03:01 PM;6027;25.9;27.1;25.8;25.7;0.1;0.1;0.1;0.2;
2/2/2017 3:03:02 PM;6028;25.9;27.1;25.8;25.7;0.1;0.1;0.1;0.2;
2/2/2017 3:03:03 PM;6029;25.9;27.1;25.8;25.7;0.1;0.1;0.1;0.2;
2/2/2017 3:03:04 PM;6030;25.9;27.0;25.8;25.7;0.1;0.1;0.1;0.2;
2/2/2017 3:03:05 PM;6031;25.9;27.0;25.8;25.7;0.1;0.1;0.1;0.2;
2/2/2017 3:03:06 PM;6032;25.9;27.0;25.8;25.7;0.1;0.1;0.1;0.2;
2/2/2017 3:03:07 PM;6033;25.8;27.0;25.8;25.7;0.1;0.1;0.1;0.2;
2/2/2017 3:03:08 PM;6034;25.8;27.0;25.8;25.7;0.1;0.1;0.1;0.2;
2/2/2017 3:03:09 PM;6035;25.8;27.1;25.8;25.7;0.1;0.1;0.1;0.2;
2/2/2017 3:03:10 PM;6036;25.8;27.1;25.8;25.7;0.1;0.1;0.1;0.2;
2/2/2017 3:03:11 PM;6037;25.8;27.1;25.8;25.7;0.1;0.1;0.1;0.2;
2/2/2017 3:03:12 PM;6038;25.9;27.1;25.8;25.7;0.1;0.1;0.1;0.2;
2/2/2017 3:03:13 PM;6039;25.9;27.1;25.8;25.7;0.1;0.1;0.1;0.2;
2/2/2017 3:03:14 PM;6040;25.9;27.1;25.8;25.7;0.1;0.1;0.1;0.2;
2/2/2017 3:03:15 PM;6041;25.9;27.1;25.8;25.7;0.1;0.1;0.1;0.2;
2/2/2017 3:03:16 PM;6042;25.9;27.1;25.8;25.7;0.1;0.1;0.1;0.2;
2/2/2017 3:03:17 PM;6043;25.9;27.1;25.8;25.7;0.1;0.1;0.1;0.2;
2/2/2017 3:03:18 PM;6044;25.9;27.1;25.8;25.7;0.1;0.1;0.1;0.2;
2/2/2017 3:03:19 PM;6045;25.9;27.0;25.8;25.7;0.1;0.1;0.1;0.2;
2/2/2017 3:03:20 PM;6046;25.9;27.0;25.8;25.7;0.1;0.1;0.1;0.2;
2/2/2017 3:03:21 PM;6047;25.9;27.0;25.8;25.7;0.1;0.1;0.1;0.2;
2/2/2017 3:03:22 PM;6048;25.9;27.0;25.8;25.7;0.1;0.1;0.1;0.2;
2/2/2017 3:03:23 PM;6049;25.9;27.0;25.8;25.7;0.1;0.1;0.1;0.2;
2/2/2017 3:03:24 PM;6050;25.9;27.1;25.8;25.7;0.1;0.1;0.1;0.2;
2/2/2017 3:03:25 PM;6051;25.9;27.1;25.8;25.7;0.1;0.1;0.1;0.2;
2/2/2017 3:03:26 PM;6052;25.9;27.1;25.8;25.7;0.1;0.1;0.1;0.2;
2/2/2017 3:03:27 PM;6053;25.9;27.1;25.8;25.7;0.1;0.1;0.1;0.2;
2/2/2017 3:03:28 PM;6054;25.8;27.1;25.8;25.7;0.1;0.1;0.1;0.2;
2/2/2017 3:03:29 PM;6055;25.8;27.1;25.8;25.7;0.1;0.1;0.1;0.2;
2/2/2017 3:03:30 PM;6056;25.8;27.1;25.8;25.7;0.1;0.1;0.1;0.2;
2/2/2017 3:03:31 PM;6057;25.8;27.0;25.8;25.7;0.1;0.1;0.1;0.2;
2/2/2017 3:03:32 PM;6058;25.8;27.0;25.8;25.7;0.1;0.1;0.1;0.2;
2/2/2017 3:03:33 PM;6059;25.9;27.0;25.8;25.7;0.1;0.1;0.1;0.2;
2/2/2017 3:03:34 PM;6060;25.9;27.0;25.8;25.7;0.1;0.1;0.1;0.2;
2/2/2017 3:03:35 PM;6061;25.9;27.0;25.8;25.7;0.1;0.1;0.1;0.2;
2/2/2017 3:03:36 PM;6062;25.9;27.1;25.8;25.7;0.1;0.1;0.1;0.2;
2/2/2017 3:03:37 PM;6063;25.9;27.0;25.8;25.7;0.1;0.1;0.1;0.2;
2/2/2017 3:03:38 PM;6064;25.9;27.0;25.8;25.7;0.1;0.1;0.1;0.2;
2/2/2017 3:03:39 PM;6065;25.9;27.0;25.8;25.7;0.1;0.1;0.1;0.2;
2/2/2017 3:03:40 PM;6066;25.9;27.0;25.8;25.7;0.1;0.1;0.1;0.2;
2/2/2017 3:03:41 PM;6067;25.9;27.0;25.8;25.7;0.1;0.1;0.1;0.2;
2/2/2017 3:03:42 PM;6068;25.9;27.1;25.8;25.7;0.1;0.1;0.1;0.2;
2/2/2017 3:03:43 PM;6069;25.9;27.1;25.8;25.7;0.1;0.1;0.1;0.2;
2/2/2017 3:03:44 PM;6070;25.9;27.1;25.8;25.7;0.1;0.1;0.1;0.2;
2/2/2017 3:03:45 PM;6071;25.9;27.1;25.8;25.7;0.1;0.1;0.1;0.2;
2/2/2017 3:03:46 PM;6072;25.9;27.1;25.8;25.7;0.1;0.1;0.1;0.2;
2/2/2017 3:03:47 PM;6073;25.9;27.1;25.8;25.7;0.1;0.1;0.1;0.2;
2/2/2017 3:03:48 PM;6074;25.9;27.1;25.8;25.7;0.1;0.1;0.1;0.2;
2/2/2017 3:03:49 PM;6075;25.9;27.1;25.8;25.7;0.1;0.1;0.1;0.2;
2/2/2017 3:03:50 PM;6076;25.9;27.1;25.8;25.7;0.1;0.1;0.1;0.2;
2/2/2017 3:03:51 PM;6077;25.9;27.1;25.8;25.7;0.1;0.1;0.1;0.2;
2/2/2017 3:03:52 PM;6078;25.9;27.0;25.8;25.7;0.1;0.1;0.1;0.2;
2/2/2017 3:03:53 PM;6079;25.9;27.0;25.8;25.7;0.1;0.1;0.1;0.2;
2/2/2017 3:03:54 PM;6080;25.9;27.0;25.8;25.7;0.1;0.1;0.1;0.2;
2/2/2017 3:03:55 PM;6081;25.9;27.0;25.8;25.7;0.1;0.1;0.1;0.2;
2/2/2017 3:03:56 PM;6082;25.9;27.0;25.8;25.7;0.1;0.1;0.1;0.2;
2/2/2017 3:03:57 PM;6083;25.9;27.1;25.8;25.7;0.1;0.1;0.1;0.2;
2/2/2017 3:03:58 PM;6084;25.9;27.1;25.8;25.7;0.1;0.1;0.1;0.2;
2/2/2017 3:03:59 PM;6085;25.9;27.1;25.8;25.7;0.1;0.1;0.1;0.2;
2/2/2017 3:04:00 PM;6086;25.9;27.1;25.8;25.7;0.1;0.1;0.1;0.2;
2/2/2017 3:04:01 PM;6087;25.8;27.1;25.8;25.7;0.1;0.1;0.1;0.2;
2/2/2017 3:04:02 PM;6088;25.8;27.1;25.8;25.7;0.1;0.1;0.1;0.2;
2/2/2017 3:04:03 PM;6089;25.8;27.1;25.8;25.7;0.1;0.1;0.1;0.2;
2/2/2017 3:04:04 PM;6090;25.8;27.0;25.8;25.7;0.1;0.1;0.1;0.2;
2/2/2017 3:04:05 PM;6091;25.8;27.0;25.8;25.7;0.1;0.1;0.1;0.2;
2/2/2017 3:04:06 PM;6092;25.8;27.0;25.8;25.7;0.1;0.1;0.1;0.2;
2/2/2017 3:04:07 PM;6093;25.8;27.0;25.8;25.7;0.1;0.1;0.1;0.2;
2/2/2017 3:04:08 PM;6094;25.8;27.0;25.8;25.7;0.1;0.1;0.1;0.2;
2/2/2017 3:04:09 PM;6095;25.8;27.1;25.8;25.7;0.1;0.1;0.1;0.2;
2/2/2017 3:04:10 PM;6096;25.8;27.1;25.8;25.7;0.1;0.1;0.1;0.2;
2/2/2017 3:04:11 PM;6097;25.8;27.1;25.8;25.7;0.1;0.1;0.1;0.2;
2/2/2017 3:04:12 PM;6098;25.8;27.1;25.8;25.7;0.1;0.1;0.1;0.2;
2/2/2017 3:04:13 PM;6099;25.8;27.1;25.8;25.7;0.1;0.1;0.1;0.2;
2/2/2017 3:04:14 PM;6100;25.9;27.1;25.8;25.7;0.1;0.1;0.1;0.2;
2/2/2017 3:04:15 PM;6101;25.9;27.1;25.8;25.7;0.1;0.1;0.1;0.2;
2/2/2017 3:04:16 PM;6102;25.9;27.0;25.8;25.7;0.1;0.1;0.1;0.2;
2/2/2017 3:04:17 PM;6103;25.9;27.0;25.8;25.7;0.1;0.1;0.1;0.2;
2/2/2017 3:04:18 PM;6104;25.9;27.0;25.8;25.7;0.1;0.1;0.1;0.2;
2/2/2017 3:04:19 PM;6105;25.9;26.9;25.8;25.7;0.1;0.1;0.1;0.2;
2/2/2017 3:04:20 PM;6106;25.9;26.9;25.8;25.7;0.1;0.1;0.1;0.2;
2/2/2017 3:04:21 PM;6107;25.9;26.9;25.8;25.7;0.1;0.1;0.1;0.2;
2/2/2017 3:04:22 PM;6108;25.9;26.9;25.8;25.7;0.1;0.1;0.1;0.2;
2/2/2017 3:04:23 PM;6109;25.9;26.9;25.8;25.7;0.1;0.1;0.1;0.2;
2/2/2017 3:04:24 PM;6110;25.9;27.0;25.8;25.7;0.1;0.1;0.1;0.2;
2/2/2017 3:04:25 PM;6111;25.9;27.0;25.8;25.7;0.1;0.1;0.1;0.2;
2/2/2017 3:04:26 PM;6112;25.9;27.0;25.8;25.7;0.1;0.1;0.1;0.2;
2/2/2017 3:04:27 PM;6113;25.9;27.0;25.8;25.7;0.1;0.1;0.1;0.2;
2/2/2017 3:04:28 PM;6114;25.9;27.0;25.8;25.7;0.1;0.1;0.1;0.2;
2/2/2017 3:04:29 PM;6115;25.9;27.0;25.8;25.7;0.1;0.1;0.1;0.2;
2/2/2017 3:04:30 PM;6116;25.9;27.0;25.8;25.7;0.1;0.1;0.1;0.2;
2/2/2017 3:04:31 PM;6117;25.9;27.0;25.8;25.7;0.1;0.1;0.1;0.2;
2/2/2017 3:04:32 PM;6118;25.9;27.0;25.8;25.7;0.1;0.1;0.1;0.2;
2/2/2017 3:04:33 PM;6119;25.9;27.0;25.8;25.7;0.1;0.1;0.1;0.2;
2/2/2017 3:04:34 PM;6120;25.9;27.0;25.8;25.7;0.1;0.1;0.1;0.2;
2/2/2017 3:04:35 PM;6121;25.9;27.0;25.8;25.7;0.1;0.1;0.1;0.2;
2/2/2017 3:04:36 PM;6122;25.9;27.0;25.8;25.7;0.1;0.1;0.1;0.2;
2/2/2017 3:04:37 PM;6123;25.9;27.0;25.8;25.7;0.1;0.1;0.1;0.2;
2/2/2017 3:04:38 PM;6124;25.9;26.9;25.8;25.7;0.1;0.1;0.1;0.2;
2/2/2017 3:04:39 PM;6125;25.9;27.0;25.8;25.7;0.1;0.1;0.1;0.2;
2/2/2017 3:04:40 PM;6126;25.9;26.9;25.8;25.7;0.1;0.1;0.1;0.2;
2/2/2017 3:04:41 PM;6127;25.9;26.9;25.8;25.7;0.1;0.1;0.1;0.2;
2/2/2017 3:04:42 PM;6128;25.9;27.0;25.8;25.7;0.1;0.1;0.1;0.2;
2/2/2017 3:04:43 PM;6129;25.9;27.0;25.8;25.7;0.1;0.1;0.1;0.2;
2/2/2017 3:04:44 PM;6130;25.9;27.0;25.8;25.7;0.1;0.1;0.1;0.2;
2/2/2017 3:04:45 PM;6131;25.9;27.1;25.8;25.7;0.1;0.1;0.1;0.2;
2/2/2017 3:04:46 PM;6132;25.9;27.1;25.8;25.7;0.1;0.1;0.1;0.2;
2/2/2017 3:04:47 PM;6133;25.9;27.1;25.8;25.7;0.1;0.1;0.1;0.2;
2/2/2017 3:04:48 PM;6134;25.9;27.1;25.8;25.7;0.1;0.1;0.1;0.2;
2/2/2017 3:04:49 PM;6135;25.9;27.0;25.8;25.7;0.1;0.1;0.1;0.2;
2/2/2017 3:04:50 PM;6136;25.9;27.0;25.8;25.7;0.1;0.1;0.1;0.2;
2/2/2017 3:04:51 PM;6137;25.9;27.0;25.8;25.7;0.1;0.1;0.1;0.2;
2/2/2017 3:04:52 PM;6138;25.9;27.0;25.8;25.7;0.1;0.1;0.1;0.2;
2/2/2017 3:04:53 PM;6139;25.9;27.0;25.8;25.7;0.1;0.1;0.1;0.2;
2/2/2017 3:04:54 PM;6140;25.9;27.1;25.8;25.7;0.1;0.1;0.1;0.2;
2/2/2017 3:04:55 PM;6141;25.9;27.1;25.8;25.7;0.1;0.1;0.1;0.2;
2/2/2017 3:04:56 PM;6142;25.9;27.1;25.8;25.7;0.1;0.1;0.1;0.2;
2/2/2017 3:04:57 PM;6143;25.9;27.1;25.8;25.7;0.1;0.1;0.1;0.2;
2/2/2017 3:04:58 PM;6144;25.9;27.1;25.8;25.7;0.1;0.1;0.1;0.2;
2/2/2017 3:04:59 PM;6145;25.9;27.1;25.8;25.7;0.1;0.1;0.1;0.2;
2/2/2017 3:05:00 PM;6146;25.9;27.1;25.8;25.7;0.1;0.1;0.1;0.2;
2/2/2017 3:05:01 PM;6147;25.8;27.0;25.8;25.7;0.1;0.1;0.1;0.2;
2/2/2017 3:05:02 PM;6148;25.8;27.0;25.8;25.7;0.1;0.1;0.1;0.2;
2/2/2017 3:05:03 PM;6149;25.8;26.9;25.8;25.7;0.1;0.1;0.1;0.2;
2/2/2017 3:05:04 PM;6150;25.8;26.9;25.8;25.7;0.1;0.1;0.1;0.2;
2/2/2017 3:05:05 PM;6151;25.8;26.9;25.8;25.7;0.1;0.1;0.1;0.2;
2/2/2017 3:05:06 PM;6152;25.9;26.9;25.8;25.7;0.1;0.1;0.1;0.2;
2/2/2017 3:05:07 PM;6153;25.9;27.0;25.8;25.7;0.1;0.1;0.1;0.2;
2/2/2017 3:05:08 PM;6154;25.9;27.0;25.8;25.7;0.1;0.1;0.1;0.2;
2/2/2017 3:05:09 PM;6155;25.9;27.0;25.8;25.7;0.1;0.1;0.1;0.2;
2/2/2017 3:05:10 PM;6156;25.8;27.0;25.8;25.7;0.1;0.1;0.1;0.2;
2/2/2017 3:05:11 PM;6157;25.8;27.0;25.8;25.7;0.1;0.1;0.1;0.2;
2/2/2017 3:05:12 PM;6158;25.8;27.0;25.8;25.7;0.1;0.1;0.1;0.2;
2/2/2017 3:05:13 PM;6159;25.8;27.0;25.8;25.7;0.1;0.1;0.1;0.2;
2/2/2017 3:05:14 PM;6160;25.8;27.0;25.8;25.7;0.1;0.1;0.1;0.2;
2/2/2017 3:05:15 PM;6161;25.8;27.0;25.8;25.7;0.1;0.1;0.1;0.2;
2/2/2017 3:05:16 PM;6162;25.8;27.0;25.8;25.7;0.1;0.1;0.1;0.2;
2/2/2017 3:05:17 PM;6163;25.8;27.0;25.8;25.7;0.1;0.1;0.1;0.2;
2/2/2017 3:05:18 PM;6164;25.9;27.1;25.8;25.7;0.1;0.1;0.1;0.2;
2/2/2017 3:05:19 PM;6165;25.9;27.1;25.8;25.7;0.1;0.1;0.1;0.2;
2/2/2017 3:05:20 PM;6166;25.9;27.1;25.8;25.7;0.1;0.1;0.1;0.2;
2/2/2017 3:05:21 PM;6167;25.9;27.1;25.8;25.7;0.1;0.1;0.1;0.2;
2/2/2017 3:05:22 PM;6168;25.9;27.0;25.8;25.7;0.1;0.1;0.1;0.2;
2/2/2017 3:05:23 PM;6169;25.9;27.0;25.8;25.7;0.1;0.1;0.1;0.2;
2/2/2017 3:05:24 PM;6170;25.9;27.0;25.8;25.7;0.1;0.1;0.1;0.2;
2/2/2017 3:05:25 PM;6171;25.8;27.0;25.8;25.7;0.1;0.1;0.1;0.2;
2/2/2017 3:05:26 PM;6172;25.8;27.0;25.8;25.7;0.1;0.1;0.1;0.2;
2/2/2017 3:05:27 PM;6173;25.8;27.0;25.8;25.7;0.1;0.1;0.1;0.2;
2/2/2017 3:05:28 PM;6174;25.8;27.0;25.8;25.7;0.1;0.1;0.1;0.2;
2/2/2017 3:05:29 PM;6175;25.8;27.0;25.8;25.7;0.1;0.1;0.1;0.2;
2/2/2017 3:05:30 PM;6176;25.8;27.1;25.8;25.7;0.1;0.1;0.1;0.2;
2/2/2017 3:05:31 PM;6177;25.8;27.0;25.8;25.7;0.1;0.1;0.1;0.2;
2/2/2017 3:05:32 PM;6178;25.8;27.0;25.8;25.7;0.1;0.1;0.1;0.2;
2/2/2017 3:05:33 PM;6179;25.9;27.0;25.8;25.7;0.1;0.1;0.1;0.2;
2/2/2017 3:05:34 PM;6180;25.9;27.0;25.8;25.7;0.1;0.1;0.1;0.2;
2/2/2017 3:05:35 PM;6181;25.9;27.0;25.8;25.7;0.1;0.1;0.1;0.2;
2/2/2017 3:05:36 PM;6182;25.9;27.0;25.8;25.7;0.1;0.1;0.1;0.2;
2/2/2017 3:05:37 PM;6183;25.9;27.1;25.8;25.7;0.1;0.1;0.1;0.2;
2/2/2017 3:05:38 PM;6184;25.9;27.0;25.8;25.7;0.1;0.1;0.1;0.2;
2/2/2017 3:05:39 PM;6185;25.9;27.0;25.8;25.7;0.1;0.1;0.1;0.2;
2/2/2017 3:05:40 PM;6186;25.9;27.0;25.8;25.7;0.1;0.1;0.1;0.2;
2/2/2017 3:05:41 PM;6187;25.9;27.0;25.8;25.7;0.1;0.1;0.1;0.2;
2/2/2017 3:05:42 PM;6188;25.9;27.0;25.8;25.7;0.1;0.1;0.1;0.2;
2/2/2017 3:05:43 PM;6189;25.8;27.1;25.8;25.7;0.1;0.1;0.1;0.2;
2/2/2017 3:05:44 PM;6190;25.8;27.0;25.8;25.7;0.1;0.1;0.1;0.2;
2/2/2017 3:05:45 PM;6191;25.8;27.0;25.8;25.7;0.1;0.1;0.1;0.2;
2/2/2017 3:05:46 PM;6192;25.8;27.0;25.8;25.7;0.1;0.1;0.1;0.2;
2/2/2017 3:05:47 PM;6193;25.8;27.0;25.8;25.7;0.1;0.1;0.1;0.2;
2/2/2017 3:05:48 PM;6194;25.9;27.0;25.8;25.7;0.1;0.1;0.1;0.2;
2/2/2017 3:05:49 PM;6195;25.9;27.0;25.8;25.7;0.1;0.1;0.1;0.2;
2/2/2017 3:05:50 PM;6196;25.9;27.0;25.8;25.7;0.1;0.1;0.1;0.2;
2/2/2017 3:05:51 PM;6197;25.9;27.0;25.8;25.7;0.1;0.1;0.1;0.2;
2/2/2017 3:05:52 PM;6198;25.9;27.0;25.8;25.7;0.1;0.1;0.1;0.2;
2/2/2017 3:05:53 PM;6199;25.9;27.0;25.8;25.7;0.1;0.1;0.1;0.2;
2/2/2017 3:05:54 PM;6200;25.9;27.0;25.8;25.7;0.1;0.1;0.1;0.2;
2/2/2017 3:05:55 PM;6201;25.8;27.0;25.8;25.7;0.1;0.1;0.1;0.2;
2/2/2017 3:05:56 PM;6202;25.8;27.0;25.8;25.7;0.1;0.1;0.1;0.2;
2/2/2017 3:05:57 PM;6203;25.8;27.0;25.8;25.7;0.1;0.1;0.1;0.2;
2/2/2017 3:05:58 PM;6204;25.8;27.0;25.8;25.7;0.1;0.1;0.1;0.2;
2/2/2017 3:05:59 PM;6205;25.8;27.0;25.8;25.7;0.1;0.1;0.1;0.2;
2/2/2017 3:06:00 PM;6206;25.9;27.0;25.8;25.7;0.1;0.1;0.1;0.2;
2/2/2017 3:06:01 PM;6207;25.9;27.0;25.8;25.7;0.1;0.1;0.1;0.2;
2/2/2017 3:06:02 PM;6208;25.9;27.0;25.8;25.7;0.1;0.1;0.1;0.2;
2/2/2017 3:06:03 PM;6209;25.9;27.0;25.8;25.7;0.1;0.1;0.1;0.2;
2/2/2017 3:06:04 PM;6210;25.8;27.0;25.8;25.7;0.1;0.1;0.1;0.2;
2/2/2017 3:06:05 PM;6211;25.8;27.0;25.8;25.7;0.1;0.1;0.1;0.2;
2/2/2017 3:06:06 PM;6212;25.8;27.0;25.8;25.7;0.1;0.1;0.1;0.2;
2/2/2017 3:06:07 PM;6213;25.8;27.0;25.8;25.7;0.1;0.1;0.1;0.2;
2/2/2017 3:06:08 PM;6214;25.8;27.0;25.8;25.7;0.1;0.1;0.1;0.2;
2/2/2017 3:06:09 PM;6215;25.9;27.0;25.8;25.7;0.1;0.1;0.1;0.2;
2/2/2017 3:06:10 PM;6216;25.9;27.0;25.8;25.7;0.1;0.1;0.1;0.2;
2/2/2017 3:06:11 PM;6217;25.9;27.0;25.8;25.7;0.1;0.1;0.1;0.2;
2/2/2017 3:06:12 PM;6218;25.9;27.0;25.8;25.7;0.1;0.1;0.1;0.2;
2/2/2017 3:06:13 PM;6219;25.8;27.1;25.8;25.7;0.1;0.1;0.1;0.2;
2/2/2017 3:06:14 PM;6220;25.8;27.0;25.8;25.7;0.1;0.1;0.1;0.2;
2/2/2017 3:06:15 PM;6221;25.8;27.0;25.8;25.7;0.1;0.1;0.1;0.2;
2/2/2017 3:06:16 PM;6222;25.8;27.0;25.8;25.7;0.1;0.1;0.1;0.2;
2/2/2017 3:06:17 PM;6223;25.8;27.0;25.8;25.7;0.1;0.1;0.1;0.2;
2/2/2017 3:06:18 PM;6224;25.9;27.0;25.8;25.7;0.1;0.1;0.1;0.2;
2/2/2017 3:06:19 PM;6225;25.9;27.0;25.8;25.7;0.1;0.1;0.1;0.2;
2/2/2017 3:06:20 PM;6226;25.9;27.0;25.8;25.7;0.1;0.1;0.1;0.2;
2/2/2017 3:06:21 PM;6227;25.9;27.0;25.8;25.7;0.1;0.1;0.1;0.2;
2/2/2017 3:06:22 PM;6228;25.8;27.0;25.8;25.7;0.1;0.1;0.1;0.2;
2/2/2017 3:06:23 PM;6229;25.8;27.0;25.8;25.7;0.1;0.1;0.1;0.2;
2/2/2017 3:06:24 PM;6230;25.8;27.0;25.8;25.7;0.1;0.1;0.1;0.2;
2/2/2017 3:06:25 PM;6231;25.8;27.0;25.8;25.7;0.1;0.1;0.1;0.2;
2/2/2017 3:06:26 PM;6232;25.8;27.0;25.8;25.7;0.1;0.1;0.1;0.2;
2/2/2017 3:06:27 PM;6233;25.9;27.0;25.8;25.7;0.1;0.1;0.1;0.2;
2/2/2017 3:06:28 PM;6234;25.9;27.0;25.8;25.7;0.1;0.1;0.1;0.2;
2/2/2017 3:06:29 PM;6235;25.9;27.0;25.8;25.7;0.1;0.1;0.1;0.2;
2/2/2017 3:06:30 PM;6236;25.9;27.1;25.8;25.7;0.1;0.1;0.1;0.2;
2/2/2017 3:06:31 PM;6237;25.8;27.1;25.8;25.7;0.1;0.1;0.1;0.2;
2/2/2017 3:06:32 PM;6238;25.8;27.0;25.8;25.7;0.1;0.1;0.1;0.2;
2/2/2017 3:06:33 PM;6239;25.8;27.0;25.8;25.7;0.1;0.1;0.1;0.2;
2/2/2017 3:06:34 PM;6240;25.8;27.0;25.8;25.7;0.1;0.1;0.1;0.2;
2/2/2017 3:06:35 PM;6241;25.8;26.9;25.8;25.7;0.1;0.1;0.1;0.2;
2/2/2017 3:06:36 PM;6242;25.9;26.9;25.8;25.7;0.1;0.1;0.1;0.2;
2/2/2017 3:06:37 PM;6243;25.8;27.0;25.8;25.7;0.1;0.1;0.1;0.2;
2/2/2017 3:06:38 PM;6244;25.8;27.0;25.8;25.7;0.1;0.1;0.1;0.2;
2/2/2017 3:06:39 PM;6245;25.8;27.0;25.8;25.7;0.1;0.1;0.1;0.2;
2/2/2017 3:06:40 PM;6246;25.8;27.1;25.8;25.7;0.1;0.1;0.1;0.2;
2/2/2017 3:06:41 PM;6247;25.8;27.1;25.8;25.7;0.1;0.1;0.1;0.2;
2/2/2017 3:06:42 PM;6248;25.9;27.1;25.8;25.7;0.1;0.1;0.1;0.2;
2/2/2017 3:06:43 PM;6249;25.9;27.1;25.8;25.7;0.1;0.1;0.1;0.2;
2/2/2017 3:06:44 PM;6250;25.9;27.1;25.8;25.7;0.1;0.1;0.1;0.2;
2/2/2017 3:06:45 PM;6251;25.9;27.1;25.8;25.7;0.1;0.1;0.1;0.2;
2/2/2017 3:06:46 PM;6252;25.9;27.0;25.8;25.7;0.1;0.1;0.1;0.2;
2/2/2017 3:06:47 PM;6253;25.9;27.0;25.8;25.7;0.1;0.1;0.1;0.2;
2/2/2017 3:06:48 PM;6254;25.9;27.0;25.8;25.7;0.1;0.1;0.1;0.2;
2/2/2017 3:06:49 PM;6255;25.9;27.0;25.8;25.7;0.1;0.1;0.1;0.2;
2/2/2017 3:06:50 PM;6256;25.9;27.0;25.8;25.7;0.1;0.1;0.1;0.2;
2/2/2017 3:06:51 PM;6257;25.9;27.0;25.8;25.7;0.1;0.1;0.1;0.2;
2/2/2017 3:06:52 PM;6258;25.9;27.0;25.8;25.7;0.1;0.1;0.1;0.2;
2/2/2017 3:06:53 PM;6259;25.9;27.0;25.8;25.7;0.1;0.1;0.1;0.2;
2/2/2017 3:06:54 PM;6260;25.9;27.0;25.8;25.7;0.1;0.1;0.1;0.2;
2/2/2017 3:06:55 PM;6261;25.9;27.0;25.8;25.7;0.1;0.1;0.1;0.2;
2/2/2017 3:06:56 PM;6262;25.9;27.0;25.8;25.7;0.1;0.1;0.1;0.2;
2/2/2017 3:06:57 PM;6263;25.9;27.0;25.8;25.7;0.1;0.1;0.1;0.2;
2/2/2017 3:06:58 PM;6264;25.9;27.0;25.8;25.7;0.1;0.1;0.1;0.2;
2/2/2017 3:06:59 PM;6265;25.8;26.9;25.8;25.7;0.1;0.1;0.1;0.2;
2/2/2017 3:07:00 PM;6266;25.8;26.9;25.8;25.7;0.1;0.1;0.1;0.2;
2/2/2017 3:07:01 PM;6267;25.8;26.9;25.8;25.7;0.1;0.1;0.1;0.2;
2/2/2017 3:07:02 PM;6268;25.8;26.9;25.8;25.7;0.1;0.1;0.1;0.2;
2/2/2017 3:07:03 PM;6269;25.8;26.9;25.8;25.7;0.1;0.1;0.1;0.2;
2/2/2017 3:07:04 PM;6270;25.8;27.0;25.8;25.7;0.1;0.1;0.1;0.2;
2/2/2017 3:07:05 PM;6271;25.8;27.0;25.8;25.7;0.1;0.1;0.1;0.2;
2/2/2017 3:07:06 PM;6272;25.8;26.9;25.8;25.7;0.1;0.1;0.1;0.2;
2/2/2017 3:07:07 PM;6273;25.8;26.9;25.8;25.7;0.1;0.1;0.1;0.2;
2/2/2017 3:07:08 PM;6274;25.7;27.0;25.8;25.7;0.1;0.1;0.1;0.2;
2/2/2017 3:07:09 PM;6275;25.8;27.0;25.8;25.7;0.1;0.1;0.1;0.2;
2/2/2017 3:07:10 PM;6276;25.7;27.0;25.8;25.7;0.1;0.1;0.1;0.2;
2/2/2017 3:07:11 PM;6277;25.7;27.0;25.8;25.7;0.1;0.1;0.1;0.2;
2/2/2017 3:07:12 PM;6278;25.7;27.1;25.8;25.7;0.1;0.1;0.1;0.2;
2/2/2017 3:07:13 PM;6279;25.8;27.0;25.8;25.7;0.1;0.1;0.1;0.2;
2/2/2017 3:07:14 PM;6280;25.8;27.0;25.8;25.7;0.1;0.1;0.1;0.2;
2/2/2017 3:07:15 PM;6281;25.8;;;25.7;0.1;;;0.2;
