Meas Point;Vol.;Conc.;Cond. A;Temp. A;Cond. B;Temp. B;Cond. Y;Temp. Y;Cond. Z;Temp. Z;
;ml;mg/l;µS/cm;°C;µS/cm;°C;µS/cm;°C;µS/cm;°C;
0;500.0;0.00;28.5;0.7;29.3;0.6;28.0;0.6;28.1;0.7;
1;500.5;5.00;39.7;0.7;40.9;0.7;39.6;0.7;39.4;0.8;
2;501.0;9.98;50.2;0.8;51.4;0.8;50.1;0.8;50.0;0.9;
3;501.5;14.96;60.8;0.8;62.2;0.8;60.7;0.8;60.5;0.9;
4;502.0;19.92;71.5;0.9;72.8;0.9;71.4;0.9;71.2;1.0;
5;502.5;24.88;82.2;0.9;83.4;0.9;82.0;0.9;81.7;1.0;

Date/Time;Meas Point;Cond. A;Cond. B;Cond. Y;Cond. Z;Temp. A;Temp. B;Temp. Y;Temp. Z;
2/2/2017 11:38:00 AM;0;26.3;27.5;26.3;26.1;0.1;0.1;0.1;0.2;
2/2/2017 11:38:01 AM;1;26.3;27.5;26.3;26.1;0.1;0.1;0.1;0.2;
2/2/2017 11:38:02 AM;2;26.3;27.5;26.3;26.1;0.1;0.1;0.1;0.2;
2/2/2017 11:38:03 AM;3;26.3;27.5;26.3;26.1;0.1;0.1;0.1;0.2;
2/2/2017 11:38:04 AM;4;26.3;27.5;26.3;26.1;0.1;0.1;0.1;0.2;
2/2/2017 11:38:05 AM;5;26.3;27.5;26.3;26.1;0.1;0.1;0.1;0.2;
2/2/2017 11:38:06 AM;6;26.3;27.5;26.3;26.1;0.1;0.1;0.1;0.2;
2/2/2017 11:38:07 AM;7;26.3;27.5;26.3;26.2;0.1;0.1;0.1;0.2;
2/2/2017 11:38:08 AM;8;26.3;27.5;26.3;26.2;0.1;0.1;0.1;0.2;
2/2/2017 11:38:09 AM;9;26.3;27.5;26.3;26.2;0.1;0.1;0.1;0.2;
2/2/2017 11:38:10 AM;10;26.3;27.5;26.3;26.2;0.1;0.1;0.1;0.2;
2/2/2017 11:38:11 AM;11;26.3;27.5;26.3;26.1;0.1;0.1;0.1;0.2;
2/2/2017 11:38:12 AM;12;26.3;27.5;26.3;26.1;0.1;0.1;0.1;0.2;
2/2/2017 11:38:13 AM;13;26.3;27.5;26.3;26.1;0.1;0.1;0.1;0.2;
2/2/2017 11:38:14 AM;14;26.3;27.5;26.3;26.1;0.1;0.1;0.1;0.2;
2/2/2017 11:38:15 AM;15;26.3;27.5;26.3;26.1;0.1;0.1;0.1;0.2;
2/2/2017 11:38:16 AM;16;26.3;27.5;26.3;26.2;0.1;0.1;0.1;0.2;
2/2/2017 11:38:17 AM;17;26.3;27.5;26.3;26.1;0.1;0.1;0.1;0.2;
2/2/2017 11:38:18 AM;18;26.3;27.5;26.3;26.1;0.1;0.1;0.1;0.2;
2/2/2017 11:38:19 AM;19;26.3;27.5;26.3;26.1;0.1;0.1;0.1;0.2;
2/2/2017 11:38:20 AM;20;26.3;27.5;26.3;26.1;0.1;0.1;0.1;0.2;
2/2/2017 11:38:21 AM;21;26.3;27.5;26.3;26.1;0.1;0.1;0.1;0.2;
2/2/2017 11:38:22 AM;22;26.3;27.5;26.3;26.1;0.1;0.1;0.1;0.2;
2/2/2017 11:38:23 AM;23;26.3;27.5;26.3;26.1;0.1;0.1;0.1;0.2;
2/2/2017 11:38:24 AM;24;26.3;27.5;26.3;26.1;0.1;0.1;0.1;0.2;
2/2/2017 11:38:25 AM;25;26.3;27.5;26.3;26.1;0.1;0.1;0.1;0.2;
2/2/2017 11:38:26 AM;26;26.3;27.5;26.3;26.1;0.1;0.1;0.1;0.2;
2/2/2017 11:38:27 AM;27;26.3;27.5;26.3;26.1;0.1;0.1;0.1;0.2;
2/2/2017 11:38:28 AM;28;26.3;27.5;26.3;26.1;0.1;0.1;0.1;0.2;
2/2/2017 11:38:29 AM;29;26.3;27.5;26.3;26.1;0.1;0.1;0.1;0.2;
2/2/2017 11:38:30 AM;30;26.3;27.5;26.3;26.1;0.1;0.1;0.1;0.2;
2/2/2017 11:38:31 AM;31;26.3;27.5;26.3;26.2;0.1;0.1;0.1;0.2;
2/2/2017 11:38:32 AM;32;26.3;27.5;26.3;26.2;0.1;0.1;0.1;0.2;
2/2/2017 11:38:33 AM;33;26.3;27.5;26.3;26.2;0.1;0.1;0.1;0.2;
2/2/2017 11:38:34 AM;34;26.3;27.5;26.2;26.2;0.1;0.1;0.1;0.2;
2/2/2017 11:38:35 AM;35;26.3;27.5;26.2;26.2;0.1;0.1;0.1;0.2;
2/2/2017 11:38:36 AM;36;26.3;27.5;26.2;26.2;0.1;0.1;0.1;0.2;
2/2/2017 11:38:37 AM;37;26.3;27.5;26.2;26.2;0.1;0.1;0.1;0.2;
2/2/2017 11:38:38 AM;38;26.3;27.5;26.2;26.2;0.1;0.1;0.1;0.2;
2/2/2017 11:38:39 AM;39;26.3;27.5;26.2;26.1;0.1;0.1;0.1;0.2;
2/2/2017 11:38:40 AM;40;26.3;27.5;26.2;26.1;0.1;0.1;0.1;0.2;
2/2/2017 11:38:41 AM;41;26.3;27.5;26.3;26.1;0.1;0.1;0.1;0.2;
2/2/2017 11:38:42 AM;42;26.3;27.5;26.3;26.1;0.1;0.1;0.1;0.2;
2/2/2017 11:38:43 AM;43;26.3;27.5;26.3;26.1;0.1;0.1;0.1;0.2;
2/2/2017 11:38:44 AM;44;26.3;27.5;26.3;26.2;0.1;0.1;0.1;0.2;
2/2/2017 11:38:45 AM;45;26.3;27.5;26.3;26.2;0.1;0.1;0.1;0.2;
2/2/2017 11:38:46 AM;46;26.3;27.5;26.3;26.2;0.1;0.1;0.1;0.2;
2/2/2017 11:38:47 AM;47;26.3;27.5;26.3;26.2;0.1;0.1;0.1;0.2;
2/2/2017 11:38:48 AM;48;26.3;27.5;26.3;26.2;0.1;0.1;0.1;0.2;
2/2/2017 11:38:49 AM;49;26.3;27.5;26.3;26.2;0.1;0.1;0.1;0.2;
2/2/2017 11:38:50 AM;50;26.3;27.5;26.3;26.2;0.1;0.1;0.1;0.2;
2/2/2017 11:38:51 AM;51;26.3;27.5;26.3;26.2;0.1;0.1;0.1;0.2;
2/2/2017 11:38:52 AM;52;26.3;27.5;26.3;26.2;0.1;0.1;0.1;0.2;
2/2/2017 11:38:53 AM;53;26.3;27.5;26.3;26.1;0.1;0.1;0.1;0.2;
2/2/2017 11:38:54 AM;54;26.3;27.5;26.3;26.1;0.1;0.1;0.1;0.2;
2/2/2017 11:38:55 AM;55;26.3;27.5;26.3;26.1;0.1;0.1;0.1;0.2;
2/2/2017 11:38:56 AM;56;26.3;27.5;26.3;26.2;0.1;0.1;0.1;0.2;
2/2/2017 11:38:57 AM;57;26.3;27.5;26.3;26.2;0.1;0.1;0.1;0.2;
2/2/2017 11:38:58 AM;58;26.3;27.5;26.3;26.2;0.1;0.1;0.1;0.2;
2/2/2017 11:38:59 AM;59;26.3;27.5;26.3;26.2;0.1;0.1;0.1;0.2;
2/2/2017 11:39:00 AM;60;26.3;27.5;26.3;26.2;0.1;0.1;0.1;0.2;
2/2/2017 11:39:01 AM;61;26.3;27.5;26.3;26.2;0.1;0.1;0.1;0.2;
2/2/2017 11:39:02 AM;62;26.3;27.5;26.3;26.1;0.1;0.1;0.1;0.2;
2/2/2017 11:39:03 AM;63;26.3;27.5;26.3;26.1;0.1;0.1;0.1;0.2;
2/2/2017 11:39:04 AM;64;26.3;27.5;26.3;26.1;0.1;0.1;0.1;0.2;
2/2/2017 11:39:05 AM;65;26.3;27.5;26.3;26.2;0.1;0.1;0.1;0.2;
2/2/2017 11:39:06 AM;66;26.3;27.5;26.3;26.2;0.1;0.1;0.1;0.2;
2/2/2017 11:39:07 AM;67;26.3;27.5;26.2;26.2;0.1;0.1;0.1;0.2;
2/2/2017 11:39:08 AM;68;26.3;27.5;26.2;26.1;0.1;0.1;0.1;0.2;
2/2/2017 11:39:09 AM;69;26.3;27.5;26.3;26.1;0.1;0.1;0.1;0.2;
2/2/2017 11:39:10 AM;70;26.3;27.5;26.3;26.1;0.1;0.1;0.1;0.2;
2/2/2017 11:39:11 AM;71;26.3;27.5;26.3;26.1;0.1;0.1;0.1;0.2;
2/2/2017 11:39:12 AM;72;26.3;27.5;26.3;26.1;0.1;0.1;0.1;0.2;
2/2/2017 11:39:13 AM;73;26.3;27.5;26.3;26.1;0.1;0.1;0.1;0.2;
2/2/2017 11:39:14 AM;74;26.3;27.5;26.3;26.2;0.1;0.1;0.1;0.2;
2/2/2017 11:39:15 AM;75;26.3;27.5;26.3;26.2;0.1;0.1;0.1;0.2;
2/2/2017 11:39:16 AM;76;26.3;27.5;26.3;26.2;0.1;0.1;0.1;0.2;
2/2/2017 11:39:17 AM;77;26.3;27.5;26.3;26.2;0.1;0.1;0.1;0.2;
2/2/2017 11:39:18 AM;78;26.3;27.5;26.3;26.2;0.1;0.1;0.1;0.2;
2/2/2017 11:39:19 AM;79;26.3;27.5;26.3;26.2;0.1;0.1;0.1;0.2;
2/2/2017 11:39:20 AM;80;26.3;27.5;26.3;26.1;0.1;0.1;0.1;0.2;
2/2/2017 11:39:21 AM;81;26.3;27.5;26.2;26.1;0.1;0.1;0.1;0.2;
2/2/2017 11:39:22 AM;82;26.3;27.5;26.2;26.2;0.1;0.1;0.1;0.2;
2/2/2017 11:39:23 AM;83;26.3;27.5;26.2;26.2;0.1;0.1;0.1;0.2;
2/2/2017 11:39:24 AM;84;26.3;27.5;26.2;26.1;0.1;0.1;0.1;0.2;
2/2/2017 11:39:25 AM;85;26.3;27.5;26.2;26.2;0.1;0.1;0.1;0.2;
2/2/2017 11:39:26 AM;86;26.3;27.5;26.3;26.2;0.1;0.1;0.1;0.2;
2/2/2017 11:39:27 AM;87;26.3;27.5;26.3;26.2;0.1;0.1;0.1;0.2;
2/2/2017 11:39:28 AM;88;26.3;27.5;26.3;26.2;0.1;0.1;0.1;0.2;
2/2/2017 11:39:29 AM;89;26.3;27.5;26.3;26.2;0.1;0.1;0.1;0.2;
2/2/2017 11:39:30 AM;90;26.3;27.5;26.3;26.1;0.1;0.1;0.1;0.2;
2/2/2017 11:39:31 AM;91;26.3;27.5;26.3;26.1;0.1;0.1;0.1;0.2;
2/2/2017 11:39:32 AM;92;26.3;27.5;26.3;26.1;0.1;0.1;0.1;0.2;
2/2/2017 11:39:33 AM;93;26.3;27.5;26.3;26.1;0.1;0.1;0.1;0.2;
2/2/2017 11:39:34 AM;94;26.3;27.5;26.3;26.1;0.1;0.1;0.1;0.2;
2/2/2017 11:39:35 AM;95;26.3;27.5;26.3;26.1;0.1;0.1;0.1;0.2;
2/2/2017 11:39:36 AM;96;26.3;27.5;26.3;26.1;0.1;0.1;0.1;0.2;
2/2/2017 11:39:37 AM;97;26.3;27.5;26.3;26.2;0.1;0.1;0.1;0.2;
2/2/2017 11:39:38 AM;98;26.3;27.5;26.3;26.2;0.1;0.1;0.1;0.2;
2/2/2017 11:39:39 AM;99;26.3;27.5;26.3;26.2;0.1;0.1;0.1;0.2;
2/2/2017 11:39:40 AM;100;26.3;27.5;26.3;26.2;0.1;0.1;0.1;0.2;
2/2/2017 11:39:41 AM;101;26.3;27.5;26.3;26.2;0.1;0.1;0.1;0.2;
2/2/2017 11:39:42 AM;102;26.3;27.5;26.3;26.2;0.1;0.1;0.1;0.2;
2/2/2017 11:39:43 AM;103;26.3;27.5;26.3;26.1;0.1;0.1;0.1;0.2;
2/2/2017 11:39:44 AM;104;26.3;27.5;26.3;26.1;0.1;0.1;0.1;0.2;
2/2/2017 11:39:45 AM;105;26.3;27.5;26.3;26.1;0.1;0.1;0.1;0.2;
2/2/2017 11:39:46 AM;106;26.3;27.5;26.3;26.1;0.1;0.1;0.1;0.2;
2/2/2017 11:39:47 AM;107;26.3;27.5;26.3;26.1;0.1;0.1;0.1;0.2;
2/2/2017 11:39:48 AM;108;26.3;27.5;26.3;26.1;0.1;0.1;0.1;0.2;
2/2/2017 11:39:49 AM;109;26.3;27.5;26.3;26.1;0.1;0.1;0.1;0.2;
2/2/2017 11:39:50 AM;110;26.3;27.5;26.3;26.1;0.1;0.1;0.1;0.2;
2/2/2017 11:39:51 AM;111;26.3;27.5;26.3;26.1;0.1;0.1;0.1;0.2;
2/2/2017 11:39:52 AM;112;26.3;27.5;26.3;26.1;0.1;0.1;0.1;0.2;
2/2/2017 11:39:53 AM;113;26.3;27.5;26.3;26.1;0.1;0.1;0.1;0.2;
2/2/2017 11:39:54 AM;114;26.3;27.5;26.3;26.1;0.1;0.1;0.1;0.2;
2/2/2017 11:39:55 AM;115;26.3;27.5;26.3;26.1;0.1;0.1;0.1;0.2;
2/2/2017 11:39:56 AM;116;26.3;27.5;26.2;26.1;0.1;0.1;0.1;0.2;
2/2/2017 11:39:57 AM;117;26.3;27.5;26.2;26.1;0.1;0.1;0.1;0.2;
2/2/2017 11:39:58 AM;118;26.3;27.5;26.2;26.1;0.1;0.1;0.1;0.2;
2/2/2017 11:39:59 AM;119;26.3;27.5;26.2;26.1;0.1;0.1;0.1;0.2;
2/2/2017 11:40:00 AM;120;26.3;27.5;26.2;26.1;0.1;0.1;0.1;0.2;
2/2/2017 11:40:01 AM;121;26.3;27.5;26.2;26.1;0.1;0.1;0.1;0.2;
2/2/2017 11:40:02 AM;122;26.3;27.5;26.2;26.1;0.1;0.1;0.1;0.2;
2/2/2017 11:40:03 AM;123;26.3;27.5;26.2;26.1;0.1;0.1;0.1;0.2;
2/2/2017 11:40:04 AM;124;26.3;27.5;26.3;26.1;0.1;0.1;0.1;0.2;
2/2/2017 11:40:05 AM;125;26.3;27.5;26.3;26.1;0.1;0.1;0.1;0.2;
2/2/2017 11:40:06 AM;126;26.3;27.5;26.3;26.1;0.1;0.1;0.1;0.2;
2/2/2017 11:40:07 AM;127;26.3;27.5;26.3;26.1;0.1;0.1;0.1;0.2;
2/2/2017 11:40:08 AM;128;26.3;27.5;26.3;26.1;0.1;0.1;0.1;0.2;
2/2/2017 11:40:09 AM;129;26.3;27.5;26.3;26.1;0.1;0.1;0.1;0.2;
2/2/2017 11:40:10 AM;130;26.3;27.5;26.2;26.1;0.1;0.1;0.1;0.2;
2/2/2017 11:40:11 AM;131;26.3;27.5;26.2;26.2;0.1;0.1;0.1;0.2;
2/2/2017 11:40:12 AM;132;26.3;27.5;26.2;26.2;0.1;0.1;0.1;0.2;
2/2/2017 11:40:13 AM;133;26.3;27.5;26.2;26.2;0.1;0.1;0.1;0.2;
2/2/2017 11:40:14 AM;134;26.3;27.5;26.2;26.1;0.1;0.1;0.1;0.2;
2/2/2017 11:40:15 AM;135;26.3;27.5;26.2;26.1;0.1;0.1;0.1;0.2;
2/2/2017 11:40:16 AM;136;26.3;27.5;26.2;26.1;0.1;0.1;0.1;0.2;
2/2/2017 11:40:17 AM;137;26.3;27.5;26.3;26.1;0.1;0.1;0.1;0.2;
2/2/2017 11:40:18 AM;138;26.3;27.5;26.3;26.1;0.1;0.1;0.1;0.2;
2/2/2017 11:40:19 AM;139;26.3;27.5;26.3;26.2;0.1;0.1;0.1;0.2;
2/2/2017 11:40:20 AM;140;26.3;27.5;26.3;26.1;0.1;0.1;0.1;0.2;
2/2/2017 11:40:21 AM;141;26.3;27.5;26.2;26.1;0.1;0.1;0.1;0.2;
2/2/2017 11:40:22 AM;142;26.3;27.5;26.2;26.1;0.1;0.1;0.1;0.2;
2/2/2017 11:40:23 AM;143;26.3;27.5;26.3;26.1;0.1;0.1;0.1;0.2;
2/2/2017 11:40:24 AM;144;26.3;27.5;26.2;26.1;0.1;0.1;0.1;0.2;
2/2/2017 11:40:25 AM;145;26.3;27.5;26.2;26.1;0.1;0.1;0.1;0.2;
2/2/2017 11:40:26 AM;146;26.3;27.5;26.2;26.1;0.1;0.1;0.1;0.2;
2/2/2017 11:40:27 AM;147;26.3;27.5;26.2;26.1;0.1;0.1;0.1;0.2;
2/2/2017 11:40:28 AM;148;26.3;27.5;26.2;26.1;0.1;0.1;0.1;0.2;
2/2/2017 11:40:29 AM;149;26.3;27.5;26.2;26.1;0.1;0.1;0.1;0.2;
2/2/2017 11:40:30 AM;150;26.3;27.5;26.2;26.1;0.1;0.1;0.1;0.2;
2/2/2017 11:40:31 AM;151;26.3;27.5;26.2;26.1;0.1;0.1;0.1;0.2;
2/2/2017 11:40:32 AM;152;26.3;27.5;26.2;26.1;0.1;0.1;0.1;0.2;
2/2/2017 11:40:33 AM;153;26.3;27.5;26.2;26.1;0.1;0.1;0.1;0.2;
2/2/2017 11:40:34 AM;154;26.3;27.5;26.2;26.1;0.1;0.1;0.1;0.2;
2/2/2017 11:40:35 AM;155;26.3;27.5;26.3;26.1;0.1;0.1;0.1;0.2;
2/2/2017 11:40:36 AM;156;26.3;27.5;26.3;26.1;0.1;0.1;0.1;0.2;
2/2/2017 11:40:37 AM;157;26.3;27.5;26.3;26.2;0.1;0.1;0.1;0.2;
2/2/2017 11:40:38 AM;158;26.3;27.5;26.3;26.2;0.1;0.1;0.1;0.2;
2/2/2017 11:40:39 AM;159;26.3;27.5;26.3;26.2;0.1;0.1;0.1;0.2;
2/2/2017 11:40:40 AM;160;26.3;27.5;26.2;26.1;0.1;0.1;0.1;0.2;
2/2/2017 11:40:41 AM;161;26.3;27.5;26.2;26.1;0.1;0.1;0.1;0.2;
2/2/2017 11:40:42 AM;162;26.3;27.5;26.2;26.1;0.1;0.1;0.1;0.2;
2/2/2017 11:40:43 AM;163;26.3;27.5;26.2;26.1;0.1;0.1;0.1;0.2;
2/2/2017 11:40:44 AM;164;26.3;27.5;26.2;26.1;0.1;0.1;0.1;0.2;
2/2/2017 11:40:45 AM;165;26.3;27.5;26.3;26.1;0.1;0.1;0.1;0.2;
2/2/2017 11:40:46 AM;166;26.3;27.5;26.3;26.1;0.1;0.1;0.1;0.2;
2/2/2017 11:40:47 AM;167;26.3;27.5;26.3;26.1;0.1;0.1;0.1;0.2;
2/2/2017 11:40:48 AM;168;26.3;27.5;26.3;26.1;0.1;0.1;0.1;0.2;
2/2/2017 11:40:49 AM;169;26.3;27.5;26.3;26.2;0.1;0.1;0.1;0.2;
2/2/2017 11:40:50 AM;170;26.3;27.5;26.3;26.2;0.1;0.1;0.1;0.2;
2/2/2017 11:40:51 AM;171;26.3;27.5;26.3;26.2;0.1;0.1;0.1;0.2;
2/2/2017 11:40:52 AM;172;26.3;27.5;26.2;26.2;0.1;0.1;0.1;0.2;
2/2/2017 11:40:53 AM;173;26.3;27.5;26.3;26.2;0.1;0.1;0.1;0.2;
2/2/2017 11:40:54 AM;174;26.3;27.5;26.3;26.2;0.1;0.1;0.1;0.2;
2/2/2017 11:40:55 AM;175;26.3;27.5;26.2;26.2;0.1;0.1;0.1;0.2;
2/2/2017 11:40:56 AM;176;26.3;27.5;26.3;26.1;0.1;0.1;0.1;0.2;
2/2/2017 11:40:57 AM;177;26.3;27.5;26.3;26.1;0.1;0.1;0.1;0.2;
2/2/2017 11:40:58 AM;178;26.3;27.5;26.3;26.1;0.1;0.1;0.1;0.2;
2/2/2017 11:40:59 AM;179;26.3;27.5;26.3;26.1;0.1;0.1;0.1;0.2;
2/2/2017 11:41:00 AM;180;26.3;27.5;26.3;26.1;0.1;0.1;0.1;0.2;
2/2/2017 11:41:01 AM;181;26.3;27.5;26.2;26.1;0.1;0.1;0.1;0.2;
2/2/2017 11:41:02 AM;182;26.3;27.5;26.2;26.1;0.1;0.1;0.1;0.2;
2/2/2017 11:41:03 AM;183;26.3;27.5;26.2;26.1;0.1;0.1;0.1;0.2;
2/2/2017 11:41:04 AM;184;26.3;27.5;26.2;26.1;0.1;0.1;0.1;0.2;
2/2/2017 11:41:05 AM;185;26.3;27.5;26.3;26.1;0.1;0.1;0.1;0.2;
2/2/2017 11:41:06 AM;186;26.3;27.5;26.3;26.1;0.1;0.1;0.1;0.2;
2/2/2017 11:41:07 AM;187;26.3;27.5;26.3;26.1;0.1;0.1;0.1;0.2;
2/2/2017 11:41:08 AM;188;26.3;27.5;26.3;26.1;0.1;0.1;0.1;0.2;
2/2/2017 11:41:09 AM;189;26.3;27.5;26.3;26.1;0.1;0.1;0.1;0.2;
2/2/2017 11:41:10 AM;190;26.3;27.5;26.3;26.1;0.1;0.1;0.1;0.2;
2/2/2017 11:41:11 AM;191;26.3;27.5;26.3;26.1;0.1;0.1;0.1;0.2;
2/2/2017 11:41:12 AM;192;26.3;27.5;26.3;26.1;0.1;0.1;0.1;0.2;
2/2/2017 11:41:13 AM;193;26.3;27.5;26.3;26.1;0.1;0.1;0.1;0.2;
2/2/2017 11:41:14 AM;194;26.3;27.5;26.3;26.1;0.1;0.1;0.1;0.2;
2/2/2017 11:41:15 AM;195;26.3;27.5;26.3;26.2;0.1;0.1;0.1;0.2;
2/2/2017 11:41:16 AM;196;26.3;27.5;26.3;26.2;0.1;0.1;0.1;0.2;
2/2/2017 11:41:17 AM;197;26.3;27.5;26.3;26.1;0.1;0.1;0.1;0.2;
2/2/2017 11:41:18 AM;198;26.3;27.5;26.3;26.1;0.1;0.1;0.1;0.2;
2/2/2017 11:41:19 AM;199;26.3;27.5;26.3;26.1;0.1;0.1;0.1;0.2;
2/2/2017 11:41:20 AM;200;26.3;27.5;26.3;26.1;0.1;0.1;0.1;0.2;
2/2/2017 11:41:21 AM;201;26.3;27.5;26.3;26.1;0.1;0.1;0.1;0.2;
2/2/2017 11:41:22 AM;202;26.3;27.5;26.3;26.2;0.1;0.1;0.1;0.2;
2/2/2017 11:41:23 AM;203;26.3;27.5;26.3;26.2;0.1;0.1;0.1;0.2;
2/2/2017 11:41:24 AM;204;26.3;27.5;26.2;26.2;0.1;0.1;0.1;0.2;
2/2/2017 11:41:25 AM;205;26.3;27.5;26.2;26.2;0.1;0.1;0.1;0.2;
2/2/2017 11:41:26 AM;206;26.3;27.5;26.3;26.2;0.1;0.1;0.1;0.2;
2/2/2017 11:41:27 AM;207;26.3;27.5;26.3;26.2;0.1;0.1;0.1;0.2;
2/2/2017 11:41:28 AM;208;26.3;27.5;26.3;26.2;0.1;0.1;0.1;0.2;
2/2/2017 11:41:29 AM;209;26.3;27.5;26.3;26.1;0.1;0.1;0.1;0.2;
2/2/2017 11:41:30 AM;210;26.3;27.5;26.3;26.1;0.1;0.1;0.1;0.2;
2/2/2017 11:41:31 AM;211;26.3;27.5;26.3;26.1;0.1;0.1;0.1;0.2;
2/2/2017 11:41:32 AM;212;26.3;27.5;26.3;26.1;0.1;0.1;0.1;0.2;
2/2/2017 11:41:33 AM;213;26.3;27.5;26.2;26.1;0.1;0.1;0.1;0.2;
2/2/2017 11:41:34 AM;214;26.3;27.5;26.2;26.1;0.1;0.1;0.1;0.2;
2/2/2017 11:41:35 AM;215;26.3;27.5;26.2;26.1;0.1;0.1;0.1;0.2;
2/2/2017 11:41:36 AM;216;26.3;27.5;26.2;26.1;0.1;0.1;0.1;0.2;
2/2/2017 11:41:37 AM;217;26.3;27.5;26.2;26.1;0.1;0.1;0.1;0.2;
2/2/2017 11:41:38 AM;218;26.3;27.5;26.3;26.1;0.1;0.1;0.1;0.2;
2/2/2017 11:41:39 AM;219;26.3;27.5;26.2;26.1;0.1;0.1;0.1;0.2;
2/2/2017 11:41:40 AM;220;26.3;27.5;26.2;26.1;0.1;0.1;0.1;0.2;
2/2/2017 11:41:41 AM;221;26.3;27.5;26.3;26.1;0.1;0.1;0.1;0.2;
2/2/2017 11:41:42 AM;222;26.3;27.5;26.3;26.1;0.1;0.1;0.1;0.2;
2/2/2017 11:41:43 AM;223;26.3;27.5;26.3;26.1;0.1;0.1;0.1;0.2;
2/2/2017 11:41:44 AM;224;26.3;27.5;26.3;26.1;0.1;0.1;0.1;0.2;
2/2/2017 11:41:45 AM;225;26.3;27.5;26.3;26.1;0.1;0.1;0.1;0.2;
2/2/2017 11:41:46 AM;226;26.3;27.5;26.3;26.1;0.1;0.1;0.1;0.2;
2/2/2017 11:41:47 AM;227;26.3;27.5;26.3;26.2;0.1;0.1;0.1;0.2;
2/2/2017 11:41:48 AM;228;26.3;27.5;26.3;26.1;0.1;0.1;0.1;0.2;
2/2/2017 11:41:49 AM;229;26.3;27.5;26.2;26.1;0.1;0.1;0.1;0.2;
2/2/2017 11:41:50 AM;230;26.3;27.5;26.2;26.1;0.1;0.1;0.1;0.2;
2/2/2017 11:41:51 AM;231;26.3;27.5;26.2;26.1;0.1;0.1;0.1;0.2;
2/2/2017 11:41:52 AM;232;26.3;27.5;26.2;26.1;0.1;0.1;0.1;0.2;
2/2/2017 11:41:53 AM;233;26.3;27.5;26.2;26.1;0.1;0.1;0.1;0.2;
2/2/2017 11:41:54 AM;234;26.3;27.5;26.2;26.1;0.1;0.1;0.1;0.2;
2/2/2017 11:41:55 AM;235;26.3;27.5;26.2;26.1;0.1;0.1;0.1;0.2;
2/2/2017 11:41:56 AM;236;26.3;27.5;26.3;26.1;0.1;0.1;0.1;0.2;
2/2/2017 11:41:57 AM;237;26.3;27.5;26.3;26.1;0.1;0.1;0.1;0.2;
2/2/2017 11:41:58 AM;238;26.3;27.5;26.2;26.1;0.1;0.1;0.1;0.2;
2/2/2017 11:41:59 AM;239;26.3;27.5;26.3;26.1;0.1;0.1;0.1;0.2;
2/2/2017 11:42:00 AM;240;26.3;27.5;26.3;26.1;0.1;0.1;0.1;0.2;
2/2/2017 11:42:01 AM;241;26.3;27.5;26.2;26.1;0.1;0.1;0.1;0.2;
2/2/2017 11:42:02 AM;242;26.3;27.5;26.2;26.1;0.1;0.1;0.1;0.2;
2/2/2017 11:42:03 AM;243;26.3;27.5;26.2;26.1;0.1;0.1;0.1;0.2;
2/2/2017 11:42:04 AM;244;26.3;27.5;26.2;26.1;0.1;0.1;0.1;0.2;
2/2/2017 11:42:05 AM;245;26.3;27.5;26.2;26.1;0.1;0.1;0.1;0.2;
2/2/2017 11:42:06 AM;246;26.3;27.5;26.2;26.1;0.1;0.1;0.1;0.2;
2/2/2017 11:42:07 AM;247;26.3;27.5;26.2;26.1;0.1;0.1;0.1;0.2;
2/2/2017 11:42:08 AM;248;26.3;27.5;26.2;26.1;0.1;0.1;0.1;0.2;
2/2/2017 11:42:09 AM;249;26.3;27.5;26.2;26.1;0.1;0.1;0.1;0.2;
2/2/2017 11:42:10 AM;250;26.3;27.5;26.2;26.1;0.1;0.1;0.1;0.2;
2/2/2017 11:42:11 AM;251;26.3;27.5;26.2;26.1;0.1;0.1;0.1;0.2;
2/2/2017 11:42:12 AM;252;26.3;27.5;26.2;26.1;0.1;0.1;0.1;0.2;
2/2/2017 11:42:13 AM;253;26.3;27.5;26.2;26.1;0.1;0.1;0.1;0.2;
2/2/2017 11:42:14 AM;254;26.3;27.5;26.2;26.2;0.1;0.1;0.1;0.2;
2/2/2017 11:42:15 AM;255;26.3;27.5;26.3;26.2;0.1;0.1;0.1;0.2;
2/2/2017 11:42:16 AM;256;26.3;27.5;26.2;26.1;0.1;0.1;0.1;0.2;
2/2/2017 11:42:17 AM;257;26.3;27.5;26.2;26.1;0.1;0.1;0.1;0.2;
2/2/2017 11:42:18 AM;258;26.3;27.5;26.2;26.1;0.1;0.1;0.1;0.2;
2/2/2017 11:42:19 AM;259;26.3;27.5;26.2;26.1;0.1;0.1;0.1;0.2;
2/2/2017 11:42:20 AM;260;26.3;27.5;26.2;26.1;0.1;0.1;0.1;0.2;
2/2/2017 11:42:21 AM;261;26.3;27.5;26.2;26.1;0.1;0.1;0.1;0.2;
2/2/2017 11:42:22 AM;262;26.3;27.5;26.2;26.1;0.1;0.1;0.1;0.2;
2/2/2017 11:42:23 AM;263;26.3;27.5;26.2;26.1;0.1;0.1;0.1;0.2;
2/2/2017 11:42:24 AM;264;26.3;27.5;26.2;26.1;0.1;0.1;0.1;0.2;
2/2/2017 11:42:25 AM;265;26.3;27.5;26.2;26.1;0.1;0.1;0.1;0.2;
2/2/2017 11:42:26 AM;266;26.3;27.5;26.2;26.1;0.1;0.1;0.1;0.2;
2/2/2017 11:42:27 AM;267;26.3;27.5;26.2;26.2;0.1;0.1;0.1;0.2;
2/2/2017 11:42:28 AM;268;26.3;27.5;26.2;26.2;0.1;0.1;0.1;0.2;
2/2/2017 11:42:29 AM;269;26.3;27.5;26.2;26.2;0.1;0.1;0.1;0.2;
2/2/2017 11:42:30 AM;270;26.3;27.5;26.2;26.1;0.1;0.1;0.1;0.2;
2/2/2017 11:42:31 AM;271;26.3;27.5;26.2;26.1;0.1;0.1;0.1;0.2;
2/2/2017 11:42:32 AM;272;26.3;27.5;26.2;26.1;0.1;0.1;0.1;0.2;
2/2/2017 11:42:33 AM;273;26.3;27.5;26.2;26.1;0.1;0.1;0.1;0.2;
2/2/2017 11:42:34 AM;274;26.3;27.5;26.2;26.1;0.1;0.1;0.1;0.2;
2/2/2017 11:42:35 AM;275;26.3;27.5;26.2;26.1;0.1;0.1;0.1;0.2;
2/2/2017 11:42:36 AM;276;26.3;27.5;26.2;26.1;0.1;0.1;0.1;0.2;
2/2/2017 11:42:37 AM;277;26.3;27.5;26.2;26.1;0.1;0.1;0.1;0.2;
2/2/2017 11:42:38 AM;278;26.3;27.5;26.2;26.1;0.1;0.1;0.1;0.2;
2/2/2017 11:42:39 AM;279;26.3;27.5;26.2;26.1;0.1;0.1;0.1;0.2;
2/2/2017 11:42:40 AM;280;26.3;27.5;26.2;26.1;0.1;0.1;0.1;0.2;
2/2/2017 11:42:41 AM;281;26.3;27.5;26.2;26.1;0.1;0.1;0.1;0.2;
2/2/2017 11:42:42 AM;282;26.3;27.5;26.2;26.1;0.1;0.1;0.1;0.2;
2/2/2017 11:42:43 AM;283;26.3;27.5;26.2;26.1;0.1;0.1;0.1;0.2;
2/2/2017 11:42:44 AM;284;26.3;27.5;26.2;26.1;0.1;0.1;0.1;0.2;
2/2/2017 11:42:45 AM;285;26.3;27.5;26.2;26.1;0.1;0.1;0.1;0.2;
2/2/2017 11:42:46 AM;286;26.3;27.5;26.2;26.1;0.1;0.1;0.1;0.2;
2/2/2017 11:42:47 AM;287;26.3;27.5;26.2;26.1;0.1;0.1;0.1;0.2;
2/2/2017 11:42:48 AM;288;26.3;27.5;26.2;26.1;0.1;0.1;0.1;0.2;
2/2/2017 11:42:49 AM;289;26.3;27.5;26.2;26.1;0.1;0.1;0.1;0.2;
2/2/2017 11:42:50 AM;290;26.3;27.5;26.2;26.1;0.1;0.1;0.1;0.2;
2/2/2017 11:42:51 AM;291;26.3;27.5;26.2;26.1;0.1;0.1;0.1;0.2;
2/2/2017 11:42:52 AM;292;26.3;27.5;26.2;26.1;0.1;0.1;0.1;0.2;
2/2/2017 11:42:53 AM;293;26.3;27.5;26.2;26.1;0.1;0.1;0.1;0.2;
2/2/2017 11:42:54 AM;294;26.3;27.5;26.2;26.1;0.1;0.1;0.1;0.2;
2/2/2017 11:42:55 AM;295;26.3;27.5;26.2;26.1;0.1;0.1;0.1;0.2;
2/2/2017 11:42:56 AM;296;26.3;27.5;26.2;26.1;0.1;0.1;0.1;0.2;
2/2/2017 11:42:57 AM;297;26.3;27.5;26.2;26.1;0.1;0.1;0.1;0.2;
2/2/2017 11:42:58 AM;298;26.3;27.5;26.2;26.1;0.1;0.1;0.1;0.2;
2/2/2017 11:42:59 AM;299;26.3;27.5;26.2;26.1;0.1;0.1;0.1;0.2;
2/2/2017 11:43:00 AM;300;26.3;27.5;26.2;26.1;0.1;0.1;0.1;0.2;
2/2/2017 11:43:01 AM;301;26.3;27.5;26.2;26.1;0.1;0.1;0.1;0.2;
2/2/2017 11:43:02 AM;302;26.3;27.5;26.2;26.1;0.1;0.1;0.1;0.2;
2/2/2017 11:43:03 AM;303;26.3;27.5;26.2;26.1;0.1;0.1;0.1;0.2;
2/2/2017 11:43:04 AM;304;26.3;27.5;26.2;26.1;0.1;0.1;0.1;0.2;
2/2/2017 11:43:05 AM;305;26.3;27.5;26.2;26.1;0.1;0.1;0.1;0.2;
2/2/2017 11:43:06 AM;306;26.3;27.5;26.2;26.1;0.1;0.1;0.1;0.2;
2/2/2017 11:43:07 AM;307;26.3;27.5;26.2;26.1;0.1;0.1;0.1;0.2;
2/2/2017 11:43:08 AM;308;26.3;27.5;26.2;26.1;0.1;0.1;0.1;0.2;
2/2/2017 11:43:09 AM;309;26.3;27.5;26.2;26.1;0.1;0.1;0.1;0.2;
2/2/2017 11:43:10 AM;310;26.3;27.5;26.2;26.1;0.1;0.1;0.1;0.2;
2/2/2017 11:43:11 AM;311;26.3;27.5;26.2;26.1;0.1;0.1;0.1;0.2;
2/2/2017 11:43:12 AM;312;26.3;27.5;26.2;26.1;0.1;0.1;0.1;0.2;
2/2/2017 11:43:13 AM;313;26.3;27.5;26.2;26.1;0.1;0.1;0.1;0.2;
2/2/2017 11:43:14 AM;314;26.3;27.5;26.2;26.1;0.1;0.1;0.1;0.2;
2/2/2017 11:43:15 AM;315;26.3;27.5;26.2;26.1;0.1;0.1;0.1;0.2;
2/2/2017 11:43:16 AM;316;26.3;27.5;26.3;26.1;0.1;0.1;0.1;0.2;
2/2/2017 11:43:17 AM;317;26.3;27.5;26.3;26.1;0.1;0.1;0.1;0.2;
2/2/2017 11:43:18 AM;318;26.3;27.5;26.2;26.1;0.1;0.1;0.1;0.2;
2/2/2017 11:43:19 AM;319;26.3;27.5;26.2;26.1;0.1;0.1;0.1;0.2;
2/2/2017 11:43:20 AM;320;26.3;27.5;26.2;26.1;0.1;0.1;0.1;0.2;
2/2/2017 11:43:21 AM;321;26.3;27.5;26.2;26.1;0.1;0.1;0.1;0.2;
2/2/2017 11:43:22 AM;322;26.3;27.5;26.2;26.1;0.1;0.1;0.1;0.2;
2/2/2017 11:43:23 AM;323;26.3;27.5;26.2;26.1;0.1;0.1;0.1;0.2;
2/2/2017 11:43:24 AM;324;26.3;27.5;26.3;26.1;0.1;0.1;0.1;0.2;
2/2/2017 11:43:25 AM;325;26.3;27.5;26.3;26.1;0.1;0.1;0.1;0.2;
2/2/2017 11:43:26 AM;326;26.3;27.5;26.2;26.1;0.1;0.1;0.1;0.2;
2/2/2017 11:43:27 AM;327;26.3;27.5;26.2;26.1;0.1;0.1;0.1;0.2;
2/2/2017 11:43:28 AM;328;26.3;27.5;26.2;26.1;0.1;0.1;0.1;0.2;
2/2/2017 11:43:29 AM;329;26.3;27.5;26.2;26.1;0.1;0.1;0.1;0.2;
2/2/2017 11:43:30 AM;330;26.3;27.5;26.2;26.1;0.1;0.1;0.1;0.2;
2/2/2017 11:43:31 AM;331;26.3;27.5;26.2;26.1;0.1;0.1;0.1;0.2;
2/2/2017 11:43:32 AM;332;26.3;27.5;26.2;26.1;0.1;0.1;0.1;0.2;
2/2/2017 11:43:33 AM;333;26.3;27.5;26.2;26.1;0.1;0.1;0.1;0.2;
2/2/2017 11:43:34 AM;334;26.3;27.5;26.3;26.1;0.1;0.1;0.1;0.2;
2/2/2017 11:43:35 AM;335;26.3;27.5;26.3;26.1;0.1;0.1;0.1;0.2;
2/2/2017 11:43:36 AM;336;26.3;27.5;26.3;26.1;0.1;0.1;0.1;0.2;
2/2/2017 11:43:37 AM;337;26.3;27.5;26.3;26.1;0.1;0.1;0.1;0.2;
2/2/2017 11:43:38 AM;338;26.3;27.5;26.2;26.1;0.1;0.1;0.1;0.2;
2/2/2017 11:43:39 AM;339;26.3;27.5;26.2;26.1;0.1;0.1;0.1;0.2;
2/2/2017 11:43:40 AM;340;26.3;27.5;26.2;26.1;0.1;0.1;0.1;0.2;
2/2/2017 11:43:41 AM;341;26.3;27.5;26.2;26.1;0.1;0.1;0.1;0.2;
2/2/2017 11:43:42 AM;342;26.3;27.5;26.2;26.1;0.1;0.1;0.1;0.2;
2/2/2017 11:43:43 AM;343;26.3;27.5;26.2;26.1;0.1;0.1;0.1;0.2;
2/2/2017 11:43:44 AM;344;26.3;27.5;26.2;26.1;0.1;0.1;0.1;0.2;
2/2/2017 11:43:45 AM;345;26.3;27.5;26.2;26.0;0.1;0.1;0.1;0.2;
2/2/2017 11:43:46 AM;346;26.3;27.5;26.2;26.0;0.1;0.1;0.1;0.2;
2/2/2017 11:43:47 AM;347;26.3;27.5;26.2;26.1;0.1;0.1;0.1;0.2;
2/2/2017 11:43:48 AM;348;26.3;27.5;26.3;26.1;0.1;0.1;0.1;0.2;
2/2/2017 11:43:49 AM;349;26.3;27.5;26.3;26.1;0.1;0.1;0.1;0.2;
2/2/2017 11:43:50 AM;350;26.3;27.5;26.3;26.1;0.1;0.1;0.1;0.2;
2/2/2017 11:43:51 AM;351;26.3;27.5;26.2;26.1;0.1;0.1;0.1;0.2;
2/2/2017 11:43:52 AM;352;26.3;27.5;26.2;26.1;0.1;0.1;0.1;0.2;
2/2/2017 11:43:53 AM;353;26.3;27.5;26.2;26.1;0.1;0.1;0.1;0.2;
2/2/2017 11:43:54 AM;354;26.3;27.5;26.3;26.1;0.1;0.1;0.1;0.2;
2/2/2017 11:43:55 AM;355;26.3;27.5;26.2;26.1;0.1;0.1;0.1;0.2;
2/2/2017 11:43:56 AM;356;26.3;27.5;26.2;26.1;0.1;0.1;0.1;0.2;
2/2/2017 11:43:57 AM;357;26.3;27.5;26.2;26.1;0.1;0.1;0.1;0.2;
2/2/2017 11:43:58 AM;358;26.3;27.5;26.2;26.1;0.1;0.1;0.1;0.2;
2/2/2017 11:43:59 AM;359;26.3;27.5;26.2;26.1;0.1;0.1;0.1;0.2;
2/2/2017 11:44:00 AM;360;26.3;27.5;26.2;26.1;0.1;0.1;0.1;0.2;
2/2/2017 11:44:01 AM;361;26.3;27.5;26.2;26.1;0.1;0.1;0.1;0.2;
2/2/2017 11:44:02 AM;362;26.3;27.5;26.2;26.1;0.1;0.1;0.1;0.2;
2/2/2017 11:44:03 AM;363;26.3;27.5;26.2;26.1;0.1;0.1;0.1;0.2;
2/2/2017 11:44:04 AM;364;26.3;27.5;26.2;26.1;0.1;0.1;0.1;0.2;
2/2/2017 11:44:05 AM;365;26.3;27.5;26.2;26.1;0.1;0.1;0.1;0.2;
2/2/2017 11:44:06 AM;366;26.3;27.5;26.2;26.1;0.1;0.1;0.1;0.2;
2/2/2017 11:44:07 AM;367;26.3;27.5;26.2;26.1;0.1;0.1;0.1;0.2;
2/2/2017 11:44:08 AM;368;26.3;27.5;26.2;26.1;0.1;0.1;0.1;0.2;
2/2/2017 11:44:09 AM;369;26.3;27.5;26.2;26.1;0.1;0.1;0.1;0.2;
2/2/2017 11:44:10 AM;370;26.3;27.5;26.2;26.1;0.1;0.1;0.1;0.2;
2/2/2017 11:44:11 AM;371;26.3;27.5;26.2;26.1;0.1;0.1;0.1;0.2;
2/2/2017 11:44:12 AM;372;26.3;27.5;26.2;26.1;0.1;0.1;0.1;0.2;
2/2/2017 11:44:13 AM;373;26.3;27.5;26.2;26.1;0.1;0.1;0.1;0.2;
2/2/2017 11:44:14 AM;374;26.3;27.5;26.2;26.1;0.1;0.1;0.1;0.2;
2/2/2017 11:44:15 AM;375;26.3;27.5;26.2;26.1;0.1;0.1;0.1;0.2;
2/2/2017 11:44:16 AM;376;26.3;27.5;26.3;26.1;0.1;0.1;0.1;0.2;
2/2/2017 11:44:17 AM;377;26.3;27.5;26.2;26.1;0.1;0.1;0.1;0.2;
2/2/2017 11:44:18 AM;378;26.3;27.5;26.2;26.1;0.1;0.1;0.1;0.2;
2/2/2017 11:44:19 AM;379;26.3;27.5;26.2;26.1;0.1;0.1;0.1;0.2;
2/2/2017 11:44:20 AM;380;26.3;27.5;26.2;26.1;0.1;0.1;0.1;0.2;
2/2/2017 11:44:21 AM;381;26.3;27.5;26.2;26.1;0.1;0.1;0.1;0.2;
2/2/2017 11:44:22 AM;382;26.3;27.5;26.2;26.1;0.1;0.1;0.1;0.2;
2/2/2017 11:44:23 AM;383;26.3;27.5;26.2;26.1;0.1;0.1;0.1;0.2;
2/2/2017 11:44:24 AM;384;26.3;27.5;26.2;26.1;0.1;0.1;0.1;0.2;
2/2/2017 11:44:25 AM;385;26.3;27.5;26.2;26.1;0.1;0.1;0.1;0.2;
2/2/2017 11:44:26 AM;386;26.3;27.5;26.2;26.1;0.1;0.1;0.1;0.2;
2/2/2017 11:44:27 AM;387;26.3;27.5;26.2;26.1;0.1;0.1;0.1;0.2;
2/2/2017 11:44:28 AM;388;26.3;27.5;26.2;26.1;0.1;0.1;0.1;0.2;
2/2/2017 11:44:29 AM;389;26.3;27.5;26.2;26.1;0.1;0.1;0.1;0.2;
2/2/2017 11:44:30 AM;390;26.3;27.5;26.2;26.1;0.1;0.1;0.1;0.2;
2/2/2017 11:44:31 AM;391;26.3;27.5;26.2;26.1;0.1;0.1;0.1;0.2;
2/2/2017 11:44:32 AM;392;26.3;27.5;26.2;26.1;0.1;0.1;0.1;0.2;
2/2/2017 11:44:33 AM;393;26.3;27.5;26.2;26.1;0.1;0.1;0.1;0.2;
2/2/2017 11:44:34 AM;394;26.3;27.5;26.3;26.1;0.1;0.1;0.1;0.2;
2/2/2017 11:44:35 AM;395;26.3;27.5;26.3;26.1;0.1;0.1;0.1;0.2;
2/2/2017 11:44:36 AM;396;26.3;27.5;26.3;26.1;0.1;0.1;0.1;0.2;
2/2/2017 11:44:37 AM;397;26.3;27.5;26.3;26.1;0.1;0.1;0.1;0.2;
2/2/2017 11:44:38 AM;398;26.3;27.5;26.3;26.1;0.1;0.1;0.1;0.2;
2/2/2017 11:44:39 AM;399;26.3;27.5;26.2;26.1;0.1;0.1;0.1;0.2;
2/2/2017 11:44:40 AM;400;26.3;27.5;26.2;26.1;0.1;0.1;0.1;0.2;
2/2/2017 11:44:41 AM;401;26.3;27.5;26.2;26.0;0.1;0.1;0.1;0.2;
2/2/2017 11:44:42 AM;402;26.3;27.5;26.2;26.0;0.1;0.1;0.1;0.2;
2/2/2017 11:44:43 AM;403;26.3;27.5;26.2;26.0;0.1;0.1;0.1;0.2;
2/2/2017 11:44:44 AM;404;26.3;27.5;26.2;26.1;0.1;0.1;0.1;0.2;
2/2/2017 11:44:45 AM;405;26.3;27.5;26.2;26.1;0.1;0.1;0.1;0.2;
2/2/2017 11:44:46 AM;406;26.3;27.5;26.2;26.1;0.1;0.1;0.1;0.2;
2/2/2017 11:44:47 AM;407;26.3;27.5;26.3;26.1;0.1;0.1;0.1;0.2;
2/2/2017 11:44:48 AM;408;26.3;27.5;26.3;26.1;0.1;0.1;0.1;0.2;
2/2/2017 11:44:49 AM;409;26.3;27.5;26.3;26.1;0.1;0.1;0.1;0.2;
2/2/2017 11:44:50 AM;410;26.3;27.5;26.3;26.1;0.1;0.1;0.1;0.2;
2/2/2017 11:44:51 AM;411;26.3;27.5;26.3;26.1;0.1;0.1;0.1;0.2;
2/2/2017 11:44:52 AM;412;26.3;27.5;26.3;26.0;0.1;0.1;0.1;0.2;
2/2/2017 11:44:53 AM;413;26.3;27.5;26.2;26.1;0.1;0.1;0.1;0.2;
2/2/2017 11:44:54 AM;414;26.3;27.5;26.2;26.1;0.1;0.1;0.1;0.2;
2/2/2017 11:44:55 AM;415;26.3;27.5;26.2;26.1;0.1;0.1;0.1;0.2;
2/2/2017 11:44:56 AM;416;26.3;27.5;26.3;26.1;0.1;0.1;0.1;0.2;
2/2/2017 11:44:57 AM;417;26.3;27.5;26.2;26.1;0.1;0.1;0.1;0.2;
2/2/2017 11:44:58 AM;418;26.3;27.5;26.2;26.1;0.1;0.1;0.1;0.2;
2/2/2017 11:44:59 AM;419;26.3;27.5;26.2;26.1;0.1;0.1;0.1;0.2;
2/2/2017 11:45:00 AM;420;26.3;27.5;26.2;26.1;0.1;0.1;0.1;0.2;
2/2/2017 11:45:01 AM;421;26.3;27.5;26.2;26.1;0.1;0.1;0.1;0.2;
2/2/2017 11:45:02 AM;422;26.3;27.5;26.2;26.1;0.1;0.1;0.1;0.2;
2/2/2017 11:45:03 AM;423;26.3;27.5;26.2;26.1;0.1;0.1;0.1;0.2;
2/2/2017 11:45:04 AM;424;26.3;27.5;26.3;26.1;0.1;0.1;0.1;0.2;
2/2/2017 11:45:05 AM;425;26.3;27.5;26.3;26.1;0.1;0.1;0.1;0.2;
2/2/2017 11:45:06 AM;426;26.3;27.5;26.3;26.1;0.1;0.1;0.1;0.2;
2/2/2017 11:45:07 AM;427;26.3;27.5;26.3;26.1;0.1;0.1;0.1;0.2;
2/2/2017 11:45:08 AM;428;26.3;27.5;26.3;26.1;0.1;0.1;0.1;0.2;
2/2/2017 11:45:09 AM;429;26.3;27.5;26.2;26.1;0.1;0.1;0.1;0.2;
2/2/2017 11:45:10 AM;430;26.3;27.5;26.2;26.1;0.1;0.1;0.1;0.2;
2/2/2017 11:45:11 AM;431;26.3;27.5;26.2;26.1;0.1;0.1;0.1;0.2;
2/2/2017 11:45:12 AM;432;26.3;27.5;26.3;26.1;0.1;0.1;0.1;0.2;
2/2/2017 11:45:13 AM;433;26.3;27.5;26.2;26.1;0.1;0.1;0.1;0.2;
2/2/2017 11:45:14 AM;434;26.3;27.5;26.2;26.1;0.1;0.1;0.1;0.2;
2/2/2017 11:45:15 AM;435;26.3;27.5;26.2;26.1;0.1;0.1;0.1;0.2;
2/2/2017 11:45:16 AM;436;26.3;27.5;26.2;26.1;0.1;0.1;0.1;0.2;
2/2/2017 11:45:17 AM;437;26.3;27.5;26.2;26.1;0.1;0.1;0.1;0.2;
2/2/2017 11:45:18 AM;438;26.3;27.5;26.2;26.1;0.1;0.1;0.1;0.2;
2/2/2017 11:45:19 AM;439;26.3;27.5;26.2;26.1;0.1;0.1;0.1;0.2;
2/2/2017 11:45:20 AM;440;26.3;27.5;26.2;26.1;0.1;0.1;0.1;0.2;
2/2/2017 11:45:21 AM;441;26.3;27.5;26.3;26.1;0.1;0.1;0.1;0.2;
2/2/2017 11:45:22 AM;442;26.3;27.5;26.3;26.1;0.1;0.1;0.1;0.2;
2/2/2017 11:45:23 AM;443;26.3;27.5;26.3;26.1;0.1;0.1;0.1;0.2;
2/2/2017 11:45:24 AM;444;26.3;27.5;26.2;26.1;0.1;0.1;0.1;0.2;
2/2/2017 11:45:25 AM;445;26.3;27.5;26.2;26.1;0.1;0.1;0.1;0.2;
2/2/2017 11:45:26 AM;446;26.3;27.5;26.2;26.1;0.1;0.1;0.1;0.2;
2/2/2017 11:45:27 AM;447;26.3;27.5;26.3;26.1;0.1;0.1;0.1;0.2;
2/2/2017 11:45:28 AM;448;26.3;27.5;26.3;26.1;0.1;0.1;0.1;0.2;
2/2/2017 11:45:29 AM;449;26.3;27.5;26.3;26.1;0.1;0.1;0.1;0.2;
2/2/2017 11:45:30 AM;450;26.3;27.5;26.3;26.1;0.1;0.1;0.1;0.2;
2/2/2017 11:45:31 AM;451;26.3;27.5;26.2;26.1;0.1;0.1;0.1;0.2;
2/2/2017 11:45:32 AM;452;26.3;27.5;26.2;26.1;0.1;0.1;0.1;0.2;
2/2/2017 11:45:33 AM;453;26.3;27.5;26.2;26.1;0.1;0.1;0.1;0.2;
2/2/2017 11:45:34 AM;454;26.3;27.5;26.2;26.1;0.1;0.1;0.1;0.2;
2/2/2017 11:45:35 AM;455;26.3;27.5;26.2;26.1;0.1;0.1;0.1;0.2;
2/2/2017 11:45:36 AM;456;26.3;27.5;26.2;26.1;0.1;0.1;0.1;0.2;
2/2/2017 11:45:37 AM;457;26.3;27.5;26.2;26.1;0.1;0.1;0.1;0.2;
2/2/2017 11:45:38 AM;458;26.3;27.5;26.2;26.1;0.1;0.1;0.1;0.2;
2/2/2017 11:45:39 AM;459;26.3;27.5;26.2;26.1;0.1;0.1;0.1;0.2;
2/2/2017 11:45:40 AM;460;26.3;27.5;26.2;26.1;0.1;0.1;0.1;0.2;
2/2/2017 11:45:41 AM;461;26.3;27.5;26.2;26.1;0.1;0.1;0.1;0.2;
2/2/2017 11:45:42 AM;462;26.3;27.5;26.2;26.1;0.1;0.1;0.1;0.2;
2/2/2017 11:45:43 AM;463;26.3;27.5;26.2;26.1;0.1;0.1;0.1;0.2;
2/2/2017 11:45:44 AM;464;26.3;27.5;26.2;26.1;0.1;0.1;0.1;0.2;
2/2/2017 11:45:45 AM;465;26.3;27.5;26.2;26.1;0.1;0.1;0.1;0.2;
2/2/2017 11:45:46 AM;466;26.3;27.5;26.2;26.1;0.1;0.1;0.1;0.2;
2/2/2017 11:45:47 AM;467;26.3;27.5;26.2;26.1;0.1;0.1;0.1;0.2;
2/2/2017 11:45:48 AM;468;26.3;27.5;26.2;26.1;0.1;0.1;0.1;0.2;
2/2/2017 11:45:49 AM;469;26.3;27.5;26.2;26.1;0.1;0.1;0.1;0.2;
2/2/2017 11:45:50 AM;470;26.3;27.5;26.2;26.1;0.1;0.1;0.1;0.2;
2/2/2017 11:45:51 AM;471;26.3;27.5;26.2;26.1;0.1;0.1;0.1;0.2;
2/2/2017 11:45:52 AM;472;26.3;27.5;26.2;26.1;0.1;0.1;0.1;0.2;
2/2/2017 11:45:53 AM;473;26.3;27.5;26.2;26.1;0.1;0.1;0.1;0.2;
2/2/2017 11:45:54 AM;474;26.3;27.5;26.2;26.1;0.1;0.1;0.1;0.2;
2/2/2017 11:45:55 AM;475;26.3;27.5;26.2;26.1;0.1;0.1;0.1;0.2;
2/2/2017 11:45:56 AM;476;26.3;27.5;26.2;26.1;0.1;0.1;0.1;0.2;
2/2/2017 11:45:57 AM;477;26.3;27.5;26.2;26.1;0.1;0.1;0.1;0.2;
2/2/2017 11:45:58 AM;478;26.3;27.5;26.2;26.1;0.1;0.1;0.1;0.2;
2/2/2017 11:45:59 AM;479;26.3;27.5;26.2;26.1;0.1;0.1;0.1;0.2;
2/2/2017 11:46:00 AM;480;26.3;27.5;26.2;26.0;0.1;0.1;0.1;0.2;
2/2/2017 11:46:01 AM;481;26.3;27.5;26.2;26.0;0.1;0.1;0.1;0.2;
2/2/2017 11:46:02 AM;482;26.3;27.5;26.2;26.0;0.1;0.1;0.1;0.2;
2/2/2017 11:46:03 AM;483;26.3;27.5;26.3;26.0;0.1;0.1;0.1;0.2;
2/2/2017 11:46:04 AM;484;26.3;27.5;26.2;26.0;0.1;0.1;0.1;0.2;
2/2/2017 11:46:05 AM;485;26.3;27.5;26.2;26.1;0.1;0.1;0.1;0.2;
2/2/2017 11:46:06 AM;486;26.3;27.5;26.2;26.1;0.1;0.1;0.1;0.2;
2/2/2017 11:46:07 AM;487;26.3;27.5;26.2;26.1;0.1;0.1;0.1;0.2;
2/2/2017 11:46:08 AM;488;26.3;27.5;26.2;26.1;0.1;0.1;0.1;0.2;
2/2/2017 11:46:09 AM;489;26.3;27.5;26.2;26.1;0.1;0.1;0.1;0.2;
2/2/2017 11:46:10 AM;490;26.3;27.5;26.2;26.1;0.1;0.1;0.1;0.2;
2/2/2017 11:46:11 AM;491;26.3;27.5;26.2;26.1;0.1;0.1;0.1;0.2;
2/2/2017 11:46:12 AM;492;26.3;27.5;26.2;26.1;0.1;0.1;0.1;0.2;
2/2/2017 11:46:13 AM;493;26.3;27.5;26.2;26.1;0.1;0.1;0.1;0.2;
2/2/2017 11:46:14 AM;494;26.3;27.5;26.2;26.1;0.1;0.1;0.1;0.2;
2/2/2017 11:46:15 AM;495;26.3;27.5;26.2;26.1;0.1;0.1;0.1;0.2;
2/2/2017 11:46:16 AM;496;26.3;27.5;26.2;26.1;0.1;0.1;0.1;0.2;
2/2/2017 11:46:17 AM;497;26.3;27.5;26.2;26.1;0.1;0.1;0.1;0.2;
2/2/2017 11:46:18 AM;498;26.3;27.5;26.2;26.1;0.1;0.1;0.1;0.2;
2/2/2017 11:46:19 AM;499;26.3;27.5;26.2;26.1;0.1;0.1;0.1;0.2;
2/2/2017 11:46:20 AM;500;26.3;27.5;26.2;26.1;0.1;0.1;0.1;0.2;
2/2/2017 11:46:21 AM;501;26.3;27.5;26.2;26.1;0.1;0.1;0.1;0.2;
2/2/2017 11:46:22 AM;502;26.3;27.5;26.2;26.1;0.1;0.1;0.1;0.2;
2/2/2017 11:46:23 AM;503;26.3;27.5;26.2;26.1;0.1;0.1;0.1;0.2;
2/2/2017 11:46:24 AM;504;26.3;27.5;26.2;26.1;0.1;0.1;0.1;0.2;
2/2/2017 11:46:25 AM;505;26.3;27.5;26.2;26.1;0.1;0.1;0.1;0.2;
2/2/2017 11:46:26 AM;506;26.3;27.5;26.2;26.1;0.1;0.1;0.1;0.2;
2/2/2017 11:46:27 AM;507;26.3;27.5;26.2;26.1;0.1;0.1;0.1;0.2;
2/2/2017 11:46:28 AM;508;26.3;27.5;26.3;26.1;0.1;0.1;0.1;0.2;
2/2/2017 11:46:29 AM;509;26.3;27.5;26.3;26.0;0.1;0.1;0.1;0.2;
2/2/2017 11:46:30 AM;510;26.3;27.5;26.2;26.0;0.1;0.1;0.1;0.2;
2/2/2017 11:46:31 AM;511;26.3;27.5;26.2;26.0;0.1;0.1;0.1;0.2;
2/2/2017 11:46:32 AM;512;26.3;27.5;26.2;26.0;0.1;0.1;0.1;0.2;
2/2/2017 11:46:33 AM;513;26.3;27.5;26.2;26.1;0.1;0.1;0.1;0.2;
2/2/2017 11:46:34 AM;514;26.3;27.5;26.2;26.1;0.1;0.1;0.1;0.2;
2/2/2017 11:46:35 AM;515;26.3;27.5;26.2;26.1;0.1;0.1;0.1;0.2;
2/2/2017 11:46:36 AM;516;26.3;27.5;26.2;26.1;0.1;0.1;0.1;0.2;
2/2/2017 11:46:37 AM;517;26.3;27.5;26.2;26.1;0.1;0.1;0.1;0.2;
2/2/2017 11:46:38 AM;518;26.3;27.5;26.2;26.0;0.1;0.1;0.1;0.2;
2/2/2017 11:46:39 AM;519;26.3;27.5;26.2;26.0;0.1;0.1;0.1;0.2;
2/2/2017 11:46:40 AM;520;26.3;27.5;26.2;26.0;0.1;0.1;0.1;0.2;
2/2/2017 11:46:41 AM;521;26.3;27.5;26.2;26.0;0.1;0.1;0.1;0.2;
2/2/2017 11:46:42 AM;522;26.3;27.5;26.2;26.1;0.1;0.1;0.1;0.2;
2/2/2017 11:46:43 AM;523;26.3;27.5;26.2;26.1;0.1;0.1;0.1;0.2;
2/2/2017 11:46:44 AM;524;26.3;27.5;26.2;26.1;0.1;0.1;0.1;0.2;
2/2/2017 11:46:45 AM;525;26.3;27.5;26.2;26.1;0.1;0.1;0.1;0.2;
2/2/2017 11:46:46 AM;526;26.3;27.5;26.2;26.1;0.1;0.1;0.1;0.2;
2/2/2017 11:46:47 AM;527;26.3;27.5;26.3;26.0;0.1;0.1;0.1;0.2;
2/2/2017 11:46:48 AM;528;26.3;27.5;26.3;26.0;0.1;0.1;0.1;0.2;
2/2/2017 11:46:49 AM;529;26.3;27.5;26.3;26.0;0.1;0.1;0.1;0.2;
2/2/2017 11:46:50 AM;530;26.3;27.5;26.3;26.0;0.1;0.1;0.1;0.2;
2/2/2017 11:46:51 AM;531;26.3;27.5;26.3;26.0;0.1;0.1;0.1;0.2;
2/2/2017 11:46:52 AM;532;26.3;27.5;26.2;26.1;0.1;0.1;0.1;0.2;
2/2/2017 11:46:53 AM;533;26.3;27.5;26.2;26.1;0.1;0.1;0.1;0.2;
2/2/2017 11:46:54 AM;534;26.3;27.5;26.2;26.1;0.1;0.1;0.1;0.2;
2/2/2017 11:46:55 AM;535;26.3;27.5;26.2;26.1;0.1;0.1;0.1;0.2;
2/2/2017 11:46:56 AM;536;26.3;27.5;26.2;26.0;0.1;0.1;0.1;0.2;
2/2/2017 11:46:57 AM;537;26.3;27.5;26.2;26.0;0.1;0.1;0.1;0.2;
2/2/2017 11:46:58 AM;538;26.3;27.5;26.2;26.0;0.1;0.1;0.1;0.2;
2/2/2017 11:46:59 AM;539;26.3;27.5;26.2;26.1;0.1;0.1;0.1;0.2;
2/2/2017 11:47:00 AM;540;26.3;27.5;26.2;26.1;0.1;0.1;0.1;0.2;
2/2/2017 11:47:01 AM;541;26.3;27.5;26.2;26.1;0.1;0.1;0.1;0.2;
2/2/2017 11:47:02 AM;542;26.3;27.5;26.2;26.1;0.1;0.1;0.1;0.2;
2/2/2017 11:47:03 AM;543;26.3;27.5;26.3;26.1;0.1;0.1;0.1;0.2;
2/2/2017 11:47:04 AM;544;26.3;27.5;26.2;26.1;0.1;0.1;0.1;0.2;
2/2/2017 11:47:05 AM;545;26.3;27.5;26.3;26.1;0.1;0.1;0.1;0.2;
2/2/2017 11:47:06 AM;546;26.3;27.5;26.3;26.1;0.1;0.1;0.1;0.2;
2/2/2017 11:47:07 AM;547;26.3;27.5;26.2;26.1;0.1;0.1;0.1;0.2;
2/2/2017 11:47:08 AM;548;26.3;27.5;26.2;26.1;0.1;0.1;0.1;0.2;
2/2/2017 11:47:09 AM;549;26.3;27.5;26.2;26.1;0.1;0.1;0.1;0.2;
2/2/2017 11:47:10 AM;550;26.3;27.5;26.2;26.1;0.1;0.1;0.1;0.2;
2/2/2017 11:47:11 AM;551;26.3;27.5;26.2;26.1;0.1;0.1;0.1;0.2;
2/2/2017 11:47:12 AM;552;26.3;27.5;26.2;26.1;0.1;0.1;0.1;0.2;
2/2/2017 11:47:13 AM;553;26.3;27.5;26.2;26.0;0.1;0.1;0.1;0.2;
2/2/2017 11:47:14 AM;554;26.3;27.5;26.2;26.0;0.1;0.1;0.1;0.2;
2/2/2017 11:47:15 AM;555;26.3;27.5;26.2;26.0;0.1;0.1;0.1;0.2;
2/2/2017 11:47:16 AM;556;26.3;27.5;26.2;26.0;0.1;0.1;0.1;0.2;
2/2/2017 11:47:17 AM;557;26.3;27.5;26.2;26.0;0.1;0.1;0.1;0.2;
2/2/2017 11:47:18 AM;558;26.3;27.5;26.2;26.1;0.1;0.1;0.1;0.2;
2/2/2017 11:47:19 AM;559;26.3;27.5;26.2;26.1;0.1;0.1;0.1;0.2;
2/2/2017 11:47:20 AM;560;26.3;27.5;26.2;26.1;0.1;0.1;0.1;0.2;
2/2/2017 11:47:21 AM;561;26.3;27.5;26.2;26.1;0.1;0.1;0.1;0.2;
2/2/2017 11:47:22 AM;562;26.3;27.5;26.2;26.1;0.1;0.1;0.1;0.2;
2/2/2017 11:47:23 AM;563;26.3;27.5;26.2;26.1;0.1;0.1;0.1;0.2;
2/2/2017 11:47:24 AM;564;26.3;27.5;26.2;26.1;0.1;0.1;0.1;0.2;
2/2/2017 11:47:25 AM;565;26.3;27.5;26.2;26.1;0.1;0.1;0.1;0.2;
2/2/2017 11:47:26 AM;566;26.3;27.5;26.2;26.1;0.1;0.1;0.1;0.2;
2/2/2017 11:47:27 AM;567;26.3;27.5;26.2;26.1;0.1;0.1;0.1;0.2;
2/2/2017 11:47:28 AM;568;26.3;27.5;26.2;26.1;0.1;0.1;0.1;0.2;
2/2/2017 11:47:29 AM;569;26.3;27.5;26.2;26.0;0.1;0.1;0.1;0.2;
2/2/2017 11:47:30 AM;570;26.3;27.5;26.2;26.0;0.1;0.1;0.1;0.2;
2/2/2017 11:47:31 AM;571;26.3;27.5;26.2;26.0;0.1;0.1;0.1;0.2;
2/2/2017 11:47:32 AM;572;26.3;27.5;26.2;26.0;0.1;0.1;0.1;0.2;
2/2/2017 11:47:33 AM;573;26.3;27.5;26.2;26.1;0.1;0.1;0.1;0.2;
2/2/2017 11:47:34 AM;574;26.3;27.5;26.2;26.1;0.1;0.1;0.1;0.2;
2/2/2017 11:47:35 AM;575;26.3;27.5;26.2;26.1;0.1;0.1;0.1;0.2;
2/2/2017 11:47:36 AM;576;26.3;27.5;26.2;26.1;0.1;0.1;0.1;0.2;
2/2/2017 11:47:37 AM;577;26.3;27.5;26.2;26.1;0.1;0.1;0.1;0.2;
2/2/2017 11:47:38 AM;578;26.3;27.5;26.2;26.0;0.1;0.1;0.1;0.2;
2/2/2017 11:47:39 AM;579;26.3;27.5;26.2;26.1;0.1;0.1;0.1;0.2;
2/2/2017 11:47:40 AM;580;26.3;27.5;26.2;26.1;0.1;0.1;0.1;0.2;
2/2/2017 11:47:41 AM;581;26.3;27.5;26.2;26.1;0.1;0.1;0.1;0.2;
2/2/2017 11:47:42 AM;582;26.3;27.5;26.2;26.1;0.1;0.1;0.1;0.2;
2/2/2017 11:47:43 AM;583;26.3;27.5;26.2;26.1;0.1;0.1;0.1;0.2;
2/2/2017 11:47:44 AM;584;26.3;27.5;26.2;26.1;0.1;0.1;0.1;0.2;
2/2/2017 11:47:45 AM;585;26.3;27.5;26.2;26.1;0.1;0.1;0.1;0.2;
2/2/2017 11:47:46 AM;586;26.3;27.5;26.2;26.1;0.1;0.1;0.1;0.2;
2/2/2017 11:47:47 AM;587;26.3;27.5;26.2;26.1;0.1;0.1;0.1;0.2;
2/2/2017 11:47:48 AM;588;26.3;27.5;26.2;26.0;0.1;0.1;0.1;0.2;
2/2/2017 11:47:49 AM;589;26.3;27.5;26.2;26.0;0.1;0.1;0.1;0.2;
2/2/2017 11:47:50 AM;590;26.3;27.5;26.2;26.0;0.1;0.1;0.1;0.2;
2/2/2017 11:47:51 AM;591;26.3;27.5;26.2;26.0;0.1;0.1;0.1;0.2;
2/2/2017 11:47:52 AM;592;26.3;27.5;26.2;26.0;0.1;0.1;0.1;0.2;
2/2/2017 11:47:53 AM;593;26.3;27.5;26.2;26.1;0.1;0.1;0.1;0.2;
2/2/2017 11:47:54 AM;594;26.3;27.5;26.2;26.1;0.1;0.1;0.1;0.2;
2/2/2017 11:47:55 AM;595;26.3;27.5;26.2;26.1;0.1;0.1;0.1;0.2;
2/2/2017 11:47:56 AM;596;26.3;27.5;26.2;26.1;0.1;0.1;0.1;0.2;
2/2/2017 11:47:57 AM;597;26.3;27.5;26.2;26.1;0.1;0.1;0.1;0.2;
2/2/2017 11:47:58 AM;598;26.3;27.5;26.2;26.1;0.1;0.1;0.1;0.2;
2/2/2017 11:47:59 AM;599;26.3;27.5;26.2;26.1;0.1;0.1;0.1;0.2;
2/2/2017 11:48:00 AM;600;26.3;27.5;26.2;26.1;0.1;0.1;0.1;0.2;
2/2/2017 11:48:01 AM;601;26.3;27.5;26.2;26.1;0.1;0.1;0.1;0.2;
2/2/2017 11:48:02 AM;602;26.3;27.5;26.2;26.0;0.1;0.1;0.1;0.2;
2/2/2017 11:48:03 AM;603;26.3;27.5;26.2;26.0;0.1;0.1;0.1;0.2;
2/2/2017 11:48:04 AM;604;26.3;27.5;26.2;26.0;0.1;0.1;0.1;0.2;
2/2/2017 11:48:05 AM;605;26.3;27.5;26.2;26.0;0.1;0.1;0.1;0.2;
2/2/2017 11:48:06 AM;606;26.3;27.5;26.2;26.0;0.1;0.1;0.1;0.2;
2/2/2017 11:48:07 AM;607;26.3;27.5;26.2;26.0;0.1;0.1;0.1;0.2;
2/2/2017 11:48:08 AM;608;26.3;27.5;26.2;26.0;0.1;0.1;0.1;0.2;
2/2/2017 11:48:09 AM;609;26.3;27.5;26.2;26.1;0.1;0.1;0.1;0.2;
2/2/2017 11:48:10 AM;610;26.3;27.5;26.2;26.1;0.1;0.1;0.1;0.2;
2/2/2017 11:48:11 AM;611;26.3;27.5;26.2;26.1;0.1;0.1;0.1;0.2;
2/2/2017 11:48:12 AM;612;26.3;27.5;26.2;26.0;0.1;0.1;0.1;0.2;
2/2/2017 11:48:13 AM;613;26.3;27.5;26.2;26.0;0.1;0.1;0.1;0.2;
2/2/2017 11:48:14 AM;614;26.3;27.5;26.2;26.0;0.1;0.1;0.1;0.2;
2/2/2017 11:48:15 AM;615;26.3;27.5;26.2;26.0;0.1;0.1;0.1;0.2;
2/2/2017 11:48:16 AM;616;26.3;27.5;26.2;26.0;0.1;0.1;0.1;0.2;
2/2/2017 11:48:17 AM;617;26.3;27.5;26.2;26.0;0.1;0.1;0.1;0.2;
2/2/2017 11:48:18 AM;618;26.3;27.5;26.2;26.0;0.1;0.1;0.1;0.2;
2/2/2017 11:48:19 AM;619;26.3;27.5;26.2;26.0;0.1;0.1;0.1;0.2;
2/2/2017 11:48:20 AM;620;26.3;27.5;26.2;26.0;0.1;0.1;0.1;0.2;
2/2/2017 11:48:21 AM;621;26.3;27.5;26.2;26.0;0.1;0.1;0.1;0.2;
2/2/2017 11:48:22 AM;622;26.3;27.5;26.2;26.0;0.1;0.1;0.1;0.2;
2/2/2017 11:48:23 AM;623;26.3;27.5;26.2;26.0;0.1;0.1;0.1;0.2;
2/2/2017 11:48:24 AM;624;26.3;27.5;26.2;26.0;0.1;0.1;0.1;0.2;
2/2/2017 11:48:25 AM;625;26.3;27.5;26.2;26.0;0.1;0.1;0.1;0.2;
2/2/2017 11:48:26 AM;626;26.3;27.5;26.2;26.0;0.1;0.1;0.1;0.2;
2/2/2017 11:48:27 AM;627;26.3;27.5;26.2;26.1;0.1;0.1;0.1;0.2;
2/2/2017 11:48:28 AM;628;26.3;27.5;26.2;26.1;0.1;0.1;0.1;0.2;
2/2/2017 11:48:29 AM;629;26.3;27.5;26.2;26.1;0.1;0.1;0.1;0.2;
2/2/2017 11:48:30 AM;630;26.3;27.5;26.2;26.1;0.1;0.1;0.1;0.2;
2/2/2017 11:48:31 AM;631;26.3;27.5;26.2;26.1;0.1;0.1;0.1;0.2;
2/2/2017 11:48:32 AM;632;26.3;27.5;26.2;26.1;0.1;0.1;0.1;0.2;
2/2/2017 11:48:33 AM;633;26.3;27.5;26.2;26.1;0.1;0.1;0.1;0.2;
2/2/2017 11:48:34 AM;634;26.3;27.5;26.2;26.1;0.1;0.1;0.1;0.2;
2/2/2017 11:48:35 AM;635;26.3;27.5;26.2;26.1;0.1;0.1;0.1;0.2;
2/2/2017 11:48:36 AM;636;26.3;27.5;26.2;26.1;0.1;0.1;0.1;0.2;
2/2/2017 11:48:37 AM;637;26.3;27.5;26.2;26.1;0.1;0.1;0.1;0.2;
2/2/2017 11:48:38 AM;638;26.3;27.5;26.2;26.1;0.1;0.1;0.1;0.2;
2/2/2017 11:48:39 AM;639;26.3;27.5;26.2;26.1;0.1;0.1;0.1;0.2;
2/2/2017 11:48:40 AM;640;26.3;27.5;26.2;26.1;0.1;0.1;0.1;0.2;
2/2/2017 11:48:41 AM;641;26.3;27.5;26.2;26.1;0.1;0.1;0.1;0.2;
2/2/2017 11:48:42 AM;642;26.3;27.5;26.2;26.1;0.1;0.1;0.1;0.2;
2/2/2017 11:48:43 AM;643;26.3;27.5;26.2;26.1;0.1;0.1;0.1;0.2;
2/2/2017 11:48:44 AM;644;26.3;27.5;26.2;26.1;0.1;0.1;0.1;0.2;
2/2/2017 11:48:45 AM;645;26.3;27.5;26.2;26.1;0.1;0.1;0.1;0.2;
2/2/2017 11:48:46 AM;646;26.3;27.5;26.2;26.1;0.1;0.1;0.1;0.2;
2/2/2017 11:48:47 AM;647;26.3;27.5;26.2;26.1;0.1;0.1;0.1;0.2;
2/2/2017 11:48:48 AM;648;26.3;27.5;26.2;26.0;0.1;0.1;0.1;0.2;
2/2/2017 11:48:49 AM;649;26.3;27.5;26.2;26.0;0.1;0.1;0.1;0.2;
2/2/2017 11:48:50 AM;650;26.3;27.5;26.2;26.0;0.1;0.1;0.1;0.2;
2/2/2017 11:48:51 AM;651;26.3;27.5;26.2;26.0;0.1;0.1;0.1;0.2;
2/2/2017 11:48:52 AM;652;26.3;27.5;26.2;26.0;0.1;0.1;0.1;0.2;
2/2/2017 11:48:53 AM;653;26.3;27.5;26.2;26.1;0.1;0.1;0.1;0.2;
2/2/2017 11:48:54 AM;654;26.3;27.5;26.2;26.1;0.1;0.1;0.1;0.2;
2/2/2017 11:48:55 AM;655;26.3;27.5;26.2;26.0;0.1;0.1;0.1;0.2;
2/2/2017 11:48:56 AM;656;26.3;27.5;26.2;26.0;0.1;0.1;0.1;0.2;
2/2/2017 11:48:57 AM;657;26.3;27.5;26.2;26.0;0.1;0.1;0.1;0.2;
2/2/2017 11:48:58 AM;658;26.3;27.5;26.2;26.0;0.1;0.1;0.1;0.2;
2/2/2017 11:48:59 AM;659;26.3;27.5;26.2;26.0;0.1;0.1;0.1;0.2;
2/2/2017 11:49:00 AM;660;26.3;27.5;26.2;26.0;0.1;0.1;0.1;0.2;
2/2/2017 11:49:01 AM;661;26.3;27.5;26.2;26.0;0.1;0.1;0.1;0.2;
2/2/2017 11:49:02 AM;662;26.3;27.5;26.2;26.0;0.1;0.1;0.1;0.2;
2/2/2017 11:49:03 AM;663;26.3;27.5;26.2;26.1;0.1;0.1;0.1;0.2;
2/2/2017 11:49:04 AM;664;26.3;27.5;26.2;26.1;0.1;0.1;0.1;0.2;
2/2/2017 11:49:05 AM;665;26.3;27.5;26.2;26.1;0.1;0.1;0.1;0.2;
2/2/2017 11:49:06 AM;666;26.3;27.5;26.2;26.1;0.1;0.1;0.1;0.2;
2/2/2017 11:49:07 AM;667;26.3;27.5;26.2;26.0;0.1;0.1;0.1;0.2;
2/2/2017 11:49:08 AM;668;26.3;27.5;26.2;26.0;0.1;0.1;0.1;0.2;
2/2/2017 11:49:09 AM;669;26.3;27.5;26.2;26.0;0.1;0.1;0.1;0.2;
2/2/2017 11:49:10 AM;670;26.3;27.5;26.2;26.0;0.1;0.1;0.1;0.2;
2/2/2017 11:49:11 AM;671;26.3;27.5;26.2;26.0;0.1;0.1;0.1;0.2;
2/2/2017 11:49:12 AM;672;26.3;27.5;26.2;26.1;0.1;0.1;0.1;0.2;
2/2/2017 11:49:13 AM;673;26.3;27.5;26.2;26.0;0.1;0.1;0.1;0.2;
2/2/2017 11:49:14 AM;674;26.3;27.5;26.2;26.0;0.1;0.1;0.1;0.2;
2/2/2017 11:49:15 AM;675;26.3;27.5;26.2;26.0;0.1;0.1;0.1;0.2;
2/2/2017 11:49:16 AM;676;26.3;27.5;26.2;26.0;0.1;0.1;0.1;0.2;
2/2/2017 11:49:17 AM;677;26.3;27.5;26.2;26.0;0.1;0.1;0.1;0.2;
2/2/2017 11:49:18 AM;678;26.3;27.5;26.2;26.1;0.1;0.1;0.1;0.2;
2/2/2017 11:49:19 AM;679;26.3;27.5;26.2;26.0;0.1;0.1;0.1;0.2;
2/2/2017 11:49:20 AM;680;26.3;27.5;26.2;26.0;0.1;0.1;0.1;0.2;
2/2/2017 11:49:21 AM;681;26.3;27.5;26.2;26.0;0.1;0.1;0.1;0.2;
2/2/2017 11:49:22 AM;682;26.3;27.5;26.2;26.0;0.1;0.1;0.1;0.2;
2/2/2017 11:49:23 AM;683;26.3;27.5;26.2;26.0;0.1;0.1;0.1;0.2;
2/2/2017 11:49:24 AM;684;26.3;27.5;26.2;26.0;0.1;0.1;0.1;0.2;
2/2/2017 11:49:25 AM;685;26.3;27.5;26.2;26.0;0.1;0.1;0.1;0.2;
2/2/2017 11:49:26 AM;686;26.3;27.5;26.2;26.0;0.1;0.1;0.1;0.2;
2/2/2017 11:49:27 AM;687;26.3;27.5;26.2;26.0;0.1;0.1;0.1;0.2;
2/2/2017 11:49:28 AM;688;26.3;27.5;26.2;26.0;0.1;0.1;0.1;0.2;
2/2/2017 11:49:29 AM;689;26.3;27.5;26.2;26.0;0.1;0.1;0.1;0.2;
2/2/2017 11:49:30 AM;690;26.3;27.5;26.2;26.0;0.1;0.1;0.1;0.2;
2/2/2017 11:49:31 AM;691;26.3;27.5;26.2;26.0;0.1;0.1;0.1;0.2;
2/2/2017 11:49:32 AM;692;26.3;27.5;26.2;26.0;0.1;0.1;0.1;0.2;
2/2/2017 11:49:33 AM;693;26.3;27.5;26.2;26.0;0.1;0.1;0.1;0.2;
2/2/2017 11:49:34 AM;694;26.3;27.5;26.2;26.0;0.1;0.1;0.1;0.2;
2/2/2017 11:49:35 AM;695;26.3;27.5;26.2;26.0;0.1;0.1;0.1;0.2;
2/2/2017 11:49:36 AM;696;26.3;27.5;26.2;26.0;0.1;0.1;0.1;0.2;
2/2/2017 11:49:37 AM;697;26.3;27.5;26.2;26.0;0.1;0.1;0.1;0.2;
2/2/2017 11:49:38 AM;698;26.3;27.5;26.2;26.0;0.1;0.1;0.1;0.2;
2/2/2017 11:49:39 AM;699;26.3;27.5;26.2;26.0;0.1;0.1;0.1;0.2;
2/2/2017 11:49:40 AM;700;26.3;27.5;26.2;26.1;0.1;0.1;0.1;0.2;
2/2/2017 11:49:41 AM;701;26.3;27.5;26.2;26.1;0.1;0.1;0.1;0.2;
2/2/2017 11:49:42 AM;702;26.3;27.5;26.2;26.1;0.1;0.1;0.1;0.2;
2/2/2017 11:49:43 AM;703;26.3;27.5;26.2;26.1;0.1;0.1;0.1;0.2;
2/2/2017 11:49:44 AM;704;26.3;27.5;26.2;26.1;0.1;0.1;0.1;0.2;
2/2/2017 11:49:45 AM;705;26.3;27.5;26.2;26.0;0.1;0.1;0.1;0.2;
2/2/2017 11:49:46 AM;706;26.3;27.5;26.2;26.0;0.1;0.1;0.1;0.2;
2/2/2017 11:49:47 AM;707;26.3;27.5;26.2;26.0;0.1;0.1;0.1;0.2;
2/2/2017 11:49:48 AM;708;26.3;27.5;26.2;26.0;0.1;0.1;0.1;0.2;
2/2/2017 11:49:49 AM;709;26.3;27.5;26.2;26.0;0.1;0.1;0.1;0.2;
2/2/2017 11:49:50 AM;710;26.3;27.5;26.2;26.0;0.1;0.1;0.1;0.2;
2/2/2017 11:49:51 AM;711;26.3;27.5;26.2;26.0;0.1;0.1;0.1;0.2;
2/2/2017 11:49:52 AM;712;26.3;27.5;26.2;26.0;0.1;0.1;0.1;0.2;
2/2/2017 11:49:53 AM;713;26.3;27.5;26.2;26.0;0.1;0.1;0.1;0.2;
2/2/2017 11:49:54 AM;714;26.3;27.5;26.2;26.0;0.1;0.1;0.1;0.2;
2/2/2017 11:49:55 AM;715;26.3;27.5;26.2;26.0;0.1;0.1;0.1;0.2;
2/2/2017 11:49:56 AM;716;26.3;27.5;26.2;26.0;0.1;0.1;0.1;0.2;
2/2/2017 11:49:57 AM;717;26.3;27.5;26.2;26.0;0.1;0.1;0.1;0.2;
2/2/2017 11:49:58 AM;718;26.3;27.5;26.2;26.0;0.1;0.1;0.1;0.2;
2/2/2017 11:49:59 AM;719;26.3;27.5;26.2;26.0;0.1;0.1;0.1;0.2;
2/2/2017 11:50:00 AM;720;26.3;27.5;26.2;26.0;0.1;0.1;0.1;0.2;
2/2/2017 11:50:01 AM;721;26.3;27.5;26.2;26.0;0.1;0.1;0.1;0.2;
2/2/2017 11:50:02 AM;722;26.3;27.5;26.2;26.1;0.1;0.1;0.1;0.2;
2/2/2017 11:50:03 AM;723;26.3;27.5;26.2;26.1;0.1;0.1;0.1;0.2;
2/2/2017 11:50:04 AM;724;26.3;27.5;26.2;26.0;0.1;0.1;0.1;0.2;
2/2/2017 11:50:05 AM;725;26.3;27.5;26.2;26.0;0.1;0.1;0.1;0.2;
2/2/2017 11:50:06 AM;726;26.3;27.5;26.2;26.0;0.1;0.1;0.1;0.2;
2/2/2017 11:50:07 AM;727;26.3;27.5;26.2;26.0;0.1;0.1;0.1;0.2;
2/2/2017 11:50:08 AM;728;26.3;27.5;26.2;26.0;0.1;0.1;0.1;0.2;
2/2/2017 11:50:09 AM;729;26.3;27.5;26.2;26.0;0.1;0.1;0.1;0.2;
2/2/2017 11:50:10 AM;730;26.3;27.5;26.2;26.0;0.1;0.1;0.1;0.2;
2/2/2017 11:50:11 AM;731;26.3;27.5;26.2;26.0;0.1;0.1;0.1;0.2;
2/2/2017 11:50:12 AM;732;26.3;27.5;26.2;26.0;0.1;0.1;0.1;0.2;
2/2/2017 11:50:13 AM;733;26.3;27.5;26.2;26.0;0.1;0.1;0.1;0.2;
2/2/2017 11:50:14 AM;734;26.3;27.5;26.2;26.0;0.1;0.1;0.1;0.2;
2/2/2017 11:50:15 AM;735;26.3;27.5;26.2;26.0;0.1;0.1;0.1;0.2;
2/2/2017 11:50:16 AM;736;26.3;27.5;26.2;26.0;0.1;0.1;0.1;0.2;
2/2/2017 11:50:17 AM;737;26.3;27.5;26.2;26.0;0.1;0.1;0.1;0.2;
2/2/2017 11:50:18 AM;738;26.3;27.5;26.2;26.0;0.1;0.1;0.1;0.2;
2/2/2017 11:50:19 AM;739;26.3;27.5;26.2;26.0;0.1;0.1;0.1;0.2;
2/2/2017 11:50:20 AM;740;26.3;27.5;26.2;26.1;0.1;0.1;0.1;0.2;
2/2/2017 11:50:21 AM;741;26.3;27.5;26.2;26.0;0.1;0.1;0.1;0.2;
2/2/2017 11:50:22 AM;742;26.3;27.5;26.2;26.0;0.1;0.1;0.1;0.2;
2/2/2017 11:50:23 AM;743;26.3;27.5;26.2;26.0;0.1;0.1;0.1;0.2;
2/2/2017 11:50:24 AM;744;26.3;27.5;26.2;26.0;0.1;0.1;0.1;0.2;
2/2/2017 11:50:25 AM;745;26.3;27.5;26.2;26.0;0.1;0.1;0.1;0.2;
2/2/2017 11:50:26 AM;746;26.3;27.5;26.2;26.1;0.1;0.1;0.1;0.2;
2/2/2017 11:50:27 AM;747;26.3;27.5;26.2;26.0;0.1;0.1;0.1;0.2;
2/2/2017 11:50:28 AM;748;26.3;27.5;26.2;26.0;0.1;0.1;0.1;0.2;
2/2/2017 11:50:29 AM;749;26.3;27.5;26.2;26.0;0.1;0.1;0.1;0.2;
2/2/2017 11:50:30 AM;750;26.3;27.5;26.2;26.0;0.1;0.1;0.1;0.2;
2/2/2017 11:50:31 AM;751;26.3;27.5;26.2;26.0;0.1;0.1;0.1;0.2;
2/2/2017 11:50:32 AM;752;26.3;27.5;26.2;26.0;0.1;0.1;0.1;0.2;
2/2/2017 11:50:33 AM;753;26.3;27.5;26.2;26.0;0.1;0.1;0.1;0.2;
2/2/2017 11:50:34 AM;754;26.3;27.5;26.2;26.0;0.1;0.1;0.1;0.2;
2/2/2017 11:50:35 AM;755;26.3;27.5;26.2;26.0;0.1;0.1;0.1;0.2;
2/2/2017 11:50:36 AM;756;26.3;27.5;26.2;26.0;0.1;0.1;0.1;0.2;
2/2/2017 11:50:37 AM;757;26.3;27.5;26.2;26.0;0.1;0.1;0.1;0.2;
2/2/2017 11:50:38 AM;758;26.3;27.5;26.2;26.0;0.1;0.1;0.1;0.2;
2/2/2017 11:50:39 AM;759;26.3;27.5;26.2;26.0;0.1;0.1;0.1;0.2;
2/2/2017 11:50:40 AM;760;26.3;27.5;26.2;26.0;0.1;0.1;0.1;0.2;
2/2/2017 11:50:41 AM;761;26.3;27.5;26.2;26.1;0.1;0.1;0.1;0.2;
2/2/2017 11:50:42 AM;762;26.3;27.5;26.2;26.0;0.1;0.1;0.1;0.2;
2/2/2017 11:50:43 AM;763;26.3;27.5;26.2;26.0;0.1;0.1;0.1;0.2;
2/2/2017 11:50:44 AM;764;26.3;27.5;26.2;26.0;0.1;0.1;0.1;0.2;
2/2/2017 11:50:45 AM;765;26.3;27.5;26.2;26.0;0.1;0.1;0.1;0.2;
2/2/2017 11:50:46 AM;766;26.3;27.5;26.2;26.0;0.1;0.1;0.1;0.2;
2/2/2017 11:50:47 AM;767;26.3;27.5;26.2;26.0;0.1;0.1;0.1;0.2;
2/2/2017 11:50:48 AM;768;26.3;27.5;26.2;26.0;0.1;0.1;0.1;0.2;
2/2/2017 11:50:49 AM;769;26.3;27.5;26.2;26.0;0.1;0.1;0.1;0.2;
2/2/2017 11:50:50 AM;770;26.3;27.5;26.2;26.0;0.1;0.1;0.1;0.2;
2/2/2017 11:50:51 AM;771;26.3;27.5;26.2;26.0;0.1;0.1;0.1;0.2;
2/2/2017 11:50:52 AM;772;26.3;27.5;26.2;26.1;0.1;0.1;0.1;0.2;
2/2/2017 11:50:53 AM;773;26.3;27.5;26.2;26.1;0.1;0.1;0.1;0.2;
2/2/2017 11:50:54 AM;774;26.3;27.5;26.2;26.1;0.1;0.1;0.1;0.2;
2/2/2017 11:50:55 AM;775;26.3;27.5;26.2;26.1;0.1;0.1;0.1;0.2;
2/2/2017 11:50:56 AM;776;26.3;27.5;26.2;26.1;0.1;0.1;0.1;0.2;
2/2/2017 11:50:57 AM;777;26.3;27.5;26.2;26.1;0.1;0.1;0.1;0.2;
2/2/2017 11:50:58 AM;778;26.3;27.5;26.2;26.1;0.1;0.1;0.1;0.2;
2/2/2017 11:50:59 AM;779;26.3;27.5;26.2;26.1;0.1;0.1;0.1;0.2;
2/2/2017 11:51:00 AM;780;26.3;27.5;26.2;26.1;0.1;0.1;0.1;0.2;
2/2/2017 11:51:01 AM;781;26.3;27.5;26.2;26.1;0.1;0.1;0.1;0.2;
2/2/2017 11:51:02 AM;782;26.3;27.5;26.2;26.1;0.1;0.1;0.1;0.2;
2/2/2017 11:51:03 AM;783;26.3;27.5;26.2;26.1;0.1;0.1;0.1;0.2;
2/2/2017 11:51:04 AM;784;26.3;27.5;26.2;26.1;0.1;0.1;0.1;0.2;
2/2/2017 11:51:05 AM;785;26.3;27.5;26.2;26.1;0.1;0.1;0.1;0.2;
2/2/2017 11:51:06 AM;786;26.3;27.5;26.2;26.0;0.1;0.1;0.1;0.2;
2/2/2017 11:51:07 AM;787;26.3;27.5;26.2;26.0;0.1;0.1;0.1;0.2;
2/2/2017 11:51:08 AM;788;26.3;27.5;26.2;26.0;0.1;0.1;0.1;0.2;
2/2/2017 11:51:09 AM;789;26.3;27.5;26.2;26.0;0.1;0.1;0.1;0.2;
2/2/2017 11:51:10 AM;790;26.3;27.5;26.2;26.0;0.1;0.1;0.1;0.2;
2/2/2017 11:51:11 AM;791;26.3;27.5;26.2;26.1;0.1;0.1;0.1;0.2;
2/2/2017 11:51:12 AM;792;26.3;27.5;26.2;26.0;0.1;0.1;0.1;0.2;
2/2/2017 11:51:13 AM;793;26.3;27.5;26.2;26.0;0.1;0.1;0.1;0.2;
2/2/2017 11:51:14 AM;794;26.3;27.5;26.2;26.0;0.1;0.1;0.1;0.2;
2/2/2017 11:51:15 AM;795;26.3;27.5;26.2;26.0;0.1;0.1;0.1;0.2;
2/2/2017 11:51:16 AM;796;26.3;27.5;26.2;26.0;0.1;0.1;0.1;0.2;
2/2/2017 11:51:17 AM;797;26.3;27.5;26.2;26.0;0.1;0.1;0.1;0.2;
2/2/2017 11:51:18 AM;798;26.3;27.5;26.2;26.0;0.1;0.1;0.1;0.2;
2/2/2017 11:51:19 AM;799;26.3;27.5;26.2;26.0;0.1;0.1;0.1;0.2;
2/2/2017 11:51:20 AM;800;26.3;27.5;26.2;26.0;0.1;0.1;0.1;0.2;
2/2/2017 11:51:21 AM;801;26.3;27.5;26.2;26.0;0.1;0.1;0.1;0.2;
2/2/2017 11:51:22 AM;802;26.3;27.5;26.2;26.0;0.1;0.1;0.1;0.2;
2/2/2017 11:51:23 AM;803;26.3;27.5;26.2;26.0;0.1;0.1;0.1;0.2;
2/2/2017 11:51:24 AM;804;26.3;27.5;26.2;26.0;0.1;0.1;0.1;0.2;
2/2/2017 11:51:25 AM;805;26.3;27.5;26.2;26.1;0.1;0.1;0.1;0.2;
2/2/2017 11:51:26 AM;806;26.3;27.5;26.2;26.1;0.1;0.1;0.1;0.2;
2/2/2017 11:51:27 AM;807;26.3;27.5;26.2;26.1;0.1;0.1;0.1;0.2;
2/2/2017 11:51:28 AM;808;26.3;27.5;26.2;26.0;0.1;0.1;0.1;0.2;
2/2/2017 11:51:29 AM;809;26.3;27.5;26.2;26.0;0.1;0.1;0.1;0.2;
2/2/2017 11:51:30 AM;810;26.3;27.5;26.2;26.0;0.1;0.1;0.1;0.2;
2/2/2017 11:51:31 AM;811;26.3;27.5;26.2;26.0;0.1;0.1;0.1;0.2;
2/2/2017 11:51:32 AM;812;26.3;27.5;26.2;26.0;0.1;0.1;0.1;0.2;
2/2/2017 11:51:33 AM;813;26.3;27.5;26.2;26.0;0.1;0.1;0.1;0.2;
2/2/2017 11:51:34 AM;814;26.3;27.5;26.2;26.0;0.1;0.1;0.1;0.2;
2/2/2017 11:51:35 AM;815;26.3;27.5;26.2;26.0;0.1;0.1;0.1;0.2;
2/2/2017 11:51:36 AM;816;26.3;27.5;26.2;26.1;0.1;0.1;0.1;0.2;
2/2/2017 11:51:37 AM;817;26.3;27.5;26.2;26.0;0.1;0.1;0.1;0.2;
2/2/2017 11:51:38 AM;818;26.3;27.5;26.2;26.0;0.1;0.1;0.1;0.2;
2/2/2017 11:51:39 AM;819;26.3;27.5;26.2;26.0;0.1;0.1;0.1;0.2;
2/2/2017 11:51:40 AM;820;26.3;27.5;26.2;26.0;0.1;0.1;0.1;0.2;
2/2/2017 11:51:41 AM;821;26.3;27.5;26.2;26.0;0.1;0.1;0.1;0.2;
2/2/2017 11:51:42 AM;822;26.3;27.5;26.2;26.1;0.1;0.1;0.1;0.2;
2/2/2017 11:51:43 AM;823;26.3;27.5;26.2;26.1;0.1;0.1;0.1;0.2;
2/2/2017 11:51:44 AM;824;26.3;27.5;26.2;26.0;0.1;0.1;0.1;0.2;
2/2/2017 11:51:45 AM;825;26.3;27.5;26.2;26.0;0.1;0.1;0.1;0.2;
2/2/2017 11:51:46 AM;826;26.3;27.5;26.2;26.0;0.1;0.1;0.1;0.2;
2/2/2017 11:51:47 AM;827;26.3;27.5;26.2;26.0;0.1;0.1;0.1;0.2;
2/2/2017 11:51:48 AM;828;26.3;27.5;26.2;26.0;0.1;0.1;0.1;0.2;
2/2/2017 11:51:49 AM;829;26.3;27.5;26.2;26.0;0.1;0.1;0.1;0.2;
2/2/2017 11:51:50 AM;830;26.3;27.5;26.2;26.0;0.1;0.1;0.1;0.2;
2/2/2017 11:51:51 AM;831;26.3;27.5;26.2;26.1;0.1;0.1;0.1;0.2;
2/2/2017 11:51:52 AM;832;26.3;27.5;26.2;26.1;0.1;0.1;0.1;0.2;
2/2/2017 11:51:53 AM;833;26.3;27.5;26.2;26.0;0.1;0.1;0.1;0.2;
2/2/2017 11:51:54 AM;834;26.3;27.5;26.2;26.0;0.1;0.1;0.1;0.2;
2/2/2017 11:51:55 AM;835;26.3;27.5;26.2;26.0;0.1;0.1;0.1;0.2;
2/2/2017 11:51:56 AM;836;26.3;27.5;26.2;26.0;0.1;0.1;0.1;0.2;
2/2/2017 11:51:57 AM;837;26.3;27.5;26.2;26.0;0.1;0.1;0.1;0.2;
2/2/2017 11:51:58 AM;838;26.3;27.5;26.2;26.1;0.1;0.1;0.1;0.2;
2/2/2017 11:51:59 AM;839;26.3;27.5;26.2;26.1;0.1;0.1;0.1;0.2;
2/2/2017 11:52:00 AM;840;26.3;27.5;26.2;26.1;0.1;0.1;0.1;0.2;
2/2/2017 11:52:01 AM;841;26.3;27.5;26.2;26.1;0.1;0.1;0.1;0.2;
2/2/2017 11:52:02 AM;842;26.3;27.5;26.2;26.1;0.1;0.1;0.1;0.2;
2/2/2017 11:52:03 AM;843;26.3;27.5;26.1;26.1;0.1;0.1;0.1;0.2;
2/2/2017 11:52:04 AM;844;26.3;27.5;26.1;26.1;0.1;0.1;0.1;0.2;
2/2/2017 11:52:05 AM;845;26.3;27.5;26.1;26.0;0.1;0.1;0.1;0.2;
2/2/2017 11:52:06 AM;846;26.3;27.5;26.1;26.0;0.1;0.1;0.1;0.2;
2/2/2017 11:52:07 AM;847;26.3;27.5;26.1;26.0;0.1;0.1;0.1;0.2;
2/2/2017 11:52:08 AM;848;26.3;27.5;26.2;26.0;0.1;0.1;0.1;0.2;
2/2/2017 11:52:09 AM;849;26.3;27.5;26.2;26.0;0.1;0.1;0.1;0.2;
2/2/2017 11:52:10 AM;850;26.3;27.5;26.2;26.1;0.1;0.1;0.1;0.2;
2/2/2017 11:52:11 AM;851;26.3;27.5;26.2;26.1;0.1;0.1;0.1;0.2;
2/2/2017 11:52:12 AM;852;26.3;27.5;26.2;26.1;0.1;0.1;0.1;0.2;
2/2/2017 11:52:13 AM;853;26.3;27.5;26.2;26.1;0.1;0.1;0.1;0.2;
2/2/2017 11:52:14 AM;854;26.3;27.5;26.2;26.1;0.1;0.1;0.1;0.2;
2/2/2017 11:52:15 AM;855;26.3;27.5;26.2;26.1;0.1;0.1;0.1;0.2;
2/2/2017 11:52:16 AM;856;26.3;27.5;26.2;26.1;0.1;0.1;0.1;0.2;
2/2/2017 11:52:17 AM;857;26.3;27.5;26.2;26.1;0.1;0.1;0.1;0.2;
2/2/2017 11:52:18 AM;858;26.3;27.5;26.2;26.1;0.1;0.1;0.1;0.2;
2/2/2017 11:52:19 AM;859;26.3;27.5;26.2;26.1;0.1;0.1;0.1;0.2;
2/2/2017 11:52:20 AM;860;26.3;27.5;26.2;26.0;0.1;0.1;0.1;0.2;
2/2/2017 11:52:21 AM;861;26.3;27.5;26.2;26.0;0.1;0.1;0.1;0.2;
2/2/2017 11:52:22 AM;862;26.3;27.5;26.2;26.0;0.1;0.1;0.1;0.2;
2/2/2017 11:52:23 AM;863;26.3;27.5;26.2;26.0;0.1;0.1;0.1;0.2;
2/2/2017 11:52:24 AM;864;26.3;27.5;26.2;26.0;0.1;0.1;0.1;0.2;
2/2/2017 11:52:25 AM;865;26.3;27.5;26.2;26.0;0.1;0.1;0.1;0.2;
2/2/2017 11:52:26 AM;866;26.3;27.5;26.2;26.0;0.1;0.1;0.1;0.2;
2/2/2017 11:52:27 AM;867;26.3;27.5;26.2;26.0;0.1;0.1;0.1;0.2;
2/2/2017 11:52:28 AM;868;26.3;27.5;26.2;26.0;0.1;0.1;0.1;0.2;
2/2/2017 11:52:29 AM;869;26.3;27.5;26.2;26.0;0.1;0.1;0.1;0.2;
2/2/2017 11:52:30 AM;870;26.3;27.5;26.2;26.0;0.1;0.1;0.1;0.2;
2/2/2017 11:52:31 AM;871;26.3;27.5;26.2;26.0;0.1;0.1;0.1;0.2;
2/2/2017 11:52:32 AM;872;26.3;27.5;26.2;26.0;0.1;0.1;0.1;0.2;
2/2/2017 11:52:33 AM;873;26.3;27.5;26.2;26.0;0.1;0.1;0.1;0.2;
2/2/2017 11:52:34 AM;874;26.3;27.5;26.2;26.0;0.1;0.1;0.1;0.2;
2/2/2017 11:52:35 AM;875;26.3;27.5;26.2;26.0;0.1;0.1;0.1;0.2;
2/2/2017 11:52:36 AM;876;26.3;27.5;26.2;26.0;0.1;0.1;0.1;0.2;
2/2/2017 11:52:37 AM;877;26.3;27.5;26.2;26.0;0.1;0.1;0.1;0.2;
2/2/2017 11:52:38 AM;878;26.3;27.5;26.2;26.0;0.1;0.1;0.1;0.2;
2/2/2017 11:52:39 AM;879;26.3;27.5;26.2;26.0;0.1;0.1;0.1;0.2;
2/2/2017 11:52:40 AM;880;26.3;27.5;26.2;26.0;0.1;0.1;0.1;0.2;
2/2/2017 11:52:41 AM;881;26.3;27.5;26.2;26.0;0.1;0.1;0.1;0.2;
2/2/2017 11:52:42 AM;882;26.3;27.5;26.2;26.0;0.1;0.1;0.1;0.2;
2/2/2017 11:52:43 AM;883;26.3;27.5;26.2;26.0;0.1;0.1;0.1;0.2;
2/2/2017 11:52:44 AM;884;26.3;27.5;26.2;26.0;0.1;0.1;0.1;0.2;
2/2/2017 11:52:45 AM;885;26.3;27.5;26.2;26.0;0.1;0.1;0.1;0.2;
2/2/2017 11:52:46 AM;886;26.3;27.5;26.2;26.0;0.1;0.1;0.1;0.2;
2/2/2017 11:52:47 AM;887;26.3;27.5;26.2;26.0;0.1;0.1;0.1;0.2;
2/2/2017 11:52:48 AM;888;26.3;27.5;26.2;26.0;0.1;0.1;0.1;0.2;
2/2/2017 11:52:49 AM;889;26.3;27.5;26.2;26.0;0.1;0.1;0.1;0.2;
2/2/2017 11:52:50 AM;890;26.3;27.5;26.2;26.1;0.1;0.1;0.1;0.2;
2/2/2017 11:52:51 AM;891;26.3;27.5;26.2;26.0;0.1;0.1;0.1;0.2;
2/2/2017 11:52:52 AM;892;26.3;27.5;26.2;26.0;0.1;0.1;0.1;0.2;
2/2/2017 11:52:53 AM;893;26.3;27.5;26.2;26.0;0.1;0.1;0.1;0.2;
2/2/2017 11:52:54 AM;894;26.3;27.5;26.2;26.0;0.1;0.1;0.1;0.2;
2/2/2017 11:52:55 AM;895;26.3;27.5;26.2;26.0;0.1;0.1;0.1;0.2;
2/2/2017 11:52:56 AM;896;26.3;27.5;26.2;26.0;0.1;0.1;0.1;0.2;
2/2/2017 11:52:57 AM;897;26.3;27.5;26.2;26.0;0.1;0.1;0.1;0.2;
2/2/2017 11:52:58 AM;898;26.3;27.5;26.2;26.0;0.1;0.1;0.1;0.2;
2/2/2017 11:52:59 AM;899;26.3;27.5;26.2;26.0;0.1;0.1;0.1;0.2;
2/2/2017 11:53:00 AM;900;26.3;27.5;26.2;26.0;0.1;0.1;0.1;0.2;
2/2/2017 11:53:01 AM;901;26.3;27.5;26.2;26.0;0.1;0.1;0.1;0.2;
2/2/2017 11:53:02 AM;902;26.3;27.5;26.2;26.0;0.1;0.1;0.1;0.2;
2/2/2017 11:53:03 AM;903;26.3;27.5;26.2;26.0;0.1;0.1;0.1;0.2;
2/2/2017 11:53:04 AM;904;26.3;27.5;26.2;26.0;0.1;0.1;0.1;0.2;
2/2/2017 11:53:05 AM;905;26.3;27.5;26.2;26.0;0.1;0.1;0.1;0.2;
2/2/2017 11:53:06 AM;906;26.3;27.5;26.2;26.0;0.1;0.1;0.1;0.2;
2/2/2017 11:53:07 AM;907;26.3;27.5;26.2;26.0;0.1;0.1;0.1;0.2;
2/2/2017 11:53:08 AM;908;26.3;27.5;26.2;26.1;0.1;0.1;0.1;0.2;
2/2/2017 11:53:09 AM;909;26.3;27.5;26.2;26.0;0.1;0.1;0.1;0.2;
2/2/2017 11:53:10 AM;910;26.3;27.5;26.2;26.0;0.1;0.1;0.1;0.2;
2/2/2017 11:53:11 AM;911;26.3;27.5;26.2;26.0;0.1;0.1;0.1;0.2;
2/2/2017 11:53:12 AM;912;26.3;27.5;26.2;26.0;0.1;0.1;0.1;0.2;
2/2/2017 11:53:13 AM;913;26.3;27.5;26.2;26.0;0.1;0.1;0.1;0.2;
2/2/2017 11:53:14 AM;914;26.3;27.5;26.2;26.1;0.1;0.1;0.1;0.2;
2/2/2017 11:53:15 AM;915;26.3;27.5;26.2;26.1;0.1;0.1;0.1;0.2;
2/2/2017 11:53:16 AM;916;26.3;27.5;26.2;26.1;0.1;0.1;0.1;0.2;
2/2/2017 11:53:17 AM;917;26.3;27.5;26.2;26.1;0.1;0.1;0.1;0.2;
2/2/2017 11:53:18 AM;918;26.3;27.5;26.2;26.1;0.1;0.1;0.1;0.2;
2/2/2017 11:53:19 AM;919;26.3;27.5;26.2;26.1;0.1;0.1;0.1;0.2;
2/2/2017 11:53:20 AM;920;26.3;27.5;26.2;26.1;0.1;0.1;0.1;0.2;
2/2/2017 11:53:21 AM;921;26.3;27.5;26.2;26.1;0.1;0.1;0.1;0.2;
2/2/2017 11:53:22 AM;922;26.3;27.5;26.2;26.1;0.1;0.1;0.1;0.2;
2/2/2017 11:53:23 AM;923;26.3;27.5;26.2;26.1;0.1;0.1;0.1;0.2;
2/2/2017 11:53:24 AM;924;26.3;27.5;26.2;26.1;0.1;0.1;0.1;0.2;
2/2/2017 11:53:25 AM;925;26.3;27.5;26.2;26.1;0.1;0.1;0.1;0.2;
2/2/2017 11:53:26 AM;926;26.3;27.5;26.2;26.0;0.1;0.1;0.1;0.2;
2/2/2017 11:53:27 AM;927;26.3;27.5;26.2;26.0;0.1;0.1;0.1;0.2;
2/2/2017 11:53:28 AM;928;26.3;27.5;26.2;26.0;0.1;0.1;0.1;0.2;
2/2/2017 11:53:29 AM;929;26.3;27.5;26.2;26.0;0.1;0.1;0.1;0.2;
2/2/2017 11:53:30 AM;930;26.3;27.5;26.2;26.0;0.1;0.1;0.1;0.2;
2/2/2017 11:53:31 AM;931;26.3;27.5;26.2;26.0;0.1;0.1;0.1;0.2;
2/2/2017 11:53:32 AM;932;26.3;27.5;26.2;26.0;0.1;0.1;0.1;0.2;
2/2/2017 11:53:33 AM;933;26.3;27.5;26.2;26.0;0.1;0.1;0.1;0.2;
2/2/2017 11:53:34 AM;934;26.3;27.5;26.2;26.0;0.1;0.1;0.1;0.2;
2/2/2017 11:53:35 AM;935;26.3;27.5;26.2;26.0;0.1;0.1;0.1;0.2;
2/2/2017 11:53:36 AM;936;26.3;27.5;26.2;26.0;0.1;0.1;0.1;0.2;
2/2/2017 11:53:37 AM;937;26.3;27.5;26.2;26.0;0.1;0.1;0.1;0.2;
2/2/2017 11:53:38 AM;938;26.3;27.5;26.2;26.0;0.1;0.1;0.1;0.2;
2/2/2017 11:53:39 AM;939;26.3;27.5;26.2;26.0;0.1;0.1;0.1;0.2;
2/2/2017 11:53:40 AM;940;26.3;27.5;26.2;26.0;0.1;0.1;0.1;0.2;
2/2/2017 11:53:41 AM;941;26.3;27.5;26.2;26.0;0.1;0.1;0.1;0.2;
2/2/2017 11:53:42 AM;942;26.3;27.5;26.2;26.0;0.1;0.1;0.1;0.2;
2/2/2017 11:53:43 AM;943;26.3;27.5;26.2;26.0;0.1;0.1;0.1;0.2;
2/2/2017 11:53:44 AM;944;26.3;27.5;26.2;26.0;0.1;0.1;0.1;0.2;
2/2/2017 11:53:45 AM;945;26.3;27.5;26.2;26.0;0.1;0.1;0.1;0.2;
2/2/2017 11:53:46 AM;946;26.3;27.5;26.2;26.0;0.1;0.1;0.1;0.2;
2/2/2017 11:53:47 AM;947;26.3;27.5;26.2;26.0;0.1;0.1;0.1;0.2;
2/2/2017 11:53:48 AM;948;26.3;27.5;26.2;26.0;0.1;0.1;0.1;0.2;
2/2/2017 11:53:49 AM;949;26.3;27.5;26.2;26.1;0.1;0.1;0.1;0.2;
2/2/2017 11:53:50 AM;950;26.3;27.5;26.2;26.1;0.1;0.1;0.1;0.2;
2/2/2017 11:53:51 AM;951;26.3;27.5;26.2;26.1;0.1;0.1;0.1;0.2;
2/2/2017 11:53:52 AM;952;26.3;27.5;26.2;26.1;0.1;0.1;0.1;0.2;
2/2/2017 11:53:53 AM;953;26.3;27.5;26.2;26.1;0.1;0.1;0.1;0.2;
2/2/2017 11:53:54 AM;954;26.3;27.5;26.2;26.0;0.1;0.1;0.1;0.2;
2/2/2017 11:53:55 AM;955;26.3;27.5;26.2;26.0;0.1;0.1;0.1;0.2;
2/2/2017 11:53:56 AM;956;26.3;27.5;26.2;26.0;0.1;0.1;0.1;0.2;
2/2/2017 11:53:57 AM;957;26.3;27.5;26.2;26.0;0.1;0.1;0.1;0.2;
2/2/2017 11:53:58 AM;958;26.3;27.5;26.2;26.0;0.1;0.1;0.1;0.2;
2/2/2017 11:53:59 AM;959;26.3;27.5;26.2;26.1;0.1;0.1;0.1;0.2;
2/2/2017 11:54:00 AM;960;26.3;27.5;26.2;26.0;0.1;0.1;0.1;0.2;
2/2/2017 11:54:01 AM;961;26.3;27.5;26.2;26.0;0.1;0.1;0.1;0.2;
2/2/2017 11:54:02 AM;962;26.3;27.5;26.2;26.0;0.1;0.1;0.1;0.2;
2/2/2017 11:54:03 AM;963;26.3;27.5;26.2;26.0;0.1;0.1;0.1;0.2;
2/2/2017 11:54:04 AM;964;26.3;27.5;26.2;26.0;0.1;0.1;0.1;0.2;
2/2/2017 11:54:05 AM;965;26.3;27.5;26.2;26.0;0.1;0.1;0.1;0.2;
2/2/2017 11:54:06 AM;966;26.3;27.5;26.2;26.0;0.1;0.1;0.1;0.2;
2/2/2017 11:54:07 AM;967;26.3;27.5;26.2;26.0;0.1;0.1;0.1;0.2;
2/2/2017 11:54:08 AM;968;26.3;27.4;26.2;26.0;0.1;0.1;0.1;0.2;
2/2/2017 11:54:09 AM;969;26.3;27.4;26.2;26.0;0.1;0.1;0.1;0.2;
2/2/2017 11:54:10 AM;970;26.3;27.4;26.2;26.0;0.1;0.1;0.1;0.2;
2/2/2017 11:54:11 AM;971;26.3;27.4;26.2;26.0;0.1;0.1;0.1;0.2;
2/2/2017 11:54:12 AM;972;26.3;27.4;26.2;26.0;0.1;0.1;0.1;0.2;
2/2/2017 11:54:13 AM;973;26.3;27.5;26.2;26.0;0.1;0.1;0.1;0.2;
2/2/2017 11:54:14 AM;974;26.3;27.5;26.2;26.0;0.1;0.1;0.1;0.2;
2/2/2017 11:54:15 AM;975;26.3;27.5;26.2;26.0;0.1;0.1;0.1;0.2;
2/2/2017 11:54:16 AM;976;26.3;27.5;26.2;26.0;0.1;0.1;0.1;0.2;
2/2/2017 11:54:17 AM;977;26.3;27.5;26.2;26.0;0.1;0.1;0.1;0.2;
2/2/2017 11:54:18 AM;978;26.3;27.5;26.2;26.0;0.1;0.1;0.1;0.2;
2/2/2017 11:54:19 AM;979;26.3;27.5;26.2;26.0;0.1;0.1;0.1;0.2;
2/2/2017 11:54:20 AM;980;26.3;27.5;26.2;26.0;0.1;0.1;0.1;0.2;
2/2/2017 11:54:21 AM;981;26.3;27.5;26.2;26.0;0.1;0.1;0.1;0.2;
2/2/2017 11:54:22 AM;982;26.3;27.5;26.2;26.0;0.1;0.1;0.1;0.2;
2/2/2017 11:54:23 AM;983;26.3;27.5;26.2;26.0;0.1;0.1;0.1;0.2;
2/2/2017 11:54:24 AM;984;26.3;27.5;26.2;26.0;0.1;0.1;0.1;0.2;
2/2/2017 11:54:25 AM;985;26.3;27.5;26.2;26.0;0.1;0.1;0.1;0.2;
2/2/2017 11:54:26 AM;986;26.3;27.5;26.2;26.0;0.1;0.1;0.1;0.2;
2/2/2017 11:54:27 AM;987;26.3;27.5;26.2;26.0;0.1;0.1;0.1;0.2;
2/2/2017 11:54:28 AM;988;26.3;27.5;26.2;26.0;0.1;0.1;0.1;0.2;
2/2/2017 11:54:29 AM;989;26.3;27.5;26.2;26.0;0.1;0.1;0.1;0.2;
2/2/2017 11:54:30 AM;990;26.3;27.5;26.2;26.0;0.1;0.1;0.1;0.2;
2/2/2017 11:54:31 AM;991;26.3;27.5;26.2;26.0;0.1;0.1;0.1;0.2;
2/2/2017 11:54:32 AM;992;26.3;27.5;26.2;26.1;0.1;0.1;0.1;0.2;
2/2/2017 11:54:33 AM;993;26.3;27.5;26.2;26.1;0.1;0.1;0.1;0.2;
2/2/2017 11:54:34 AM;994;26.3;27.5;26.2;26.0;0.1;0.1;0.1;0.2;
2/2/2017 11:54:35 AM;995;26.3;27.5;26.2;26.0;0.1;0.1;0.1;0.2;
2/2/2017 11:54:36 AM;996;26.3;27.5;26.2;26.0;0.1;0.1;0.1;0.2;
2/2/2017 11:54:37 AM;997;26.3;27.5;26.2;26.0;0.1;0.1;0.1;0.2;
2/2/2017 11:54:38 AM;998;26.3;27.5;26.2;26.0;0.1;0.1;0.1;0.2;
2/2/2017 11:54:39 AM;999;26.3;27.5;26.2;26.0;0.1;0.1;0.1;0.2;
2/2/2017 11:54:40 AM;1000;26.3;27.5;26.2;26.0;0.1;0.1;0.1;0.2;
2/2/2017 11:54:41 AM;1001;26.3;27.5;26.2;26.0;0.1;0.1;0.1;0.2;
2/2/2017 11:54:42 AM;1002;26.3;27.5;26.2;26.1;0.1;0.1;0.1;0.2;
2/2/2017 11:54:43 AM;1003;26.3;27.5;26.2;26.0;0.1;0.1;0.1;0.2;
2/2/2017 11:54:44 AM;1004;26.3;27.5;26.2;26.0;0.1;0.1;0.1;0.2;
2/2/2017 11:54:45 AM;1005;26.3;27.5;26.2;26.0;0.1;0.1;0.1;0.2;
2/2/2017 11:54:46 AM;1006;26.3;27.5;26.2;26.0;0.1;0.1;0.1;0.2;
2/2/2017 11:54:47 AM;1007;26.3;27.4;26.2;26.0;0.1;0.1;0.1;0.2;
2/2/2017 11:54:48 AM;1008;26.3;27.4;26.2;26.1;0.1;0.1;0.1;0.2;
2/2/2017 11:54:49 AM;1009;26.3;27.4;26.2;26.1;0.1;0.1;0.1;0.2;
2/2/2017 11:54:50 AM;1010;26.3;27.4;26.2;26.1;0.1;0.1;0.1;0.2;
2/2/2017 11:54:51 AM;1011;26.3;27.4;26.2;26.1;0.1;0.1;0.1;0.2;
2/2/2017 11:54:52 AM;1012;26.3;27.4;26.2;26.1;0.1;0.1;0.1;0.2;
2/2/2017 11:54:53 AM;1013;26.3;27.4;26.2;26.1;0.1;0.1;0.1;0.2;
2/2/2017 11:54:54 AM;1014;26.3;27.4;26.2;26.1;0.1;0.1;0.1;0.2;
2/2/2017 11:54:55 AM;1015;26.3;27.5;26.2;26.1;0.1;0.1;0.1;0.2;
2/2/2017 11:54:56 AM;1016;26.3;27.5;26.2;26.1;0.1;0.1;0.1;0.2;
2/2/2017 11:54:57 AM;1017;26.3;27.5;26.2;26.1;0.1;0.1;0.1;0.2;
2/2/2017 11:54:58 AM;1018;26.3;27.5;26.2;26.0;0.1;0.1;0.1;0.2;
2/2/2017 11:54:59 AM;1019;26.3;27.5;26.2;26.0;0.1;0.1;0.1;0.2;
2/2/2017 11:55:00 AM;1020;26.3;27.5;26.2;26.0;0.1;0.1;0.1;0.2;
2/2/2017 11:55:01 AM;1021;26.3;27.5;26.2;26.0;0.1;0.1;0.1;0.2;
2/2/2017 11:55:02 AM;1022;26.3;27.5;26.2;26.0;0.1;0.1;0.1;0.2;
2/2/2017 11:55:03 AM;1023;26.3;27.5;26.2;26.0;0.1;0.1;0.1;0.2;
2/2/2017 11:55:04 AM;1024;26.3;27.5;26.2;26.0;0.1;0.1;0.1;0.2;
2/2/2017 11:55:05 AM;1025;26.3;27.5;26.2;26.0;0.1;0.1;0.1;0.2;
2/2/2017 11:55:06 AM;1026;26.3;27.5;26.2;26.0;0.1;0.1;0.1;0.2;
2/2/2017 11:55:07 AM;1027;26.3;27.5;26.2;26.1;0.1;0.1;0.1;0.2;
2/2/2017 11:55:08 AM;1028;26.3;27.5;26.2;26.1;0.1;0.1;0.1;0.2;
2/2/2017 11:55:09 AM;1029;26.3;27.5;26.2;26.1;0.1;0.1;0.1;0.2;
2/2/2017 11:55:10 AM;1030;26.3;27.5;26.2;26.1;0.1;0.1;0.1;0.2;
2/2/2017 11:55:11 AM;1031;26.3;27.5;26.2;26.0;0.1;0.1;0.1;0.2;
2/2/2017 11:55:12 AM;1032;26.3;27.5;26.2;26.0;0.1;0.1;0.1;0.2;
2/2/2017 11:55:13 AM;1033;26.3;27.5;26.2;26.0;0.1;0.1;0.1;0.2;
2/2/2017 11:55:14 AM;1034;26.3;27.5;26.2;26.0;0.1;0.1;0.1;0.2;
2/2/2017 11:55:15 AM;1035;26.3;27.5;26.2;26.0;0.1;0.1;0.1;0.2;
2/2/2017 11:55:16 AM;1036;26.3;27.5;26.2;26.0;0.1;0.1;0.1;0.2;
2/2/2017 11:55:17 AM;1037;26.3;27.4;26.2;26.0;0.1;0.1;0.1;0.2;
2/2/2017 11:55:18 AM;1038;26.3;27.4;26.2;26.0;0.1;0.1;0.1;0.2;
2/2/2017 11:55:19 AM;1039;26.3;27.4;26.2;26.0;0.1;0.1;0.1;0.2;
2/2/2017 11:55:20 AM;1040;26.3;27.4;26.2;26.0;0.1;0.1;0.1;0.2;
2/2/2017 11:55:21 AM;1041;26.3;27.4;26.2;26.0;0.1;0.1;0.1;0.2;
2/2/2017 11:55:22 AM;1042;26.3;27.5;26.2;26.0;0.1;0.1;0.1;0.2;
2/2/2017 11:55:23 AM;1043;26.3;27.4;26.2;26.0;0.1;0.1;0.1;0.2;
2/2/2017 11:55:24 AM;1044;26.3;27.4;26.2;26.0;0.1;0.1;0.1;0.2;
2/2/2017 11:55:25 AM;1045;26.3;27.4;26.2;26.0;0.1;0.1;0.1;0.2;
2/2/2017 11:55:26 AM;1046;26.3;27.4;26.2;26.1;0.1;0.1;0.1;0.2;
2/2/2017 11:55:27 AM;1047;26.3;27.4;26.2;26.0;0.1;0.1;0.1;0.2;
2/2/2017 11:55:28 AM;1048;26.3;27.5;26.2;26.0;0.1;0.1;0.1;0.2;
2/2/2017 11:55:29 AM;1049;26.3;27.5;26.2;26.0;0.1;0.1;0.1;0.2;
2/2/2017 11:55:30 AM;1050;26.3;27.5;26.2;26.0;0.1;0.1;0.1;0.2;
2/2/2017 11:55:31 AM;1051;26.3;27.5;26.2;26.0;0.1;0.1;0.1;0.2;
2/2/2017 11:55:32 AM;1052;26.3;27.4;26.2;26.0;0.1;0.1;0.1;0.2;
2/2/2017 11:55:33 AM;1053;26.3;27.4;26.2;26.0;0.1;0.1;0.1;0.2;
2/2/2017 11:55:34 AM;1054;26.3;27.4;26.2;26.0;0.1;0.1;0.1;0.2;
2/2/2017 11:55:35 AM;1055;26.3;27.4;26.2;26.0;0.1;0.1;0.1;0.2;
2/2/2017 11:55:36 AM;1056;26.3;27.4;26.2;26.1;0.1;0.1;0.1;0.2;
2/2/2017 11:55:37 AM;1057;26.3;27.5;26.2;26.1;0.1;0.1;0.1;0.2;
2/2/2017 11:55:38 AM;1058;26.3;27.5;26.2;26.0;0.1;0.1;0.1;0.2;
2/2/2017 11:55:39 AM;1059;26.3;27.5;26.2;26.0;0.1;0.1;0.1;0.2;
2/2/2017 11:55:40 AM;1060;26.3;27.5;26.2;26.0;0.1;0.1;0.1;0.2;
2/2/2017 11:55:41 AM;1061;26.3;27.5;26.2;26.0;0.1;0.1;0.1;0.2;
2/2/2017 11:55:42 AM;1062;26.3;27.5;26.2;26.0;0.1;0.1;0.1;0.2;
2/2/2017 11:55:43 AM;1063;26.3;27.5;26.2;26.0;0.1;0.1;0.1;0.2;
2/2/2017 11:55:44 AM;1064;26.3;27.4;26.2;26.0;0.1;0.1;0.1;0.2;
2/2/2017 11:55:45 AM;1065;26.3;27.4;26.2;26.0;0.1;0.1;0.1;0.2;
2/2/2017 11:55:46 AM;1066;26.3;27.4;26.2;26.0;0.1;0.1;0.1;0.2;
2/2/2017 11:55:47 AM;1067;26.3;27.4;26.2;26.1;0.1;0.1;0.1;0.2;
2/2/2017 11:55:48 AM;1068;26.3;27.4;26.2;26.1;0.1;0.1;0.1;0.2;
2/2/2017 11:55:49 AM;1069;26.3;27.4;26.2;26.1;0.1;0.1;0.1;0.2;
2/2/2017 11:55:50 AM;1070;26.3;27.4;26.2;26.1;0.1;0.1;0.1;0.2;
2/2/2017 11:55:51 AM;1071;26.3;27.4;26.2;26.1;0.1;0.1;0.1;0.2;
2/2/2017 11:55:52 AM;1072;26.3;27.5;26.2;26.1;0.1;0.1;0.1;0.2;
2/2/2017 11:55:53 AM;1073;26.3;27.5;26.2;26.0;0.1;0.1;0.1;0.2;
2/2/2017 11:55:54 AM;1074;26.3;27.5;26.2;26.0;0.1;0.1;0.1;0.2;
2/2/2017 11:55:55 AM;1075;26.3;27.5;26.2;26.0;0.1;0.1;0.1;0.2;
2/2/2017 11:55:56 AM;1076;26.3;27.5;26.2;26.0;0.1;0.1;0.1;0.2;
2/2/2017 11:55:57 AM;1077;26.3;27.5;26.2;26.0;0.1;0.1;0.1;0.2;
2/2/2017 11:55:58 AM;1078;26.3;27.5;26.2;26.0;0.1;0.1;0.1;0.2;
2/2/2017 11:55:59 AM;1079;26.3;27.5;26.2;26.0;0.1;0.1;0.1;0.2;
2/2/2017 11:56:00 AM;1080;26.3;27.5;26.2;26.0;0.1;0.1;0.1;0.2;
2/2/2017 11:56:01 AM;1081;26.3;27.5;26.2;26.0;0.1;0.1;0.1;0.2;
2/2/2017 11:56:02 AM;1082;26.3;27.5;26.2;26.0;0.1;0.1;0.1;0.2;
2/2/2017 11:56:03 AM;1083;26.3;27.5;26.2;26.0;0.1;0.1;0.1;0.2;
2/2/2017 11:56:04 AM;1084;26.2;27.5;26.2;26.0;0.1;0.1;0.1;0.2;
2/2/2017 11:56:05 AM;1085;26.2;27.4;26.2;26.0;0.1;0.1;0.1;0.2;
2/2/2017 11:56:06 AM;1086;26.2;27.4;26.2;26.0;0.1;0.1;0.1;0.2;
2/2/2017 11:56:07 AM;1087;26.2;27.4;26.2;26.0;0.1;0.1;0.1;0.2;
2/2/2017 11:56:08 AM;1088;26.2;27.4;26.2;26.0;0.1;0.1;0.1;0.2;
2/2/2017 11:56:09 AM;1089;26.3;27.4;26.2;26.0;0.1;0.1;0.1;0.2;
2/2/2017 11:56:10 AM;1090;26.3;27.5;26.2;26.0;0.1;0.1;0.1;0.2;
2/2/2017 11:56:11 AM;1091;26.3;27.5;26.2;26.0;0.1;0.1;0.1;0.2;
2/2/2017 11:56:12 AM;1092;26.3;27.5;26.2;26.0;0.1;0.1;0.1;0.2;
2/2/2017 11:56:13 AM;1093;26.3;27.5;26.2;26.0;0.1;0.1;0.1;0.2;
2/2/2017 11:56:14 AM;1094;26.3;27.5;26.2;26.0;0.1;0.1;0.1;0.2;
2/2/2017 11:56:15 AM;1095;26.3;27.5;26.2;26.0;0.1;0.1;0.1;0.2;
2/2/2017 11:56:16 AM;1096;26.2;27.5;26.2;26.0;0.1;0.1;0.1;0.2;
2/2/2017 11:56:17 AM;1097;26.2;27.5;26.2;26.0;0.1;0.1;0.1;0.2;
2/2/2017 11:56:18 AM;1098;26.2;27.5;26.2;26.0;0.1;0.1;0.1;0.2;
2/2/2017 11:56:19 AM;1099;26.2;27.5;26.2;26.0;0.1;0.1;0.1;0.2;
2/2/2017 11:56:20 AM;1100;26.2;27.5;26.2;26.0;0.1;0.1;0.1;0.2;
2/2/2017 11:56:21 AM;1101;26.3;27.5;26.2;26.0;0.1;0.1;0.1;0.2;
2/2/2017 11:56:22 AM;1102;26.3;27.5;26.2;26.0;0.1;0.1;0.1;0.2;
2/2/2017 11:56:23 AM;1103;26.3;27.5;26.2;26.0;0.1;0.1;0.1;0.2;
2/2/2017 11:56:24 AM;1104;26.3;27.5;26.2;26.0;0.1;0.1;0.1;0.2;
2/2/2017 11:56:25 AM;1105;26.3;27.5;26.2;26.0;0.1;0.1;0.1;0.2;
2/2/2017 11:56:26 AM;1106;26.3;27.5;26.2;26.1;0.1;0.1;0.1;0.2;
2/2/2017 11:56:27 AM;1107;26.3;27.5;26.2;26.1;0.1;0.1;0.1;0.2;
2/2/2017 11:56:28 AM;1108;26.3;27.5;26.2;26.1;0.1;0.1;0.1;0.2;
2/2/2017 11:56:29 AM;1109;26.3;27.5;26.2;26.1;0.1;0.1;0.1;0.2;
2/2/2017 11:56:30 AM;1110;26.3;27.5;26.2;26.1;0.1;0.1;0.1;0.2;
2/2/2017 11:56:31 AM;1111;26.3;27.5;26.2;26.0;0.1;0.1;0.1;0.2;
2/2/2017 11:56:32 AM;1112;26.3;27.5;26.2;26.0;0.1;0.1;0.1;0.2;
2/2/2017 11:56:33 AM;1113;26.3;27.5;26.2;26.0;0.1;0.1;0.1;0.2;
2/2/2017 11:56:34 AM;1114;26.3;27.5;26.2;26.0;0.1;0.1;0.1;0.2;
2/2/2017 11:56:35 AM;1115;26.3;27.5;26.2;26.0;0.1;0.1;0.1;0.2;
2/2/2017 11:56:36 AM;1116;26.3;27.5;26.2;26.1;0.1;0.1;0.1;0.2;
2/2/2017 11:56:37 AM;1117;26.3;27.5;26.2;26.1;0.1;0.1;0.1;0.2;
2/2/2017 11:56:38 AM;1118;26.3;27.5;26.2;26.1;0.1;0.1;0.1;0.2;
2/2/2017 11:56:39 AM;1119;26.3;27.5;26.2;26.1;0.1;0.1;0.1;0.2;
2/2/2017 11:56:40 AM;1120;26.3;27.5;26.2;26.1;0.1;0.1;0.1;0.2;
2/2/2017 11:56:41 AM;1121;26.3;27.4;26.2;26.1;0.1;0.1;0.1;0.2;
2/2/2017 11:56:42 AM;1122;26.3;27.4;26.2;26.1;0.1;0.1;0.1;0.2;
2/2/2017 11:56:43 AM;1123;26.3;27.4;26.2;26.0;0.1;0.1;0.1;0.2;
2/2/2017 11:56:44 AM;1124;26.3;27.4;26.2;26.0;0.1;0.1;0.1;0.2;
2/2/2017 11:56:45 AM;1125;26.3;27.4;26.2;26.0;0.1;0.1;0.1;0.2;
2/2/2017 11:56:46 AM;1126;26.3;27.4;26.2;26.0;0.1;0.1;0.1;0.2;
2/2/2017 11:56:47 AM;1127;26.3;27.4;26.2;26.0;0.1;0.1;0.1;0.2;
2/2/2017 11:56:48 AM;1128;26.3;27.4;26.2;26.0;0.1;0.1;0.1;0.2;
2/2/2017 11:56:49 AM;1129;26.2;27.5;26.2;26.0;0.1;0.1;0.1;0.2;
2/2/2017 11:56:50 AM;1130;26.2;27.5;26.2;26.0;0.1;0.1;0.1;0.2;
2/2/2017 11:56:51 AM;1131;26.2;27.5;26.2;26.0;0.1;0.1;0.1;0.2;
2/2/2017 11:56:52 AM;1132;26.2;27.5;26.2;26.0;0.1;0.1;0.1;0.2;
2/2/2017 11:56:53 AM;1133;26.2;27.4;26.2;26.0;0.1;0.1;0.1;0.2;
2/2/2017 11:56:54 AM;1134;26.3;27.4;26.2;26.0;0.1;0.1;0.1;0.2;
2/2/2017 11:56:55 AM;1135;26.3;27.4;26.2;26.1;0.1;0.1;0.1;0.2;
2/2/2017 11:56:56 AM;1136;26.3;27.4;26.2;26.1;0.1;0.1;0.1;0.2;
2/2/2017 11:56:57 AM;1137;26.3;27.4;26.2;26.1;0.1;0.1;0.1;0.2;
2/2/2017 11:56:58 AM;1138;26.3;27.5;26.2;26.1;0.1;0.1;0.1;0.2;
2/2/2017 11:56:59 AM;1139;26.3;27.5;26.2;26.1;0.1;0.1;0.1;0.2;
2/2/2017 11:57:00 AM;1140;26.3;27.5;26.2;26.1;0.1;0.1;0.1;0.2;
2/2/2017 11:57:01 AM;1141;26.3;27.5;26.2;26.1;0.1;0.1;0.1;0.2;
2/2/2017 11:57:02 AM;1142;26.3;27.4;26.2;26.1;0.1;0.1;0.1;0.2;
2/2/2017 11:57:03 AM;1143;26.3;27.4;26.2;26.0;0.1;0.1;0.1;0.2;
2/2/2017 11:57:04 AM;1144;26.3;27.4;26.2;26.0;0.1;0.1;0.1;0.2;
2/2/2017 11:57:05 AM;1145;26.3;27.4;26.2;26.0;0.1;0.1;0.1;0.2;
2/2/2017 11:57:06 AM;1146;26.3;27.4;26.2;26.0;0.1;0.1;0.1;0.2;
2/2/2017 11:57:07 AM;1147;26.3;27.4;26.2;26.0;0.1;0.1;0.1;0.2;
2/2/2017 11:57:08 AM;1148;26.3;27.5;26.2;26.0;0.1;0.1;0.1;0.2;
2/2/2017 11:57:09 AM;1149;26.3;27.5;26.2;26.0;0.1;0.1;0.1;0.2;
2/2/2017 11:57:10 AM;1150;26.3;27.5;26.2;26.0;0.1;0.1;0.1;0.2;
2/2/2017 11:57:11 AM;1151;26.3;27.5;26.2;26.0;0.1;0.1;0.1;0.2;
2/2/2017 11:57:12 AM;1152;26.3;27.5;26.2;26.0;0.1;0.1;0.1;0.2;
2/2/2017 11:57:13 AM;1153;26.3;27.5;26.2;26.0;0.1;0.1;0.1;0.2;
2/2/2017 11:57:14 AM;1154;26.3;27.4;26.2;26.0;0.1;0.1;0.1;0.2;
2/2/2017 11:57:15 AM;1155;26.3;27.4;26.2;26.0;0.1;0.1;0.1;0.2;
2/2/2017 11:57:16 AM;1156;26.3;27.4;26.2;26.0;0.1;0.1;0.1;0.2;
2/2/2017 11:57:17 AM;1157;26.3;27.4;26.2;26.0;0.1;0.1;0.1;0.2;
2/2/2017 11:57:18 AM;1158;26.3;27.4;26.2;26.0;0.1;0.1;0.1;0.2;
2/2/2017 11:57:19 AM;1159;26.3;27.5;26.2;26.0;0.1;0.1;0.1;0.2;
2/2/2017 11:57:20 AM;1160;26.3;27.5;26.2;26.0;0.1;0.1;0.1;0.2;
2/2/2017 11:57:21 AM;1161;26.3;27.4;26.2;26.0;0.1;0.1;0.1;0.2;
2/2/2017 11:57:22 AM;1162;26.3;27.4;26.2;26.0;0.1;0.1;0.1;0.2;
2/2/2017 11:57:23 AM;1163;26.3;27.4;26.2;26.1;0.1;0.1;0.1;0.2;
2/2/2017 11:57:24 AM;1164;26.3;27.4;26.2;26.0;0.1;0.1;0.1;0.2;
2/2/2017 11:57:25 AM;1165;26.2;27.4;26.2;26.0;0.1;0.1;0.1;0.2;
2/2/2017 11:57:26 AM;1166;26.2;27.4;26.2;26.0;0.1;0.1;0.1;0.2;
2/2/2017 11:57:27 AM;1167;26.2;27.4;26.2;26.0;0.1;0.1;0.1;0.2;
2/2/2017 11:57:28 AM;1168;26.2;27.5;26.2;26.0;0.1;0.1;0.1;0.2;
2/2/2017 11:57:29 AM;1169;26.2;27.5;26.2;26.0;0.1;0.1;0.1;0.2;
2/2/2017 11:57:30 AM;1170;26.3;27.5;26.2;26.1;0.1;0.1;0.1;0.2;
2/2/2017 11:57:31 AM;1171;26.3;27.5;26.2;26.1;0.1;0.1;0.1;0.2;
2/2/2017 11:57:32 AM;1172;26.3;27.5;26.2;26.1;0.1;0.1;0.1;0.2;
2/2/2017 11:57:33 AM;1173;26.3;27.5;26.2;26.1;0.1;0.1;0.1;0.2;
2/2/2017 11:57:34 AM;1174;26.3;27.5;26.2;26.1;0.1;0.1;0.1;0.2;
2/2/2017 11:57:35 AM;1175;26.3;27.5;26.2;26.0;0.1;0.1;0.1;0.2;
2/2/2017 11:57:36 AM;1176;26.3;27.5;26.2;26.0;0.1;0.1;0.1;0.2;
2/2/2017 11:57:37 AM;1177;26.3;27.5;26.2;26.0;0.1;0.1;0.1;0.2;
2/2/2017 11:57:38 AM;1178;26.3;27.4;26.2;26.0;0.1;0.1;0.1;0.2;
2/2/2017 11:57:39 AM;1179;26.3;27.4;26.2;26.0;0.1;0.1;0.1;0.2;
2/2/2017 11:57:40 AM;1180;26.3;27.4;26.2;26.0;0.1;0.1;0.1;0.2;
2/2/2017 11:57:41 AM;1181;26.3;27.4;26.2;26.0;0.1;0.1;0.1;0.2;
2/2/2017 11:57:42 AM;1182;26.3;27.4;26.2;26.0;0.1;0.1;0.1;0.2;
2/2/2017 11:57:43 AM;1183;26.3;27.4;26.2;26.0;0.1;0.1;0.1;0.2;
2/2/2017 11:57:44 AM;1184;26.3;27.5;26.2;26.1;0.1;0.1;0.1;0.2;
2/2/2017 11:57:45 AM;1185;26.3;27.5;26.2;26.0;0.1;0.1;0.1;0.2;
2/2/2017 11:57:46 AM;1186;26.2;27.5;26.2;26.0;0.1;0.1;0.1;0.2;
2/2/2017 11:57:47 AM;1187;26.2;27.4;26.2;26.0;0.1;0.1;0.1;0.2;
2/2/2017 11:57:48 AM;1188;26.2;27.4;26.2;26.0;0.1;0.1;0.1;0.2;
2/2/2017 11:57:49 AM;1189;26.2;27.4;26.2;26.0;0.1;0.1;0.1;0.2;
2/2/2017 11:57:50 AM;1190;26.2;27.4;26.2;26.0;0.1;0.1;0.1;0.2;
2/2/2017 11:57:51 AM;1191;26.3;27.4;26.2;26.0;0.1;0.1;0.1;0.2;
2/2/2017 11:57:52 AM;1192;26.3;27.4;26.2;26.0;0.1;0.1;0.1;0.2;
2/2/2017 11:57:53 AM;1193;26.3;27.4;26.2;26.0;0.1;0.1;0.1;0.2;
2/2/2017 11:57:54 AM;1194;26.3;27.4;26.2;26.0;0.1;0.1;0.1;0.2;
2/2/2017 11:57:55 AM;1195;26.3;27.4;26.2;26.1;0.1;0.1;0.1;0.2;
2/2/2017 11:57:56 AM;1196;26.3;27.4;26.2;26.1;0.1;0.1;0.1;0.2;
2/2/2017 11:57:57 AM;1197;26.3;27.5;26.2;26.1;0.1;0.1;0.1;0.2;
2/2/2017 11:57:58 AM;1198;26.3;27.5;26.2;26.1;0.1;0.1;0.1;0.2;
2/2/2017 11:57:59 AM;1199;26.3;27.4;26.2;26.1;0.1;0.1;0.1;0.2;
2/2/2017 11:58:00 AM;1200;26.3;27.4;26.2;26.1;0.1;0.1;0.1;0.2;
2/2/2017 11:58:01 AM;1201;26.2;27.4;26.2;26.1;0.1;0.1;0.1;0.2;
2/2/2017 11:58:02 AM;1202;26.2;27.4;26.2;26.1;0.1;0.1;0.1;0.2;
2/2/2017 11:58:03 AM;1203;26.2;27.4;26.2;26.1;0.1;0.1;0.1;0.2;
2/2/2017 11:58:04 AM;1204;26.2;27.5;26.2;26.1;0.1;0.1;0.1;0.2;
2/2/2017 11:58:05 AM;1205;26.2;27.5;26.2;26.0;0.1;0.1;0.1;0.2;
2/2/2017 11:58:06 AM;1206;26.3;27.5;26.2;26.0;0.1;0.1;0.1;0.2;
2/2/2017 11:58:07 AM;1207;26.3;27.5;26.2;26.0;0.1;0.1;0.1;0.2;
2/2/2017 11:58:08 AM;1208;26.3;27.5;26.2;26.0;0.1;0.1;0.1;0.2;
2/2/2017 11:58:09 AM;1209;26.3;27.4;26.2;26.0;0.1;0.1;0.1;0.2;
2/2/2017 11:58:10 AM;1210;26.3;27.4;26.2;26.0;0.1;0.1;0.1;0.2;
2/2/2017 11:58:11 AM;1211;26.3;27.4;26.2;26.0;0.1;0.1;0.1;0.2;
2/2/2017 11:58:12 AM;1212;26.3;27.4;26.2;26.0;0.1;0.1;0.1;0.2;
2/2/2017 11:58:13 AM;1213;26.3;27.4;26.2;26.0;0.1;0.1;0.1;0.2;
2/2/2017 11:58:14 AM;1214;26.3;27.4;26.2;26.0;0.1;0.1;0.1;0.2;
2/2/2017 11:58:15 AM;1215;26.3;27.4;26.2;26.0;0.1;0.1;0.1;0.2;
2/2/2017 11:58:16 AM;1216;26.3;27.4;26.2;26.0;0.1;0.1;0.1;0.2;
2/2/2017 11:58:17 AM;1217;26.3;27.4;26.2;26.0;0.1;0.1;0.1;0.2;
2/2/2017 11:58:18 AM;1218;26.3;27.4;26.2;26.1;0.1;0.1;0.1;0.2;
2/2/2017 11:58:19 AM;1219;26.2;27.4;26.2;26.1;0.1;0.1;0.1;0.2;
2/2/2017 11:58:20 AM;1220;26.2;27.4;26.2;26.1;0.1;0.1;0.1;0.2;
2/2/2017 11:58:21 AM;1221;26.2;27.4;26.2;26.1;0.1;0.1;0.1;0.2;
2/2/2017 11:58:22 AM;1222;26.2;27.4;26.2;26.1;0.1;0.1;0.1;0.2;
2/2/2017 11:58:23 AM;1223;26.2;27.4;26.2;26.0;0.1;0.1;0.1;0.2;
2/2/2017 11:58:24 AM;1224;26.3;27.4;26.2;26.0;0.1;0.1;0.1;0.2;
2/2/2017 11:58:25 AM;1225;26.3;27.4;26.2;26.0;0.1;0.1;0.1;0.2;
2/2/2017 11:58:26 AM;1226;26.3;27.4;26.2;26.0;0.1;0.1;0.1;0.2;
2/2/2017 11:58:27 AM;1227;26.3;27.4;26.2;26.0;0.1;0.1;0.1;0.2;
2/2/2017 11:58:28 AM;1228;26.3;27.4;26.2;26.0;0.1;0.1;0.1;0.2;
2/2/2017 11:58:29 AM;1229;26.3;27.5;26.2;26.0;0.1;0.1;0.1;0.2;
2/2/2017 11:58:30 AM;1230;26.3;27.4;26.2;26.0;0.1;0.1;0.1;0.2;
2/2/2017 11:58:31 AM;1231;26.3;27.4;26.2;26.0;0.1;0.1;0.1;0.2;
2/2/2017 11:58:32 AM;1232;26.2;27.4;26.2;26.0;0.1;0.1;0.1;0.2;
2/2/2017 11:58:33 AM;1233;26.2;27.4;26.2;26.1;0.1;0.1;0.1;0.2;
2/2/2017 11:58:34 AM;1234;26.2;27.4;26.2;26.0;0.1;0.1;0.1;0.2;
2/2/2017 11:58:35 AM;1235;26.2;27.4;26.2;26.0;0.1;0.1;0.1;0.2;
2/2/2017 11:58:36 AM;1236;26.2;27.4;26.2;26.0;0.1;0.1;0.1;0.2;
2/2/2017 11:58:37 AM;1237;26.2;27.4;26.2;26.0;0.1;0.1;0.1;0.2;
2/2/2017 11:58:38 AM;1238;26.2;27.4;26.2;26.0;0.1;0.1;0.1;0.2;
2/2/2017 11:58:39 AM;1239;26.2;27.4;26.2;26.0;0.1;0.1;0.1;0.2;
2/2/2017 11:58:40 AM;1240;26.2;27.4;26.2;26.0;0.1;0.1;0.1;0.2;
2/2/2017 11:58:41 AM;1241;26.2;27.4;26.2;26.0;0.1;0.1;0.1;0.2;
2/2/2017 11:58:42 AM;1242;26.2;27.4;26.2;26.0;0.1;0.1;0.1;0.2;
2/2/2017 11:58:43 AM;1243;26.2;27.5;26.2;26.0;0.1;0.1;0.1;0.2;
2/2/2017 11:58:44 AM;1244;26.2;27.5;26.2;26.0;0.1;0.1;0.1;0.2;
2/2/2017 11:58:45 AM;1245;26.3;27.4;26.2;26.0;0.1;0.1;0.1;0.2;
2/2/2017 11:58:46 AM;1246;26.3;27.4;26.2;26.0;0.1;0.1;0.1;0.2;
2/2/2017 11:58:47 AM;1247;26.3;27.4;26.2;26.0;0.1;0.1;0.1;0.2;
2/2/2017 11:58:48 AM;1248;26.3;27.4;26.2;26.1;0.1;0.1;0.1;0.2;
2/2/2017 11:58:49 AM;1249;26.3;27.4;26.2;26.1;0.1;0.1;0.1;0.2;
2/2/2017 11:58:50 AM;1250;26.3;27.5;26.2;26.1;0.1;0.1;0.1;0.2;
2/2/2017 11:58:51 AM;1251;26.3;27.5;26.2;26.1;0.1;0.1;0.1;0.2;
2/2/2017 11:58:52 AM;1252;26.3;27.5;26.2;26.1;0.1;0.1;0.1;0.2;
2/2/2017 11:58:53 AM;1253;26.3;27.5;26.2;26.0;0.1;0.1;0.1;0.2;
2/2/2017 11:58:54 AM;1254;26.3;27.5;26.2;26.0;0.1;0.1;0.1;0.2;
2/2/2017 11:58:55 AM;1255;26.3;27.5;26.2;26.0;0.1;0.1;0.1;0.2;
2/2/2017 11:58:56 AM;1256;26.3;27.4;26.2;26.0;0.1;0.1;0.1;0.2;
2/2/2017 11:58:57 AM;1257;26.3;27.4;26.2;26.0;0.1;0.1;0.1;0.2;
2/2/2017 11:58:58 AM;1258;26.3;27.4;26.2;26.1;0.1;0.1;0.1;0.2;
2/2/2017 11:58:59 AM;1259;26.3;27.4;26.2;26.0;0.1;0.1;0.1;0.2;
2/2/2017 11:59:00 AM;1260;26.3;27.4;26.2;26.0;0.1;0.1;0.1;0.2;
2/2/2017 11:59:01 AM;1261;26.2;27.5;26.2;26.0;0.1;0.1;0.1;0.2;
2/2/2017 11:59:02 AM;1262;26.2;27.5;26.2;26.0;0.1;0.1;0.1;0.2;
2/2/2017 11:59:03 AM;1263;26.2;27.5;26.2;26.0;0.1;0.1;0.1;0.2;
2/2/2017 11:59:04 AM;1264;26.2;27.5;26.2;26.0;0.1;0.1;0.1;0.2;
2/2/2017 11:59:05 AM;1265;26.2;27.4;26.2;26.0;0.1;0.1;0.1;0.2;
2/2/2017 11:59:06 AM;1266;26.2;27.4;26.2;26.0;0.1;0.1;0.1;0.2;
2/2/2017 11:59:07 AM;1267;26.2;27.4;26.2;26.0;0.1;0.1;0.1;0.2;
2/2/2017 11:59:08 AM;1268;26.2;27.3;26.2;26.0;0.1;0.1;0.1;0.2;
2/2/2017 11:59:09 AM;1269;26.2;27.3;26.2;26.1;0.1;0.1;0.1;0.2;
2/2/2017 11:59:10 AM;1270;26.2;27.3;26.2;26.1;0.1;0.1;0.1;0.2;
2/2/2017 11:59:11 AM;1271;26.2;27.3;26.2;26.0;0.1;0.1;0.1;0.2;
2/2/2017 11:59:12 AM;1272;26.2;27.3;26.2;26.0;0.1;0.1;0.1;0.2;
2/2/2017 11:59:13 AM;1273;26.2;27.3;26.2;26.0;0.1;0.1;0.1;0.2;
2/2/2017 11:59:14 AM;1274;26.1;27.4;26.2;26.0;0.1;0.1;0.1;0.2;
2/2/2017 11:59:15 AM;1275;26.2;27.3;26.2;26.0;0.1;0.1;0.1;0.2;
2/2/2017 11:59:16 AM;1276;26.2;27.4;26.2;26.0;0.1;0.1;0.1;0.2;
2/2/2017 11:59:17 AM;1277;26.2;27.4;26.2;26.0;0.1;0.1;0.1;0.2;
2/2/2017 11:59:18 AM;1278;26.2;27.3;26.2;26.0;0.1;0.1;0.1;0.2;
2/2/2017 11:59:19 AM;1279;26.3;27.3;26.2;26.0;0.1;0.1;0.1;0.2;
2/2/2017 11:59:20 AM;1280;26.3;27.4;26.2;26.0;0.1;0.1;0.1;0.2;
2/2/2017 11:59:21 AM;1281;26.3;27.4;26.2;26.0;0.1;0.1;0.1;0.2;
2/2/2017 11:59:22 AM;1282;26.3;27.4;26.2;26.0;0.1;0.1;0.1;0.2;
2/2/2017 11:59:23 AM;1283;26.3;27.4;26.2;26.0;0.1;0.1;0.1;0.2;
2/2/2017 11:59:24 AM;1284;26.3;27.4;26.2;26.0;0.1;0.1;0.1;0.2;
2/2/2017 11:59:25 AM;1285;26.3;27.4;26.2;26.0;0.1;0.1;0.1;0.2;
2/2/2017 11:59:26 AM;1286;26.2;27.3;26.2;26.0;0.1;0.1;0.1;0.2;
2/2/2017 11:59:27 AM;1287;26.2;27.3;26.2;26.0;0.1;0.1;0.1;0.2;
2/2/2017 11:59:28 AM;1288;26.2;27.3;26.2;26.0;0.1;0.1;0.1;0.2;
2/2/2017 11:59:29 AM;1289;26.2;27.4;26.2;26.1;0.1;0.1;0.1;0.2;
2/2/2017 11:59:30 AM;1290;26.2;27.4;26.2;26.1;0.1;0.1;0.1;0.2;
2/2/2017 11:59:31 AM;1291;26.3;27.4;26.2;26.1;0.1;0.1;0.1;0.2;
2/2/2017 11:59:32 AM;1292;26.3;27.5;26.2;26.1;0.1;0.1;0.1;0.2;
2/2/2017 11:59:33 AM;1293;26.3;27.5;26.2;26.1;0.1;0.1;0.1;0.2;
2/2/2017 11:59:34 AM;1294;26.2;27.5;26.2;26.1;0.1;0.1;0.1;0.2;
2/2/2017 11:59:35 AM;1295;26.2;27.4;26.2;26.1;0.1;0.1;0.1;0.2;
2/2/2017 11:59:36 AM;1296;26.2;27.4;26.2;26.1;0.1;0.1;0.1;0.2;
2/2/2017 11:59:37 AM;1297;26.2;27.4;26.2;26.1;0.1;0.1;0.1;0.2;
2/2/2017 11:59:38 AM;1298;26.2;27.3;26.2;26.1;0.1;0.1;0.1;0.2;
2/2/2017 11:59:39 AM;1299;26.2;27.3;26.2;26.0;0.1;0.1;0.1;0.2;
2/2/2017 11:59:40 AM;1300;26.3;27.4;26.2;26.0;0.1;0.1;0.1;0.2;
2/2/2017 11:59:41 AM;1301;26.2;27.4;26.2;26.0;0.1;0.1;0.1;0.2;
2/2/2017 11:59:42 AM;1302;26.2;27.4;26.2;26.0;0.1;0.1;0.1;0.2;
2/2/2017 11:59:43 AM;1303;26.2;27.4;26.2;26.0;0.1;0.1;0.1;0.2;
2/2/2017 11:59:44 AM;1304;26.2;27.4;26.2;26.0;0.1;0.1;0.1;0.2;
2/2/2017 11:59:45 AM;1305;26.2;27.4;26.2;26.0;0.1;0.1;0.1;0.2;
2/2/2017 11:59:46 AM;1306;26.3;27.5;26.2;26.0;0.1;0.1;0.1;0.2;
2/2/2017 11:59:47 AM;1307;26.3;27.5;26.2;26.0;0.1;0.1;0.1;0.2;
2/2/2017 11:59:48 AM;1308;26.3;27.4;26.2;26.0;0.1;0.1;0.1;0.2;
2/2/2017 11:59:49 AM;1309;26.3;27.4;26.2;26.0;0.1;0.1;0.1;0.2;
2/2/2017 11:59:50 AM;1310;26.3;27.4;26.2;26.0;0.1;0.1;0.1;0.2;
2/2/2017 11:59:51 AM;1311;26.3;27.4;26.2;26.0;0.1;0.1;0.1;0.2;
2/2/2017 11:59:52 AM;1312;26.3;27.4;26.2;26.0;0.1;0.1;0.1;0.2;
2/2/2017 11:59:53 AM;1313;26.2;27.4;26.2;26.1;0.1;0.1;0.1;0.2;
2/2/2017 11:59:54 AM;1314;26.2;27.4;26.2;26.0;0.1;0.1;0.1;0.2;
2/2/2017 11:59:55 AM;1315;26.2;27.5;26.2;26.0;0.1;0.1;0.1;0.2;
2/2/2017 11:59:56 AM;1316;26.2;27.5;26.2;26.0;0.1;0.1;0.1;0.2;
2/2/2017 11:59:57 AM;1317;26.2;27.5;26.2;26.0;0.1;0.1;0.1;0.2;
2/2/2017 11:59:58 AM;1318;26.2;27.4;26.2;26.0;0.1;0.1;0.1;0.2;
2/2/2017 11:59:59 AM;1319;26.2;27.4;26.2;26.0;0.1;0.1;0.1;0.2;
2/2/2017 12:00:00 PM;1320;26.2;27.4;26.2;26.0;0.1;0.1;0.1;0.2;
2/2/2017 12:00:01 PM;1321;26.2;27.4;26.2;26.0;0.1;0.1;0.1;0.2;
2/2/2017 12:00:02 PM;1322;26.2;27.4;26.2;26.0;0.1;0.1;0.1;0.2;
2/2/2017 12:00:03 PM;1323;26.3;27.4;26.2;26.0;0.1;0.1;0.1;0.2;
2/2/2017 12:00:04 PM;1324;26.3;27.4;26.2;26.0;0.1;0.1;0.1;0.2;
2/2/2017 12:00:05 PM;1325;26.2;27.4;26.2;26.0;0.1;0.1;0.1;0.2;
2/2/2017 12:00:06 PM;1326;26.2;27.4;26.2;26.0;0.1;0.1;0.1;0.2;
2/2/2017 12:00:07 PM;1327;26.2;27.4;26.2;26.1;0.1;0.1;0.1;0.2;
2/2/2017 12:00:08 PM;1328;26.2;27.4;26.2;26.1;0.1;0.1;0.1;0.2;
2/2/2017 12:00:09 PM;1329;26.2;27.4;26.2;26.0;0.1;0.1;0.1;0.2;
2/2/2017 12:00:10 PM;1330;26.3;27.4;26.2;26.0;0.1;0.1;0.1;0.2;
2/2/2017 12:00:11 PM;1331;26.3;27.4;26.2;26.0;0.1;0.1;0.1;0.2;
2/2/2017 12:00:12 PM;1332;26.3;27.4;26.2;26.0;0.1;0.1;0.1;0.2;
2/2/2017 12:00:13 PM;1333;26.3;27.4;26.2;26.0;0.1;0.1;0.1;0.2;
2/2/2017 12:00:14 PM;1334;26.3;27.3;26.2;26.0;0.1;0.1;0.1;0.2;
2/2/2017 12:00:15 PM;1335;26.3;27.3;26.2;26.0;0.1;0.1;0.1;0.2;
2/2/2017 12:00:16 PM;1336;26.3;27.3;26.2;26.0;0.1;0.1;0.1;0.2;
2/2/2017 12:00:17 PM;1337;26.3;27.3;26.2;26.0;0.1;0.1;0.1;0.2;
2/2/2017 12:00:18 PM;1338;26.3;27.3;26.2;26.0;0.1;0.1;0.1;0.2;
2/2/2017 12:00:19 PM;1339;26.3;27.4;26.2;26.0;0.1;0.1;0.1;0.2;
2/2/2017 12:00:20 PM;1340;26.3;27.4;26.2;26.0;0.1;0.1;0.1;0.2;
2/2/2017 12:00:21 PM;1341;26.3;27.4;26.2;26.0;0.1;0.1;0.1;0.2;
2/2/2017 12:00:22 PM;1342;26.2;27.5;26.2;26.1;0.1;0.1;0.1;0.2;
2/2/2017 12:00:23 PM;1343;26.2;27.5;26.2;26.1;0.1;0.1;0.1;0.2;
2/2/2017 12:00:24 PM;1344;26.2;27.4;26.2;26.0;0.1;0.1;0.1;0.2;
2/2/2017 12:00:25 PM;1345;26.2;27.4;26.1;26.0;0.1;0.1;0.1;0.2;
2/2/2017 12:00:26 PM;1346;26.2;27.4;26.1;26.0;0.1;0.1;0.1;0.2;
2/2/2017 12:00:27 PM;1347;26.3;27.4;26.1;26.0;0.1;0.1;0.1;0.2;
2/2/2017 12:00:28 PM;1348;26.3;27.4;26.1;26.0;0.1;0.1;0.1;0.2;
2/2/2017 12:00:29 PM;1349;26.3;27.4;26.1;26.0;0.1;0.1;0.1;0.2;
2/2/2017 12:00:30 PM;1350;26.3;27.4;26.2;26.0;0.1;0.1;0.1;0.2;
2/2/2017 12:00:31 PM;1351;26.3;27.4;26.2;26.0;0.1;0.1;0.1;0.2;
2/2/2017 12:00:32 PM;1352;26.3;27.4;26.2;26.1;0.1;0.1;0.1;0.2;
2/2/2017 12:00:33 PM;1353;26.3;27.4;26.2;26.1;0.1;0.1;0.1;0.2;
2/2/2017 12:00:34 PM;1354;26.3;27.4;26.2;26.0;0.1;0.1;0.1;0.2;
2/2/2017 12:00:35 PM;1355;26.3;27.5;26.2;26.0;0.1;0.1;0.1;0.2;
2/2/2017 12:00:36 PM;1356;26.3;27.5;26.2;26.0;0.1;0.1;0.1;0.2;
2/2/2017 12:00:37 PM;1357;26.3;27.5;26.2;26.0;0.1;0.1;0.1;0.2;
2/2/2017 12:00:38 PM;1358;26.3;27.4;26.2;26.0;0.1;0.1;0.1;0.2;
2/2/2017 12:00:39 PM;1359;26.3;27.4;26.2;26.0;0.1;0.1;0.1;0.2;
2/2/2017 12:00:40 PM;1360;26.3;27.4;26.2;26.0;0.1;0.1;0.1;0.2;
2/2/2017 12:00:41 PM;1361;26.3;27.4;26.2;26.0;0.1;0.1;0.1;0.2;
2/2/2017 12:00:42 PM;1362;26.3;27.4;26.2;26.0;0.1;0.1;0.1;0.2;
2/2/2017 12:00:43 PM;1363;26.3;27.5;26.2;26.0;0.1;0.1;0.1;0.2;
2/2/2017 12:00:44 PM;1364;26.3;27.5;26.2;26.0;0.1;0.1;0.1;0.2;
2/2/2017 12:00:45 PM;1365;26.3;27.5;26.2;26.0;0.1;0.1;0.1;0.2;
2/2/2017 12:00:46 PM;1366;26.3;27.5;26.2;26.0;0.1;0.1;0.1;0.2;
2/2/2017 12:00:47 PM;1367;26.3;27.5;26.2;26.0;0.1;0.1;0.1;0.2;
2/2/2017 12:00:48 PM;1368;26.3;27.5;26.2;26.0;0.1;0.1;0.1;0.2;
2/2/2017 12:00:49 PM;1369;26.3;27.5;26.2;26.0;0.1;0.1;0.1;0.2;
2/2/2017 12:00:50 PM;1370;26.3;27.5;26.2;26.0;0.1;0.1;0.1;0.2;
2/2/2017 12:00:51 PM;1371;26.3;27.5;26.2;26.0;0.1;0.1;0.1;0.2;
2/2/2017 12:00:52 PM;1372;26.3;27.5;26.2;26.0;0.1;0.1;0.1;0.2;
2/2/2017 12:00:53 PM;1373;26.3;27.5;26.2;26.0;0.1;0.1;0.1;0.2;
2/2/2017 12:00:54 PM;1374;26.3;27.5;26.2;26.0;0.1;0.1;0.1;0.2;
2/2/2017 12:00:55 PM;1375;26.3;27.5;26.2;26.0;0.1;0.1;0.1;0.2;
2/2/2017 12:00:56 PM;1376;26.3;27.5;26.2;26.0;0.1;0.1;0.1;0.2;
2/2/2017 12:00:57 PM;1377;26.3;27.5;26.2;26.0;0.1;0.1;0.1;0.2;
2/2/2017 12:00:58 PM;1378;26.3;27.5;26.2;26.0;0.1;0.1;0.1;0.2;
2/2/2017 12:00:59 PM;1379;26.3;27.5;26.2;26.0;0.1;0.1;0.1;0.2;
2/2/2017 12:01:00 PM;1380;26.3;27.5;26.2;26.1;0.1;0.1;0.1;0.2;
2/2/2017 12:01:01 PM;1381;26.3;27.5;26.2;26.1;0.1;0.1;0.1;0.2;
2/2/2017 12:01:02 PM;1382;26.3;27.5;26.2;26.0;0.1;0.1;0.1;0.2;
2/2/2017 12:01:03 PM;1383;26.3;27.5;26.2;26.0;0.1;0.1;0.1;0.2;
2/2/2017 12:01:04 PM;1384;26.3;27.5;26.2;26.0;0.1;0.1;0.1;0.2;
2/2/2017 12:01:05 PM;1385;26.3;27.5;26.2;26.0;0.1;0.1;0.1;0.2;
2/2/2017 12:01:06 PM;1386;26.3;27.5;26.2;26.0;0.1;0.1;0.1;0.2;
2/2/2017 12:01:07 PM;1387;26.3;27.5;26.2;26.0;0.1;0.1;0.1;0.2;
2/2/2017 12:01:08 PM;1388;26.3;27.5;26.2;26.0;0.1;0.1;0.1;0.2;
2/2/2017 12:01:09 PM;1389;26.3;27.5;26.2;26.0;0.1;0.1;0.1;0.2;
2/2/2017 12:01:10 PM;1390;26.3;27.5;26.2;26.0;0.1;0.1;0.1;0.2;
2/2/2017 12:01:11 PM;1391;26.3;27.5;26.2;26.0;0.1;0.1;0.1;0.2;
2/2/2017 12:01:12 PM;1392;26.3;27.5;26.2;26.0;0.1;0.1;0.1;0.2;
2/2/2017 12:01:13 PM;1393;26.3;27.5;26.2;26.0;0.1;0.1;0.1;0.2;
2/2/2017 12:01:14 PM;1394;26.3;27.5;26.2;26.0;0.1;0.1;0.1;0.2;
2/2/2017 12:01:15 PM;1395;26.3;27.5;26.2;26.0;0.1;0.1;0.1;0.2;
2/2/2017 12:01:16 PM;1396;26.3;27.5;26.2;26.0;0.1;0.1;0.1;0.2;
2/2/2017 12:01:17 PM;1397;26.3;27.5;26.2;26.0;0.1;0.1;0.1;0.2;
2/2/2017 12:01:18 PM;1398;26.3;27.5;26.2;26.0;0.1;0.1;0.1;0.2;
2/2/2017 12:01:19 PM;1399;26.3;27.5;26.2;26.0;0.1;0.1;0.1;0.2;
2/2/2017 12:01:20 PM;1400;26.3;27.5;26.2;26.0;0.1;0.1;0.1;0.2;
2/2/2017 12:01:21 PM;1401;26.3;27.5;26.2;26.0;0.1;0.1;0.1;0.2;
2/2/2017 12:01:22 PM;1402;26.3;27.5;26.2;26.0;0.1;0.1;0.1;0.2;
2/2/2017 12:01:23 PM;1403;26.3;27.5;26.2;26.0;0.1;0.1;0.1;0.2;
2/2/2017 12:01:24 PM;1404;26.3;27.5;26.2;26.0;0.1;0.1;0.1;0.2;
2/2/2017 12:01:25 PM;1405;26.3;27.5;26.2;26.0;0.1;0.1;0.1;0.2;
2/2/2017 12:01:26 PM;1406;26.3;27.5;26.2;26.0;0.1;0.1;0.1;0.2;
2/2/2017 12:01:27 PM;1407;26.3;27.5;26.2;26.0;0.1;0.1;0.1;0.2;
2/2/2017 12:01:28 PM;1408;26.3;27.5;26.2;26.0;0.1;0.1;0.1;0.2;
2/2/2017 12:01:29 PM;1409;26.3;27.5;26.2;26.1;0.1;0.1;0.1;0.2;
2/2/2017 12:01:30 PM;1410;26.3;27.5;26.2;26.0;0.1;0.1;0.1;0.2;
2/2/2017 12:01:31 PM;1411;26.3;27.5;26.2;26.0;0.1;0.1;0.1;0.2;
2/2/2017 12:01:32 PM;1412;26.3;27.5;26.2;26.0;0.1;0.1;0.1;0.2;
2/2/2017 12:01:33 PM;1413;26.3;27.5;26.2;26.0;0.1;0.1;0.1;0.2;
2/2/2017 12:01:34 PM;1414;26.3;27.6;26.2;26.0;0.1;0.1;0.1;0.2;
2/2/2017 12:01:35 PM;1415;26.3;27.6;26.2;26.0;0.1;0.1;0.1;0.2;
2/2/2017 12:01:36 PM;1416;26.3;27.6;26.2;26.0;0.1;0.1;0.1;0.2;
2/2/2017 12:01:37 PM;1417;26.3;27.6;26.2;26.0;0.1;0.1;0.1;0.2;
2/2/2017 12:01:38 PM;1418;26.3;27.7;26.2;26.1;0.1;0.1;0.1;0.2;
2/2/2017 12:01:39 PM;1419;26.4;27.7;26.2;26.0;0.1;0.1;0.1;0.2;
2/2/2017 12:01:40 PM;1420;26.4;27.7;26.2;26.0;0.1;0.1;0.1;0.2;
2/2/2017 12:01:41 PM;1421;26.4;27.7;26.2;26.0;0.1;0.1;0.1;0.2;
2/2/2017 12:01:42 PM;1422;26.5;27.7;26.2;26.0;0.1;0.1;0.1;0.2;
2/2/2017 12:01:43 PM;1423;26.5;27.7;26.2;26.0;0.1;0.1;0.1;0.2;
2/2/2017 12:01:44 PM;1424;26.5;27.7;26.2;26.1;0.1;0.1;0.1;0.2;
2/2/2017 12:01:45 PM;1425;26.5;27.7;26.2;26.1;0.1;0.1;0.1;0.2;
2/2/2017 12:01:46 PM;1426;26.5;27.7;26.2;26.0;0.1;0.1;0.1;0.2;
2/2/2017 12:01:47 PM;1427;26.5;27.7;26.2;26.0;0.1;0.1;0.1;0.2;
2/2/2017 12:01:48 PM;1428;26.5;27.7;26.2;26.0;0.1;0.1;0.1;0.2;
2/2/2017 12:01:49 PM;1429;26.5;27.7;26.2;26.0;0.1;0.1;0.1;0.2;
2/2/2017 12:01:50 PM;1430;26.5;27.7;26.2;26.0;0.1;0.1;0.1;0.2;
2/2/2017 12:01:51 PM;1431;26.5;27.7;26.2;26.0;0.1;0.1;0.1;0.2;
2/2/2017 12:01:52 PM;1432;26.5;27.7;26.2;26.1;0.1;0.1;0.1;0.2;
2/2/2017 12:01:53 PM;1433;26.5;27.7;26.2;26.1;0.1;0.1;0.1;0.2;
2/2/2017 12:01:54 PM;1434;26.5;27.7;26.2;26.1;0.1;0.1;0.1;0.2;
2/2/2017 12:01:55 PM;1435;26.5;27.7;26.2;26.1;0.1;0.1;0.1;0.2;
2/2/2017 12:01:56 PM;1436;26.5;27.7;26.2;26.1;0.1;0.1;0.1;0.2;
2/2/2017 12:01:57 PM;1437;26.5;27.7;26.2;26.1;0.1;0.1;0.1;0.2;
2/2/2017 12:01:58 PM;1438;26.5;27.8;26.2;26.1;0.1;0.1;0.1;0.2;
2/2/2017 12:01:59 PM;1439;26.5;27.8;26.2;26.1;0.1;0.1;0.1;0.2;
2/2/2017 12:02:00 PM;1440;26.5;27.8;26.2;26.1;0.1;0.1;0.1;0.2;
2/2/2017 12:02:01 PM;1441;26.6;27.8;26.2;26.1;0.1;0.1;0.1;0.2;
2/2/2017 12:02:02 PM;1442;26.6;27.9;26.2;26.1;0.1;0.1;0.1;0.2;
2/2/2017 12:02:03 PM;1443;26.6;27.9;26.2;26.1;0.1;0.1;0.1;0.2;
2/2/2017 12:02:04 PM;1444;26.6;27.9;26.2;26.1;0.1;0.1;0.1;0.2;
2/2/2017 12:02:05 PM;1445;26.6;27.9;26.2;26.1;0.1;0.1;0.1;0.2;
2/2/2017 12:02:06 PM;1446;26.6;27.9;26.2;26.2;0.1;0.1;0.1;0.2;
2/2/2017 12:02:07 PM;1447;26.6;27.9;26.2;26.2;0.1;0.1;0.1;0.2;
2/2/2017 12:02:08 PM;1448;26.6;27.9;26.2;26.2;0.1;0.1;0.1;0.2;
2/2/2017 12:02:09 PM;1449;26.6;27.9;26.2;26.2;0.1;0.1;0.1;0.2;
2/2/2017 12:02:10 PM;1450;26.7;27.9;26.2;26.2;0.1;0.1;0.1;0.2;
2/2/2017 12:02:11 PM;1451;26.7;28.0;26.2;26.2;0.1;0.1;0.1;0.2;
2/2/2017 12:02:12 PM;1452;26.7;28.0;26.2;26.2;0.1;0.1;0.1;0.2;
2/2/2017 12:02:13 PM;1453;26.7;28.0;26.2;26.2;0.1;0.1;0.1;0.2;
2/2/2017 12:02:14 PM;1454;26.8;28.0;26.2;26.2;0.1;0.1;0.1;0.2;
2/2/2017 12:02:15 PM;1455;26.8;28.0;26.2;26.2;0.1;0.1;0.1;0.2;
2/2/2017 12:02:16 PM;1456;26.9;28.0;26.2;26.2;0.1;0.1;0.1;0.2;
2/2/2017 12:02:17 PM;1457;26.9;28.1;26.2;26.2;0.1;0.1;0.1;0.2;
2/2/2017 12:02:18 PM;1458;26.9;28.1;26.2;26.2;0.1;0.1;0.1;0.2;
2/2/2017 12:02:19 PM;1459;26.9;28.1;26.2;26.2;0.1;0.1;0.1;0.2;
2/2/2017 12:02:20 PM;1460;26.9;28.1;26.2;26.2;0.1;0.1;0.1;0.2;
2/2/2017 12:02:21 PM;1461;26.9;28.1;26.2;26.2;0.1;0.1;0.1;0.2;
2/2/2017 12:02:22 PM;1462;26.9;28.1;26.2;26.2;0.1;0.1;0.1;0.2;
2/2/2017 12:02:23 PM;1463;26.9;28.1;26.2;26.2;0.1;0.1;0.1;0.2;
2/2/2017 12:02:24 PM;1464;26.9;28.2;26.2;26.2;0.1;0.1;0.1;0.2;
2/2/2017 12:02:25 PM;1465;26.9;28.2;26.2;26.2;0.1;0.1;0.1;0.2;
2/2/2017 12:02:26 PM;1466;27.0;28.2;26.2;26.2;0.1;0.1;0.1;0.2;
2/2/2017 12:02:27 PM;1467;27.0;28.2;26.2;26.2;0.1;0.1;0.1;0.2;
2/2/2017 12:02:28 PM;1468;27.1;28.2;26.2;26.2;0.1;0.1;0.1;0.2;
2/2/2017 12:02:29 PM;1469;27.1;28.3;26.2;26.2;0.1;0.1;0.1;0.2;
2/2/2017 12:02:30 PM;1470;27.1;28.3;26.2;26.2;0.1;0.1;0.1;0.2;
2/2/2017 12:02:31 PM;1471;27.1;28.3;26.2;26.2;0.1;0.1;0.1;0.2;
2/2/2017 12:02:32 PM;1472;27.1;28.3;26.2;26.2;0.1;0.1;0.1;0.2;
2/2/2017 12:02:33 PM;1473;27.1;28.4;26.2;26.2;0.1;0.1;0.1;0.2;
2/2/2017 12:02:34 PM;1474;27.2;28.4;26.2;26.2;0.1;0.1;0.1;0.2;
2/2/2017 12:02:35 PM;1475;27.3;28.4;26.2;26.2;0.1;0.1;0.1;0.2;
2/2/2017 12:02:36 PM;1476;27.3;28.4;26.2;26.2;0.1;0.1;0.1;0.2;
2/2/2017 12:02:37 PM;1477;27.3;28.5;26.2;26.2;0.1;0.1;0.1;0.2;
2/2/2017 12:02:38 PM;1478;27.3;28.5;26.2;26.2;0.1;0.1;0.1;0.2;
2/2/2017 12:02:39 PM;1479;27.3;28.5;26.2;26.2;0.1;0.1;0.1;0.2;
2/2/2017 12:02:40 PM;1480;27.4;28.5;26.2;26.3;0.1;0.1;0.1;0.2;
2/2/2017 12:02:41 PM;1481;27.4;28.5;26.2;26.3;0.1;0.1;0.1;0.2;
2/2/2017 12:02:42 PM;1482;27.5;28.5;26.2;26.3;0.1;0.1;0.1;0.2;
2/2/2017 12:02:43 PM;1483;27.4;28.6;26.2;26.4;0.1;0.1;0.1;0.2;
2/2/2017 12:02:44 PM;1484;27.4;28.6;26.2;26.4;0.1;0.1;0.1;0.2;
2/2/2017 12:02:45 PM;1485;27.4;28.8;26.2;26.4;0.1;0.1;0.1;0.2;
2/2/2017 12:02:46 PM;1486;27.4;28.9;26.3;26.4;0.1;0.1;0.1;0.2;
2/2/2017 12:02:47 PM;1487;27.5;28.9;26.3;26.4;0.1;0.1;0.1;0.2;
2/2/2017 12:02:48 PM;1488;27.6;28.9;26.3;26.4;0.1;0.1;0.1;0.2;
2/2/2017 12:02:49 PM;1489;27.6;28.9;26.3;26.4;0.1;0.1;0.1;0.2;
2/2/2017 12:02:50 PM;1490;27.6;28.9;26.3;26.4;0.1;0.1;0.1;0.2;
2/2/2017 12:02:51 PM;1491;27.6;29.0;26.2;26.4;0.1;0.1;0.1;0.2;
2/2/2017 12:02:52 PM;1492;27.5;29.0;26.3;26.4;0.1;0.1;0.1;0.2;
2/2/2017 12:02:53 PM;1493;27.5;29.0;26.3;26.4;0.1;0.1;0.1;0.2;
2/2/2017 12:02:54 PM;1494;27.6;29.0;26.3;26.4;0.1;0.1;0.1;0.2;
2/2/2017 12:02:55 PM;1495;27.7;29.1;26.3;26.4;0.1;0.1;0.1;0.2;
2/2/2017 12:02:56 PM;1496;27.8;29.1;26.3;26.4;0.1;0.1;0.1;0.2;
2/2/2017 12:02:57 PM;1497;27.9;29.2;26.3;26.4;0.1;0.1;0.1;0.2;
2/2/2017 12:02:58 PM;1498;28.0;29.3;26.3;26.4;0.1;0.1;0.1;0.2;
2/2/2017 12:02:59 PM;1499;28.1;29.4;26.3;26.5;0.1;0.1;0.1;0.2;
2/2/2017 12:03:00 PM;1500;28.2;29.4;26.3;26.5;0.1;0.1;0.1;0.2;
2/2/2017 12:03:01 PM;1501;28.2;29.5;26.3;26.6;0.1;0.1;0.1;0.2;
2/2/2017 12:03:02 PM;1502;28.1;29.6;26.3;26.6;0.1;0.1;0.1;0.2;
2/2/2017 12:03:03 PM;1503;28.1;29.6;26.3;26.6;0.1;0.1;0.1;0.2;
2/2/2017 12:03:04 PM;1504;28.1;29.7;26.3;26.6;0.1;0.1;0.1;0.2;
2/2/2017 12:03:05 PM;1505;28.2;29.7;26.3;26.6;0.1;0.1;0.1;0.2;
2/2/2017 12:03:06 PM;1506;28.2;29.8;26.3;26.6;0.1;0.1;0.1;0.2;
2/2/2017 12:03:07 PM;1507;28.3;29.8;26.3;26.6;0.1;0.1;0.1;0.2;
2/2/2017 12:03:08 PM;1508;28.4;29.8;26.3;26.6;0.1;0.1;0.1;0.2;
2/2/2017 12:03:09 PM;1509;28.4;29.9;26.3;26.6;0.1;0.1;0.1;0.2;
2/2/2017 12:03:10 PM;1510;28.4;30.0;26.3;26.6;0.1;0.1;0.1;0.2;
2/2/2017 12:03:11 PM;1511;28.5;30.0;26.3;26.7;0.1;0.1;0.1;0.2;
2/2/2017 12:03:12 PM;1512;28.6;30.0;26.3;26.7;0.1;0.1;0.1;0.2;
2/2/2017 12:03:13 PM;1513;28.7;30.1;26.3;26.8;0.1;0.1;0.1;0.2;
2/2/2017 12:03:14 PM;1514;28.9;30.1;26.4;26.8;0.1;0.1;0.1;0.2;
2/2/2017 12:03:15 PM;1515;29.1;30.2;26.4;26.8;0.1;0.1;0.1;0.2;
2/2/2017 12:03:16 PM;1516;29.2;30.3;26.4;26.8;0.1;0.1;0.1;0.2;
2/2/2017 12:03:17 PM;1517;29.3;30.4;26.4;26.8;0.1;0.1;0.1;0.2;
2/2/2017 12:03:18 PM;1518;29.3;30.5;26.4;26.8;0.1;0.1;0.1;0.2;
2/2/2017 12:03:19 PM;1519;29.3;30.5;26.4;26.8;0.1;0.1;0.1;0.2;
2/2/2017 12:03:20 PM;1520;29.3;30.7;26.4;26.8;0.1;0.1;0.1;0.2;
2/2/2017 12:03:21 PM;1521;29.2;30.8;26.4;26.9;0.1;0.1;0.1;0.2;
2/2/2017 12:03:22 PM;1522;29.3;30.8;26.4;26.9;0.1;0.1;0.1;0.2;
2/2/2017 12:03:23 PM;1523;29.4;30.9;26.4;27.0;0.1;0.1;0.1;0.2;
2/2/2017 12:03:24 PM;1524;29.5;30.9;26.4;27.0;0.1;0.1;0.1;0.2;
2/2/2017 12:03:25 PM;1525;29.6;30.9;26.4;27.0;0.1;0.1;0.1;0.2;
2/2/2017 12:03:26 PM;1526;29.8;31.0;26.4;27.0;0.1;0.1;0.1;0.2;
2/2/2017 12:03:27 PM;1527;29.9;31.1;26.4;27.1;0.1;0.1;0.1;0.2;
2/2/2017 12:03:28 PM;1528;29.9;31.2;26.4;27.1;0.1;0.1;0.1;0.2;
2/2/2017 12:03:29 PM;1529;30.0;31.3;26.5;27.2;0.1;0.1;0.1;0.2;
2/2/2017 12:03:30 PM;1530;30.0;31.4;26.5;27.2;0.1;0.1;0.1;0.2;
2/2/2017 12:03:31 PM;1531;30.0;31.5;26.5;27.2;0.1;0.1;0.1;0.2;
2/2/2017 12:03:32 PM;1532;30.0;31.5;26.5;27.2;0.1;0.1;0.1;0.2;
2/2/2017 12:03:33 PM;1533;29.9;31.5;26.5;27.2;0.1;0.1;0.1;0.2;
2/2/2017 12:03:34 PM;1534;29.9;31.6;26.5;27.2;0.1;0.1;0.1;0.2;
2/2/2017 12:03:35 PM;1535;30.0;31.7;26.5;27.2;0.1;0.1;0.1;0.2;
2/2/2017 12:03:36 PM;1536;30.1;31.7;26.5;27.2;0.1;0.1;0.1;0.2;
2/2/2017 12:03:37 PM;1537;30.1;31.7;26.5;27.3;0.1;0.1;0.1;0.2;
2/2/2017 12:03:38 PM;1538;30.2;31.8;26.5;27.3;0.1;0.1;0.1;0.2;
2/2/2017 12:03:39 PM;1539;30.1;31.9;26.5;27.4;0.1;0.1;0.1;0.2;
2/2/2017 12:03:40 PM;1540;30.2;31.8;26.5;27.4;0.1;0.1;0.1;0.2;
2/2/2017 12:03:41 PM;1541;30.2;32.0;26.5;27.4;0.1;0.1;0.1;0.2;
2/2/2017 12:03:42 PM;1542;30.4;32.2;26.5;27.5;0.1;0.1;0.1;0.2;
2/2/2017 12:03:43 PM;1543;30.7;32.3;26.5;27.5;0.1;0.1;0.1;0.2;
2/2/2017 12:03:44 PM;1544;31.0;32.3;26.5;27.6;0.1;0.1;0.1;0.2;
2/2/2017 12:03:45 PM;1545;31.3;32.4;26.5;27.6;0.1;0.1;0.1;0.2;
2/2/2017 12:03:46 PM;1546;31.3;32.5;26.5;27.6;0.1;0.1;0.1;0.2;
2/2/2017 12:03:47 PM;1547;31.3;32.5;26.5;27.7;0.1;0.1;0.1;0.2;
2/2/2017 12:03:48 PM;1548;31.2;32.7;26.5;27.7;0.1;0.1;0.1;0.2;
2/2/2017 12:03:49 PM;1549;31.3;32.9;26.5;27.8;0.1;0.1;0.1;0.2;
2/2/2017 12:03:50 PM;1550;31.5;32.9;26.5;27.8;0.1;0.1;0.1;0.2;
2/2/2017 12:03:51 PM;1551;31.7;33.0;26.5;27.8;0.1;0.1;0.1;0.2;
2/2/2017 12:03:52 PM;1552;31.8;33.2;26.5;27.9;0.1;0.1;0.1;0.2;
2/2/2017 12:03:53 PM;1553;31.9;33.2;26.6;27.9;0.1;0.1;0.1;0.2;
2/2/2017 12:03:54 PM;1554;31.8;33.4;26.7;27.9;0.1;0.1;0.1;0.2;
2/2/2017 12:03:55 PM;1555;31.7;33.7;26.7;28.0;0.1;0.1;0.1;0.2;
2/2/2017 12:03:56 PM;1556;31.9;33.8;26.9;28.0;0.1;0.1;0.1;0.2;
2/2/2017 12:03:57 PM;1557;32.4;33.8;26.9;28.1;0.1;0.1;0.1;0.2;
2/2/2017 12:03:58 PM;1558;32.8;34.1;27.0;28.1;0.1;0.1;0.1;0.2;
2/2/2017 12:03:59 PM;1559;33.0;34.1;27.0;28.2;0.1;0.1;0.1;0.2;
2/2/2017 12:04:00 PM;1560;33.1;34.0;27.1;28.2;0.1;0.1;0.1;0.2;
2/2/2017 12:04:01 PM;1561;33.1;34.0;27.1;28.2;0.1;0.1;0.1;0.2;
2/2/2017 12:04:02 PM;1562;33.0;34.0;27.1;28.2;0.1;0.1;0.1;0.2;
2/2/2017 12:04:03 PM;1563;33.0;34.0;27.1;28.2;0.1;0.1;0.1;0.2;
2/2/2017 12:04:04 PM;1564;33.0;34.1;27.1;28.3;0.1;0.1;0.1;0.2;
2/2/2017 12:04:05 PM;1565;33.2;34.3;27.1;28.3;0.1;0.1;0.1;0.2;
2/2/2017 12:04:06 PM;1566;33.4;34.5;27.1;28.4;0.1;0.1;0.1;0.2;
2/2/2017 12:04:07 PM;1567;33.5;34.7;27.1;28.5;0.1;0.1;0.1;0.2;
2/2/2017 12:04:08 PM;1568;33.6;34.7;27.1;28.5;0.1;0.1;0.1;0.2;
2/2/2017 12:04:09 PM;1569;33.6;34.8;27.1;28.6;0.1;0.1;0.1;0.2;
2/2/2017 12:04:10 PM;1570;33.6;34.9;27.1;28.7;0.1;0.1;0.1;0.2;
2/2/2017 12:04:11 PM;1571;33.8;35.2;27.1;28.7;0.1;0.1;0.1;0.2;
2/2/2017 12:04:12 PM;1572;34.0;35.3;27.1;28.7;0.1;0.1;0.1;0.2;
2/2/2017 12:04:13 PM;1573;34.5;35.6;27.1;28.7;0.1;0.1;0.1;0.2;
2/2/2017 12:04:14 PM;1574;34.9;35.8;27.2;28.8;0.1;0.1;0.1;0.2;
2/2/2017 12:04:15 PM;1575;35.1;36.1;27.2;28.9;0.1;0.1;0.1;0.2;
2/2/2017 12:04:16 PM;1576;35.1;36.2;27.2;29.0;0.1;0.1;0.1;0.2;
2/2/2017 12:04:17 PM;1577;35.1;36.3;27.1;29.1;0.1;0.1;0.1;0.2;
2/2/2017 12:04:18 PM;1578;34.7;36.5;27.2;29.1;0.1;0.1;0.1;0.2;
2/2/2017 12:04:19 PM;1579;34.7;36.6;27.2;29.2;0.1;0.1;0.1;0.2;
2/2/2017 12:04:20 PM;1580;35.0;36.7;27.2;29.3;0.1;0.1;0.1;0.2;
2/2/2017 12:04:21 PM;1581;35.3;36.9;27.2;29.3;0.1;0.1;0.1;0.2;
2/2/2017 12:04:22 PM;1582;35.3;37.3;27.3;29.4;0.1;0.1;0.1;0.2;
2/2/2017 12:04:23 PM;1583;35.7;37.5;27.3;29.5;0.1;0.1;0.1;0.2;
2/2/2017 12:04:24 PM;1584;35.9;37.7;27.3;29.6;0.1;0.1;0.1;0.2;
2/2/2017 12:04:25 PM;1585;35.8;37.6;27.4;29.6;0.1;0.1;0.1;0.2;
2/2/2017 12:04:26 PM;1586;35.8;37.5;27.4;29.7;0.1;0.1;0.1;0.2;
2/2/2017 12:04:27 PM;1587;36.1;37.6;27.5;29.7;0.1;0.1;0.1;0.2;
2/2/2017 12:04:28 PM;1588;36.5;37.7;27.5;29.8;0.1;0.1;0.1;0.2;
2/2/2017 12:04:29 PM;1589;37.1;38.0;27.5;29.8;0.1;0.1;0.1;0.2;
2/2/2017 12:04:30 PM;1590;37.5;38.3;27.5;29.9;0.1;0.1;0.1;0.2;
2/2/2017 12:04:31 PM;1591;38.0;38.6;27.5;30.0;0.1;0.1;0.1;0.2;
2/2/2017 12:04:32 PM;1592;38.3;38.8;27.5;30.1;0.1;0.1;0.1;0.2;
2/2/2017 12:04:33 PM;1593;38.2;38.7;27.6;30.2;0.1;0.1;0.1;0.2;
2/2/2017 12:04:34 PM;1594;37.9;38.6;27.6;30.3;0.1;0.1;0.1;0.2;
2/2/2017 12:04:35 PM;1595;37.8;38.7;27.6;30.3;0.1;0.1;0.1;0.2;
2/2/2017 12:04:36 PM;1596;37.6;38.8;27.6;30.3;0.1;0.1;0.1;0.2;
2/2/2017 12:04:37 PM;1597;37.4;38.9;27.7;30.3;0.1;0.1;0.1;0.2;
2/2/2017 12:04:38 PM;1598;37.5;39.2;27.7;30.4;0.1;0.1;0.1;0.2;
2/2/2017 12:04:39 PM;1599;37.7;39.4;27.7;30.5;0.1;0.1;0.1;0.2;
2/2/2017 12:04:40 PM;1600;37.9;39.8;27.7;30.6;0.1;0.1;0.1;0.2;
2/2/2017 12:04:41 PM;1601;38.1;40.1;27.7;30.7;0.1;0.1;0.1;0.2;
2/2/2017 12:04:42 PM;1602;38.3;40.3;27.7;30.8;0.1;0.1;0.1;0.2;
2/2/2017 12:04:43 PM;1603;38.3;40.5;27.7;30.9;0.1;0.1;0.1;0.2;
2/2/2017 12:04:44 PM;1604;38.4;40.5;27.7;31.0;0.1;0.1;0.1;0.2;
2/2/2017 12:04:45 PM;1605;38.5;40.7;27.7;31.2;0.1;0.1;0.1;0.2;
2/2/2017 12:04:46 PM;1606;38.5;40.9;27.7;31.3;0.1;0.1;0.1;0.2;
2/2/2017 12:04:47 PM;1607;38.9;41.1;27.7;31.5;0.1;0.1;0.1;0.2;
2/2/2017 12:04:48 PM;1608;39.4;41.2;27.7;31.6;0.1;0.1;0.1;0.2;
2/2/2017 12:04:49 PM;1609;39.8;41.6;27.7;31.6;0.1;0.1;0.1;0.2;
2/2/2017 12:04:50 PM;1610;39.8;41.7;27.7;31.6;0.1;0.1;0.1;0.2;
2/2/2017 12:04:51 PM;1611;39.8;41.8;27.7;31.6;0.1;0.1;0.1;0.2;
2/2/2017 12:04:52 PM;1612;39.7;42.1;27.7;31.6;0.1;0.1;0.1;0.2;
2/2/2017 12:04:53 PM;1613;39.7;42.4;27.7;31.8;0.1;0.1;0.1;0.2;
2/2/2017 12:04:54 PM;1614;39.6;42.6;27.7;31.9;0.1;0.1;0.1;0.2;
2/2/2017 12:04:55 PM;1615;40.1;42.7;27.7;32.0;0.1;0.1;0.1;0.2;
2/2/2017 12:04:56 PM;1616;40.5;42.3;27.7;32.1;0.1;0.1;0.1;0.2;
2/2/2017 12:04:57 PM;1617;40.9;42.1;27.7;32.2;0.1;0.1;0.1;0.2;
2/2/2017 12:04:58 PM;1618;41.2;42.0;27.8;32.3;0.1;0.1;0.1;0.2;
2/2/2017 12:04:59 PM;1619;41.4;42.1;27.9;32.4;0.1;0.1;0.1;0.2;
2/2/2017 12:05:00 PM;1620;41.7;42.3;27.9;32.4;0.1;0.1;0.1;0.2;
2/2/2017 12:05:01 PM;1621;42.2;42.8;28.0;32.4;0.1;0.1;0.1;0.2;
2/2/2017 12:05:02 PM;1622;42.6;43.3;28.1;32.5;0.1;0.1;0.1;0.2;
2/2/2017 12:05:03 PM;1623;42.8;43.5;28.3;32.5;0.1;0.1;0.1;0.2;
2/2/2017 12:05:04 PM;1624;43.0;43.6;28.3;32.5;0.1;0.1;0.1;0.2;
2/2/2017 12:05:05 PM;1625;43.4;43.7;28.4;32.7;0.1;0.1;0.1;0.2;
2/2/2017 12:05:06 PM;1626;43.7;43.7;28.5;32.9;0.1;0.1;0.1;0.2;
2/2/2017 12:05:07 PM;1627;43.8;43.8;28.5;33.1;0.1;0.1;0.1;0.2;
2/2/2017 12:05:08 PM;1628;44.0;44.0;28.5;33.3;0.1;0.1;0.1;0.2;
2/2/2017 12:05:09 PM;1629;44.4;44.3;28.6;33.4;0.1;0.1;0.1;0.2;
2/2/2017 12:05:10 PM;1630;44.6;44.6;28.6;33.5;0.1;0.1;0.1;0.2;
2/2/2017 12:05:11 PM;1631;44.9;45.2;28.8;33.6;0.1;0.1;0.1;0.2;
2/2/2017 12:05:12 PM;1632;45.3;45.3;28.9;33.7;0.1;0.1;0.1;0.2;
2/2/2017 12:05:13 PM;1633;45.6;45.5;29.1;33.8;0.1;0.1;0.1;0.2;
2/2/2017 12:05:14 PM;1634;45.4;45.9;29.2;33.9;0.1;0.1;0.1;0.2;
2/2/2017 12:05:15 PM;1635;45.2;46.1;29.3;34.1;0.1;0.1;0.1;0.2;
2/2/2017 12:05:16 PM;1636;44.6;46.3;29.3;34.1;0.1;0.1;0.1;0.2;
2/2/2017 12:05:17 PM;1637;44.4;46.6;29.4;34.1;0.1;0.1;0.1;0.2;
2/2/2017 12:05:18 PM;1638;44.2;46.8;29.5;34.2;0.1;0.1;0.1;0.2;
2/2/2017 12:05:19 PM;1639;44.5;46.9;29.6;34.5;0.1;0.1;0.1;0.2;
2/2/2017 12:05:20 PM;1640;45.1;47.0;29.6;34.6;0.1;0.1;0.1;0.2;
2/2/2017 12:05:21 PM;1641;46.0;47.2;29.7;34.8;0.1;0.1;0.1;0.2;
2/2/2017 12:05:22 PM;1642;46.7;47.6;29.9;35.0;0.1;0.1;0.1;0.2;
2/2/2017 12:05:23 PM;1643;47.4;48.1;30.0;35.2;0.1;0.1;0.1;0.2;
2/2/2017 12:05:24 PM;1644;47.8;48.3;30.0;35.4;0.1;0.1;0.1;0.2;
2/2/2017 12:05:25 PM;1645;48.0;48.7;30.1;35.6;0.1;0.1;0.1;0.2;
2/2/2017 12:05:26 PM;1646;48.2;48.8;30.2;35.7;0.1;0.1;0.1;0.2;
2/2/2017 12:05:27 PM;1647;48.0;48.8;30.2;35.7;0.1;0.1;0.1;0.2;
2/2/2017 12:05:28 PM;1648;47.4;48.7;30.3;35.7;0.1;0.1;0.1;0.2;
2/2/2017 12:05:29 PM;1649;47.3;48.7;30.3;35.8;0.1;0.1;0.1;0.2;
2/2/2017 12:05:30 PM;1650;47.0;48.6;30.4;35.9;0.1;0.1;0.1;0.2;
2/2/2017 12:05:31 PM;1651;47.0;48.7;30.4;35.9;0.1;0.1;0.1;0.2;
2/2/2017 12:05:32 PM;1652;47.6;49.1;30.5;36.1;0.1;0.1;0.1;0.2;
2/2/2017 12:05:33 PM;1653;48.4;49.4;30.5;36.2;0.1;0.1;0.1;0.2;
2/2/2017 12:05:34 PM;1654;48.9;49.6;30.5;36.3;0.1;0.1;0.1;0.2;
2/2/2017 12:05:35 PM;1655;49.2;49.6;30.5;36.3;0.1;0.1;0.1;0.2;
2/2/2017 12:05:36 PM;1656;49.4;49.6;30.6;36.4;0.1;0.1;0.1;0.2;
2/2/2017 12:05:37 PM;1657;49.2;49.6;30.7;36.6;0.1;0.1;0.1;0.2;
2/2/2017 12:05:38 PM;1658;49.2;49.5;30.8;36.9;0.1;0.1;0.1;0.2;
2/2/2017 12:05:39 PM;1659;49.1;49.5;30.8;37.0;0.1;0.1;0.1;0.2;
2/2/2017 12:05:40 PM;1660;49.1;49.6;30.9;37.0;0.1;0.1;0.1;0.2;
2/2/2017 12:05:41 PM;1661;49.0;50.0;31.0;37.1;0.1;0.1;0.1;0.2;
2/2/2017 12:05:42 PM;1662;49.0;50.5;31.1;37.2;0.1;0.1;0.1;0.2;
2/2/2017 12:05:43 PM;1663;49.3;50.9;31.3;37.3;0.1;0.1;0.1;0.2;
2/2/2017 12:05:44 PM;1664;49.6;51.5;31.4;37.4;0.1;0.1;0.1;0.2;
2/2/2017 12:05:45 PM;1665;49.9;52.1;31.5;37.7;0.1;0.1;0.1;0.2;
2/2/2017 12:05:46 PM;1666;50.5;52.2;31.7;37.9;0.1;0.1;0.1;0.2;
2/2/2017 12:05:47 PM;1667;50.8;52.2;31.7;38.0;0.1;0.1;0.1;0.2;
2/2/2017 12:05:48 PM;1668;50.8;52.5;31.8;38.2;0.1;0.1;0.1;0.2;
2/2/2017 12:05:49 PM;1669;51.2;52.6;31.8;38.4;0.1;0.1;0.1;0.2;
2/2/2017 12:05:50 PM;1670;51.7;52.5;32.0;38.5;0.1;0.1;0.1;0.2;
2/2/2017 12:05:51 PM;1671;51.6;52.8;32.1;38.7;0.1;0.1;0.1;0.2;
2/2/2017 12:05:52 PM;1672;51.7;53.1;32.3;38.8;0.1;0.1;0.1;0.2;
2/2/2017 12:05:53 PM;1673;52.0;53.2;32.5;38.9;0.1;0.1;0.1;0.2;
2/2/2017 12:05:54 PM;1674;52.0;53.5;32.6;39.1;0.1;0.1;0.1;0.2;
2/2/2017 12:05:55 PM;1675;51.9;53.9;32.6;39.4;0.1;0.1;0.1;0.2;
2/2/2017 12:05:56 PM;1676;51.9;54.1;32.6;39.6;0.1;0.1;0.1;0.2;
2/2/2017 12:05:57 PM;1677;51.9;54.4;32.6;39.6;0.1;0.1;0.1;0.2;
2/2/2017 12:05:58 PM;1678;51.9;54.5;32.6;39.6;0.1;0.1;0.1;0.2;
2/2/2017 12:05:59 PM;1679;52.2;54.6;32.7;39.6;0.1;0.1;0.1;0.2;
2/2/2017 12:06:00 PM;1680;52.6;54.6;32.8;39.7;0.1;0.1;0.1;0.2;
2/2/2017 12:06:01 PM;1681;52.9;54.6;32.9;39.7;0.1;0.1;0.1;0.2;
2/2/2017 12:06:02 PM;1682;53.4;54.7;32.9;40.0;0.1;0.1;0.1;0.2;
2/2/2017 12:06:03 PM;1683;53.8;54.7;33.0;40.4;0.1;0.1;0.1;0.2;
2/2/2017 12:06:04 PM;1684;53.9;54.2;33.0;40.6;0.1;0.1;0.1;0.2;
2/2/2017 12:06:05 PM;1685;54.0;54.3;33.0;40.9;0.1;0.1;0.1;0.2;
2/2/2017 12:06:06 PM;1686;54.3;54.6;33.0;41.2;0.1;0.1;0.1;0.2;
2/2/2017 12:06:07 PM;1687;54.5;54.7;33.0;41.5;0.1;0.1;0.1;0.2;
2/2/2017 12:06:08 PM;1688;55.1;54.8;33.1;41.7;0.1;0.1;0.1;0.2;
2/2/2017 12:06:09 PM;1689;55.3;55.4;33.2;41.7;0.1;0.1;0.1;0.2;
2/2/2017 12:06:10 PM;1690;55.3;55.5;33.3;41.6;0.1;0.1;0.1;0.2;
2/2/2017 12:06:11 PM;1691;55.0;55.5;33.4;41.6;0.1;0.1;0.1;0.2;
2/2/2017 12:06:12 PM;1692;55.0;55.7;33.6;41.7;0.1;0.1;0.1;0.2;
2/2/2017 12:06:13 PM;1693;54.8;55.9;33.6;41.9;0.1;0.1;0.1;0.2;
2/2/2017 12:06:14 PM;1694;54.7;56.2;33.6;42.1;0.1;0.1;0.1;0.2;
2/2/2017 12:06:15 PM;1695;54.9;56.7;33.4;42.3;0.1;0.1;0.1;0.2;
2/2/2017 12:06:16 PM;1696;55.3;57.0;33.5;42.4;0.1;0.1;0.1;0.2;
2/2/2017 12:06:17 PM;1697;55.7;57.2;33.8;42.5;0.1;0.1;0.1;0.2;
2/2/2017 12:06:18 PM;1698;55.8;57.7;34.0;42.4;0.1;0.1;0.1;0.2;
2/2/2017 12:06:19 PM;1699;55.9;57.5;34.4;42.5;0.1;0.1;0.1;0.2;
2/2/2017 12:06:20 PM;1700;56.0;57.6;34.8;42.8;0.1;0.1;0.1;0.2;
2/2/2017 12:06:21 PM;1701;56.2;57.8;35.0;43.0;0.1;0.1;0.1;0.2;
2/2/2017 12:06:22 PM;1702;56.4;57.8;35.0;43.3;0.1;0.1;0.1;0.2;
2/2/2017 12:06:23 PM;1703;56.6;57.9;35.2;43.6;0.1;0.1;0.1;0.2;
2/2/2017 12:06:24 PM;1704;56.5;58.4;35.2;43.8;0.1;0.1;0.1;0.2;
2/2/2017 12:06:25 PM;1705;57.0;58.4;35.2;43.8;0.1;0.1;0.1;0.2;
2/2/2017 12:06:26 PM;1706;57.4;58.6;35.2;44.0;0.1;0.1;0.1;0.2;
2/2/2017 12:06:27 PM;1707;57.6;58.9;35.2;44.2;0.1;0.1;0.1;0.2;
2/2/2017 12:06:28 PM;1708;58.0;59.0;35.2;44.2;0.1;0.1;0.1;0.2;
2/2/2017 12:06:29 PM;1709;58.4;58.6;35.5;44.4;0.1;0.1;0.1;0.2;
2/2/2017 12:06:30 PM;1710;58.5;58.6;35.7;44.4;0.1;0.1;0.1;0.2;
2/2/2017 12:06:31 PM;1711;58.4;58.7;36.0;44.2;0.1;0.1;0.1;0.2;
2/2/2017 12:06:32 PM;1712;58.4;58.8;36.3;44.1;0.1;0.1;0.1;0.2;
2/2/2017 12:06:33 PM;1713;58.7;59.0;36.6;44.4;0.1;0.1;0.1;0.2;
2/2/2017 12:06:34 PM;1714;59.0;59.4;36.8;44.5;0.1;0.1;0.1;0.2;
2/2/2017 12:06:35 PM;1715;59.1;59.6;37.0;44.7;0.1;0.1;0.1;0.2;
2/2/2017 12:06:36 PM;1716;59.0;59.5;37.1;45.0;0.1;0.1;0.1;0.2;
2/2/2017 12:06:37 PM;1717;58.9;59.3;37.3;45.2;0.1;0.1;0.1;0.2;
2/2/2017 12:06:38 PM;1718;58.6;59.3;37.3;45.0;0.1;0.1;0.1;0.2;
2/2/2017 12:06:39 PM;1719;58.6;59.6;37.3;45.1;0.1;0.1;0.1;0.2;
2/2/2017 12:06:40 PM;1720;58.6;59.9;37.3;45.3;0.1;0.1;0.1;0.2;
2/2/2017 12:06:41 PM;1721;58.6;60.2;37.3;45.3;0.1;0.1;0.1;0.2;
2/2/2017 12:06:42 PM;1722;59.0;60.7;37.2;45.3;0.1;0.1;0.1;0.2;
2/2/2017 12:06:43 PM;1723;59.3;61.2;37.3;45.6;0.1;0.1;0.1;0.2;
2/2/2017 12:06:44 PM;1724;59.4;61.6;37.3;45.9;0.1;0.1;0.1;0.2;
2/2/2017 12:06:45 PM;1725;59.9;61.8;37.5;46.1;0.1;0.1;0.1;0.2;
2/2/2017 12:06:46 PM;1726;60.6;61.7;37.7;46.2;0.1;0.1;0.1;0.2;
2/2/2017 12:06:47 PM;1727;60.9;61.5;38.0;46.4;0.1;0.1;0.1;0.2;
2/2/2017 12:06:48 PM;1728;61.3;61.2;38.2;46.4;0.1;0.1;0.1;0.2;
2/2/2017 12:06:49 PM;1729;61.5;60.9;38.4;46.6;0.1;0.1;0.1;0.2;
2/2/2017 12:06:50 PM;1730;61.3;60.9;38.6;46.7;0.1;0.1;0.1;0.2;
2/2/2017 12:06:51 PM;1731;61.0;61.3;38.7;47.1;0.1;0.1;0.1;0.2;
2/2/2017 12:06:52 PM;1732;60.9;61.5;38.8;47.3;0.1;0.1;0.1;0.2;
2/2/2017 12:06:53 PM;1733;60.7;61.8;38.9;47.4;0.1;0.1;0.1;0.2;
2/2/2017 12:06:54 PM;1734;60.7;61.9;38.8;47.5;0.1;0.1;0.1;0.2;
2/2/2017 12:06:55 PM;1735;60.7;61.8;38.9;47.6;0.1;0.1;0.1;0.2;
2/2/2017 12:06:56 PM;1736;60.5;61.8;39.1;47.8;0.1;0.1;0.1;0.2;
2/2/2017 12:06:57 PM;1737;60.6;61.9;39.4;48.1;0.1;0.1;0.1;0.2;
2/2/2017 12:06:58 PM;1738;60.6;61.9;39.7;48.4;0.1;0.1;0.1;0.2;
2/2/2017 12:06:59 PM;1739;60.8;62.0;40.3;48.5;0.1;0.1;0.1;0.2;
2/2/2017 12:07:00 PM;1740;61.0;62.3;40.7;48.7;0.1;0.1;0.1;0.2;
2/2/2017 12:07:01 PM;1741;61.3;62.3;41.1;48.9;0.1;0.1;0.1;0.2;
2/2/2017 12:07:02 PM;1742;61.6;62.4;41.4;49.0;0.1;0.1;0.1;0.2;
2/2/2017 12:07:03 PM;1743;61.8;62.6;41.8;49.3;0.1;0.1;0.1;0.2;
2/2/2017 12:07:04 PM;1744;62.0;62.9;41.9;49.5;0.1;0.1;0.1;0.2;
2/2/2017 12:07:05 PM;1745;62.2;63.0;41.9;49.7;0.1;0.1;0.1;0.2;
2/2/2017 12:07:06 PM;1746;62.4;63.2;42.0;49.7;0.1;0.1;0.1;0.2;
2/2/2017 12:07:07 PM;1747;62.3;63.2;41.9;49.7;0.1;0.1;0.1;0.2;
2/2/2017 12:07:08 PM;1748;62.4;63.1;41.9;49.8;0.1;0.1;0.1;0.2;
2/2/2017 12:07:09 PM;1749;62.3;63.0;42.0;49.8;0.1;0.1;0.1;0.2;
2/2/2017 12:07:10 PM;1750;62.3;63.2;42.2;50.1;0.1;0.1;0.1;0.2;
2/2/2017 12:07:11 PM;1751;62.2;63.3;42.3;50.4;0.1;0.1;0.1;0.2;
2/2/2017 12:07:12 PM;1752;62.4;63.5;42.5;50.6;0.1;0.1;0.1;0.2;
2/2/2017 12:07:13 PM;1753;62.6;63.7;42.6;50.7;0.1;0.1;0.1;0.2;
2/2/2017 12:07:14 PM;1754;62.6;63.8;42.8;50.9;0.1;0.1;0.1;0.2;
2/2/2017 12:07:15 PM;1755;62.4;63.6;42.9;50.7;0.1;0.1;0.1;0.2;
2/2/2017 12:07:16 PM;1756;62.7;63.7;43.1;50.4;0.1;0.1;0.1;0.2;
2/2/2017 12:07:17 PM;1757;62.7;63.6;43.2;50.2;0.1;0.1;0.1;0.2;
2/2/2017 12:07:18 PM;1758;62.9;63.7;43.3;50.3;0.1;0.1;0.1;0.2;
2/2/2017 12:07:19 PM;1759;63.1;63.8;43.3;50.2;0.1;0.1;0.1;0.2;
2/2/2017 12:07:20 PM;1760;63.3;64.1;43.2;50.4;0.1;0.1;0.1;0.2;
2/2/2017 12:07:21 PM;1761;63.2;64.1;43.2;50.7;0.1;0.1;0.1;0.2;
2/2/2017 12:07:22 PM;1762;63.4;63.7;43.2;50.9;0.1;0.1;0.1;0.2;
2/2/2017 12:07:23 PM;1763;63.4;63.7;43.1;51.1;0.1;0.1;0.1;0.2;
2/2/2017 12:07:24 PM;1764;63.6;63.8;43.1;51.2;0.1;0.1;0.1;0.2;
2/2/2017 12:07:25 PM;1765;64.1;63.8;43.1;51.3;0.1;0.1;0.1;0.2;
2/2/2017 12:07:26 PM;1766;64.3;63.7;43.1;51.3;0.1;0.1;0.1;0.2;
2/2/2017 12:07:27 PM;1767;64.3;64.1;43.1;51.5;0.1;0.1;0.1;0.2;
2/2/2017 12:07:28 PM;1768;64.2;64.0;43.2;51.6;0.1;0.1;0.1;0.2;
2/2/2017 12:07:29 PM;1769;64.1;64.0;43.2;51.8;0.1;0.1;0.1;0.2;
2/2/2017 12:07:30 PM;1770;63.8;64.1;43.3;51.9;0.1;0.1;0.1;0.2;
2/2/2017 12:07:31 PM;1771;63.7;64.3;43.3;52.2;0.1;0.1;0.1;0.2;
2/2/2017 12:07:32 PM;1772;63.7;64.7;43.4;52.4;0.1;0.1;0.1;0.2;
2/2/2017 12:07:33 PM;1773;63.7;65.0;43.5;52.5;0.1;0.1;0.1;0.2;
2/2/2017 12:07:34 PM;1774;63.6;65.1;43.5;52.7;0.1;0.1;0.1;0.2;
2/2/2017 12:07:35 PM;1775;63.7;65.0;43.7;52.9;0.1;0.1;0.1;0.2;
2/2/2017 12:07:36 PM;1776;63.7;64.9;44.0;52.9;0.1;0.1;0.1;0.2;
2/2/2017 12:07:37 PM;1777;63.9;64.6;44.2;52.9;0.1;0.1;0.1;0.2;
2/2/2017 12:07:38 PM;1778;63.9;64.5;44.7;53.1;0.1;0.1;0.1;0.2;
2/2/2017 12:07:39 PM;1779;64.2;64.7;45.2;53.4;0.1;0.1;0.1;0.2;
2/2/2017 12:07:40 PM;1780;64.2;64.7;45.5;53.8;0.1;0.1;0.1;0.2;
2/2/2017 12:07:41 PM;1781;64.3;65.0;45.8;54.3;0.1;0.1;0.1;0.2;
2/2/2017 12:07:42 PM;1782;64.1;65.2;46.1;54.5;0.1;0.1;0.1;0.2;
2/2/2017 12:07:43 PM;1783;63.9;65.3;46.2;54.7;0.1;0.1;0.1;0.2;
2/2/2017 12:07:44 PM;1784;63.6;65.3;46.2;54.7;0.1;0.1;0.1;0.2;
2/2/2017 12:07:45 PM;1785;63.6;65.5;46.2;54.5;0.1;0.1;0.1;0.2;
2/2/2017 12:07:46 PM;1786;63.7;65.3;46.2;54.4;0.1;0.1;0.1;0.2;
2/2/2017 12:07:47 PM;1787;64.0;65.3;46.2;54.5;0.1;0.1;0.1;0.2;
2/2/2017 12:07:48 PM;1788;64.2;65.4;46.2;54.7;0.1;0.1;0.1;0.2;
2/2/2017 12:07:49 PM;1789;64.3;65.2;46.3;55.0;0.1;0.1;0.1;0.2;
2/2/2017 12:07:50 PM;1790;64.5;65.1;46.5;55.6;0.1;0.1;0.1;0.2;
2/2/2017 12:07:51 PM;1791;64.4;65.1;46.7;56.1;0.1;0.1;0.1;0.2;
2/2/2017 12:07:52 PM;1792;64.3;65.2;47.0;56.2;0.1;0.1;0.1;0.2;
2/2/2017 12:07:53 PM;1793;64.5;65.1;47.1;56.0;0.1;0.1;0.1;0.2;
2/2/2017 12:07:54 PM;1794;64.6;65.2;47.2;55.6;0.1;0.1;0.1;0.2;
2/2/2017 12:07:55 PM;1795;64.5;65.1;47.3;55.1;0.1;0.1;0.1;0.2;
2/2/2017 12:07:56 PM;1796;64.5;64.9;47.2;54.6;0.1;0.1;0.1;0.2;
2/2/2017 12:07:57 PM;1797;64.6;64.8;47.2;54.7;0.1;0.1;0.1;0.2;
2/2/2017 12:07:58 PM;1798;64.4;64.8;47.3;54.7;0.1;0.1;0.1;0.2;
2/2/2017 12:07:59 PM;1799;64.5;64.8;47.5;54.8;0.1;0.1;0.1;0.2;
2/2/2017 12:08:00 PM;1800;64.5;64.9;47.7;55.0;0.1;0.1;0.1;0.2;
2/2/2017 12:08:01 PM;1801;64.6;65.1;48.0;55.3;0.1;0.1;0.1;0.2;
2/2/2017 12:08:02 PM;1802;64.6;65.3;48.2;55.2;0.1;0.1;0.1;0.2;
2/2/2017 12:08:03 PM;1803;64.6;65.3;48.3;55.3;0.1;0.1;0.1;0.2;
2/2/2017 12:08:04 PM;1804;64.4;65.3;48.4;55.5;0.1;0.1;0.1;0.2;
2/2/2017 12:08:05 PM;1805;64.3;65.5;48.3;55.7;0.1;0.1;0.1;0.2;
2/2/2017 12:08:06 PM;1806;63.8;65.5;48.3;56.1;0.1;0.1;0.1;0.2;
2/2/2017 12:08:07 PM;1807;63.6;65.5;48.2;56.5;0.1;0.1;0.1;0.2;
2/2/2017 12:08:08 PM;1808;63.4;65.5;48.1;56.8;0.1;0.1;0.1;0.2;
2/2/2017 12:08:09 PM;1809;63.5;65.5;48.0;57.0;0.1;0.1;0.1;0.2;
2/2/2017 12:08:10 PM;1810;63.7;65.4;48.0;57.1;0.1;0.1;0.1;0.2;
2/2/2017 12:08:11 PM;1811;64.1;65.4;48.0;56.7;0.1;0.1;0.1;0.2;
2/2/2017 12:08:12 PM;1812;64.4;65.4;48.0;56.6;0.1;0.1;0.1;0.2;
2/2/2017 12:08:13 PM;1813;64.6;65.4;48.1;56.6;0.1;0.1;0.1;0.2;
2/2/2017 12:08:14 PM;1814;64.7;65.4;48.2;56.6;0.1;0.1;0.1;0.2;
2/2/2017 12:08:15 PM;1815;64.6;65.4;48.5;56.7;0.1;0.1;0.1;0.2;
2/2/2017 12:08:16 PM;1816;64.5;65.3;48.7;56.8;0.1;0.1;0.1;0.2;
2/2/2017 12:08:17 PM;1817;64.3;65.3;49.0;56.9;0.1;0.1;0.1;0.2;
2/2/2017 12:08:18 PM;1818;64.2;65.2;49.2;56.9;0.1;0.1;0.1;0.2;
2/2/2017 12:08:19 PM;1819;64.0;65.2;49.4;56.7;0.1;0.1;0.1;0.2;
2/2/2017 12:08:20 PM;1820;63.9;65.1;49.4;56.6;0.1;0.1;0.1;0.2;
2/2/2017 12:08:21 PM;1821;63.9;65.1;49.4;56.7;0.1;0.1;0.1;0.2;
2/2/2017 12:08:22 PM;1822;63.9;64.9;49.3;56.8;0.1;0.1;0.1;0.2;
2/2/2017 12:08:23 PM;1823;63.8;64.9;49.3;57.1;0.1;0.1;0.1;0.2;
2/2/2017 12:08:24 PM;1824;63.8;64.9;49.3;57.6;0.1;0.1;0.1;0.2;
2/2/2017 12:08:25 PM;1825;63.7;64.8;49.3;57.9;0.1;0.1;0.1;0.2;
2/2/2017 12:08:26 PM;1826;63.6;64.8;49.4;58.0;0.1;0.1;0.1;0.2;
2/2/2017 12:08:27 PM;1827;63.6;64.8;49.4;58.1;0.1;0.1;0.1;0.2;
2/2/2017 12:08:28 PM;1828;63.5;64.6;49.5;58.2;0.1;0.1;0.1;0.2;
2/2/2017 12:08:29 PM;1829;63.4;64.6;49.4;58.1;0.1;0.1;0.1;0.2;
2/2/2017 12:08:30 PM;1830;63.4;64.6;49.3;58.2;0.1;0.1;0.1;0.2;
2/2/2017 12:08:31 PM;1831;63.4;64.4;49.3;58.4;0.1;0.1;0.1;0.2;
2/2/2017 12:08:32 PM;1832;63.4;64.3;49.2;58.5;0.1;0.1;0.1;0.2;
2/2/2017 12:08:33 PM;1833;63.5;64.2;49.2;58.4;0.1;0.1;0.1;0.2;
2/2/2017 12:08:34 PM;1834;63.4;64.2;49.2;58.2;0.1;0.1;0.1;0.2;
2/2/2017 12:08:35 PM;1835;63.3;64.1;49.2;58.0;0.1;0.1;0.1;0.2;
2/2/2017 12:08:36 PM;1836;63.2;64.1;49.3;57.7;0.1;0.1;0.1;0.2;
2/2/2017 12:08:37 PM;1837;63.1;64.2;49.2;57.6;0.1;0.1;0.1;0.2;
2/2/2017 12:08:38 PM;1838;63.0;64.2;49.2;57.6;0.1;0.1;0.1;0.2;
2/2/2017 12:08:39 PM;1839;62.9;64.2;49.2;57.6;0.1;0.1;0.1;0.2;
2/2/2017 12:08:40 PM;1840;62.8;64.1;49.2;57.6;0.1;0.1;0.1;0.2;
2/2/2017 12:08:41 PM;1841;62.8;64.0;49.2;57.5;0.1;0.1;0.1;0.2;
2/2/2017 12:08:42 PM;1842;62.8;64.0;49.3;57.3;0.1;0.1;0.1;0.2;
2/2/2017 12:08:43 PM;1843;62.7;63.9;49.4;57.0;0.1;0.1;0.1;0.2;
2/2/2017 12:08:44 PM;1844;62.7;63.8;49.6;56.9;0.1;0.1;0.1;0.2;
2/2/2017 12:08:45 PM;1845;62.8;63.8;50.1;56.9;0.1;0.1;0.1;0.2;
2/2/2017 12:08:46 PM;1846;62.8;63.7;50.4;57.1;0.1;0.1;0.1;0.2;
2/2/2017 12:08:47 PM;1847;62.7;63.7;50.9;57.3;0.1;0.1;0.1;0.2;
2/2/2017 12:08:48 PM;1848;62.7;63.6;51.3;57.7;0.1;0.1;0.1;0.2;
2/2/2017 12:08:49 PM;1849;62.6;63.6;51.8;57.9;0.1;0.1;0.1;0.2;
2/2/2017 12:08:50 PM;1850;62.6;63.5;51.8;58.1;0.1;0.1;0.1;0.2;
2/2/2017 12:08:51 PM;1851;62.4;63.5;52.1;58.2;0.1;0.1;0.1;0.2;
2/2/2017 12:08:52 PM;1852;62.3;63.5;52.2;58.3;0.1;0.1;0.1;0.2;
2/2/2017 12:08:53 PM;1853;62.2;63.4;52.3;58.3;0.1;0.1;0.1;0.2;
2/2/2017 12:08:54 PM;1854;62.0;63.4;52.4;58.4;0.1;0.1;0.1;0.2;
2/2/2017 12:08:55 PM;1855;61.9;63.3;52.6;58.5;0.1;0.1;0.1;0.2;
2/2/2017 12:08:56 PM;1856;61.9;63.2;52.7;58.7;0.1;0.1;0.1;0.2;
2/2/2017 12:08:57 PM;1857;61.8;63.2;52.9;58.8;0.1;0.1;0.1;0.2;
2/2/2017 12:08:58 PM;1858;61.7;63.1;53.0;58.8;0.1;0.1;0.1;0.2;
2/2/2017 12:08:59 PM;1859;61.6;63.0;53.1;58.8;0.1;0.1;0.1;0.2;
2/2/2017 12:09:00 PM;1860;61.6;62.9;53.1;58.9;0.1;0.1;0.1;0.2;
2/2/2017 12:09:01 PM;1861;61.4;62.8;53.1;58.9;0.1;0.1;0.1;0.2;
2/2/2017 12:09:02 PM;1862;61.4;62.8;53.2;59.0;0.1;0.1;0.1;0.2;
2/2/2017 12:09:03 PM;1863;61.3;62.7;53.3;59.0;0.1;0.1;0.1;0.2;
2/2/2017 12:09:04 PM;1864;61.3;62.6;53.3;58.9;0.1;0.1;0.1;0.2;
2/2/2017 12:09:05 PM;1865;61.2;62.6;53.4;58.8;0.1;0.1;0.1;0.2;
2/2/2017 12:09:06 PM;1866;61.1;62.5;53.5;58.7;0.1;0.1;0.1;0.2;
2/2/2017 12:09:07 PM;1867;61.1;62.5;53.5;58.7;0.1;0.1;0.1;0.2;
2/2/2017 12:09:08 PM;1868;61.0;62.4;53.5;58.8;0.1;0.1;0.1;0.2;
2/2/2017 12:09:09 PM;1869;60.9;62.3;53.5;58.9;0.1;0.1;0.1;0.2;
2/2/2017 12:09:10 PM;1870;60.9;62.3;53.6;59.0;0.1;0.1;0.1;0.2;
2/2/2017 12:09:11 PM;1871;60.8;62.2;53.6;59.1;0.1;0.1;0.1;0.2;
2/2/2017 12:09:12 PM;1872;60.7;62.1;53.6;59.1;0.1;0.1;0.1;0.2;
2/2/2017 12:09:13 PM;1873;60.7;62.0;53.6;59.0;0.1;0.1;0.1;0.2;
2/2/2017 12:09:14 PM;1874;60.6;61.9;53.6;59.1;0.1;0.1;0.1;0.2;
2/2/2017 12:09:15 PM;1875;60.6;61.9;53.6;59.2;0.1;0.1;0.1;0.2;
2/2/2017 12:09:16 PM;1876;60.5;61.8;53.5;59.2;0.1;0.1;0.1;0.2;
2/2/2017 12:09:17 PM;1877;60.3;61.7;53.5;59.2;0.1;0.1;0.1;0.2;
2/2/2017 12:09:18 PM;1878;60.1;61.7;53.4;59.0;0.1;0.1;0.1;0.2;
2/2/2017 12:09:19 PM;1879;60.0;61.5;53.4;58.8;0.1;0.1;0.1;0.2;
2/2/2017 12:09:20 PM;1880;59.9;61.5;53.3;58.7;0.1;0.1;0.1;0.2;
2/2/2017 12:09:21 PM;1881;59.8;61.3;53.3;58.7;0.1;0.1;0.1;0.2;
2/2/2017 12:09:22 PM;1882;59.7;61.2;53.5;58.8;0.1;0.1;0.1;0.2;
2/2/2017 12:09:23 PM;1883;59.6;61.1;53.6;58.8;0.1;0.1;0.1;0.2;
2/2/2017 12:09:24 PM;1884;59.6;61.1;53.7;58.7;0.1;0.1;0.1;0.2;
2/2/2017 12:09:25 PM;1885;59.6;60.9;53.9;58.6;0.1;0.1;0.1;0.2;
2/2/2017 12:09:26 PM;1886;59.6;60.8;54.2;58.5;0.1;0.1;0.1;0.2;
2/2/2017 12:09:27 PM;1887;59.5;60.8;54.3;58.5;0.1;0.1;0.1;0.2;
2/2/2017 12:09:28 PM;1888;59.4;60.7;54.5;58.6;0.1;0.1;0.1;0.2;
2/2/2017 12:09:29 PM;1889;59.2;60.6;54.7;58.7;0.1;0.1;0.1;0.2;
2/2/2017 12:09:30 PM;1890;59.0;60.5;54.9;58.8;0.1;0.1;0.1;0.2;
2/2/2017 12:09:31 PM;1891;58.9;60.5;55.0;59.0;0.1;0.1;0.1;0.2;
2/2/2017 12:09:32 PM;1892;58.9;60.4;55.1;59.0;0.1;0.1;0.1;0.2;
2/2/2017 12:09:33 PM;1893;58.8;60.4;55.2;58.9;0.1;0.1;0.1;0.2;
2/2/2017 12:09:34 PM;1894;58.7;60.3;55.2;58.8;0.1;0.1;0.1;0.2;
2/2/2017 12:09:35 PM;1895;58.6;60.2;55.2;58.8;0.1;0.1;0.1;0.2;
2/2/2017 12:09:36 PM;1896;58.5;60.1;55.3;58.7;0.1;0.1;0.1;0.2;
2/2/2017 12:09:37 PM;1897;58.3;60.0;55.4;58.7;0.1;0.1;0.1;0.2;
2/2/2017 12:09:38 PM;1898;58.2;59.9;55.3;58.8;0.1;0.1;0.1;0.2;
2/2/2017 12:09:39 PM;1899;58.0;59.8;55.3;58.9;0.1;0.1;0.1;0.2;
2/2/2017 12:09:40 PM;1900;57.9;59.8;55.3;59.0;0.1;0.1;0.1;0.2;
2/2/2017 12:09:41 PM;1901;57.8;59.7;55.3;59.0;0.1;0.1;0.1;0.2;
2/2/2017 12:09:42 PM;1902;57.7;59.5;55.3;59.0;0.1;0.1;0.1;0.2;
2/2/2017 12:09:43 PM;1903;57.7;59.4;55.4;59.0;0.1;0.1;0.1;0.2;
2/2/2017 12:09:44 PM;1904;57.6;59.3;55.6;58.9;0.1;0.1;0.1;0.2;
2/2/2017 12:09:45 PM;1905;57.5;59.0;55.7;58.7;0.1;0.1;0.1;0.2;
2/2/2017 12:09:46 PM;1906;57.4;58.8;55.8;58.5;0.1;0.1;0.1;0.2;
2/2/2017 12:09:47 PM;1907;57.3;58.8;55.9;58.4;0.1;0.1;0.1;0.2;
2/2/2017 12:09:48 PM;1908;57.1;58.7;56.0;58.3;0.1;0.1;0.1;0.2;
2/2/2017 12:09:49 PM;1909;56.9;58.6;56.0;58.2;0.1;0.1;0.1;0.2;
2/2/2017 12:09:50 PM;1910;56.8;58.6;55.9;58.2;0.1;0.1;0.1;0.2;
2/2/2017 12:09:51 PM;1911;56.7;58.5;55.9;58.2;0.1;0.1;0.1;0.2;
2/2/2017 12:09:52 PM;1912;56.7;58.4;55.9;58.1;0.1;0.1;0.1;0.2;
2/2/2017 12:09:53 PM;1913;56.7;58.2;55.9;58.1;0.1;0.1;0.1;0.2;
2/2/2017 12:09:54 PM;1914;56.7;58.0;55.9;58.1;0.1;0.1;0.1;0.2;
2/2/2017 12:09:55 PM;1915;56.5;57.9;56.0;58.1;0.1;0.1;0.1;0.2;
2/2/2017 12:09:56 PM;1916;56.4;57.9;56.1;58.2;0.1;0.1;0.1;0.2;
2/2/2017 12:09:57 PM;1917;56.3;57.7;56.1;58.2;0.1;0.1;0.1;0.2;
2/2/2017 12:09:58 PM;1918;56.3;57.7;56.1;58.0;0.1;0.1;0.1;0.2;
2/2/2017 12:09:59 PM;1919;56.2;57.6;56.2;57.9;0.1;0.1;0.1;0.2;
2/2/2017 12:10:00 PM;1920;56.3;57.5;56.1;57.8;0.1;0.1;0.1;0.2;
2/2/2017 12:10:01 PM;1921;56.3;57.4;56.1;57.9;0.1;0.1;0.1;0.2;
2/2/2017 12:10:02 PM;1922;56.1;57.4;56.1;57.9;0.1;0.1;0.1;0.2;
2/2/2017 12:10:03 PM;1923;56.0;57.3;56.1;58.0;0.1;0.1;0.1;0.2;
2/2/2017 12:10:04 PM;1924;55.8;57.3;56.1;58.0;0.1;0.1;0.1;0.2;
2/2/2017 12:10:05 PM;1925;55.5;57.3;56.0;57.9;0.1;0.1;0.1;0.2;
2/2/2017 12:10:06 PM;1926;55.4;57.1;55.9;57.8;0.1;0.1;0.1;0.2;
2/2/2017 12:10:07 PM;1927;55.3;57.0;55.8;57.7;0.1;0.1;0.1;0.2;
2/2/2017 12:10:08 PM;1928;55.2;56.8;55.8;57.7;0.1;0.1;0.1;0.2;
2/2/2017 12:10:09 PM;1929;55.2;56.6;55.9;57.7;0.1;0.1;0.1;0.2;
2/2/2017 12:10:10 PM;1930;55.2;56.5;56.0;57.7;0.1;0.1;0.1;0.2;
2/2/2017 12:10:11 PM;1931;55.1;56.4;56.1;57.6;0.1;0.1;0.1;0.2;
2/2/2017 12:10:12 PM;1932;55.1;56.3;56.2;57.6;0.1;0.1;0.1;0.2;
2/2/2017 12:10:13 PM;1933;55.1;56.2;56.2;57.5;0.1;0.1;0.1;0.2;
2/2/2017 12:10:14 PM;1934;55.0;56.1;56.2;57.4;0.1;0.1;0.1;0.2;
2/2/2017 12:10:15 PM;1935;54.9;56.0;56.3;57.3;0.1;0.1;0.1;0.2;
2/2/2017 12:10:16 PM;1936;54.7;55.9;56.4;57.3;0.1;0.1;0.1;0.2;
2/2/2017 12:10:17 PM;1937;54.5;55.8;56.4;57.3;0.1;0.1;0.1;0.2;
2/2/2017 12:10:18 PM;1938;54.2;55.8;56.5;57.3;0.1;0.1;0.1;0.2;
2/2/2017 12:10:19 PM;1939;54.0;55.8;56.6;57.2;0.1;0.1;0.1;0.2;
2/2/2017 12:10:20 PM;1940;53.8;55.8;56.6;57.2;0.1;0.1;0.1;0.2;
2/2/2017 12:10:21 PM;1941;53.7;55.7;56.6;57.1;0.1;0.1;0.1;0.2;
2/2/2017 12:10:22 PM;1942;53.6;55.8;56.7;57.1;0.1;0.1;0.1;0.2;
2/2/2017 12:10:23 PM;1943;53.6;55.8;56.7;57.1;0.1;0.1;0.1;0.2;
2/2/2017 12:10:24 PM;1944;53.7;55.6;56.7;57.0;0.1;0.1;0.1;0.2;
2/2/2017 12:10:25 PM;1945;53.7;55.5;56.7;57.0;0.1;0.1;0.1;0.2;
2/2/2017 12:10:26 PM;1946;53.7;55.3;56.6;56.9;0.1;0.1;0.1;0.2;
2/2/2017 12:10:27 PM;1947;53.7;55.0;56.6;56.9;0.1;0.1;0.1;0.2;
2/2/2017 12:10:28 PM;1948;53.3;54.6;56.5;56.9;0.1;0.1;0.1;0.2;
2/2/2017 12:10:29 PM;1949;53.2;54.6;56.5;56.8;0.1;0.1;0.1;0.2;
2/2/2017 12:10:30 PM;1950;53.0;54.5;56.5;56.7;0.1;0.1;0.1;0.2;
2/2/2017 12:10:31 PM;1951;52.8;54.4;56.6;56.6;0.1;0.1;0.1;0.2;
2/2/2017 12:10:32 PM;1952;52.6;54.3;56.7;56.5;0.1;0.1;0.1;0.2;
2/2/2017 12:10:33 PM;1953;52.6;54.3;56.8;56.4;0.1;0.1;0.1;0.2;
2/2/2017 12:10:34 PM;1954;52.4;54.1;56.8;56.4;0.1;0.1;0.1;0.2;
2/2/2017 12:10:35 PM;1955;52.2;54.0;56.8;56.3;0.1;0.1;0.1;0.2;
2/2/2017 12:10:36 PM;1956;52.0;54.0;56.8;56.3;0.1;0.1;0.1;0.2;
2/2/2017 12:10:37 PM;1957;51.9;54.1;56.8;56.3;0.1;0.1;0.1;0.2;
2/2/2017 12:10:38 PM;1958;52.0;53.9;56.7;56.3;0.1;0.1;0.1;0.2;
2/2/2017 12:10:39 PM;1959;52.2;53.7;56.7;56.2;0.1;0.1;0.1;0.2;
2/2/2017 12:10:40 PM;1960;52.3;53.5;56.7;56.2;0.1;0.1;0.1;0.2;
2/2/2017 12:10:41 PM;1961;52.2;53.5;56.6;56.1;0.1;0.1;0.1;0.2;
2/2/2017 12:10:42 PM;1962;52.0;53.3;56.6;56.1;0.1;0.1;0.1;0.2;
2/2/2017 12:10:43 PM;1963;51.7;53.2;56.6;56.0;0.1;0.1;0.1;0.2;
2/2/2017 12:10:44 PM;1964;51.4;53.3;56.6;56.0;0.1;0.1;0.1;0.2;
2/2/2017 12:10:45 PM;1965;51.3;53.2;56.5;55.9;0.1;0.1;0.1;0.2;
2/2/2017 12:10:46 PM;1966;51.3;52.9;56.5;55.8;0.1;0.1;0.1;0.2;
2/2/2017 12:10:47 PM;1967;51.3;52.9;56.4;55.8;0.1;0.1;0.1;0.2;
2/2/2017 12:10:48 PM;1968;51.1;52.9;56.4;55.8;0.1;0.1;0.1;0.2;
2/2/2017 12:10:49 PM;1969;50.9;52.9;56.4;55.7;0.1;0.1;0.1;0.2;
2/2/2017 12:10:50 PM;1970;50.7;52.9;56.4;55.7;0.1;0.1;0.1;0.2;
2/2/2017 12:10:51 PM;1971;50.6;52.9;56.4;55.6;0.1;0.1;0.1;0.2;
2/2/2017 12:10:52 PM;1972;50.4;52.8;56.4;55.6;0.1;0.1;0.1;0.2;
2/2/2017 12:10:53 PM;1973;50.3;52.5;56.3;55.5;0.1;0.1;0.1;0.2;
2/2/2017 12:10:54 PM;1974;50.3;52.3;56.3;55.4;0.1;0.1;0.1;0.2;
2/2/2017 12:10:55 PM;1975;50.3;52.0;56.2;55.3;0.1;0.1;0.1;0.2;
2/2/2017 12:10:56 PM;1976;50.0;52.0;56.2;55.2;0.1;0.1;0.1;0.2;
2/2/2017 12:10:57 PM;1977;49.9;52.0;56.2;55.2;0.1;0.1;0.1;0.2;
2/2/2017 12:10:58 PM;1978;49.9;51.8;56.2;55.0;0.1;0.1;0.1;0.2;
2/2/2017 12:10:59 PM;1979;49.9;51.8;56.2;55.0;0.1;0.1;0.1;0.2;
2/2/2017 12:11:00 PM;1980;49.8;51.7;56.2;54.9;0.1;0.1;0.1;0.2;
2/2/2017 12:11:01 PM;1981;49.9;51.6;56.2;54.8;0.1;0.1;0.1;0.2;
2/2/2017 12:11:02 PM;1982;50.0;51.4;56.1;54.8;0.1;0.1;0.1;0.2;
2/2/2017 12:11:03 PM;1983;49.9;51.2;56.1;54.8;0.1;0.1;0.1;0.2;
2/2/2017 12:11:04 PM;1984;49.7;51.1;56.1;54.8;0.1;0.1;0.1;0.2;
2/2/2017 12:11:05 PM;1985;49.7;51.0;56.0;54.7;0.1;0.1;0.1;0.2;
2/2/2017 12:11:06 PM;1986;49.7;50.9;56.0;54.7;0.1;0.1;0.1;0.2;
2/2/2017 12:11:07 PM;1987;49.3;50.7;56.1;54.6;0.1;0.1;0.1;0.2;
2/2/2017 12:11:08 PM;1988;49.1;50.6;56.0;54.5;0.1;0.1;0.1;0.2;
2/2/2017 12:11:09 PM;1989;49.0;50.4;56.0;54.4;0.1;0.1;0.1;0.2;
2/2/2017 12:11:10 PM;1990;48.8;50.1;56.0;54.4;0.1;0.1;0.1;0.2;
2/2/2017 12:11:11 PM;1991;48.6;50.0;56.0;54.3;0.1;0.1;0.1;0.2;
2/2/2017 12:11:12 PM;1992;48.9;50.0;56.0;54.2;0.1;0.1;0.1;0.2;
2/2/2017 12:11:13 PM;1993;48.9;50.0;56.0;54.1;0.1;0.1;0.1;0.2;
2/2/2017 12:11:14 PM;1994;48.8;49.9;56.0;54.1;0.1;0.1;0.1;0.2;
2/2/2017 12:11:15 PM;1995;48.8;49.8;56.0;54.0;0.1;0.1;0.1;0.2;
2/2/2017 12:11:16 PM;1996;48.7;49.5;55.9;54.0;0.1;0.1;0.1;0.2;
2/2/2017 12:11:17 PM;1997;48.4;49.3;55.9;53.9;0.1;0.1;0.1;0.2;
2/2/2017 12:11:18 PM;1998;48.2;49.2;55.8;53.8;0.1;0.1;0.1;0.2;
2/2/2017 12:11:19 PM;1999;48.0;49.1;55.8;53.7;0.1;0.1;0.1;0.2;
2/2/2017 12:11:20 PM;2000;47.9;49.1;55.7;53.6;0.1;0.1;0.1;0.2;
2/2/2017 12:11:21 PM;2001;47.8;49.1;55.7;53.5;0.1;0.1;0.1;0.2;
2/2/2017 12:11:22 PM;2002;47.7;49.3;55.6;53.4;0.1;0.1;0.1;0.2;
2/2/2017 12:11:23 PM;2003;47.6;49.3;55.6;53.3;0.1;0.1;0.1;0.2;
2/2/2017 12:11:24 PM;2004;47.5;49.2;55.6;53.3;0.1;0.1;0.1;0.2;
2/2/2017 12:11:25 PM;2005;47.2;49.4;55.6;53.2;0.1;0.1;0.1;0.2;
2/2/2017 12:11:26 PM;2006;47.0;49.3;55.6;53.1;0.1;0.1;0.1;0.2;
2/2/2017 12:11:27 PM;2007;46.9;49.0;55.7;53.1;0.1;0.1;0.1;0.2;
2/2/2017 12:11:28 PM;2008;46.8;48.8;55.7;52.9;0.1;0.1;0.1;0.2;
2/2/2017 12:11:29 PM;2009;46.8;48.6;55.8;52.9;0.1;0.1;0.1;0.2;
2/2/2017 12:11:30 PM;2010;46.8;48.3;55.7;52.7;0.1;0.1;0.1;0.2;
2/2/2017 12:11:31 PM;2011;46.7;48.1;55.7;52.6;0.1;0.1;0.1;0.2;
2/2/2017 12:11:32 PM;2012;46.7;48.2;55.6;52.5;0.1;0.1;0.1;0.2;
2/2/2017 12:11:33 PM;2013;46.6;48.1;55.6;52.5;0.1;0.1;0.1;0.2;
2/2/2017 12:11:34 PM;2014;46.6;48.1;55.6;52.4;0.1;0.1;0.1;0.2;
2/2/2017 12:11:35 PM;2015;46.6;48.0;55.5;52.4;0.1;0.1;0.1;0.2;
2/2/2017 12:11:36 PM;2016;46.5;47.9;55.5;52.4;0.1;0.1;0.1;0.2;
2/2/2017 12:11:37 PM;2017;46.5;47.8;55.4;52.4;0.1;0.1;0.1;0.2;
2/2/2017 12:11:38 PM;2018;46.6;47.7;55.4;52.4;0.1;0.1;0.1;0.2;
2/2/2017 12:11:39 PM;2019;46.5;47.6;55.4;52.4;0.1;0.1;0.1;0.2;
2/2/2017 12:11:40 PM;2020;46.3;47.5;55.4;52.3;0.1;0.1;0.1;0.2;
2/2/2017 12:11:41 PM;2021;46.2;47.5;55.3;52.3;0.1;0.1;0.1;0.2;
2/2/2017 12:11:42 PM;2022;45.9;47.5;55.3;52.2;0.1;0.1;0.1;0.2;
2/2/2017 12:11:43 PM;2023;45.7;47.7;55.2;52.1;0.1;0.1;0.1;0.2;
2/2/2017 12:11:44 PM;2024;45.6;47.7;55.1;52.0;0.1;0.1;0.1;0.2;
2/2/2017 12:11:45 PM;2025;45.6;47.6;55.0;51.8;0.1;0.1;0.1;0.2;
2/2/2017 12:11:46 PM;2026;45.4;47.3;55.0;51.7;0.1;0.1;0.1;0.2;
2/2/2017 12:11:47 PM;2027;45.5;47.0;55.0;51.6;0.1;0.1;0.1;0.2;
2/2/2017 12:11:48 PM;2028;45.3;46.7;54.9;51.5;0.1;0.1;0.1;0.2;
2/2/2017 12:11:49 PM;2029;45.1;46.6;54.9;51.4;0.1;0.1;0.1;0.2;
2/2/2017 12:11:50 PM;2030;44.9;46.5;54.9;51.4;0.1;0.1;0.1;0.2;
2/2/2017 12:11:51 PM;2031;44.9;46.4;54.9;51.3;0.1;0.1;0.1;0.2;
2/2/2017 12:11:52 PM;2032;44.8;46.5;54.8;51.2;0.1;0.1;0.1;0.2;
2/2/2017 12:11:53 PM;2033;44.9;46.5;54.8;51.2;0.1;0.1;0.1;0.2;
2/2/2017 12:11:54 PM;2034;44.9;46.4;54.8;51.1;0.1;0.1;0.1;0.2;
2/2/2017 12:11:55 PM;2035;44.9;46.3;54.8;51.0;0.1;0.1;0.1;0.2;
2/2/2017 12:11:56 PM;2036;44.8;46.1;54.8;51.0;0.1;0.1;0.1;0.2;
2/2/2017 12:11:57 PM;2037;44.7;45.8;54.7;50.9;0.1;0.1;0.1;0.2;
2/2/2017 12:11:58 PM;2038;44.6;45.6;54.7;50.8;0.1;0.1;0.1;0.2;
2/2/2017 12:11:59 PM;2039;44.5;45.7;54.7;50.7;0.1;0.1;0.1;0.2;
2/2/2017 12:12:00 PM;2040;44.4;45.8;54.6;50.6;0.1;0.1;0.1;0.2;
2/2/2017 12:12:01 PM;2041;44.2;45.9;54.5;50.6;0.1;0.1;0.1;0.2;
2/2/2017 12:12:02 PM;2042;44.1;45.9;54.5;50.5;0.1;0.1;0.1;0.2;
2/2/2017 12:12:03 PM;2043;43.9;46.0;54.5;50.5;0.1;0.1;0.1;0.2;
2/2/2017 12:12:04 PM;2044;43.8;45.8;54.5;50.4;0.1;0.1;0.1;0.2;
2/2/2017 12:12:05 PM;2045;43.5;45.6;54.5;50.2;0.1;0.1;0.1;0.2;
2/2/2017 12:12:06 PM;2046;43.4;45.4;54.4;50.0;0.1;0.1;0.1;0.2;
2/2/2017 12:12:07 PM;2047;43.1;45.3;54.4;49.8;0.1;0.1;0.1;0.2;
2/2/2017 12:12:08 PM;2048;43.0;45.2;54.3;49.7;0.1;0.1;0.1;0.2;
2/2/2017 12:12:09 PM;2049;43.1;45.1;54.2;49.7;0.1;0.1;0.1;0.2;
2/2/2017 12:12:10 PM;2050;43.1;45.1;54.1;49.7;0.1;0.1;0.1;0.2;
2/2/2017 12:12:11 PM;2051;43.1;45.1;54.1;49.7;0.1;0.1;0.1;0.2;
2/2/2017 12:12:12 PM;2052;43.2;45.0;54.0;49.6;0.1;0.1;0.1;0.2;
2/2/2017 12:12:13 PM;2053;43.1;44.9;53.9;49.6;0.1;0.1;0.1;0.2;
2/2/2017 12:12:14 PM;2054;43.1;44.8;53.9;49.5;0.1;0.1;0.1;0.2;
2/2/2017 12:12:15 PM;2055;42.9;44.8;53.9;49.5;0.1;0.1;0.1;0.2;
2/2/2017 12:12:16 PM;2056;42.8;44.6;53.9;49.5;0.1;0.1;0.1;0.2;
2/2/2017 12:12:17 PM;2057;42.7;44.5;53.9;49.6;0.1;0.1;0.1;0.2;
2/2/2017 12:12:18 PM;2058;42.7;44.3;53.9;49.5;0.1;0.1;0.1;0.2;
2/2/2017 12:12:19 PM;2059;42.5;44.2;53.8;49.4;0.1;0.1;0.1;0.2;
2/2/2017 12:12:20 PM;2060;42.5;44.1;53.8;49.3;0.1;0.1;0.1;0.2;
2/2/2017 12:12:21 PM;2061;42.5;44.1;53.8;49.1;0.1;0.1;0.1;0.2;
2/2/2017 12:12:22 PM;2062;42.4;44.3;53.7;48.9;0.1;0.1;0.1;0.2;
2/2/2017 12:12:23 PM;2063;42.5;44.3;53.7;48.7;0.1;0.1;0.1;0.2;
2/2/2017 12:12:24 PM;2064;42.4;44.2;53.7;48.6;0.1;0.1;0.1;0.2;
2/2/2017 12:12:25 PM;2065;42.2;44.1;53.7;48.7;0.1;0.1;0.1;0.2;
2/2/2017 12:12:26 PM;2066;42.2;43.9;53.7;48.7;0.1;0.1;0.1;0.2;
2/2/2017 12:12:27 PM;2067;42.2;43.6;53.7;48.8;0.1;0.1;0.1;0.2;
2/2/2017 12:12:28 PM;2068;42.1;43.3;53.7;48.9;0.1;0.1;0.1;0.2;
2/2/2017 12:12:29 PM;2069;42.0;43.2;53.5;48.7;0.1;0.1;0.1;0.2;
2/2/2017 12:12:30 PM;2070;41.9;43.2;53.3;48.6;0.1;0.1;0.1;0.2;
2/2/2017 12:12:31 PM;2071;41.7;43.4;53.0;48.5;0.1;0.1;0.1;0.2;
2/2/2017 12:12:32 PM;2072;41.4;43.3;52.7;48.4;0.1;0.1;0.1;0.2;
2/2/2017 12:12:33 PM;2073;41.2;43.4;52.5;48.2;0.1;0.1;0.1;0.2;
2/2/2017 12:12:34 PM;2074;41.1;43.4;52.2;48.3;0.1;0.1;0.1;0.2;
2/2/2017 12:12:35 PM;2075;41.4;43.3;52.2;48.3;0.1;0.1;0.1;0.2;
2/2/2017 12:12:36 PM;2076;41.5;43.0;52.1;48.3;0.1;0.1;0.1;0.2;
2/2/2017 12:12:37 PM;2077;41.6;42.8;52.1;48.3;0.1;0.1;0.1;0.2;
2/2/2017 12:12:38 PM;2078;41.6;42.7;52.0;48.3;0.1;0.1;0.1;0.2;
2/2/2017 12:12:39 PM;2079;41.4;42.6;52.0;48.1;0.1;0.1;0.1;0.2;
2/2/2017 12:12:40 PM;2080;41.2;42.4;52.0;48.0;0.1;0.1;0.1;0.2;
2/2/2017 12:12:41 PM;2081;40.8;42.4;52.0;47.8;0.1;0.1;0.1;0.2;
2/2/2017 12:12:42 PM;2082;40.6;42.5;51.9;47.6;0.1;0.1;0.1;0.2;
2/2/2017 12:12:43 PM;2083;40.4;42.5;51.9;47.4;0.1;0.1;0.1;0.2;
2/2/2017 12:12:44 PM;2084;40.4;42.4;51.9;47.3;0.1;0.1;0.1;0.2;
2/2/2017 12:12:45 PM;2085;40.4;42.3;51.9;47.1;0.1;0.1;0.1;0.2;
2/2/2017 12:12:46 PM;2086;40.6;42.2;51.9;47.1;0.1;0.1;0.1;0.2;
2/2/2017 12:12:47 PM;2087;40.7;42.0;52.0;47.2;0.1;0.1;0.1;0.2;
2/2/2017 12:12:48 PM;2088;40.6;41.9;51.9;47.2;0.1;0.1;0.1;0.2;
2/2/2017 12:12:49 PM;2089;40.4;41.9;51.9;47.2;0.1;0.1;0.1;0.2;
2/2/2017 12:12:50 PM;2090;40.4;41.8;51.8;47.1;0.1;0.1;0.1;0.2;
2/2/2017 12:12:51 PM;2091;40.2;41.8;51.8;46.9;0.1;0.1;0.1;0.2;
2/2/2017 12:12:52 PM;2092;40.1;41.8;51.8;46.7;0.1;0.1;0.1;0.2;
2/2/2017 12:12:53 PM;2093;40.1;41.8;51.8;46.5;0.1;0.1;0.1;0.2;
2/2/2017 12:12:54 PM;2094;40.3;41.8;51.7;46.4;0.1;0.1;0.1;0.2;
2/2/2017 12:12:55 PM;2095;40.2;41.7;51.7;46.4;0.1;0.1;0.1;0.2;
2/2/2017 12:12:56 PM;2096;40.2;41.6;51.6;46.4;0.1;0.1;0.1;0.2;
2/2/2017 12:12:57 PM;2097;40.0;41.6;51.6;46.3;0.1;0.1;0.1;0.2;
2/2/2017 12:12:58 PM;2098;40.0;41.4;51.5;46.3;0.1;0.1;0.1;0.2;
2/2/2017 12:12:59 PM;2099;40.0;41.2;51.4;46.2;0.1;0.1;0.1;0.2;
2/2/2017 12:13:00 PM;2100;40.0;41.1;51.4;46.1;0.1;0.1;0.1;0.2;
2/2/2017 12:13:01 PM;2101;39.9;41.2;51.3;46.1;0.1;0.1;0.1;0.2;
2/2/2017 12:13:02 PM;2102;39.7;41.1;51.2;46.1;0.1;0.1;0.1;0.2;
2/2/2017 12:13:03 PM;2103;39.4;41.1;51.2;46.1;0.1;0.1;0.1;0.2;
2/2/2017 12:13:04 PM;2104;39.1;41.0;51.0;46.0;0.1;0.1;0.1;0.2;
2/2/2017 12:13:05 PM;2105;38.9;40.9;50.8;45.8;0.1;0.1;0.1;0.2;
2/2/2017 12:13:06 PM;2106;38.7;40.6;50.7;45.7;0.1;0.1;0.1;0.2;
2/2/2017 12:13:07 PM;2107;38.9;40.5;50.5;45.5;0.1;0.1;0.1;0.2;
2/2/2017 12:13:08 PM;2108;39.1;40.5;50.3;45.5;0.1;0.1;0.1;0.2;
2/2/2017 12:13:09 PM;2109;39.3;40.5;50.2;45.4;0.1;0.1;0.1;0.2;
2/2/2017 12:13:10 PM;2110;39.4;40.4;50.2;45.4;0.1;0.1;0.1;0.2;
2/2/2017 12:13:11 PM;2111;39.5;40.3;50.2;45.3;0.1;0.1;0.1;0.2;
2/2/2017 12:13:12 PM;2112;39.2;40.3;50.1;45.2;0.1;0.1;0.1;0.2;
2/2/2017 12:13:13 PM;2113;38.8;40.5;50.1;45.1;0.1;0.1;0.1;0.2;
2/2/2017 12:13:14 PM;2114;38.6;40.5;50.0;45.0;0.1;0.1;0.1;0.2;
2/2/2017 12:13:15 PM;2115;38.6;40.5;49.9;44.9;0.1;0.1;0.1;0.2;
2/2/2017 12:13:16 PM;2116;38.4;40.5;49.8;44.9;0.1;0.1;0.1;0.2;
2/2/2017 12:13:17 PM;2117;38.4;40.4;49.7;44.7;0.1;0.1;0.1;0.2;
2/2/2017 12:13:18 PM;2118;38.5;40.0;49.5;44.7;0.1;0.1;0.1;0.2;
2/2/2017 12:13:19 PM;2119;38.5;39.8;49.3;44.8;0.1;0.1;0.1;0.2;
2/2/2017 12:13:20 PM;2120;38.3;39.6;49.1;44.9;0.1;0.1;0.1;0.2;
2/2/2017 12:13:21 PM;2121;38.1;39.5;49.1;44.9;0.1;0.1;0.1;0.2;
2/2/2017 12:13:22 PM;2122;37.9;39.6;49.1;45.0;0.1;0.1;0.1;0.2;
2/2/2017 12:13:23 PM;2123;37.8;39.7;49.2;44.8;0.1;0.1;0.1;0.2;
2/2/2017 12:13:24 PM;2124;37.7;39.9;49.4;44.5;0.1;0.1;0.1;0.2;
2/2/2017 12:13:25 PM;2125;37.7;40.0;49.5;44.2;0.1;0.1;0.1;0.2;
2/2/2017 12:13:26 PM;2126;37.8;40.0;49.4;43.9;0.1;0.1;0.1;0.2;
2/2/2017 12:13:27 PM;2127;37.9;39.7;49.1;43.6;0.1;0.1;0.1;0.2;
2/2/2017 12:13:28 PM;2128;38.0;39.6;48.8;43.5;0.1;0.1;0.1;0.2;
2/2/2017 12:13:29 PM;2129;38.1;39.3;48.4;43.4;0.1;0.1;0.1;0.2;
2/2/2017 12:13:30 PM;2130;38.2;39.1;48.2;43.4;0.1;0.1;0.1;0.2;
2/2/2017 12:13:31 PM;2131;38.2;38.9;48.0;43.3;0.1;0.1;0.1;0.2;
2/2/2017 12:13:32 PM;2132;38.3;38.8;47.9;43.3;0.1;0.1;0.1;0.2;
2/2/2017 12:13:33 PM;2133;38.3;38.9;47.8;43.3;0.1;0.1;0.1;0.2;
2/2/2017 12:13:34 PM;2134;38.2;39.0;47.7;43.4;0.1;0.1;0.1;0.2;
2/2/2017 12:13:35 PM;2135;38.1;39.1;47.6;43.5;0.1;0.1;0.1;0.2;
2/2/2017 12:13:36 PM;2136;38.1;39.1;47.6;43.6;0.1;0.1;0.1;0.2;
2/2/2017 12:13:37 PM;2137;37.9;39.0;47.6;43.6;0.1;0.1;0.1;0.2;
2/2/2017 12:13:38 PM;2138;37.6;38.8;47.6;43.7;0.1;0.1;0.1;0.2;
2/2/2017 12:13:39 PM;2139;37.4;38.6;47.7;43.7;0.1;0.1;0.1;0.2;
2/2/2017 12:13:40 PM;2140;37.2;38.4;47.6;43.6;0.1;0.1;0.1;0.2;
2/2/2017 12:13:41 PM;2141;37.1;38.5;47.6;43.5;0.1;0.1;0.1;0.2;
2/2/2017 12:13:42 PM;2142;37.0;38.5;47.7;43.4;0.1;0.1;0.1;0.2;
2/2/2017 12:13:43 PM;2143;37.0;38.6;47.6;43.2;0.1;0.1;0.1;0.2;
2/2/2017 12:13:44 PM;2144;37.1;38.7;47.5;43.1;0.1;0.1;0.1;0.2;
2/2/2017 12:13:45 PM;2145;37.0;38.8;47.5;43.0;0.1;0.1;0.1;0.2;
2/2/2017 12:13:46 PM;2146;37.0;38.7;47.4;43.0;0.1;0.1;0.1;0.2;
2/2/2017 12:13:47 PM;2147;37.0;38.6;47.2;42.8;0.1;0.1;0.1;0.2;
2/2/2017 12:13:48 PM;2148;36.8;38.6;47.1;42.8;0.1;0.1;0.1;0.2;
2/2/2017 12:13:49 PM;2149;36.6;38.4;47.1;42.6;0.1;0.1;0.1;0.2;
2/2/2017 12:13:50 PM;2150;36.5;38.4;47.1;42.5;0.1;0.1;0.1;0.2;
2/2/2017 12:13:51 PM;2151;36.3;38.4;47.1;42.4;0.1;0.1;0.1;0.2;
2/2/2017 12:13:52 PM;2152;36.2;38.2;47.1;42.4;0.1;0.1;0.1;0.2;
2/2/2017 12:13:53 PM;2153;36.4;38.0;47.2;42.3;0.1;0.1;0.1;0.2;
2/2/2017 12:13:54 PM;2154;36.6;37.9;47.2;42.2;0.1;0.1;0.1;0.2;
2/2/2017 12:13:55 PM;2155;36.7;37.9;47.3;42.1;0.1;0.1;0.1;0.2;
2/2/2017 12:13:56 PM;2156;36.9;37.8;47.3;41.9;0.1;0.1;0.1;0.2;
2/2/2017 12:13:57 PM;2157;36.9;38.0;47.4;41.9;0.1;0.1;0.1;0.2;
2/2/2017 12:13:58 PM;2158;36.8;38.0;47.2;41.7;0.1;0.1;0.1;0.2;
2/2/2017 12:13:59 PM;2159;36.6;37.8;47.2;41.6;0.1;0.1;0.1;0.2;
2/2/2017 12:14:00 PM;2160;36.5;37.7;47.0;41.5;0.1;0.1;0.1;0.2;
2/2/2017 12:14:01 PM;2161;36.2;37.7;46.9;41.6;0.1;0.1;0.1;0.2;
2/2/2017 12:14:02 PM;2162;35.9;37.6;46.8;41.6;0.1;0.1;0.1;0.2;
2/2/2017 12:14:03 PM;2163;35.8;37.5;46.9;41.6;0.1;0.1;0.1;0.2;
2/2/2017 12:14:04 PM;2164;35.7;37.6;46.8;41.7;0.1;0.1;0.1;0.2;
2/2/2017 12:14:05 PM;2165;35.7;37.5;46.6;41.8;0.1;0.1;0.1;0.2;
2/2/2017 12:14:06 PM;2166;35.8;37.4;46.4;41.8;0.1;0.1;0.1;0.2;
2/2/2017 12:14:07 PM;2167;35.7;37.4;46.2;41.7;0.1;0.1;0.1;0.2;
2/2/2017 12:14:08 PM;2168;35.6;37.3;46.0;41.7;0.1;0.1;0.1;0.2;
2/2/2017 12:14:09 PM;2169;35.4;37.1;45.9;41.6;0.1;0.1;0.1;0.2;
2/2/2017 12:14:10 PM;2170;35.3;37.0;45.8;41.5;0.1;0.1;0.1;0.2;
2/2/2017 12:14:11 PM;2171;35.4;37.0;45.8;41.4;0.1;0.1;0.1;0.2;
2/2/2017 12:14:12 PM;2172;35.7;37.0;45.7;41.4;0.1;0.1;0.1;0.2;
2/2/2017 12:14:13 PM;2173;35.9;36.9;45.7;41.4;0.1;0.1;0.1;0.2;
2/2/2017 12:14:14 PM;2174;36.0;37.0;45.7;41.4;0.1;0.1;0.1;0.2;
2/2/2017 12:14:15 PM;2175;36.0;37.0;45.7;41.3;0.1;0.1;0.1;0.2;
2/2/2017 12:14:16 PM;2176;35.8;36.9;45.7;41.3;0.1;0.1;0.1;0.2;
2/2/2017 12:14:17 PM;2177;35.6;36.7;45.8;41.1;0.1;0.1;0.1;0.2;
2/2/2017 12:14:18 PM;2178;35.3;36.8;45.8;40.9;0.1;0.1;0.1;0.2;
2/2/2017 12:14:19 PM;2179;35.1;36.8;45.8;40.7;0.1;0.1;0.1;0.2;
2/2/2017 12:14:20 PM;2180;34.9;36.9;45.8;40.6;0.1;0.1;0.1;0.2;
2/2/2017 12:14:21 PM;2181;34.9;37.0;45.8;40.5;0.1;0.1;0.1;0.2;
2/2/2017 12:14:22 PM;2182;34.9;37.1;45.8;40.5;0.1;0.1;0.1;0.2;
2/2/2017 12:14:23 PM;2183;34.9;37.0;45.6;40.5;0.1;0.1;0.1;0.2;
2/2/2017 12:14:24 PM;2184;34.9;36.8;45.6;40.6;0.1;0.1;0.1;0.2;
2/2/2017 12:14:25 PM;2185;34.8;36.6;45.5;40.6;0.1;0.1;0.1;0.2;
2/2/2017 12:14:26 PM;2186;34.8;36.6;45.4;40.5;0.1;0.1;0.1;0.2;
2/2/2017 12:14:27 PM;2187;34.9;36.4;45.3;40.4;0.1;0.1;0.1;0.2;
2/2/2017 12:14:28 PM;2188;34.9;36.3;45.1;40.3;0.1;0.1;0.1;0.2;
2/2/2017 12:14:29 PM;2189;35.1;36.3;44.9;40.2;0.1;0.1;0.1;0.2;
2/2/2017 12:14:30 PM;2190;35.1;36.3;44.6;40.2;0.1;0.1;0.1;0.2;
2/2/2017 12:14:31 PM;2191;35.1;36.1;44.4;40.4;0.1;0.1;0.1;0.2;
2/2/2017 12:14:32 PM;2192;35.1;36.1;44.2;40.5;0.1;0.1;0.1;0.2;
2/2/2017 12:14:33 PM;2193;35.1;36.1;44.1;40.6;0.1;0.1;0.1;0.2;
2/2/2017 12:14:34 PM;2194;34.9;36.1;44.1;40.5;0.1;0.1;0.1;0.2;
2/2/2017 12:14:35 PM;2195;34.8;36.0;44.1;40.4;0.1;0.1;0.1;0.2;
2/2/2017 12:14:36 PM;2196;34.7;35.9;44.1;40.1;0.1;0.1;0.1;0.2;
2/2/2017 12:14:37 PM;2197;34.5;35.9;44.1;39.9;0.1;0.1;0.1;0.2;
2/2/2017 12:14:38 PM;2198;34.4;35.9;44.1;39.7;0.1;0.1;0.1;0.2;
2/2/2017 12:14:39 PM;2199;34.4;35.8;44.1;39.5;0.1;0.1;0.1;0.2;
2/2/2017 12:14:40 PM;2200;34.3;35.7;44.1;39.4;0.1;0.1;0.1;0.2;
2/2/2017 12:14:41 PM;2201;34.2;35.8;44.0;39.3;0.1;0.1;0.1;0.2;
2/2/2017 12:14:42 PM;2202;34.2;35.9;44.0;39.2;0.1;0.1;0.1;0.2;
2/2/2017 12:14:43 PM;2203;34.1;35.8;43.9;39.3;0.1;0.1;0.1;0.2;
2/2/2017 12:14:44 PM;2204;34.0;35.7;43.9;39.4;0.1;0.1;0.1;0.2;
2/2/2017 12:14:45 PM;2205;33.9;35.7;43.9;39.3;0.1;0.1;0.1;0.2;
2/2/2017 12:14:46 PM;2206;33.9;35.5;43.9;39.1;0.1;0.1;0.1;0.2;
2/2/2017 12:14:47 PM;2207;33.9;35.4;43.8;39.0;0.1;0.1;0.1;0.2;
2/2/2017 12:14:48 PM;2208;34.0;35.5;43.7;38.9;0.1;0.1;0.1;0.2;
2/2/2017 12:14:49 PM;2209;34.0;35.6;43.7;38.8;0.1;0.1;0.1;0.2;
2/2/2017 12:14:50 PM;2210;34.0;35.7;43.6;38.7;0.1;0.1;0.1;0.2;
2/2/2017 12:14:51 PM;2211;34.1;35.7;43.4;38.7;0.1;0.1;0.1;0.2;
2/2/2017 12:14:52 PM;2212;34.1;35.6;43.3;38.6;0.1;0.1;0.1;0.2;
2/2/2017 12:14:53 PM;2213;33.9;35.5;43.2;38.7;0.1;0.1;0.1;0.2;
2/2/2017 12:14:54 PM;2214;33.9;35.3;43.2;38.8;0.1;0.1;0.1;0.2;
2/2/2017 12:14:55 PM;2215;33.9;35.3;43.1;38.9;0.1;0.1;0.1;0.2;
2/2/2017 12:14:56 PM;2216;33.8;35.2;43.1;39.0;0.1;0.1;0.1;0.2;
2/2/2017 12:14:57 PM;2217;33.9;35.1;43.1;39.0;0.1;0.1;0.1;0.2;
2/2/2017 12:14:58 PM;2218;34.0;35.0;43.2;38.9;0.1;0.1;0.1;0.2;
2/2/2017 12:14:59 PM;2219;34.0;34.9;43.2;38.8;0.1;0.1;0.1;0.2;
2/2/2017 12:15:00 PM;2220;34.1;34.7;43.2;38.7;0.1;0.1;0.1;0.2;
2/2/2017 12:15:01 PM;2221;34.1;34.7;43.2;38.7;0.1;0.1;0.1;0.2;
2/2/2017 12:15:02 PM;2222;34.0;34.7;43.2;38.7;0.1;0.1;0.1;0.2;
2/2/2017 12:15:03 PM;2223;33.9;34.9;43.2;38.6;0.1;0.1;0.1;0.2;
2/2/2017 12:15:04 PM;2224;33.8;35.0;43.2;38.5;0.1;0.1;0.1;0.2;
2/2/2017 12:15:05 PM;2225;33.6;35.1;43.2;38.5;0.1;0.1;0.1;0.2;
2/2/2017 12:15:06 PM;2226;33.6;35.1;43.0;38.4;0.1;0.1;0.1;0.2;
2/2/2017 12:15:07 PM;2227;33.4;35.0;42.7;38.2;0.1;0.1;0.1;0.2;
2/2/2017 12:15:08 PM;2228;33.4;34.9;42.6;38.1;0.1;0.1;0.1;0.2;
2/2/2017 12:15:09 PM;2229;33.3;34.7;42.4;38.0;0.1;0.1;0.1;0.2;
2/2/2017 12:15:10 PM;2230;33.3;34.7;42.2;37.8;0.1;0.1;0.1;0.2;
2/2/2017 12:15:11 PM;2231;33.2;34.8;42.1;37.9;0.1;0.1;0.1;0.2;
2/2/2017 12:15:12 PM;2232;33.2;34.7;42.1;37.9;0.1;0.1;0.1;0.2;
2/2/2017 12:15:13 PM;2233;33.2;34.7;41.9;38.0;0.1;0.1;0.1;0.2;
2/2/2017 12:15:14 PM;2234;33.1;34.8;41.7;38.1;0.1;0.1;0.1;0.2;
2/2/2017 12:15:15 PM;2235;33.0;34.7;41.6;38.2;0.1;0.1;0.1;0.2;
2/2/2017 12:15:16 PM;2236;33.0;34.6;41.6;38.1;0.1;0.1;0.1;0.2;
2/2/2017 12:15:17 PM;2237;33.0;34.5;41.6;38.0;0.1;0.1;0.1;0.2;
2/2/2017 12:15:18 PM;2238;33.0;34.4;41.6;37.8;0.1;0.1;0.1;0.2;
2/2/2017 12:15:19 PM;2239;33.0;34.2;41.6;37.7;0.1;0.1;0.1;0.2;
2/2/2017 12:15:20 PM;2240;33.0;34.1;41.5;37.6;0.1;0.1;0.1;0.2;
2/2/2017 12:15:21 PM;2241;32.9;34.1;41.4;37.5;0.1;0.1;0.1;0.2;
2/2/2017 12:15:22 PM;2242;32.8;34.1;41.3;37.5;0.1;0.1;0.1;0.2;
2/2/2017 12:15:23 PM;2243;32.7;34.1;41.1;37.5;0.1;0.1;0.1;0.2;
2/2/2017 12:15:24 PM;2244;32.6;34.2;41.0;37.5;0.1;0.1;0.1;0.2;
2/2/2017 12:15:25 PM;2245;32.5;34.2;40.9;37.5;0.1;0.1;0.1;0.2;
2/2/2017 12:15:26 PM;2246;32.4;34.1;40.9;37.5;0.1;0.1;0.1;0.2;
2/2/2017 12:15:27 PM;2247;32.4;34.0;40.8;37.4;0.1;0.1;0.1;0.2;
2/2/2017 12:15:28 PM;2248;32.4;33.9;40.7;37.4;0.1;0.1;0.1;0.2;
2/2/2017 12:15:29 PM;2249;32.6;33.8;40.6;37.3;0.1;0.1;0.1;0.2;
2/2/2017 12:15:30 PM;2250;32.6;33.8;40.5;37.3;0.1;0.1;0.1;0.2;
2/2/2017 12:15:31 PM;2251;32.7;33.7;40.4;37.3;0.1;0.1;0.1;0.2;
2/2/2017 12:15:32 PM;2252;32.8;33.7;40.4;37.1;0.1;0.1;0.1;0.2;
2/2/2017 12:15:33 PM;2253;32.8;33.6;40.5;36.9;0.1;0.1;0.1;0.2;
2/2/2017 12:15:34 PM;2254;32.7;33.5;40.5;36.8;0.1;0.1;0.1;0.2;
2/2/2017 12:15:35 PM;2255;32.6;33.5;40.5;36.7;0.1;0.1;0.1;0.2;
2/2/2017 12:15:36 PM;2256;32.4;33.6;40.5;36.5;0.1;0.1;0.1;0.2;
2/2/2017 12:15:37 PM;2257;32.2;33.6;40.5;36.4;0.1;0.1;0.1;0.2;
2/2/2017 12:15:38 PM;2258;32.2;33.6;40.5;36.4;0.1;0.1;0.1;0.2;
2/2/2017 12:15:39 PM;2259;32.2;33.6;40.4;36.3;0.1;0.1;0.1;0.2;
2/2/2017 12:15:40 PM;2260;32.2;33.4;40.4;36.3;0.1;0.1;0.1;0.2;
2/2/2017 12:15:41 PM;2261;32.4;33.3;40.3;36.3;0.1;0.1;0.1;0.2;
2/2/2017 12:15:42 PM;2262;32.4;33.4;40.3;36.2;0.1;0.1;0.1;0.2;
2/2/2017 12:15:43 PM;2263;32.3;33.5;40.3;36.2;0.1;0.1;0.1;0.2;
2/2/2017 12:15:44 PM;2264;32.2;33.6;40.3;36.2;0.1;0.1;0.1;0.2;
2/2/2017 12:15:45 PM;2265;32.2;33.6;40.2;36.2;0.1;0.1;0.1;0.2;
2/2/2017 12:15:46 PM;2266;32.1;33.8;40.1;36.1;0.1;0.1;0.1;0.2;
2/2/2017 12:15:47 PM;2267;32.1;33.7;40.0;36.1;0.1;0.1;0.1;0.2;
2/2/2017 12:15:48 PM;2268;32.0;33.6;39.9;36.0;0.1;0.1;0.1;0.2;
2/2/2017 12:15:49 PM;2269;32.0;33.6;39.8;35.9;0.1;0.1;0.1;0.2;
2/2/2017 12:15:50 PM;2270;31.9;33.6;39.7;36.0;0.1;0.1;0.1;0.2;
2/2/2017 12:15:51 PM;2271;31.9;33.4;39.6;36.0;0.1;0.1;0.1;0.2;
2/2/2017 12:15:52 PM;2272;31.8;33.2;39.5;36.1;0.1;0.1;0.1;0.2;
2/2/2017 12:15:53 PM;2273;31.8;33.1;39.5;36.1;0.1;0.1;0.1;0.2;
2/2/2017 12:15:54 PM;2274;31.9;32.9;39.4;36.1;0.1;0.1;0.1;0.2;
2/2/2017 12:15:55 PM;2275;31.9;33.0;39.3;36.1;0.1;0.1;0.1;0.2;
2/2/2017 12:15:56 PM;2276;32.0;33.0;39.3;36.0;0.1;0.1;0.1;0.2;
2/2/2017 12:15:57 PM;2277;32.1;33.0;39.3;35.9;0.1;0.1;0.1;0.2;
2/2/2017 12:15:58 PM;2278;32.1;33.0;39.3;35.7;0.1;0.1;0.1;0.2;
2/2/2017 12:15:59 PM;2279;32.0;33.1;39.3;35.6;0.1;0.1;0.1;0.2;
2/2/2017 12:16:00 PM;2280;31.9;33.1;39.3;35.5;0.1;0.1;0.1;0.2;
2/2/2017 12:16:01 PM;2281;31.9;33.1;39.3;35.4;0.1;0.1;0.1;0.2;
2/2/2017 12:16:02 PM;2282;31.9;33.0;39.3;35.5;0.1;0.1;0.1;0.2;
2/2/2017 12:16:03 PM;2283;31.9;33.0;39.3;35.5;0.1;0.1;0.1;0.2;
2/2/2017 12:16:04 PM;2284;31.9;32.9;39.3;35.5;0.1;0.1;0.1;0.2;
2/2/2017 12:16:05 PM;2285;31.9;32.8;39.3;35.5;0.1;0.1;0.1;0.2;
2/2/2017 12:16:06 PM;2286;31.8;32.8;39.3;35.4;0.1;0.1;0.1;0.2;
2/2/2017 12:16:07 PM;2287;31.7;32.7;39.3;35.3;0.1;0.1;0.1;0.2;
2/2/2017 12:16:08 PM;2288;31.7;32.6;39.2;35.2;0.1;0.1;0.1;0.2;
2/2/2017 12:16:09 PM;2289;31.6;32.6;39.2;35.2;0.1;0.1;0.1;0.2;
2/2/2017 12:16:10 PM;2290;31.5;32.6;39.1;35.2;0.1;0.1;0.1;0.2;
2/2/2017 12:16:11 PM;2291;31.4;32.6;39.0;35.3;0.1;0.1;0.1;0.2;
2/2/2017 12:16:12 PM;2292;31.3;32.6;38.9;35.3;0.1;0.1;0.1;0.2;
2/2/2017 12:16:13 PM;2293;31.3;32.6;38.9;35.3;0.1;0.1;0.1;0.2;
2/2/2017 12:16:14 PM;2294;31.4;32.6;38.8;35.2;0.1;0.1;0.1;0.2;
2/2/2017 12:16:15 PM;2295;31.5;32.6;38.8;35.2;0.1;0.1;0.1;0.2;
2/2/2017 12:16:16 PM;2296;31.6;32.7;38.8;35.2;0.1;0.1;0.1;0.2;
2/2/2017 12:16:17 PM;2297;31.7;32.7;38.9;35.2;0.1;0.1;0.1;0.2;
2/2/2017 12:16:18 PM;2298;31.7;32.6;38.9;35.2;0.1;0.1;0.1;0.2;
2/2/2017 12:16:19 PM;2299;31.5;32.6;38.9;35.2;0.1;0.1;0.1;0.2;
2/2/2017 12:16:20 PM;2300;31.4;32.5;39.0;35.1;0.1;0.1;0.1;0.2;
2/2/2017 12:16:21 PM;2301;31.3;32.4;39.0;35.0;0.1;0.1;0.1;0.2;
2/2/2017 12:16:22 PM;2302;31.2;32.4;39.0;34.8;0.1;0.1;0.1;0.2;
2/2/2017 12:16:23 PM;2303;31.2;32.4;39.0;34.8;0.1;0.1;0.1;0.2;
2/2/2017 12:16:24 PM;2304;31.3;32.4;38.9;34.7;0.1;0.1;0.1;0.2;
2/2/2017 12:16:25 PM;2305;31.2;32.5;38.9;34.7;0.1;0.1;0.1;0.2;
2/2/2017 12:16:26 PM;2306;31.2;32.5;38.9;34.7;0.1;0.1;0.1;0.2;
2/2/2017 12:16:27 PM;2307;31.3;32.5;38.8;34.7;0.1;0.1;0.1;0.2;
2/2/2017 12:16:28 PM;2308;31.1;32.4;38.8;34.7;0.1;0.1;0.1;0.2;
2/2/2017 12:16:29 PM;2309;31.0;32.4;38.8;34.7;0.1;0.1;0.1;0.2;
2/2/2017 12:16:30 PM;2310;30.9;32.3;38.6;34.7;0.1;0.1;0.1;0.2;
2/2/2017 12:16:31 PM;2311;30.8;32.2;38.4;34.8;0.1;0.1;0.1;0.2;
2/2/2017 12:16:32 PM;2312;30.7;32.2;38.3;34.8;0.1;0.1;0.1;0.2;
2/2/2017 12:16:33 PM;2313;30.8;32.2;38.1;34.7;0.1;0.1;0.1;0.2;
2/2/2017 12:16:34 PM;2314;30.8;32.3;38.0;34.7;0.1;0.1;0.1;0.2;
2/2/2017 12:16:35 PM;2315;30.9;32.3;38.0;34.5;0.1;0.1;0.1;0.2;
2/2/2017 12:16:36 PM;2316;30.9;32.4;38.0;34.3;0.1;0.1;0.1;0.2;
2/2/2017 12:16:37 PM;2317;30.9;32.4;38.0;34.2;0.1;0.1;0.1;0.2;
2/2/2017 12:16:38 PM;2318;30.8;32.3;38.0;34.2;0.1;0.1;0.1;0.2;
2/2/2017 12:16:39 PM;2319;30.7;32.3;37.9;34.2;0.1;0.1;0.1;0.2;
2/2/2017 12:16:40 PM;2320;30.7;32.3;37.8;34.2;0.1;0.1;0.1;0.2;
2/2/2017 12:16:41 PM;2321;30.6;32.3;37.6;34.3;0.1;0.1;0.1;0.2;
2/2/2017 12:16:42 PM;2322;30.5;32.2;37.5;34.3;0.1;0.1;0.1;0.2;
2/2/2017 12:16:43 PM;2323;30.5;32.2;37.4;34.3;0.1;0.1;0.1;0.2;
2/2/2017 12:16:44 PM;2324;30.6;32.2;37.3;34.3;0.1;0.1;0.1;0.2;
2/2/2017 12:16:45 PM;2325;30.6;32.2;37.3;34.3;0.1;0.1;0.1;0.2;
2/2/2017 12:16:46 PM;2326;30.5;32.1;37.3;34.3;0.1;0.1;0.1;0.2;
2/2/2017 12:16:47 PM;2327;30.6;32.1;37.3;34.2;0.1;0.1;0.1;0.2;
2/2/2017 12:16:48 PM;2328;30.6;32.0;37.4;34.1;0.1;0.1;0.1;0.2;
2/2/2017 12:16:49 PM;2329;30.5;31.9;37.4;34.0;0.1;0.1;0.1;0.2;
2/2/2017 12:16:50 PM;2330;30.6;31.7;37.3;34.0;0.1;0.1;0.1;0.2;
2/2/2017 12:16:51 PM;2331;30.7;31.6;37.3;33.9;0.1;0.1;0.1;0.2;
2/2/2017 12:16:52 PM;2332;30.7;31.5;37.2;33.9;0.1;0.1;0.1;0.2;
2/2/2017 12:16:53 PM;2333;30.7;31.5;37.2;33.9;0.1;0.1;0.1;0.2;
2/2/2017 12:16:54 PM;2334;30.7;31.5;37.2;33.8;0.1;0.1;0.1;0.2;
2/2/2017 12:16:55 PM;2335;30.6;31.5;37.2;33.7;0.1;0.1;0.1;0.2;
2/2/2017 12:16:56 PM;2336;30.6;31.6;37.3;33.6;0.1;0.1;0.1;0.2;
2/2/2017 12:16:57 PM;2337;30.5;31.7;37.4;33.5;0.1;0.1;0.1;0.2;
2/2/2017 12:16:58 PM;2338;30.5;31.7;37.4;33.5;0.1;0.1;0.1;0.2;
2/2/2017 12:16:59 PM;2339;30.5;31.8;37.4;33.6;0.1;0.1;0.1;0.2;
2/2/2017 12:17:00 PM;2340;30.5;31.8;37.4;33.6;0.1;0.1;0.1;0.2;
2/2/2017 12:17:01 PM;2341;30.5;31.7;37.3;33.7;0.1;0.1;0.1;0.2;
2/2/2017 12:17:02 PM;2342;30.5;31.6;37.0;33.7;0.1;0.1;0.1;0.2;
2/2/2017 12:17:03 PM;2343;30.6;31.5;36.8;33.6;0.1;0.1;0.1;0.2;
2/2/2017 12:17:04 PM;2344;30.6;31.5;36.6;33.6;0.1;0.1;0.1;0.2;
2/2/2017 12:17:05 PM;2345;30.6;31.4;36.5;33.6;0.1;0.1;0.1;0.2;
2/2/2017 12:17:06 PM;2346;30.5;31.4;36.3;33.5;0.1;0.1;0.1;0.2;
2/2/2017 12:17:07 PM;2347;30.3;31.4;36.2;33.5;0.1;0.1;0.1;0.2;
2/2/2017 12:17:08 PM;2348;30.1;31.4;36.1;33.4;0.1;0.1;0.1;0.2;
2/2/2017 12:17:09 PM;2349;30.0;31.3;36.3;33.2;0.1;0.1;0.1;0.2;
2/2/2017 12:17:10 PM;2350;30.0;31.4;36.3;33.1;0.1;0.1;0.1;0.2;
2/2/2017 12:17:11 PM;2351;29.9;31.4;36.3;33.0;0.1;0.1;0.1;0.2;
2/2/2017 12:17:12 PM;2352;30.0;31.4;36.4;33.0;0.1;0.1;0.1;0.2;
2/2/2017 12:17:13 PM;2353;30.0;31.4;36.5;33.0;0.1;0.1;0.1;0.2;
2/2/2017 12:17:14 PM;2354;30.0;31.4;36.3;33.1;0.1;0.1;0.1;0.2;
2/2/2017 12:17:15 PM;2355;29.9;31.3;36.2;33.2;0.1;0.1;0.1;0.2;
2/2/2017 12:17:16 PM;2356;29.9;31.3;36.1;33.2;0.1;0.1;0.1;0.2;
2/2/2017 12:17:17 PM;2357;30.0;31.2;36.0;33.2;0.1;0.1;0.1;0.2;
2/2/2017 12:17:18 PM;2358;30.1;31.1;36.0;33.1;0.1;0.1;0.1;0.2;
2/2/2017 12:17:19 PM;2359;30.1;31.1;36.0;33.1;0.1;0.1;0.1;0.2;
2/2/2017 12:17:20 PM;2360;30.1;31.1;36.0;33.0;0.1;0.1;0.1;0.2;
2/2/2017 12:17:21 PM;2361;30.1;31.1;36.1;32.9;0.1;0.1;0.1;0.2;
2/2/2017 12:17:22 PM;2362;30.1;31.1;36.1;33.0;0.1;0.1;0.1;0.2;
2/2/2017 12:17:23 PM;2363;30.0;31.1;36.0;33.0;0.1;0.1;0.1;0.2;
2/2/2017 12:17:24 PM;2364;29.9;31.1;36.0;32.9;0.1;0.1;0.1;0.2;
2/2/2017 12:17:25 PM;2365;30.0;31.0;35.9;32.9;0.1;0.1;0.1;0.2;
2/2/2017 12:17:26 PM;2366;29.9;31.0;35.9;32.7;0.1;0.1;0.1;0.2;
2/2/2017 12:17:27 PM;2367;29.8;31.1;35.9;32.6;0.1;0.1;0.1;0.2;
2/2/2017 12:17:28 PM;2368;29.8;31.1;35.9;32.5;0.1;0.1;0.1;0.2;
2/2/2017 12:17:29 PM;2369;29.8;31.0;35.8;32.5;0.1;0.1;0.1;0.2;
2/2/2017 12:17:30 PM;2370;29.7;31.0;35.7;32.5;0.1;0.1;0.1;0.2;
2/2/2017 12:17:31 PM;2371;29.7;30.9;35.6;32.6;0.1;0.1;0.1;0.2;
2/2/2017 12:17:32 PM;2372;29.7;30.9;35.5;32.7;0.1;0.1;0.1;0.2;
2/2/2017 12:17:33 PM;2373;29.8;30.9;35.5;32.7;0.1;0.1;0.1;0.2;
2/2/2017 12:17:34 PM;2374;29.8;30.9;35.5;32.7;0.1;0.1;0.1;0.2;
2/2/2017 12:17:35 PM;2375;29.9;30.9;35.4;32.7;0.1;0.1;0.1;0.2;
2/2/2017 12:17:36 PM;2376;29.9;30.9;35.4;32.6;0.1;0.1;0.1;0.2;
2/2/2017 12:17:37 PM;2377;29.8;30.9;35.4;32.5;0.1;0.1;0.1;0.2;
2/2/2017 12:17:38 PM;2378;29.8;30.9;35.3;32.3;0.1;0.1;0.1;0.2;
2/2/2017 12:17:39 PM;2379;29.7;30.8;35.4;32.3;0.1;0.1;0.1;0.2;
2/2/2017 12:17:40 PM;2380;29.7;30.8;35.5;32.3;0.1;0.1;0.1;0.2;
2/2/2017 12:17:41 PM;2381;29.7;30.8;35.5;32.3;0.1;0.1;0.1;0.2;
2/2/2017 12:17:42 PM;2382;29.7;30.8;35.5;32.4;0.1;0.1;0.1;0.2;
2/2/2017 12:17:43 PM;2383;29.7;30.9;35.5;32.4;0.1;0.1;0.1;0.2;
2/2/2017 12:17:44 PM;2384;29.8;30.9;35.5;32.4;0.1;0.1;0.1;0.2;
2/2/2017 12:17:45 PM;2385;29.7;30.9;35.5;32.2;0.1;0.1;0.1;0.2;
2/2/2017 12:17:46 PM;2386;29.7;30.8;35.5;32.1;0.1;0.1;0.1;0.2;
2/2/2017 12:17:47 PM;2387;29.6;30.8;35.5;32.0;0.1;0.1;0.1;0.2;
2/2/2017 12:17:48 PM;2388;29.6;30.7;35.5;32.0;0.1;0.1;0.1;0.2;
2/2/2017 12:17:49 PM;2389;29.5;30.7;35.6;32.0;0.1;0.1;0.1;0.2;
2/2/2017 12:17:50 PM;2390;29.6;30.7;35.6;32.0;0.1;0.1;0.1;0.2;
2/2/2017 12:17:51 PM;2391;29.6;30.7;35.5;32.1;0.1;0.1;0.1;0.2;
2/2/2017 12:17:52 PM;2392;29.6;30.7;35.5;32.1;0.1;0.1;0.1;0.2;
2/2/2017 12:17:53 PM;2393;29.6;30.7;35.5;32.1;0.1;0.1;0.1;0.2;
2/2/2017 12:17:54 PM;2394;29.5;30.6;35.5;32.0;0.1;0.1;0.1;0.2;
2/2/2017 12:17:55 PM;2395;29.4;30.6;35.5;32.0;0.1;0.1;0.1;0.2;
2/2/2017 12:17:56 PM;2396;29.4;30.6;35.5;32.0;0.1;0.1;0.1;0.2;
2/2/2017 12:17:57 PM;2397;29.4;30.5;35.4;32.0;0.1;0.1;0.1;0.2;
2/2/2017 12:17:58 PM;2398;29.4;30.5;35.3;32.0;0.1;0.1;0.1;0.2;
2/2/2017 12:17:59 PM;2399;29.4;30.5;35.1;32.1;0.1;0.1;0.1;0.2;
2/2/2017 12:18:00 PM;2400;29.5;30.4;35.0;32.1;0.1;0.1;0.1;0.2;
2/2/2017 12:18:01 PM;2401;29.5;30.4;34.8;32.1;0.1;0.1;0.1;0.2;
2/2/2017 12:18:02 PM;2402;29.5;30.5;34.7;32.1;0.1;0.1;0.1;0.2;
2/2/2017 12:18:03 PM;2403;29.5;30.5;34.7;32.1;0.1;0.1;0.1;0.2;
2/2/2017 12:18:04 PM;2404;29.5;30.4;34.7;32.0;0.1;0.1;0.1;0.2;
2/2/2017 12:18:05 PM;2405;29.5;30.4;34.7;31.8;0.1;0.1;0.1;0.2;
2/2/2017 12:18:06 PM;2406;29.4;30.4;34.7;31.8;0.1;0.1;0.1;0.2;
2/2/2017 12:18:07 PM;2407;29.4;30.3;34.6;31.7;0.1;0.1;0.1;0.2;
2/2/2017 12:18:08 PM;2408;29.3;30.3;34.6;31.6;0.1;0.1;0.1;0.2;
2/2/2017 12:18:09 PM;2409;29.2;30.3;34.5;31.5;0.1;0.1;0.1;0.2;
2/2/2017 12:18:10 PM;2410;29.1;30.3;34.4;31.5;0.1;0.1;0.1;0.2;
2/2/2017 12:18:11 PM;2411;29.2;30.3;34.3;31.5;0.1;0.1;0.1;0.2;
2/2/2017 12:18:12 PM;2412;29.2;30.3;34.2;31.5;0.1;0.1;0.1;0.2;
2/2/2017 12:18:13 PM;2413;29.2;30.3;34.1;31.5;0.1;0.1;0.1;0.2;
2/2/2017 12:18:14 PM;2414;29.2;30.2;34.0;31.5;0.1;0.1;0.1;0.2;
2/2/2017 12:18:15 PM;2415;29.3;30.2;33.8;31.5;0.1;0.1;0.1;0.2;
2/2/2017 12:18:16 PM;2416;29.3;30.2;33.8;31.4;0.1;0.1;0.1;0.2;
2/2/2017 12:18:17 PM;2417;29.3;30.2;33.7;31.4;0.1;0.1;0.1;0.2;
2/2/2017 12:18:18 PM;2418;29.2;30.2;33.7;31.4;0.1;0.1;0.1;0.2;
2/2/2017 12:18:19 PM;2419;29.1;30.2;33.6;31.3;0.1;0.1;0.1;0.2;
2/2/2017 12:18:20 PM;2420;29.1;30.2;33.6;31.3;0.1;0.1;0.1;0.2;
2/2/2017 12:18:21 PM;2421;29.1;30.2;33.6;31.3;0.1;0.1;0.1;0.2;
2/2/2017 12:18:22 PM;2422;29.1;30.2;33.6;31.3;0.1;0.1;0.1;0.2;
2/2/2017 12:18:23 PM;2423;29.2;30.2;33.6;31.4;0.1;0.1;0.1;0.2;
2/2/2017 12:18:24 PM;2424;29.2;30.3;33.6;31.4;0.1;0.1;0.1;0.2;
2/2/2017 12:18:25 PM;2425;29.2;30.3;33.6;31.4;0.1;0.1;0.1;0.2;
2/2/2017 12:18:26 PM;2426;29.2;30.3;33.6;31.4;0.1;0.1;0.1;0.2;
2/2/2017 12:18:27 PM;2427;29.1;30.3;33.6;31.4;0.1;0.1;0.1;0.2;
2/2/2017 12:18:28 PM;2428;29.0;30.3;33.6;31.4;0.1;0.1;0.1;0.2;
2/2/2017 12:18:29 PM;2429;28.9;30.2;33.7;31.4;0.1;0.1;0.1;0.2;
2/2/2017 12:18:30 PM;2430;28.9;30.2;33.7;31.4;0.1;0.1;0.1;0.2;
2/2/2017 12:18:31 PM;2431;28.9;30.2;33.6;31.4;0.1;0.1;0.1;0.2;
2/2/2017 12:18:32 PM;2432;28.9;30.2;33.7;31.3;0.1;0.1;0.1;0.2;
2/2/2017 12:18:33 PM;2433;28.9;30.2;33.7;31.3;0.1;0.1;0.1;0.2;
2/2/2017 12:18:34 PM;2434;29.0;30.2;33.8;31.2;0.1;0.1;0.1;0.2;
2/2/2017 12:18:35 PM;2435;29.0;30.2;33.7;31.2;0.1;0.1;0.1;0.2;
2/2/2017 12:18:36 PM;2436;29.0;30.1;33.7;31.1;0.1;0.1;0.1;0.2;
2/2/2017 12:18:37 PM;2437;29.0;30.1;33.7;31.0;0.1;0.1;0.1;0.2;
2/2/2017 12:18:38 PM;2438;28.9;30.1;33.7;31.0;0.1;0.1;0.1;0.2;
2/2/2017 12:18:39 PM;2439;28.8;30.1;33.6;31.0;0.1;0.1;0.1;0.2;
2/2/2017 12:18:40 PM;2440;28.8;30.0;33.7;30.9;0.1;0.1;0.1;0.2;
2/2/2017 12:18:41 PM;2441;28.7;30.0;33.7;30.9;0.1;0.1;0.1;0.2;
2/2/2017 12:18:42 PM;2442;28.6;30.0;33.8;30.9;0.1;0.1;0.1;0.2;
2/2/2017 12:18:43 PM;2443;28.6;30.0;33.8;30.9;0.1;0.1;0.1;0.2;
2/2/2017 12:18:44 PM;2444;28.7;29.9;33.8;30.9;0.1;0.1;0.1;0.2;
2/2/2017 12:18:45 PM;2445;28.8;29.9;33.8;30.9;0.1;0.1;0.1;0.2;
2/2/2017 12:18:46 PM;2446;28.8;29.9;33.8;31.0;0.1;0.1;0.1;0.2;
2/2/2017 12:18:47 PM;2447;28.9;29.9;33.8;31.0;0.1;0.1;0.1;0.2;
2/2/2017 12:18:48 PM;2448;29.0;29.9;33.7;31.0;0.1;0.1;0.1;0.2;
2/2/2017 12:18:49 PM;2449;29.0;29.9;33.6;31.0;0.1;0.1;0.1;0.2;
2/2/2017 12:18:50 PM;2450;29.0;29.9;33.6;30.9;0.1;0.1;0.1;0.2;
2/2/2017 12:18:51 PM;2451;28.9;29.9;33.5;30.7;0.1;0.1;0.1;0.2;
2/2/2017 12:18:52 PM;2452;28.8;29.9;33.5;30.6;0.1;0.1;0.1;0.2;
2/2/2017 12:18:53 PM;2453;28.7;29.9;33.5;30.5;0.1;0.1;0.1;0.2;
2/2/2017 12:18:54 PM;2454;28.6;29.8;33.5;30.5;0.1;0.1;0.1;0.2;
2/2/2017 12:18:55 PM;2455;28.6;29.8;33.5;30.4;0.1;0.1;0.1;0.2;
2/2/2017 12:18:56 PM;2456;28.6;29.8;33.6;30.5;0.1;0.1;0.1;0.2;
2/2/2017 12:18:57 PM;2457;28.6;29.8;33.6;30.5;0.1;0.1;0.1;0.2;
2/2/2017 12:18:58 PM;2458;28.6;29.8;33.6;30.6;0.1;0.1;0.1;0.2;
2/2/2017 12:18:59 PM;2459;28.5;29.8;33.6;30.6;0.1;0.1;0.1;0.2;
2/2/2017 12:19:00 PM;2460;28.4;29.8;33.5;30.8;0.1;0.1;0.1;0.2;
2/2/2017 12:19:01 PM;2461;28.5;29.8;33.5;30.8;0.1;0.1;0.1;0.2;
2/2/2017 12:19:02 PM;2462;28.5;29.8;33.5;30.8;0.1;0.1;0.1;0.2;
2/2/2017 12:19:03 PM;2463;28.6;29.9;33.5;30.7;0.1;0.1;0.1;0.2;
2/2/2017 12:19:04 PM;2464;28.7;29.9;33.5;30.6;0.1;0.1;0.1;0.2;
2/2/2017 12:19:05 PM;2465;28.7;29.9;33.5;30.5;0.1;0.1;0.1;0.2;
2/2/2017 12:19:06 PM;2466;28.6;29.9;33.5;30.4;0.1;0.1;0.1;0.2;
2/2/2017 12:19:07 PM;2467;28.5;29.9;33.4;30.4;0.1;0.1;0.1;0.2;
2/2/2017 12:19:08 PM;2468;28.5;29.8;33.4;30.4;0.1;0.1;0.1;0.2;
2/2/2017 12:19:09 PM;2469;28.4;29.8;33.3;30.5;0.1;0.1;0.1;0.2;
2/2/2017 12:19:10 PM;2470;28.4;29.8;33.2;30.5;0.1;0.1;0.1;0.2;
2/2/2017 12:19:11 PM;2471;28.5;29.8;33.1;30.5;0.1;0.1;0.1;0.2;
2/2/2017 12:19:12 PM;2472;28.6;29.7;33.0;30.5;0.1;0.1;0.1;0.2;
2/2/2017 12:19:13 PM;2473;28.6;29.7;32.9;30.6;0.1;0.1;0.1;0.2;
2/2/2017 12:19:14 PM;2474;28.7;29.7;32.9;30.6;0.1;0.1;0.1;0.2;
2/2/2017 12:19:15 PM;2475;28.6;29.6;32.8;30.6;0.1;0.1;0.1;0.2;
2/2/2017 12:19:16 PM;2476;28.6;29.6;32.8;30.6;0.1;0.1;0.1;0.2;
2/2/2017 12:19:17 PM;2477;28.5;29.6;32.8;30.5;0.1;0.1;0.1;0.2;
2/2/2017 12:19:18 PM;2478;28.5;29.6;32.8;30.4;0.1;0.1;0.1;0.2;
2/2/2017 12:19:19 PM;2479;28.4;29.6;32.8;30.3;0.1;0.1;0.1;0.2;
2/2/2017 12:19:20 PM;2480;28.4;29.6;32.8;30.3;0.1;0.1;0.1;0.2;
2/2/2017 12:19:21 PM;2481;28.4;29.6;32.7;30.2;0.1;0.1;0.1;0.2;
2/2/2017 12:19:22 PM;2482;28.4;29.5;32.6;30.2;0.1;0.1;0.1;0.2;
2/2/2017 12:19:23 PM;2483;28.4;29.5;32.5;30.2;0.1;0.1;0.1;0.2;
2/2/2017 12:19:24 PM;2484;28.3;29.5;32.4;30.2;0.1;0.1;0.1;0.2;
2/2/2017 12:19:25 PM;2485;28.3;29.6;32.3;30.2;0.1;0.1;0.1;0.2;
2/2/2017 12:19:26 PM;2486;28.4;29.6;32.2;30.2;0.1;0.1;0.1;0.2;
2/2/2017 12:19:27 PM;2487;28.4;29.5;32.2;30.1;0.1;0.1;0.1;0.2;
2/2/2017 12:19:28 PM;2488;28.4;29.5;32.1;30.1;0.1;0.1;0.1;0.2;
2/2/2017 12:19:29 PM;2489;28.5;29.5;32.1;30.1;0.1;0.1;0.1;0.2;
2/2/2017 12:19:30 PM;2490;28.6;29.4;32.1;30.1;0.1;0.1;0.1;0.2;
2/2/2017 12:19:31 PM;2491;28.6;29.4;32.1;30.1;0.1;0.1;0.1;0.2;
2/2/2017 12:19:32 PM;2492;28.6;29.4;32.1;30.1;0.1;0.1;0.1;0.2;
2/2/2017 12:19:33 PM;2493;28.5;29.4;32.1;30.1;0.1;0.1;0.1;0.2;
2/2/2017 12:19:34 PM;2494;28.4;29.4;32.0;30.0;0.1;0.1;0.1;0.2;
2/2/2017 12:19:35 PM;2495;28.2;29.4;32.0;30.0;0.1;0.1;0.1;0.2;
2/2/2017 12:19:36 PM;2496;28.2;29.5;31.9;30.0;0.1;0.1;0.1;0.2;
2/2/2017 12:19:37 PM;2497;28.1;29.5;31.9;30.0;0.1;0.1;0.1;0.2;
2/2/2017 12:19:38 PM;2498;28.0;29.5;31.9;30.0;0.1;0.1;0.1;0.2;
2/2/2017 12:19:39 PM;2499;28.1;29.5;31.9;30.0;0.1;0.1;0.1;0.2;
2/2/2017 12:19:40 PM;2500;28.1;29.5;31.8;30.1;0.1;0.1;0.1;0.2;
2/2/2017 12:19:41 PM;2501;28.2;29.5;31.8;30.1;0.1;0.1;0.1;0.2;
2/2/2017 12:19:42 PM;2502;28.2;29.4;31.8;30.1;0.1;0.1;0.1;0.2;
2/2/2017 12:19:43 PM;2503;28.2;29.4;31.8;30.1;0.1;0.1;0.1;0.2;
2/2/2017 12:19:44 PM;2504;28.2;29.4;31.8;30.0;0.1;0.1;0.1;0.2;
2/2/2017 12:19:45 PM;2505;28.2;29.5;31.8;30.0;0.1;0.1;0.1;0.2;
2/2/2017 12:19:46 PM;2506;28.1;29.4;31.8;29.9;0.1;0.1;0.1;0.2;
2/2/2017 12:19:47 PM;2507;28.1;29.4;31.8;29.8;0.1;0.1;0.1;0.2;
2/2/2017 12:19:48 PM;2508;28.0;29.4;31.8;29.7;0.1;0.1;0.1;0.2;
2/2/2017 12:19:49 PM;2509;28.0;29.4;31.8;29.7;0.1;0.1;0.1;0.2;
2/2/2017 12:19:50 PM;2510;28.0;29.4;31.8;29.7;0.1;0.1;0.1;0.2;
2/2/2017 12:19:51 PM;2511;28.1;29.4;31.8;29.7;0.1;0.1;0.1;0.2;
2/2/2017 12:19:52 PM;2512;28.2;29.4;31.8;29.7;0.1;0.1;0.1;0.2;
2/2/2017 12:19:53 PM;2513;28.2;29.4;31.8;29.8;0.1;0.1;0.1;0.2;
2/2/2017 12:19:54 PM;2514;28.3;29.4;31.9;29.8;0.1;0.1;0.1;0.2;
2/2/2017 12:19:55 PM;2515;28.3;29.4;32.0;29.7;0.1;0.1;0.1;0.2;
2/2/2017 12:19:56 PM;2516;28.3;29.3;32.0;29.7;0.1;0.1;0.1;0.2;
2/2/2017 12:19:57 PM;2517;28.3;29.3;32.0;29.6;0.1;0.1;0.1;0.2;
2/2/2017 12:19:58 PM;2518;28.3;29.2;32.0;29.7;0.1;0.1;0.1;0.2;
2/2/2017 12:19:59 PM;2519;28.2;29.2;31.9;29.7;0.1;0.1;0.1;0.2;
2/2/2017 12:20:00 PM;2520;28.1;29.2;31.8;29.7;0.1;0.1;0.1;0.2;
2/2/2017 12:20:01 PM;2521;28.1;29.2;31.6;29.7;0.1;0.1;0.1;0.2;
2/2/2017 12:20:02 PM;2522;28.1;29.2;31.5;29.7;0.1;0.1;0.1;0.2;
2/2/2017 12:20:03 PM;2523;28.1;29.3;31.5;29.7;0.1;0.1;0.1;0.2;
2/2/2017 12:20:04 PM;2524;28.0;29.2;31.4;29.7;0.1;0.1;0.1;0.2;
2/2/2017 12:20:05 PM;2525;28.1;29.2;31.3;29.7;0.1;0.1;0.1;0.2;
2/2/2017 12:20:06 PM;2526;28.0;29.2;31.3;29.6;0.1;0.1;0.1;0.2;
2/2/2017 12:20:07 PM;2527;27.9;29.2;31.2;29.6;0.1;0.1;0.1;0.2;
2/2/2017 12:20:08 PM;2528;27.8;29.2;31.1;29.5;0.1;0.1;0.1;0.2;
2/2/2017 12:20:09 PM;2529;27.9;29.2;31.1;29.5;0.1;0.1;0.1;0.2;
2/2/2017 12:20:10 PM;2530;27.9;29.2;31.1;29.5;0.1;0.1;0.1;0.2;
2/2/2017 12:20:11 PM;2531;27.9;29.2;31.0;29.5;0.1;0.1;0.1;0.2;
2/2/2017 12:20:12 PM;2532;28.0;29.2;31.0;29.5;0.1;0.1;0.1;0.2;
2/2/2017 12:20:13 PM;2533;27.9;29.2;31.1;29.5;0.1;0.1;0.1;0.2;
2/2/2017 12:20:14 PM;2534;27.9;29.2;31.1;29.5;0.1;0.1;0.1;0.2;
2/2/2017 12:20:15 PM;2535;28.0;29.2;31.1;29.5;0.1;0.1;0.1;0.2;
2/2/2017 12:20:16 PM;2536;28.0;29.2;31.1;29.5;0.1;0.1;0.1;0.2;
2/2/2017 12:20:17 PM;2537;28.0;29.2;31.1;29.4;0.1;0.1;0.1;0.2;
2/2/2017 12:20:18 PM;2538;28.0;29.2;31.1;29.4;0.1;0.1;0.1;0.2;
2/2/2017 12:20:19 PM;2539;28.0;29.2;31.1;29.3;0.1;0.1;0.1;0.2;
2/2/2017 12:20:20 PM;2540;28.0;29.2;31.1;29.3;0.1;0.1;0.1;0.2;
2/2/2017 12:20:21 PM;2541;27.9;29.2;31.1;29.3;0.1;0.1;0.1;0.2;
2/2/2017 12:20:22 PM;2542;27.8;29.2;31.1;29.4;0.1;0.1;0.1;0.2;
2/2/2017 12:20:23 PM;2543;27.8;29.2;31.1;29.4;0.1;0.1;0.1;0.2;
2/2/2017 12:20:24 PM;2544;27.8;29.2;31.1;29.4;0.1;0.1;0.1;0.2;
2/2/2017 12:20:25 PM;2545;27.8;29.2;31.0;29.3;0.1;0.1;0.1;0.2;
2/2/2017 12:20:26 PM;2546;27.8;29.2;31.0;29.2;0.1;0.1;0.1;0.2;
2/2/2017 12:20:27 PM;2547;27.9;29.2;31.0;29.2;0.1;0.1;0.1;0.2;
2/2/2017 12:20:28 PM;2548;27.9;29.2;31.0;29.2;0.1;0.1;0.1;0.2;
2/2/2017 12:20:29 PM;2549;27.9;29.2;31.0;29.3;0.1;0.1;0.1;0.2;
2/2/2017 12:20:30 PM;2550;27.9;29.1;31.0;29.3;0.1;0.1;0.1;0.2;
2/2/2017 12:20:31 PM;2551;27.9;29.1;31.0;29.3;0.1;0.1;0.1;0.2;
2/2/2017 12:20:32 PM;2552;27.8;29.1;30.9;29.3;0.1;0.1;0.1;0.2;
2/2/2017 12:20:33 PM;2553;27.9;29.0;30.8;29.3;0.1;0.1;0.1;0.2;
2/2/2017 12:20:34 PM;2554;27.9;29.0;30.7;29.2;0.1;0.1;0.1;0.2;
2/2/2017 12:20:35 PM;2555;27.8;29.0;30.7;29.1;0.1;0.1;0.1;0.2;
2/2/2017 12:20:36 PM;2556;27.8;28.9;30.6;29.1;0.1;0.1;0.1;0.2;
2/2/2017 12:20:37 PM;2557;27.8;28.9;30.6;29.1;0.1;0.1;0.1;0.2;
2/2/2017 12:20:38 PM;2558;27.8;28.9;30.6;29.1;0.1;0.1;0.1;0.2;
2/2/2017 12:20:39 PM;2559;27.8;28.9;30.5;29.1;0.1;0.1;0.1;0.2;
2/2/2017 12:20:40 PM;2560;27.8;28.9;30.5;29.2;0.1;0.1;0.1;0.2;
2/2/2017 12:20:41 PM;2561;27.8;28.9;30.5;29.1;0.1;0.1;0.1;0.2;
2/2/2017 12:20:42 PM;2562;27.8;28.8;30.5;29.1;0.1;0.1;0.1;0.2;
2/2/2017 12:20:43 PM;2563;27.9;28.8;30.5;29.1;0.1;0.1;0.1;0.2;
2/2/2017 12:20:44 PM;2564;27.9;28.9;30.4;29.1;0.1;0.1;0.1;0.2;
2/2/2017 12:20:45 PM;2565;27.8;29.0;30.4;29.1;0.1;0.1;0.1;0.2;
2/2/2017 12:20:46 PM;2566;27.8;29.1;30.4;29.0;0.1;0.1;0.1;0.2;
2/2/2017 12:20:47 PM;2567;27.8;29.1;30.4;29.0;0.1;0.1;0.1;0.2;
2/2/2017 12:20:48 PM;2568;27.7;29.1;30.4;28.9;0.1;0.1;0.1;0.2;
2/2/2017 12:20:49 PM;2569;27.7;29.0;30.5;28.9;0.1;0.1;0.1;0.2;
2/2/2017 12:20:50 PM;2570;27.7;28.9;30.5;28.9;0.1;0.1;0.1;0.2;
2/2/2017 12:20:51 PM;2571;27.7;28.8;30.6;28.8;0.1;0.1;0.1;0.2;
2/2/2017 12:20:52 PM;2572;27.7;28.8;30.6;28.7;0.1;0.1;0.1;0.2;
2/2/2017 12:20:53 PM;2573;27.7;28.9;30.7;28.7;0.1;0.1;0.1;0.2;
2/2/2017 12:20:54 PM;2574;27.8;28.9;30.7;28.7;0.1;0.1;0.1;0.2;
2/2/2017 12:20:55 PM;2575;27.8;29.0;30.7;28.7;0.1;0.1;0.1;0.2;
2/2/2017 12:20:56 PM;2576;27.8;29.0;30.7;28.7;0.1;0.1;0.1;0.2;
2/2/2017 12:20:57 PM;2577;27.8;29.0;30.7;28.8;0.1;0.1;0.1;0.2;
2/2/2017 12:20:58 PM;2578;27.8;29.0;30.7;28.8;0.1;0.1;0.1;0.2;
2/2/2017 12:20:59 PM;2579;27.8;29.0;30.8;28.9;0.1;0.1;0.1;0.2;
2/2/2017 12:21:00 PM;2580;27.8;29.0;30.8;28.9;0.1;0.1;0.1;0.2;
2/2/2017 12:21:01 PM;2581;27.8;29.0;30.8;28.9;0.1;0.1;0.1;0.2;
2/2/2017 12:21:02 PM;2582;27.8;28.9;30.8;28.9;0.1;0.1;0.1;0.2;
2/2/2017 12:21:03 PM;2583;27.8;28.9;30.8;28.9;0.1;0.1;0.1;0.2;
2/2/2017 12:21:04 PM;2584;27.8;28.8;30.8;28.9;0.1;0.1;0.1;0.2;
2/2/2017 12:21:05 PM;2585;27.7;28.8;30.8;28.9;0.1;0.1;0.1;0.2;
2/2/2017 12:21:06 PM;2586;27.7;28.8;30.8;28.9;0.1;0.1;0.1;0.2;
2/2/2017 12:21:07 PM;2587;27.6;28.8;30.8;28.9;0.1;0.1;0.1;0.2;
2/2/2017 12:21:08 PM;2588;27.6;28.8;30.7;28.9;0.1;0.1;0.1;0.2;
2/2/2017 12:21:09 PM;2589;27.6;28.8;30.6;28.9;0.1;0.1;0.1;0.2;
2/2/2017 12:21:10 PM;2590;27.6;28.8;30.6;28.9;0.1;0.1;0.1;0.2;
2/2/2017 12:21:11 PM;2591;27.6;28.8;30.5;28.9;0.1;0.1;0.1;0.2;
2/2/2017 12:21:12 PM;2592;27.7;28.8;30.5;28.9;0.1;0.1;0.1;0.2;
2/2/2017 12:21:13 PM;2593;27.7;28.8;30.5;28.8;0.1;0.1;0.1;0.2;
2/2/2017 12:21:14 PM;2594;27.7;28.8;30.5;28.8;0.1;0.1;0.1;0.2;
2/2/2017 12:21:15 PM;2595;27.7;28.8;30.4;28.7;0.1;0.1;0.1;0.2;
2/2/2017 12:21:16 PM;2596;27.6;28.8;30.4;28.7;0.1;0.1;0.1;0.2;
2/2/2017 12:21:17 PM;2597;27.6;28.8;30.3;28.6;0.1;0.1;0.1;0.2;
2/2/2017 12:21:18 PM;2598;27.6;28.8;30.2;28.5;0.1;0.1;0.1;0.2;
2/2/2017 12:21:19 PM;2599;27.6;28.8;30.2;28.5;0.1;0.1;0.1;0.2;
2/2/2017 12:21:20 PM;2600;27.6;28.7;30.2;28.5;0.1;0.1;0.1;0.2;
2/2/2017 12:21:21 PM;2601;27.6;28.7;30.1;28.6;0.1;0.1;0.1;0.2;
2/2/2017 12:21:22 PM;2602;27.5;28.7;30.1;28.6;0.1;0.1;0.1;0.2;
2/2/2017 12:21:23 PM;2603;27.6;28.7;30.1;28.6;0.1;0.1;0.1;0.2;
2/2/2017 12:21:24 PM;2604;27.6;28.6;30.0;28.6;0.1;0.1;0.1;0.2;
2/2/2017 12:21:25 PM;2605;27.6;28.6;30.0;28.6;0.1;0.1;0.1;0.2;
2/2/2017 12:21:26 PM;2606;27.6;28.6;30.0;28.6;0.1;0.1;0.1;0.2;
2/2/2017 12:21:27 PM;2607;27.6;28.6;29.9;28.6;0.1;0.1;0.1;0.2;
2/2/2017 12:21:28 PM;2608;27.6;28.6;29.8;28.7;0.1;0.1;0.1;0.2;
2/2/2017 12:21:29 PM;2609;27.5;28.6;29.8;28.7;0.1;0.1;0.1;0.2;
2/2/2017 12:21:30 PM;2610;27.5;28.7;29.8;28.7;0.1;0.1;0.1;0.2;
2/2/2017 12:21:31 PM;2611;27.5;28.7;29.8;28.7;0.1;0.1;0.1;0.2;
2/2/2017 12:21:32 PM;2612;27.5;28.7;29.8;28.7;0.1;0.1;0.1;0.2;
2/2/2017 12:21:33 PM;2613;27.5;28.7;29.7;28.7;0.1;0.1;0.1;0.2;
2/2/2017 12:21:34 PM;2614;27.5;28.8;29.7;28.7;0.1;0.1;0.1;0.2;
2/2/2017 12:21:35 PM;2615;27.5;28.8;29.6;28.7;0.1;0.1;0.1;0.2;
2/2/2017 12:21:36 PM;2616;27.5;28.8;29.6;28.7;0.1;0.1;0.1;0.2;
2/2/2017 12:21:37 PM;2617;27.6;28.8;29.6;28.7;0.1;0.1;0.1;0.2;
2/2/2017 12:21:38 PM;2618;27.6;28.7;29.6;28.7;0.1;0.1;0.1;0.2;
2/2/2017 12:21:39 PM;2619;27.7;28.7;29.6;28.6;0.1;0.1;0.1;0.2;
2/2/2017 12:21:40 PM;2620;27.6;28.6;29.6;28.6;0.1;0.1;0.1;0.2;
2/2/2017 12:21:41 PM;2621;27.6;28.6;29.6;28.5;0.1;0.1;0.1;0.2;
2/2/2017 12:21:42 PM;2622;27.5;28.6;29.6;28.5;0.1;0.1;0.1;0.2;
2/2/2017 12:21:43 PM;2623;27.5;28.6;29.6;28.5;0.1;0.1;0.1;0.2;
2/2/2017 12:21:44 PM;2624;27.5;28.6;29.6;28.4;0.1;0.1;0.1;0.2;
2/2/2017 12:21:45 PM;2625;27.6;28.6;29.6;28.4;0.1;0.1;0.1;0.2;
2/2/2017 12:21:46 PM;2626;27.6;28.6;29.6;28.4;0.1;0.1;0.1;0.2;
2/2/2017 12:21:47 PM;2627;27.7;28.6;29.5;28.4;0.1;0.1;0.1;0.2;
2/2/2017 12:21:48 PM;2628;27.7;28.6;29.5;28.4;0.1;0.1;0.1;0.2;
2/2/2017 12:21:49 PM;2629;27.6;28.6;29.4;28.4;0.1;0.1;0.1;0.2;
2/2/2017 12:21:50 PM;2630;27.6;28.6;29.4;28.4;0.1;0.1;0.1;0.2;
2/2/2017 12:21:51 PM;2631;27.5;28.5;29.4;28.3;0.1;0.1;0.1;0.2;
2/2/2017 12:21:52 PM;2632;27.5;28.5;29.4;28.3;0.1;0.1;0.1;0.2;
2/2/2017 12:21:53 PM;2633;27.4;28.5;29.3;28.3;0.1;0.1;0.1;0.2;
2/2/2017 12:21:54 PM;2634;27.4;28.5;29.3;28.3;0.1;0.1;0.1;0.2;
2/2/2017 12:21:55 PM;2635;27.3;28.6;29.3;28.3;0.1;0.1;0.1;0.2;
2/2/2017 12:21:56 PM;2636;27.3;28.6;29.3;28.3;0.1;0.1;0.1;0.2;
2/2/2017 12:21:57 PM;2637;27.3;28.6;29.3;28.3;0.1;0.1;0.1;0.2;
2/2/2017 12:21:58 PM;2638;27.3;28.6;29.3;28.3;0.1;0.1;0.1;0.2;
2/2/2017 12:21:59 PM;2639;27.4;28.6;29.2;28.3;0.1;0.1;0.1;0.2;
2/2/2017 12:22:00 PM;2640;27.4;28.6;29.2;28.3;0.1;0.1;0.1;0.2;
2/2/2017 12:22:01 PM;2641;27.4;28.6;29.2;28.3;0.1;0.1;0.1;0.2;
2/2/2017 12:22:02 PM;2642;27.4;28.6;29.2;28.3;0.1;0.1;0.1;0.2;
2/2/2017 12:22:03 PM;2643;27.4;28.5;29.2;28.3;0.1;0.1;0.1;0.2;
2/2/2017 12:22:04 PM;2644;27.3;28.5;29.2;28.3;0.1;0.1;0.1;0.2;
2/2/2017 12:22:05 PM;2645;27.3;28.4;29.2;28.3;0.1;0.1;0.1;0.2;
2/2/2017 12:22:06 PM;2646;27.3;28.4;29.2;28.3;0.1;0.1;0.1;0.2;
2/2/2017 12:22:07 PM;2647;27.3;28.4;29.2;28.3;0.1;0.1;0.1;0.2;
2/2/2017 12:22:08 PM;2648;27.4;28.4;29.2;28.3;0.1;0.1;0.1;0.2;
2/2/2017 12:22:09 PM;2649;27.4;28.4;29.2;28.3;0.1;0.1;0.1;0.2;
2/2/2017 12:22:10 PM;2650;27.4;28.4;29.2;28.2;0.1;0.1;0.1;0.2;
2/2/2017 12:22:11 PM;2651;27.5;28.4;29.2;28.2;0.1;0.1;0.1;0.2;
2/2/2017 12:22:12 PM;2652;27.5;28.5;29.2;28.2;0.1;0.1;0.1;0.2;
2/2/2017 12:22:13 PM;2653;27.5;28.5;29.2;28.2;0.1;0.1;0.1;0.2;
2/2/2017 12:22:14 PM;2654;27.5;28.5;29.2;28.2;0.1;0.1;0.1;0.2;
2/2/2017 12:22:15 PM;2655;27.5;28.5;29.2;28.1;0.1;0.1;0.1;0.2;
2/2/2017 12:22:16 PM;2656;27.5;28.5;29.2;28.1;0.1;0.1;0.1;0.2;
2/2/2017 12:22:17 PM;2657;27.4;28.5;29.2;28.1;0.1;0.1;0.1;0.2;
2/2/2017 12:22:18 PM;2658;27.3;28.4;29.2;28.1;0.1;0.1;0.1;0.2;
2/2/2017 12:22:19 PM;2659;27.3;28.4;29.2;28.1;0.1;0.1;0.1;0.2;
2/2/2017 12:22:20 PM;2660;27.3;28.4;29.2;28.2;0.1;0.1;0.1;0.2;
2/2/2017 12:22:21 PM;2661;27.3;28.4;29.2;28.2;0.1;0.1;0.1;0.2;
2/2/2017 12:22:22 PM;2662;27.3;28.4;29.2;28.2;0.1;0.1;0.1;0.2;
2/2/2017 12:22:23 PM;2663;27.3;28.4;29.2;28.2;0.1;0.1;0.1;0.2;
2/2/2017 12:22:24 PM;2664;27.3;28.4;29.2;28.2;0.1;0.1;0.1;0.2;
2/2/2017 12:22:25 PM;2665;27.3;28.4;29.2;28.2;0.1;0.1;0.1;0.2;
2/2/2017 12:22:26 PM;2666;27.3;28.4;29.2;28.2;0.1;0.1;0.1;0.2;
2/2/2017 12:22:27 PM;2667;27.3;28.4;29.2;28.1;0.1;0.1;0.1;0.2;
2/2/2017 12:22:28 PM;2668;27.3;28.4;29.2;28.1;0.1;0.1;0.1;0.2;
2/2/2017 12:22:29 PM;2669;27.3;28.4;29.2;28.1;0.1;0.1;0.1;0.2;
2/2/2017 12:22:30 PM;2670;27.3;28.4;29.2;28.0;0.1;0.1;0.1;0.2;
2/2/2017 12:22:31 PM;2671;27.3;28.4;29.2;28.0;0.1;0.1;0.1;0.2;
2/2/2017 12:22:32 PM;2672;27.3;28.4;29.2;28.0;0.1;0.1;0.1;0.2;
2/2/2017 12:22:33 PM;2673;27.3;28.4;29.3;28.0;0.1;0.1;0.1;0.2;
2/2/2017 12:22:34 PM;2674;27.3;28.4;29.3;28.0;0.1;0.1;0.1;0.2;
2/2/2017 12:22:35 PM;2675;27.3;28.4;29.3;28.0;0.1;0.1;0.1;0.2;
2/2/2017 12:22:36 PM;2676;27.3;28.4;29.2;28.0;0.1;0.1;0.1;0.2;
2/2/2017 12:22:37 PM;2677;27.3;28.4;29.2;28.0;0.1;0.1;0.1;0.2;
2/2/2017 12:22:38 PM;2678;27.3;28.4;29.1;28.0;0.1;0.1;0.1;0.2;
2/2/2017 12:22:39 PM;2679;27.3;28.4;29.0;28.0;0.1;0.1;0.1;0.2;
2/2/2017 12:22:40 PM;2680;27.3;28.4;28.9;28.0;0.1;0.1;0.1;0.2;
2/2/2017 12:22:41 PM;2681;27.3;28.4;28.9;28.0;0.1;0.1;0.1;0.2;
2/2/2017 12:22:42 PM;2682;27.3;28.4;28.8;28.0;0.1;0.1;0.1;0.2;
2/2/2017 12:22:43 PM;2683;27.3;28.3;28.8;28.0;0.1;0.1;0.1;0.2;
2/2/2017 12:22:44 PM;2684;27.3;28.3;28.8;28.0;0.1;0.1;0.1;0.2;
2/2/2017 12:22:45 PM;2685;27.3;28.3;28.8;28.0;0.1;0.1;0.1;0.2;
2/2/2017 12:22:46 PM;2686;27.3;28.2;28.8;27.9;0.1;0.1;0.1;0.2;
2/2/2017 12:22:47 PM;2687;27.3;28.2;28.8;27.9;0.1;0.1;0.1;0.2;
2/2/2017 12:22:48 PM;2688;27.3;28.2;28.8;27.9;0.1;0.1;0.1;0.2;
2/2/2017 12:22:49 PM;2689;27.2;28.2;28.8;27.9;0.1;0.1;0.1;0.2;
2/2/2017 12:22:50 PM;2690;27.1;28.2;28.8;27.9;0.1;0.1;0.1;0.2;
2/2/2017 12:22:51 PM;2691;27.1;28.2;28.8;27.9;0.1;0.1;0.1;0.2;
2/2/2017 12:22:52 PM;2692;27.1;28.2;28.8;27.9;0.1;0.1;0.1;0.2;
2/2/2017 12:22:53 PM;2693;27.2;28.2;28.8;27.8;0.1;0.1;0.1;0.2;
2/2/2017 12:22:54 PM;2694;27.2;28.2;28.8;27.8;0.1;0.1;0.1;0.2;
2/2/2017 12:22:55 PM;2695;27.3;28.2;28.8;27.8;0.1;0.1;0.1;0.2;
2/2/2017 12:22:56 PM;2696;27.2;28.3;28.8;27.8;0.1;0.1;0.1;0.2;
2/2/2017 12:22:57 PM;2697;27.2;28.3;28.8;27.8;0.1;0.1;0.1;0.2;
2/2/2017 12:22:58 PM;2698;27.2;28.3;28.8;27.8;0.1;0.1;0.1;0.2;
2/2/2017 12:22:59 PM;2699;27.2;28.3;28.8;27.8;0.1;0.1;0.1;0.2;
2/2/2017 12:23:00 PM;2700;27.2;28.3;28.8;27.8;0.1;0.1;0.1;0.2;
2/2/2017 12:23:01 PM;2701;27.2;28.3;28.8;27.8;0.1;0.1;0.1;0.2;
2/2/2017 12:23:02 PM;2702;27.2;28.3;28.7;27.8;0.1;0.1;0.1;0.2;
2/2/2017 12:23:03 PM;2703;27.3;28.3;28.7;27.8;0.1;0.1;0.1;0.2;
2/2/2017 12:23:04 PM;2704;27.3;28.2;28.6;27.8;0.1;0.1;0.1;0.2;
2/2/2017 12:23:05 PM;2705;27.2;28.2;28.6;27.8;0.1;0.1;0.1;0.2;
2/2/2017 12:23:06 PM;2706;27.2;28.2;28.6;27.8;0.1;0.1;0.1;0.2;
2/2/2017 12:23:07 PM;2707;27.2;28.2;28.6;27.8;0.1;0.1;0.1;0.2;
2/2/2017 12:23:08 PM;2708;27.1;28.2;28.6;27.8;0.1;0.1;0.1;0.2;
2/2/2017 12:23:09 PM;2709;27.1;28.2;28.6;27.8;0.1;0.1;0.1;0.2;
2/2/2017 12:23:10 PM;2710;27.1;28.2;28.6;27.8;0.1;0.1;0.1;0.2;
2/2/2017 12:23:11 PM;2711;27.1;28.2;28.6;27.8;0.1;0.1;0.1;0.2;
2/2/2017 12:23:12 PM;2712;27.1;28.2;28.6;27.8;0.1;0.1;0.1;0.2;
2/2/2017 12:23:13 PM;2713;27.2;28.2;28.6;27.8;0.1;0.1;0.1;0.2;
2/2/2017 12:23:14 PM;2714;27.2;28.2;28.6;27.8;0.1;0.1;0.1;0.2;
2/2/2017 12:23:15 PM;2715;27.2;28.2;28.6;27.8;0.1;0.1;0.1;0.2;
2/2/2017 12:23:16 PM;2716;27.2;28.2;28.6;27.8;0.1;0.1;0.1;0.2;
2/2/2017 12:23:17 PM;2717;27.1;28.2;28.6;27.8;0.1;0.1;0.1;0.2;
2/2/2017 12:23:18 PM;2718;27.1;28.2;28.6;27.8;0.1;0.1;0.1;0.2;
2/2/2017 12:23:19 PM;2719;27.1;28.2;28.6;27.7;0.1;0.1;0.1;0.2;
2/2/2017 12:23:20 PM;2720;27.1;28.2;28.6;27.6;0.1;0.1;0.1;0.2;
2/2/2017 12:23:21 PM;2721;27.1;28.2;28.6;27.6;0.1;0.1;0.1;0.2;
2/2/2017 12:23:22 PM;2722;27.2;28.2;28.6;27.7;0.1;0.1;0.1;0.2;
2/2/2017 12:23:23 PM;2723;27.1;28.2;28.6;27.6;0.1;0.1;0.1;0.2;
2/2/2017 12:23:24 PM;2724;27.1;28.2;28.6;27.6;0.1;0.1;0.1;0.2;
2/2/2017 12:23:25 PM;2725;27.1;28.2;28.6;27.7;0.1;0.1;0.1;0.2;
2/2/2017 12:23:26 PM;2726;27.1;28.2;28.6;27.7;0.1;0.1;0.1;0.2;
2/2/2017 12:23:27 PM;2727;27.1;28.2;28.6;27.6;0.1;0.1;0.1;0.2;
2/2/2017 12:23:28 PM;2728;27.1;28.2;28.6;27.6;0.1;0.1;0.1;0.2;
2/2/2017 12:23:29 PM;2729;27.1;28.2;28.6;27.6;0.1;0.1;0.1;0.2;
2/2/2017 12:23:30 PM;2730;27.1;28.2;28.7;27.6;0.1;0.1;0.1;0.2;
2/2/2017 12:23:31 PM;2731;27.1;28.2;28.7;27.6;0.1;0.1;0.1;0.2;
2/2/2017 12:23:32 PM;2732;27.1;28.2;28.6;27.5;0.1;0.1;0.1;0.2;
2/2/2017 12:23:33 PM;2733;27.1;28.2;28.6;27.5;0.1;0.1;0.1;0.2;
2/2/2017 12:23:34 PM;2734;27.1;28.2;28.6;27.5;0.1;0.1;0.1;0.2;
2/2/2017 12:23:35 PM;2735;27.1;28.2;28.6;27.5;0.1;0.1;0.1;0.2;
2/2/2017 12:23:36 PM;2736;27.1;28.2;28.5;27.5;0.1;0.1;0.1;0.2;
2/2/2017 12:23:37 PM;2737;27.1;28.2;28.5;27.6;0.1;0.1;0.1;0.2;
2/2/2017 12:23:38 PM;2738;27.1;28.2;28.4;27.7;0.1;0.1;0.1;0.2;
2/2/2017 12:23:39 PM;2739;27.1;28.2;28.3;27.7;0.1;0.1;0.1;0.2;
2/2/2017 12:23:40 PM;2740;27.1;28.1;28.3;27.7;0.1;0.1;0.1;0.2;
2/2/2017 12:23:41 PM;2741;27.1;28.1;28.3;27.7;0.1;0.1;0.1;0.2;
2/2/2017 12:23:42 PM;2742;27.1;28.1;28.3;27.6;0.1;0.1;0.1;0.2;
2/2/2017 12:23:43 PM;2743;27.1;28.1;28.3;27.6;0.1;0.1;0.1;0.2;
2/2/2017 12:23:44 PM;2744;27.1;28.1;28.3;27.6;0.1;0.1;0.1;0.2;
2/2/2017 12:23:45 PM;2745;27.1;28.1;28.3;27.6;0.1;0.1;0.1;0.2;
2/2/2017 12:23:46 PM;2746;27.1;28.1;28.3;27.6;0.1;0.1;0.1;0.2;
2/2/2017 12:23:47 PM;2747;27.1;28.1;28.3;27.6;0.1;0.1;0.1;0.2;
2/2/2017 12:23:48 PM;2748;27.1;28.1;28.3;27.6;0.1;0.1;0.1;0.2;
2/2/2017 12:23:49 PM;2749;27.1;28.1;28.3;27.6;0.1;0.1;0.1;0.2;
2/2/2017 12:23:50 PM;2750;27.1;28.1;28.3;27.6;0.1;0.1;0.1;0.2;
2/2/2017 12:23:51 PM;2751;27.1;28.1;28.4;27.6;0.1;0.1;0.1;0.2;
2/2/2017 12:23:52 PM;2752;27.1;28.2;28.4;27.6;0.1;0.1;0.1;0.2;
2/2/2017 12:23:53 PM;2753;27.1;28.1;28.4;27.6;0.1;0.1;0.1;0.2;
2/2/2017 12:23:54 PM;2754;27.1;28.1;28.4;27.6;0.1;0.1;0.1;0.2;
2/2/2017 12:23:55 PM;2755;27.1;28.1;28.4;27.6;0.1;0.1;0.1;0.2;
2/2/2017 12:23:56 PM;2756;27.1;28.1;28.4;27.6;0.1;0.1;0.1;0.2;
2/2/2017 12:23:57 PM;2757;27.1;28.1;28.4;27.6;0.1;0.1;0.1;0.2;
2/2/2017 12:23:58 PM;2758;27.1;28.1;28.3;27.6;0.1;0.1;0.1;0.2;
2/2/2017 12:23:59 PM;2759;27.1;28.1;28.3;27.6;0.1;0.1;0.1;0.2;
2/2/2017 12:24:00 PM;2760;27.1;28.1;28.3;27.6;0.1;0.1;0.1;0.2;
2/2/2017 12:24:01 PM;2761;27.0;28.1;28.3;27.5;0.1;0.1;0.1;0.2;
2/2/2017 12:24:02 PM;2762;27.0;28.1;28.3;27.5;0.1;0.1;0.1;0.2;
2/2/2017 12:24:03 PM;2763;27.0;28.1;28.3;27.4;0.1;0.1;0.1;0.2;
2/2/2017 12:24:04 PM;2764;27.0;28.1;28.3;27.4;0.1;0.1;0.1;0.2;
2/2/2017 12:24:05 PM;2765;26.9;28.1;28.3;27.4;0.1;0.1;0.1;0.2;
2/2/2017 12:24:06 PM;2766;26.9;28.1;28.3;27.4;0.1;0.1;0.1;0.2;
2/2/2017 12:24:07 PM;2767;26.9;28.1;28.3;27.4;0.1;0.1;0.1;0.2;
2/2/2017 12:24:08 PM;2768;26.9;28.1;28.3;27.4;0.1;0.1;0.1;0.2;
2/2/2017 12:24:09 PM;2769;26.9;28.1;28.3;27.4;0.1;0.1;0.1;0.2;
2/2/2017 12:24:10 PM;2770;26.9;28.1;28.3;27.4;0.1;0.1;0.1;0.2;
2/2/2017 12:24:11 PM;2771;26.9;28.1;28.2;27.4;0.1;0.1;0.1;0.2;
2/2/2017 12:24:12 PM;2772;26.9;28.1;28.2;27.4;0.1;0.1;0.1;0.2;
2/2/2017 12:24:13 PM;2773;27.0;28.1;28.1;27.4;0.1;0.1;0.1;0.2;
2/2/2017 12:24:14 PM;2774;26.9;28.1;28.1;27.4;0.1;0.1;0.1;0.2;
2/2/2017 12:24:15 PM;2775;26.9;28.1;28.1;27.4;0.1;0.1;0.1;0.2;
2/2/2017 12:24:16 PM;2776;26.9;28.0;28.1;27.4;0.1;0.1;0.1;0.2;
2/2/2017 12:24:17 PM;2777;26.9;28.0;28.1;27.4;0.1;0.1;0.1;0.2;
2/2/2017 12:24:18 PM;2778;26.9;28.0;28.1;27.4;0.1;0.1;0.1;0.2;
2/2/2017 12:24:19 PM;2779;26.9;28.0;28.1;27.4;0.1;0.1;0.1;0.2;
2/2/2017 12:24:20 PM;2780;26.9;28.0;28.1;27.4;0.1;0.1;0.1;0.2;
2/2/2017 12:24:21 PM;2781;26.9;28.0;28.1;27.4;0.1;0.1;0.1;0.2;
2/2/2017 12:24:22 PM;2782;26.9;28.1;28.1;27.4;0.1;0.1;0.1;0.2;
2/2/2017 12:24:23 PM;2783;26.9;28.0;28.1;27.4;0.1;0.1;0.1;0.2;
2/2/2017 12:24:24 PM;2784;26.9;28.0;28.1;27.4;0.1;0.1;0.1;0.2;
2/2/2017 12:24:25 PM;2785;26.9;28.0;28.1;27.4;0.1;0.1;0.1;0.2;
2/2/2017 12:24:26 PM;2786;26.9;28.0;28.1;27.4;0.1;0.1;0.1;0.2;
2/2/2017 12:24:27 PM;2787;26.9;28.0;28.1;27.4;0.1;0.1;0.1;0.2;
2/2/2017 12:24:28 PM;2788;26.9;28.1;28.1;27.4;0.1;0.1;0.1;0.2;
2/2/2017 12:24:29 PM;2789;26.9;28.1;28.1;27.4;0.1;0.1;0.1;0.2;
2/2/2017 12:24:30 PM;2790;26.9;28.1;28.1;27.4;0.1;0.1;0.1;0.2;
2/2/2017 12:24:31 PM;2791;26.9;28.0;28.1;27.4;0.1;0.1;0.1;0.2;
2/2/2017 12:24:32 PM;2792;26.9;28.0;28.1;27.4;0.1;0.1;0.1;0.2;
2/2/2017 12:24:33 PM;2793;26.9;28.0;28.1;27.4;0.1;0.1;0.1;0.2;
2/2/2017 12:24:34 PM;2794;26.9;28.0;28.1;27.3;0.1;0.1;0.1;0.2;
2/2/2017 12:24:35 PM;2795;26.9;28.0;28.1;27.3;0.1;0.1;0.1;0.2;
2/2/2017 12:24:36 PM;2796;26.9;28.1;28.1;27.2;0.1;0.1;0.1;0.2;
2/2/2017 12:24:37 PM;2797;26.8;28.1;28.1;27.2;0.1;0.1;0.1;0.2;
2/2/2017 12:24:38 PM;2798;26.8;28.1;28.1;27.2;0.1;0.1;0.1;0.2;
2/2/2017 12:24:39 PM;2799;26.8;28.1;28.1;27.2;0.1;0.1;0.1;0.2;
2/2/2017 12:24:40 PM;2800;26.9;28.1;28.1;27.2;0.1;0.1;0.1;0.2;
2/2/2017 12:24:41 PM;2801;26.9;28.1;28.1;27.3;0.1;0.1;0.1;0.2;
2/2/2017 12:24:42 PM;2802;26.9;28.1;28.1;27.3;0.1;0.1;0.1;0.2;
2/2/2017 12:24:43 PM;2803;26.9;28.1;28.0;27.3;0.1;0.1;0.1;0.2;
2/2/2017 12:24:44 PM;2804;26.9;28.1;28.0;27.3;0.1;0.1;0.1;0.2;
2/2/2017 12:24:45 PM;2805;26.9;28.1;27.9;27.4;0.1;0.1;0.1;0.2;
2/2/2017 12:24:46 PM;2806;26.9;28.0;27.9;27.4;0.1;0.1;0.1;0.2;
2/2/2017 12:24:47 PM;2807;26.9;28.0;27.9;27.4;0.1;0.1;0.1;0.2;
2/2/2017 12:24:48 PM;2808;26.9;28.0;27.9;27.3;0.1;0.1;0.1;0.2;
2/2/2017 12:24:49 PM;2809;26.9;28.0;28.0;27.3;0.1;0.1;0.1;0.2;
2/2/2017 12:24:50 PM;2810;26.9;28.0;28.0;27.2;0.1;0.1;0.1;0.2;
2/2/2017 12:24:51 PM;2811;26.9;28.0;28.1;27.2;0.1;0.1;0.1;0.2;
2/2/2017 12:24:52 PM;2812;26.9;28.0;28.0;27.2;0.1;0.1;0.1;0.2;
2/2/2017 12:24:53 PM;2813;26.9;28.0;28.0;27.2;0.1;0.1;0.1;0.2;
2/2/2017 12:24:54 PM;2814;26.8;28.0;27.9;27.2;0.1;0.1;0.1;0.2;
2/2/2017 12:24:55 PM;2815;26.8;28.0;27.9;27.2;0.1;0.1;0.1;0.2;
2/2/2017 12:24:56 PM;2816;26.8;28.0;27.9;27.2;0.1;0.1;0.1;0.2;
2/2/2017 12:24:57 PM;2817;26.8;28.0;27.9;27.2;0.1;0.1;0.1;0.2;
2/2/2017 12:24:58 PM;2818;26.8;28.0;27.9;27.2;0.1;0.1;0.1;0.2;
2/2/2017 12:24:59 PM;2819;26.8;28.0;27.9;27.2;0.1;0.1;0.1;0.2;
2/2/2017 12:25:00 PM;2820;26.9;28.0;27.9;27.2;0.1;0.1;0.1;0.2;
2/2/2017 12:25:01 PM;2821;26.9;28.0;27.9;27.2;0.1;0.1;0.1;0.2;
2/2/2017 12:25:02 PM;2822;26.9;28.0;27.9;27.2;0.1;0.1;0.1;0.2;
2/2/2017 12:25:03 PM;2823;26.9;28.1;27.9;27.2;0.1;0.1;0.1;0.2;
2/2/2017 12:25:04 PM;2824;26.9;28.0;27.9;27.2;0.1;0.1;0.1;0.2;
2/2/2017 12:25:05 PM;2825;26.9;28.0;27.9;27.2;0.1;0.1;0.1;0.2;
2/2/2017 12:25:06 PM;2826;26.9;28.0;27.9;27.2;0.1;0.1;0.1;0.2;
2/2/2017 12:25:07 PM;2827;26.9;28.0;27.9;27.2;0.1;0.1;0.1;0.2;
2/2/2017 12:25:08 PM;2828;26.9;28.0;27.9;27.2;0.1;0.1;0.1;0.2;
2/2/2017 12:25:09 PM;2829;26.8;28.0;27.9;27.2;0.1;0.1;0.1;0.2;
2/2/2017 12:25:10 PM;2830;26.8;28.0;27.9;27.2;0.1;0.1;0.1;0.2;
2/2/2017 12:25:11 PM;2831;26.8;28.0;27.9;27.2;0.1;0.1;0.1;0.2;
2/2/2017 12:25:12 PM;2832;26.8;28.0;27.9;27.2;0.1;0.1;0.1;0.2;
2/2/2017 12:25:13 PM;2833;26.8;28.0;27.9;27.2;0.1;0.1;0.1;0.2;
2/2/2017 12:25:14 PM;2834;26.8;28.0;27.9;27.2;0.1;0.1;0.1;0.2;
2/2/2017 12:25:15 PM;2835;26.8;28.0;27.9;27.2;0.1;0.1;0.1;0.2;
2/2/2017 12:25:16 PM;2836;26.8;28.1;27.9;27.2;0.1;0.1;0.1;0.2;
2/2/2017 12:25:17 PM;2837;26.8;28.0;27.9;27.2;0.1;0.1;0.1;0.2;
2/2/2017 12:25:18 PM;2838;26.7;28.0;27.8;27.1;0.1;0.1;0.1;0.2;
2/2/2017 12:25:19 PM;2839;26.7;28.0;27.8;27.1;0.1;0.1;0.1;0.2;
2/2/2017 12:25:20 PM;2840;26.8;28.0;27.8;27.0;0.1;0.1;0.1;0.2;
2/2/2017 12:25:21 PM;2841;26.8;27.9;27.8;27.0;0.1;0.1;0.1;0.2;
2/2/2017 12:25:22 PM;2842;26.8;27.9;27.7;27.0;0.1;0.1;0.1;0.2;
2/2/2017 12:25:23 PM;2843;26.8;27.9;27.8;27.1;0.1;0.1;0.1;0.2;
2/2/2017 12:25:24 PM;2844;26.8;28.0;27.7;27.1;0.1;0.1;0.1;0.2;
2/2/2017 12:25:25 PM;2845;26.8;28.0;27.7;27.2;0.1;0.1;0.1;0.2;
2/2/2017 12:25:26 PM;2846;26.8;28.0;27.7;27.2;0.1;0.1;0.1;0.2;
2/2/2017 12:25:27 PM;2847;26.7;28.0;27.7;27.2;0.1;0.1;0.1;0.2;
2/2/2017 12:25:28 PM;2848;26.7;27.9;27.7;27.2;0.1;0.1;0.1;0.2;
2/2/2017 12:25:29 PM;2849;26.7;27.9;27.7;27.2;0.1;0.1;0.1;0.2;
2/2/2017 12:25:30 PM;2850;26.7;27.9;27.7;27.2;0.1;0.1;0.1;0.2;
2/2/2017 12:25:31 PM;2851;26.7;27.9;27.7;27.2;0.1;0.1;0.1;0.2;
2/2/2017 12:25:32 PM;2852;26.8;27.9;27.7;27.2;0.1;0.1;0.1;0.2;
2/2/2017 12:25:33 PM;2853;26.8;27.9;27.7;27.2;0.1;0.1;0.1;0.2;
2/2/2017 12:25:34 PM;2854;26.9;27.9;27.7;27.1;0.1;0.1;0.1;0.2;
2/2/2017 12:25:35 PM;2855;26.9;27.9;27.7;27.1;0.1;0.1;0.1;0.2;
2/2/2017 12:25:36 PM;2856;26.8;27.9;27.7;27.1;0.1;0.1;0.1;0.2;
2/2/2017 12:25:37 PM;2857;26.8;27.9;27.7;27.1;0.1;0.1;0.1;0.2;
2/2/2017 12:25:38 PM;2858;26.8;27.9;27.7;27.0;0.1;0.1;0.1;0.2;
2/2/2017 12:25:39 PM;2859;26.7;27.9;27.7;27.0;0.1;0.1;0.1;0.2;
2/2/2017 12:25:40 PM;2860;26.7;27.9;27.7;27.0;0.1;0.1;0.1;0.2;
2/2/2017 12:25:41 PM;2861;26.7;27.9;27.7;27.0;0.1;0.1;0.1;0.2;
2/2/2017 12:25:42 PM;2862;26.7;27.9;27.7;27.0;0.1;0.1;0.1;0.2;
2/2/2017 12:25:43 PM;2863;26.7;27.9;27.7;27.0;0.1;0.1;0.1;0.2;
2/2/2017 12:25:44 PM;2864;26.7;27.9;27.7;27.0;0.1;0.1;0.1;0.2;
2/2/2017 12:25:45 PM;2865;26.7;27.9;27.7;27.0;0.1;0.1;0.1;0.2;
2/2/2017 12:25:46 PM;2866;26.7;27.9;27.7;27.0;0.1;0.1;0.1;0.2;
2/2/2017 12:25:47 PM;2867;26.7;27.9;27.7;27.0;0.1;0.1;0.1;0.2;
2/2/2017 12:25:48 PM;2868;26.7;27.9;27.7;27.0;0.1;0.1;0.1;0.2;
2/2/2017 12:25:49 PM;2869;26.7;27.9;27.7;27.0;0.1;0.1;0.1;0.2;
2/2/2017 12:25:50 PM;2870;26.7;27.9;27.7;27.0;0.1;0.1;0.1;0.2;
2/2/2017 12:25:51 PM;2871;26.7;27.9;27.7;27.0;0.1;0.1;0.1;0.2;
2/2/2017 12:25:52 PM;2872;26.7;27.9;27.7;27.0;0.1;0.1;0.1;0.2;
2/2/2017 12:25:53 PM;2873;26.7;27.9;27.7;27.0;0.1;0.1;0.1;0.2;
2/2/2017 12:25:54 PM;2874;26.7;27.9;27.7;27.0;0.1;0.1;0.1;0.2;
2/2/2017 12:25:55 PM;2875;26.7;27.9;27.7;27.0;0.1;0.1;0.1;0.2;
2/2/2017 12:25:56 PM;2876;26.8;27.9;27.7;27.0;0.1;0.1;0.1;0.2;
2/2/2017 12:25:57 PM;2877;26.8;27.9;27.6;27.0;0.1;0.1;0.1;0.2;
2/2/2017 12:25:58 PM;2878;26.8;27.9;27.6;27.0;0.1;0.1;0.1;0.2;
2/2/2017 12:25:59 PM;2879;26.8;27.9;27.5;27.0;0.1;0.1;0.1;0.2;
2/2/2017 12:26:00 PM;2880;26.7;27.9;27.5;27.0;0.1;0.1;0.1;0.2;
2/2/2017 12:26:01 PM;2881;26.7;27.9;27.5;27.0;0.1;0.1;0.1;0.2;
2/2/2017 12:26:02 PM;2882;26.7;27.9;27.5;27.0;0.1;0.1;0.1;0.2;
2/2/2017 12:26:03 PM;2883;26.7;27.9;27.5;27.0;0.1;0.1;0.1;0.2;
2/2/2017 12:26:04 PM;2884;26.7;27.9;27.5;27.0;0.1;0.1;0.1;0.2;
2/2/2017 12:26:05 PM;2885;26.7;27.9;27.5;27.0;0.1;0.1;0.1;0.2;
2/2/2017 12:26:06 PM;2886;26.7;27.9;27.5;27.0;0.1;0.1;0.1;0.2;
2/2/2017 12:26:07 PM;2887;26.7;27.9;27.5;27.0;0.1;0.1;0.1;0.2;
2/2/2017 12:26:08 PM;2888;26.7;27.9;27.5;27.0;0.1;0.1;0.1;0.2;
2/2/2017 12:26:09 PM;2889;26.7;27.9;27.5;27.0;0.1;0.1;0.1;0.2;
2/2/2017 12:26:10 PM;2890;26.7;27.9;27.5;27.0;0.1;0.1;0.1;0.2;
2/2/2017 12:26:11 PM;2891;26.7;27.9;27.5;27.0;0.1;0.1;0.1;0.2;
2/2/2017 12:26:12 PM;2892;26.7;27.9;27.5;27.0;0.1;0.1;0.1;0.2;
2/2/2017 12:26:13 PM;2893;26.7;27.9;27.5;27.0;0.1;0.1;0.1;0.2;
2/2/2017 12:26:14 PM;2894;26.7;27.9;27.5;27.0;0.1;0.1;0.1;0.2;
2/2/2017 12:26:15 PM;2895;26.7;27.9;27.5;27.0;0.1;0.1;0.1;0.2;
2/2/2017 12:26:16 PM;2896;26.7;27.9;27.5;27.0;0.1;0.1;0.1;0.2;
2/2/2017 12:26:17 PM;2897;26.7;27.9;27.5;27.0;0.1;0.1;0.1;0.2;
2/2/2017 12:26:18 PM;2898;26.7;27.9;27.5;27.0;0.1;0.1;0.1;0.2;
2/2/2017 12:26:19 PM;2899;26.7;27.9;27.5;27.0;0.1;0.1;0.1;0.2;
2/2/2017 12:26:20 PM;2900;26.7;27.9;27.5;27.0;0.1;0.1;0.1;0.2;
2/2/2017 12:26:21 PM;2901;26.7;27.9;27.5;27.0;0.1;0.1;0.1;0.2;
2/2/2017 12:26:22 PM;2902;26.7;27.9;27.5;27.0;0.1;0.1;0.1;0.2;
2/2/2017 12:26:23 PM;2903;26.7;27.9;27.5;26.9;0.1;0.1;0.1;0.2;
2/2/2017 12:26:24 PM;2904;26.7;27.9;27.5;26.9;0.1;0.1;0.1;0.2;
2/2/2017 12:26:25 PM;2905;26.7;27.9;27.4;26.9;0.1;0.1;0.1;0.2;
2/2/2017 12:26:26 PM;2906;26.7;27.9;27.4;26.8;0.1;0.1;0.1;0.2;
2/2/2017 12:26:27 PM;2907;26.7;27.9;27.3;26.8;0.1;0.1;0.1;0.2;
2/2/2017 12:26:28 PM;2908;26.7;27.9;27.3;26.9;0.1;0.1;0.1;0.2;
2/2/2017 12:26:29 PM;2909;26.7;27.9;27.3;26.9;0.1;0.1;0.1;0.2;
2/2/2017 12:26:30 PM;2910;26.7;27.9;27.3;26.9;0.1;0.1;0.1;0.2;
2/2/2017 12:26:31 PM;2911;26.7;27.9;27.3;26.9;0.1;0.1;0.1;0.2;
2/2/2017 12:26:32 PM;2912;26.7;27.9;27.3;26.9;0.1;0.1;0.1;0.2;
2/2/2017 12:26:33 PM;2913;26.7;27.9;27.3;26.9;0.1;0.1;0.1;0.2;
2/2/2017 12:26:34 PM;2914;26.7;27.9;27.3;26.9;0.1;0.1;0.1;0.2;
2/2/2017 12:26:35 PM;2915;26.7;27.9;27.3;26.9;0.1;0.1;0.1;0.2;
2/2/2017 12:26:36 PM;2916;26.7;27.9;27.3;26.9;0.1;0.1;0.1;0.2;
2/2/2017 12:26:37 PM;2917;26.7;27.9;27.3;26.8;0.1;0.1;0.1;0.2;
2/2/2017 12:26:38 PM;2918;26.7;27.9;27.3;26.8;0.1;0.1;0.1;0.2;
2/2/2017 12:26:39 PM;2919;26.7;27.9;27.3;26.8;0.1;0.1;0.1;0.2;
2/2/2017 12:26:40 PM;2920;26.7;27.9;27.3;26.8;0.1;0.1;0.1;0.2;
2/2/2017 12:26:41 PM;2921;26.7;27.9;27.3;26.8;0.1;0.1;0.1;0.2;
2/2/2017 12:26:42 PM;2922;26.7;27.9;27.3;26.8;0.1;0.1;0.1;0.2;
2/2/2017 12:26:43 PM;2923;26.7;27.9;27.3;26.8;0.1;0.1;0.1;0.2;
2/2/2017 12:26:44 PM;2924;26.7;27.9;27.3;26.8;0.1;0.1;0.1;0.2;
2/2/2017 12:26:45 PM;2925;26.7;27.9;27.3;26.8;0.1;0.1;0.1;0.2;
2/2/2017 12:26:46 PM;2926;26.7;27.9;27.3;26.8;0.1;0.1;0.1;0.2;
2/2/2017 12:26:47 PM;2927;26.7;27.9;27.3;26.8;0.1;0.1;0.1;0.2;
2/2/2017 12:26:48 PM;2928;26.7;27.9;27.3;26.8;0.1;0.1;0.1;0.2;
2/2/2017 12:26:49 PM;2929;26.7;27.9;27.3;26.9;0.1;0.1;0.1;0.2;
2/2/2017 12:26:50 PM;2930;26.7;27.9;27.3;26.9;0.1;0.1;0.1;0.2;
2/2/2017 12:26:51 PM;2931;26.6;27.9;27.3;26.9;0.1;0.1;0.1;0.2;
2/2/2017 12:26:52 PM;2932;26.6;27.9;27.3;26.9;0.1;0.1;0.1;0.2;
2/2/2017 12:26:53 PM;2933;26.6;27.9;27.3;26.8;0.1;0.1;0.1;0.2;
2/2/2017 12:26:54 PM;2934;26.5;27.9;27.3;26.8;0.1;0.1;0.1;0.2;
2/2/2017 12:26:55 PM;2935;26.5;27.9;27.3;26.8;0.1;0.1;0.1;0.2;
2/2/2017 12:26:56 PM;2936;26.6;27.9;27.3;26.8;0.1;0.1;0.1;0.2;
2/2/2017 12:26:57 PM;2937;26.6;27.9;27.3;26.8;0.1;0.1;0.1;0.2;
2/2/2017 12:26:58 PM;2938;26.6;27.9;27.3;26.8;0.1;0.1;0.1;0.2;
2/2/2017 12:26:59 PM;2939;26.7;27.9;27.3;26.8;0.1;0.1;0.1;0.2;
2/2/2017 12:27:00 PM;2940;26.7;27.8;27.3;26.8;0.1;0.1;0.1;0.2;
2/2/2017 12:27:01 PM;2941;26.7;27.8;27.3;26.8;0.1;0.1;0.1;0.2;
2/2/2017 12:27:02 PM;2942;26.7;27.8;27.3;26.8;0.1;0.1;0.1;0.2;
2/2/2017 12:27:03 PM;2943;26.6;27.8;27.3;26.8;0.1;0.1;0.1;0.2;
2/2/2017 12:27:04 PM;2944;26.6;27.8;27.3;26.8;0.1;0.1;0.1;0.2;
2/2/2017 12:27:05 PM;2945;26.6;27.9;27.3;26.8;0.1;0.1;0.1;0.2;
2/2/2017 12:27:06 PM;2946;26.6;27.9;27.3;26.8;0.1;0.1;0.1;0.2;
2/2/2017 12:27:07 PM;2947;26.6;27.9;27.3;26.8;0.1;0.1;0.1;0.2;
2/2/2017 12:27:08 PM;2948;26.6;27.9;27.3;26.8;0.1;0.1;0.1;0.2;
2/2/2017 12:27:09 PM;2949;26.7;27.8;27.3;26.8;0.1;0.1;0.1;0.2;
2/2/2017 12:27:10 PM;2950;26.7;27.8;27.3;26.8;0.1;0.1;0.1;0.2;
2/2/2017 12:27:11 PM;2951;26.7;27.8;27.3;26.8;0.1;0.1;0.1;0.2;
2/2/2017 12:27:12 PM;2952;26.6;27.7;27.3;26.8;0.1;0.1;0.1;0.2;
2/2/2017 12:27:13 PM;2953;26.6;27.7;27.3;26.8;0.1;0.1;0.1;0.2;
2/2/2017 12:27:14 PM;2954;26.5;27.8;27.3;26.8;0.1;0.1;0.1;0.2;
2/2/2017 12:27:15 PM;2955;26.5;27.8;27.3;26.8;0.1;0.1;0.1;0.2;
2/2/2017 12:27:16 PM;2956;26.5;27.8;27.3;26.8;0.1;0.1;0.1;0.2;
2/2/2017 12:27:17 PM;2957;26.5;27.9;27.3;26.8;0.1;0.1;0.1;0.2;
2/2/2017 12:27:18 PM;2958;26.5;27.9;27.3;26.8;0.1;0.1;0.1;0.2;
2/2/2017 12:27:19 PM;2959;26.6;27.9;27.3;26.8;0.1;0.1;0.1;0.2;
2/2/2017 12:27:20 PM;2960;26.6;27.9;27.3;26.8;0.1;0.1;0.1;0.2;
2/2/2017 12:27:21 PM;2961;26.6;27.8;27.3;26.8;0.1;0.1;0.1;0.2;
2/2/2017 12:27:22 PM;2962;26.5;27.8;27.3;26.8;0.1;0.1;0.1;0.2;
2/2/2017 12:27:23 PM;2963;26.5;27.7;27.3;26.8;0.1;0.1;0.1;0.2;
2/2/2017 12:27:24 PM;2964;26.5;27.7;27.2;26.8;0.1;0.1;0.1;0.2;
2/2/2017 12:27:25 PM;2965;26.6;27.7;27.2;26.8;0.1;0.1;0.1;0.2;
2/2/2017 12:27:26 PM;2966;26.6;27.7;27.1;26.8;0.1;0.1;0.1;0.2;
2/2/2017 12:27:27 PM;2967;26.7;27.7;27.1;26.8;0.1;0.1;0.1;0.2;
2/2/2017 12:27:28 PM;2968;26.6;27.7;27.1;26.7;0.1;0.1;0.1;0.2;
2/2/2017 12:27:29 PM;2969;26.6;27.7;27.2;26.7;0.1;0.1;0.1;0.2;
2/2/2017 12:27:30 PM;2970;26.5;27.7;27.2;26.7;0.1;0.1;0.1;0.2;
2/2/2017 12:27:31 PM;2971;26.5;27.7;27.3;26.7;0.1;0.1;0.1;0.2;
2/2/2017 12:27:32 PM;2972;26.5;27.7;27.3;26.7;0.1;0.1;0.1;0.2;
2/2/2017 12:27:33 PM;2973;26.5;27.8;27.3;26.8;0.1;0.1;0.1;0.2;
2/2/2017 12:27:34 PM;2974;26.5;27.7;27.3;26.7;0.1;0.1;0.1;0.2;
2/2/2017 12:27:35 PM;2975;26.5;27.7;27.2;26.7;0.1;0.1;0.1;0.2;
2/2/2017 12:27:36 PM;2976;26.5;27.7;27.2;26.6;0.1;0.1;0.1;0.2;
2/2/2017 12:27:37 PM;2977;26.5;27.7;27.2;26.6;0.1;0.1;0.1;0.2;
2/2/2017 12:27:38 PM;2978;26.5;27.7;27.1;26.6;0.1;0.1;0.1;0.2;
2/2/2017 12:27:39 PM;2979;26.5;27.7;27.1;26.6;0.1;0.1;0.1;0.2;
2/2/2017 12:27:40 PM;2980;26.5;27.7;27.2;26.6;0.1;0.1;0.1;0.2;
2/2/2017 12:27:41 PM;2981;26.5;27.7;27.2;26.6;0.1;0.1;0.1;0.2;
2/2/2017 12:27:42 PM;2982;26.5;27.7;27.2;26.7;0.1;0.1;0.1;0.2;
2/2/2017 12:27:43 PM;2983;26.5;27.7;27.2;26.7;0.1;0.1;0.1;0.2;
2/2/2017 12:27:44 PM;2984;26.5;27.7;27.2;26.7;0.1;0.1;0.1;0.2;
2/2/2017 12:27:45 PM;2985;26.5;27.7;27.1;26.7;0.1;0.1;0.1;0.2;
2/2/2017 12:27:46 PM;2986;26.5;27.7;27.1;26.7;0.1;0.1;0.1;0.2;
2/2/2017 12:27:47 PM;2987;26.5;27.7;27.1;26.7;0.1;0.1;0.1;0.2;
2/2/2017 12:27:48 PM;2988;26.5;27.7;27.1;26.7;0.1;0.1;0.1;0.2;
2/2/2017 12:27:49 PM;2989;26.5;27.7;27.1;26.7;0.1;0.1;0.1;0.2;
2/2/2017 12:27:50 PM;2990;26.5;27.7;27.1;26.7;0.1;0.1;0.1;0.2;
2/2/2017 12:27:51 PM;2991;26.5;27.7;27.1;26.7;0.1;0.1;0.1;0.2;
2/2/2017 12:27:52 PM;2992;26.5;27.7;27.1;26.7;0.1;0.1;0.1;0.2;
2/2/2017 12:27:53 PM;2993;26.6;27.7;27.1;26.6;0.1;0.1;0.1;0.2;
2/2/2017 12:27:54 PM;2994;26.5;27.7;27.1;26.6;0.1;0.1;0.1;0.2;
2/2/2017 12:27:55 PM;2995;26.5;27.7;27.1;26.6;0.1;0.1;0.1;0.2;
2/2/2017 12:27:56 PM;2996;26.5;27.7;27.1;26.6;0.1;0.1;0.1;0.2;
2/2/2017 12:27:57 PM;2997;26.5;27.7;27.1;26.6;0.1;0.1;0.1;0.2;
2/2/2017 12:27:58 PM;2998;26.5;27.7;27.1;26.6;0.1;0.1;0.1;0.2;
2/2/2017 12:27:59 PM;2999;26.5;27.7;27.1;26.6;0.1;0.1;0.1;0.2;
2/2/2017 12:28:00 PM;3000;26.5;27.7;27.1;26.6;0.1;0.1;0.1;0.2;
2/2/2017 12:28:01 PM;3001;26.5;27.7;27.1;26.6;0.1;0.1;0.1;0.2;
2/2/2017 12:28:02 PM;3002;26.5;27.7;27.1;26.6;0.1;0.1;0.1;0.2;
2/2/2017 12:28:03 PM;3003;26.5;27.7;27.1;26.6;0.1;0.1;0.1;0.2;
2/2/2017 12:28:04 PM;3004;26.5;27.7;27.1;26.6;0.1;0.1;0.1;0.2;
2/2/2017 12:28:05 PM;3005;26.5;27.7;27.1;26.6;0.1;0.1;0.1;0.2;
2/2/2017 12:28:06 PM;3006;26.5;27.7;27.1;26.6;0.1;0.1;0.1;0.2;
2/2/2017 12:28:07 PM;3007;26.5;27.7;27.1;26.6;0.1;0.1;0.1;0.2;
2/2/2017 12:28:08 PM;3008;26.5;27.7;27.1;26.6;0.1;0.1;0.1;0.2;
2/2/2017 12:28:09 PM;3009;26.5;27.7;27.1;26.6;0.1;0.1;0.1;0.2;
2/2/2017 12:28:10 PM;3010;26.5;27.7;27.1;26.6;0.1;0.1;0.1;0.2;
2/2/2017 12:28:11 PM;3011;26.5;27.7;27.1;26.6;0.1;0.1;0.1;0.2;
2/2/2017 12:28:12 PM;3012;26.5;27.7;27.1;26.6;0.1;0.1;0.1;0.2;
2/2/2017 12:28:13 PM;3013;26.5;27.7;27.1;26.6;0.1;0.1;0.1;0.2;
2/2/2017 12:28:14 PM;3014;26.5;27.7;27.1;26.6;0.1;0.1;0.1;0.2;
2/2/2017 12:28:15 PM;3015;26.5;27.7;27.1;26.6;0.1;0.1;0.1;0.2;
2/2/2017 12:28:16 PM;3016;26.5;27.7;27.1;26.6;0.1;0.1;0.1;0.2;
2/2/2017 12:28:17 PM;3017;26.5;27.7;27.1;26.6;0.1;0.1;0.1;0.2;
2/2/2017 12:28:18 PM;3018;26.5;27.7;27.1;26.6;0.1;0.1;0.1;0.2;
2/2/2017 12:28:19 PM;3019;26.5;27.7;27.1;26.6;0.1;0.1;0.1;0.2;
2/2/2017 12:28:20 PM;3020;26.5;27.7;27.1;26.6;0.1;0.1;0.1;0.2;
2/2/2017 12:28:21 PM;3021;26.5;27.7;27.1;26.6;0.1;0.1;0.1;0.2;
2/2/2017 12:28:22 PM;3022;26.5;27.7;27.1;26.6;0.1;0.1;0.1;0.2;
2/2/2017 12:28:23 PM;3023;26.5;27.7;27.1;26.6;0.1;0.1;0.1;0.2;
2/2/2017 12:28:24 PM;3024;26.5;27.7;27.1;26.6;0.1;0.1;0.1;0.2;
2/2/2017 12:28:25 PM;3025;26.5;27.7;27.1;26.6;0.1;0.1;0.1;0.2;
2/2/2017 12:28:26 PM;3026;26.5;27.7;27.1;26.6;0.1;0.1;0.1;0.2;
2/2/2017 12:28:27 PM;3027;26.5;27.7;27.0;26.6;0.1;0.1;0.1;0.2;
2/2/2017 12:28:28 PM;3028;26.5;27.7;27.0;26.6;0.1;0.1;0.1;0.2;
2/2/2017 12:28:29 PM;3029;26.5;27.7;27.0;26.6;0.1;0.1;0.1;0.2;
2/2/2017 12:28:30 PM;3030;26.5;27.7;26.9;26.6;0.1;0.1;0.1;0.2;
2/2/2017 12:28:31 PM;3031;26.5;27.7;26.9;26.6;0.1;0.1;0.1;0.2;
2/2/2017 12:28:32 PM;3032;26.5;27.7;26.9;26.6;0.1;0.1;0.1;0.2;
2/2/2017 12:28:33 PM;3033;26.5;27.7;26.9;26.6;0.1;0.1;0.1;0.2;
2/2/2017 12:28:34 PM;3034;26.5;27.7;26.9;26.6;0.1;0.1;0.1;0.2;
2/2/2017 12:28:35 PM;3035;26.5;27.7;26.9;26.6;0.1;0.1;0.1;0.2;
2/2/2017 12:28:36 PM;3036;26.5;27.7;26.9;26.6;0.1;0.1;0.1;0.2;
2/2/2017 12:28:37 PM;3037;26.5;27.7;26.9;26.6;0.1;0.1;0.1;0.2;
2/2/2017 12:28:38 PM;3038;26.5;27.7;26.9;26.6;0.1;0.1;0.1;0.2;
2/2/2017 12:28:39 PM;3039;26.5;27.7;26.9;26.6;0.1;0.1;0.1;0.2;
2/2/2017 12:28:40 PM;3040;26.5;27.7;26.9;26.6;0.1;0.1;0.1;0.2;
2/2/2017 12:28:41 PM;3041;26.5;27.7;26.9;26.6;0.1;0.1;0.1;0.2;
2/2/2017 12:28:42 PM;3042;26.5;27.7;26.9;26.6;0.1;0.1;0.1;0.2;
2/2/2017 12:28:43 PM;3043;26.5;27.7;26.9;26.6;0.1;0.1;0.1;0.2;
2/2/2017 12:28:44 PM;3044;26.5;27.7;26.9;26.6;0.1;0.1;0.1;0.2;
2/2/2017 12:28:45 PM;3045;26.5;27.7;26.9;26.6;0.1;0.1;0.1;0.2;
2/2/2017 12:28:46 PM;3046;26.5;27.7;26.9;26.6;0.1;0.1;0.1;0.2;
2/2/2017 12:28:47 PM;3047;26.5;27.7;26.9;26.6;0.1;0.1;0.1;0.2;
2/2/2017 12:28:48 PM;3048;26.5;27.7;26.9;26.6;0.1;0.1;0.1;0.2;
2/2/2017 12:28:49 PM;3049;26.5;27.7;26.9;26.6;0.1;0.1;0.1;0.2;
2/2/2017 12:28:50 PM;3050;26.5;27.7;26.9;26.6;0.1;0.1;0.1;0.2;
2/2/2017 12:28:51 PM;3051;26.5;27.7;26.9;26.6;0.1;0.1;0.1;0.2;
2/2/2017 12:28:52 PM;3052;26.5;27.7;26.9;26.6;0.1;0.1;0.1;0.2;
2/2/2017 12:28:53 PM;3053;26.5;27.7;26.9;26.6;0.1;0.1;0.1;0.2;
2/2/2017 12:28:54 PM;3054;26.5;27.7;26.9;26.6;0.1;0.1;0.1;0.2;
2/2/2017 12:28:55 PM;3055;26.5;27.7;26.9;26.6;0.1;0.1;0.1;0.2;
2/2/2017 12:28:56 PM;3056;26.5;27.7;26.9;26.6;0.1;0.1;0.1;0.2;
2/2/2017 12:28:57 PM;3057;26.5;27.7;26.9;26.6;0.1;0.1;0.1;0.2;
2/2/2017 12:28:58 PM;3058;26.5;27.7;26.9;26.6;0.1;0.1;0.1;0.2;
2/2/2017 12:28:59 PM;3059;26.5;27.7;26.9;26.5;0.1;0.1;0.1;0.2;
2/2/2017 12:29:00 PM;3060;26.5;27.7;26.9;26.5;0.1;0.1;0.1;0.2;
2/2/2017 12:29:01 PM;3061;26.5;27.7;26.9;26.5;0.1;0.1;0.1;0.2;
2/2/2017 12:29:02 PM;3062;26.5;27.7;26.9;26.5;0.1;0.1;0.1;0.2;
2/2/2017 12:29:03 PM;3063;26.5;27.7;26.9;26.5;0.1;0.1;0.1;0.2;
2/2/2017 12:29:04 PM;3064;26.5;27.7;26.9;26.6;0.1;0.1;0.1;0.2;
2/2/2017 12:29:05 PM;3065;26.5;27.7;26.9;26.6;0.1;0.1;0.1;0.2;
2/2/2017 12:29:06 PM;3066;26.5;27.7;26.9;26.6;0.1;0.1;0.1;0.2;
2/2/2017 12:29:07 PM;3067;26.5;27.7;26.9;26.6;0.1;0.1;0.1;0.2;
2/2/2017 12:29:08 PM;3068;26.5;27.7;26.9;26.6;0.1;0.1;0.1;0.2;
2/2/2017 12:29:09 PM;3069;26.5;27.7;26.9;26.6;0.1;0.1;0.1;0.2;
2/2/2017 12:29:10 PM;3070;26.5;27.7;26.9;26.5;0.1;0.1;0.1;0.2;
2/2/2017 12:29:11 PM;3071;26.5;27.7;26.9;26.5;0.1;0.1;0.1;0.2;
2/2/2017 12:29:12 PM;3072;26.5;27.7;26.9;26.5;0.1;0.1;0.1;0.2;
2/2/2017 12:29:13 PM;3073;26.5;27.7;26.9;26.5;0.1;0.1;0.1;0.2;
2/2/2017 12:29:14 PM;3074;26.5;27.7;26.9;26.5;0.1;0.1;0.1;0.2;
2/2/2017 12:29:15 PM;3075;26.5;27.7;26.9;26.6;0.1;0.1;0.1;0.2;
2/2/2017 12:29:16 PM;3076;26.5;27.7;26.9;26.6;0.1;0.1;0.1;0.2;
2/2/2017 12:29:17 PM;3077;26.5;27.7;26.9;26.6;0.1;0.1;0.1;0.2;
2/2/2017 12:29:18 PM;3078;26.5;27.7;26.9;26.6;0.1;0.1;0.1;0.2;
2/2/2017 12:29:19 PM;3079;26.5;27.7;26.9;26.6;0.1;0.1;0.1;0.2;
2/2/2017 12:29:20 PM;3080;26.5;27.7;26.9;26.6;0.1;0.1;0.1;0.2;
2/2/2017 12:29:21 PM;3081;26.5;27.7;26.9;26.6;0.1;0.1;0.1;0.2;
2/2/2017 12:29:22 PM;3082;26.5;27.7;26.9;26.6;0.1;0.1;0.1;0.2;
2/2/2017 12:29:23 PM;3083;26.5;27.7;26.9;26.6;0.1;0.1;0.1;0.2;
2/2/2017 12:29:24 PM;3084;26.5;27.7;26.9;26.6;0.1;0.1;0.1;0.2;
2/2/2017 12:29:25 PM;3085;26.5;27.7;26.9;26.5;0.1;0.1;0.1;0.2;
2/2/2017 12:29:26 PM;3086;26.5;27.7;26.8;26.5;0.1;0.1;0.1;0.2;
2/2/2017 12:29:27 PM;3087;26.5;27.7;26.8;26.5;0.1;0.1;0.1;0.2;
2/2/2017 12:29:28 PM;3088;26.5;27.7;26.8;26.5;0.1;0.1;0.1;0.2;
2/2/2017 12:29:29 PM;3089;26.5;27.7;26.8;26.5;0.1;0.1;0.1;0.2;
2/2/2017 12:29:30 PM;3090;26.5;27.7;26.8;26.5;0.1;0.1;0.1;0.2;
2/2/2017 12:29:31 PM;3091;26.5;27.7;26.9;26.5;0.1;0.1;0.1;0.2;
2/2/2017 12:29:32 PM;3092;26.5;27.7;26.9;26.5;0.1;0.1;0.1;0.2;
2/2/2017 12:29:33 PM;3093;26.5;27.7;26.9;26.5;0.1;0.1;0.1;0.2;
2/2/2017 12:29:34 PM;3094;26.5;27.7;26.9;26.5;0.1;0.1;0.1;0.2;
2/2/2017 12:29:35 PM;3095;26.5;27.7;26.9;26.5;0.1;0.1;0.1;0.2;
2/2/2017 12:29:36 PM;3096;26.5;27.7;26.9;26.4;0.1;0.1;0.1;0.2;
2/2/2017 12:29:37 PM;3097;26.5;27.7;26.9;26.4;0.1;0.1;0.1;0.2;
2/2/2017 12:29:38 PM;3098;26.5;27.7;26.9;26.4;0.1;0.1;0.1;0.2;
2/2/2017 12:29:39 PM;3099;26.5;27.7;26.9;26.4;0.1;0.1;0.1;0.2;
2/2/2017 12:29:40 PM;3100;26.5;27.7;26.9;26.5;0.1;0.1;0.1;0.2;
2/2/2017 12:29:41 PM;3101;26.5;27.7;26.9;26.5;0.1;0.1;0.1;0.2;
2/2/2017 12:29:42 PM;3102;26.5;27.7;26.9;26.5;0.1;0.1;0.1;0.2;
2/2/2017 12:29:43 PM;3103;26.5;27.7;26.9;26.5;0.1;0.1;0.1;0.2;
2/2/2017 12:29:44 PM;3104;26.5;27.7;26.9;26.5;0.1;0.1;0.1;0.2;
2/2/2017 12:29:45 PM;3105;26.5;27.7;26.8;26.5;0.1;0.1;0.1;0.2;
2/2/2017 12:29:46 PM;3106;26.5;27.7;26.8;26.5;0.1;0.1;0.1;0.2;
2/2/2017 12:29:47 PM;3107;26.5;27.7;26.8;26.5;0.1;0.1;0.1;0.2;
2/2/2017 12:29:48 PM;3108;26.5;27.7;26.8;26.4;0.1;0.1;0.1;0.2;
2/2/2017 12:29:49 PM;3109;26.5;27.7;26.7;26.4;0.1;0.1;0.1;0.2;
2/2/2017 12:29:50 PM;3110;26.5;27.7;26.7;26.4;0.1;0.1;0.1;0.2;
2/2/2017 12:29:51 PM;3111;26.5;27.7;26.7;26.4;0.1;0.1;0.1;0.2;
2/2/2017 12:29:52 PM;3112;26.5;27.7;26.7;26.4;0.1;0.1;0.1;0.2;
2/2/2017 12:29:53 PM;3113;26.5;27.7;26.7;26.4;0.1;0.1;0.1;0.2;
2/2/2017 12:29:54 PM;3114;26.5;27.7;26.7;26.4;0.1;0.1;0.1;0.2;
2/2/2017 12:29:55 PM;3115;26.5;27.7;26.7;26.4;0.1;0.1;0.1;0.2;
2/2/2017 12:29:56 PM;3116;26.5;27.7;26.7;26.4;0.1;0.1;0.1;0.2;
2/2/2017 12:29:57 PM;3117;26.5;27.7;26.7;26.4;0.1;0.1;0.1;0.2;
2/2/2017 12:29:58 PM;3118;26.4;27.7;26.7;26.4;0.1;0.1;0.1;0.2;
2/2/2017 12:29:59 PM;3119;26.4;27.7;26.7;26.4;0.1;0.1;0.1;0.2;
2/2/2017 12:30:00 PM;3120;26.4;27.7;26.7;26.4;0.1;0.1;0.1;0.2;
2/2/2017 12:30:01 PM;3121;26.4;27.7;26.7;26.4;0.1;0.1;0.1;0.2;
2/2/2017 12:30:02 PM;3122;26.4;27.7;26.7;26.4;0.1;0.1;0.1;0.2;
2/2/2017 12:30:03 PM;3123;26.5;27.7;26.7;26.4;0.1;0.1;0.1;0.2;
2/2/2017 12:30:04 PM;3124;26.5;27.7;26.7;26.4;0.1;0.1;0.1;0.2;
2/2/2017 12:30:05 PM;3125;26.5;27.7;26.7;26.4;0.1;0.1;0.1;0.2;
2/2/2017 12:30:06 PM;3126;26.5;27.7;26.7;26.4;0.1;0.1;0.1;0.2;
2/2/2017 12:30:07 PM;3127;26.5;27.7;26.7;26.4;0.1;0.1;0.1;0.2;
2/2/2017 12:30:08 PM;3128;26.5;27.7;26.7;26.4;0.1;0.1;0.1;0.2;
2/2/2017 12:30:09 PM;3129;26.5;27.7;26.7;26.4;0.1;0.1;0.1;0.2;
2/2/2017 12:30:10 PM;3130;26.5;27.7;26.7;26.4;0.1;0.1;0.1;0.2;
2/2/2017 12:30:11 PM;3131;26.5;27.7;26.7;26.4;0.1;0.1;0.1;0.2;
2/2/2017 12:30:12 PM;3132;26.5;27.7;26.7;26.4;0.1;0.1;0.1;0.2;
2/2/2017 12:30:13 PM;3133;26.5;27.6;26.7;26.4;0.1;0.1;0.1;0.2;
2/2/2017 12:30:14 PM;3134;26.5;27.6;26.7;26.4;0.1;0.1;0.1;0.2;
2/2/2017 12:30:15 PM;3135;26.5;27.6;26.7;26.4;0.1;0.1;0.1;0.2;
2/2/2017 12:30:16 PM;3136;26.5;27.6;26.7;26.4;0.1;0.1;0.1;0.2;
2/2/2017 12:30:17 PM;3137;26.5;27.6;26.7;26.4;0.1;0.1;0.1;0.2;
2/2/2017 12:30:18 PM;3138;26.5;27.6;26.7;26.4;0.1;0.1;0.1;0.2;
2/2/2017 12:30:19 PM;3139;26.5;27.6;26.7;26.4;0.1;0.1;0.1;0.2;
2/2/2017 12:30:20 PM;3140;26.5;27.7;26.7;26.4;0.1;0.1;0.1;0.2;
2/2/2017 12:30:21 PM;3141;26.5;27.7;26.7;26.4;0.1;0.1;0.1;0.2;
2/2/2017 12:30:22 PM;3142;26.5;27.7;26.7;26.4;0.1;0.1;0.1;0.2;
2/2/2017 12:30:23 PM;3143;26.5;27.7;26.7;26.4;0.1;0.1;0.1;0.2;
2/2/2017 12:30:24 PM;3144;26.5;27.7;26.7;26.4;0.1;0.1;0.1;0.2;
2/2/2017 12:30:25 PM;3145;26.5;27.6;26.7;26.4;0.1;0.1;0.1;0.2;
2/2/2017 12:30:26 PM;3146;26.5;27.6;26.7;26.4;0.1;0.1;0.1;0.2;
2/2/2017 12:30:27 PM;3147;26.4;27.6;26.7;26.4;0.1;0.1;0.1;0.2;
2/2/2017 12:30:28 PM;3148;26.4;27.6;26.7;26.4;0.1;0.1;0.1;0.2;
2/2/2017 12:30:29 PM;3149;26.4;27.6;26.7;26.4;0.1;0.1;0.1;0.2;
2/2/2017 12:30:30 PM;3150;26.4;27.7;26.7;26.4;0.1;0.1;0.1;0.2;
2/2/2017 12:30:31 PM;3151;26.4;27.6;26.7;26.4;0.1;0.1;0.1;0.2;
2/2/2017 12:30:32 PM;3152;26.5;27.6;26.7;26.4;0.1;0.1;0.1;0.2;
2/2/2017 12:30:33 PM;3153;26.5;27.6;26.7;26.4;0.1;0.1;0.1;0.2;
2/2/2017 12:30:34 PM;3154;26.5;27.6;26.7;26.4;0.1;0.1;0.1;0.2;
2/2/2017 12:30:35 PM;3155;26.5;27.5;26.7;26.4;0.1;0.1;0.1;0.2;
2/2/2017 12:30:36 PM;3156;26.5;27.5;26.7;26.4;0.1;0.1;0.1;0.2;
2/2/2017 12:30:37 PM;3157;26.5;27.5;26.7;26.4;0.1;0.1;0.1;0.2;
2/2/2017 12:30:38 PM;3158;26.5;27.5;26.7;26.4;0.1;0.1;0.1;0.2;
2/2/2017 12:30:39 PM;3159;26.5;27.5;26.7;26.4;0.1;0.1;0.1;0.2;
2/2/2017 12:30:40 PM;3160;26.4;27.5;26.7;26.4;0.1;0.1;0.1;0.2;
2/2/2017 12:30:41 PM;3161;26.4;27.6;26.7;26.4;0.1;0.1;0.1;0.2;
2/2/2017 12:30:42 PM;3162;26.4;27.6;26.7;26.4;0.1;0.1;0.1;0.2;
2/2/2017 12:30:43 PM;3163;26.4;27.6;26.7;26.4;0.1;0.1;0.1;0.2;
2/2/2017 12:30:44 PM;3164;26.3;27.5;26.7;26.4;0.1;0.1;0.1;0.2;
2/2/2017 12:30:45 PM;3165;26.4;27.6;26.7;26.4;0.1;0.1;0.1;0.2;
2/2/2017 12:30:46 PM;3166;26.4;27.5;26.7;26.4;0.1;0.1;0.1;0.2;
2/2/2017 12:30:47 PM;3167;26.4;27.5;26.7;26.4;0.1;0.1;0.1;0.2;
2/2/2017 12:30:48 PM;3168;26.4;27.5;26.7;26.4;0.1;0.1;0.1;0.2;
2/2/2017 12:30:49 PM;3169;26.4;27.5;26.7;26.4;0.1;0.1;0.1;0.2;
2/2/2017 12:30:50 PM;3170;26.4;27.5;26.7;26.4;0.1;0.1;0.1;0.2;
2/2/2017 12:30:51 PM;3171;26.4;27.5;26.7;26.4;0.1;0.1;0.1;0.2;
2/2/2017 12:30:52 PM;3172;26.4;27.5;26.7;26.4;0.1;0.1;0.1;0.2;
2/2/2017 12:30:53 PM;3173;26.4;27.5;26.7;26.4;0.1;0.1;0.1;0.2;
2/2/2017 12:30:54 PM;3174;26.4;27.5;26.7;26.4;0.1;0.1;0.1;0.2;
2/2/2017 12:30:55 PM;3175;26.4;27.5;26.7;26.4;0.1;0.1;0.1;0.2;
2/2/2017 12:30:56 PM;3176;26.4;27.5;26.7;26.4;0.1;0.1;0.1;0.2;
2/2/2017 12:30:57 PM;3177;26.4;27.6;26.7;26.4;0.1;0.1;0.1;0.2;
2/2/2017 12:30:58 PM;3178;26.3;27.5;26.7;26.4;0.1;0.1;0.1;0.2;
2/2/2017 12:30:59 PM;3179;26.3;27.5;26.7;26.4;0.1;0.1;0.1;0.2;
2/2/2017 12:31:00 PM;3180;26.4;27.5;26.7;26.4;0.1;0.1;0.1;0.2;
2/2/2017 12:31:01 PM;3181;26.3;27.5;26.6;26.4;0.1;0.1;0.1;0.2;
2/2/2017 12:31:02 PM;3182;26.3;27.5;26.6;26.4;0.1;0.1;0.1;0.2;
2/2/2017 12:31:03 PM;3183;26.3;27.5;26.6;26.4;0.1;0.1;0.1;0.2;
2/2/2017 12:31:04 PM;3184;26.3;27.5;26.6;26.4;0.1;0.1;0.1;0.2;
2/2/2017 12:31:05 PM;3185;26.3;27.5;26.6;26.4;0.1;0.1;0.1;0.2;
2/2/2017 12:31:06 PM;3186;26.3;27.5;26.6;26.4;0.1;0.1;0.1;0.2;
2/2/2017 12:31:07 PM;3187;26.3;27.5;26.6;26.4;0.1;0.1;0.1;0.2;
2/2/2017 12:31:08 PM;3188;26.4;27.5;26.6;26.4;0.1;0.1;0.1;0.2;
2/2/2017 12:31:09 PM;3189;26.4;27.5;26.6;26.4;0.1;0.1;0.1;0.2;
2/2/2017 12:31:10 PM;3190;26.4;27.5;26.6;26.4;0.1;0.1;0.1;0.2;
2/2/2017 12:31:11 PM;3191;26.3;27.5;26.6;26.4;0.1;0.1;0.1;0.2;
2/2/2017 12:31:12 PM;3192;26.3;27.5;26.6;26.4;0.1;0.1;0.1;0.2;
2/2/2017 12:31:13 PM;3193;26.3;27.5;26.7;26.4;0.1;0.1;0.1;0.2;
2/2/2017 12:31:14 PM;3194;26.3;27.5;26.6;26.4;0.1;0.1;0.1;0.2;
2/2/2017 12:31:15 PM;3195;26.3;27.5;26.6;26.4;0.1;0.1;0.1;0.2;
2/2/2017 12:31:16 PM;3196;26.3;27.5;26.6;26.4;0.1;0.1;0.1;0.2;
2/2/2017 12:31:17 PM;3197;26.3;27.5;26.6;26.4;0.1;0.1;0.1;0.2;
2/2/2017 12:31:18 PM;3198;26.3;27.5;26.5;26.4;0.1;0.1;0.1;0.2;
2/2/2017 12:31:19 PM;3199;26.3;27.5;26.6;26.4;0.1;0.1;0.1;0.2;
2/2/2017 12:31:20 PM;3200;26.3;27.5;26.6;26.4;0.1;0.1;0.1;0.2;
2/2/2017 12:31:21 PM;3201;26.3;27.5;26.6;26.4;0.1;0.1;0.1;0.2;
2/2/2017 12:31:22 PM;3202;26.3;27.5;26.6;26.4;0.1;0.1;0.1;0.2;
2/2/2017 12:31:23 PM;3203;26.3;27.5;26.6;26.4;0.1;0.1;0.1;0.2;
2/2/2017 12:31:24 PM;3204;26.3;27.5;26.6;26.4;0.1;0.1;0.1;0.2;
2/2/2017 12:31:25 PM;3205;26.3;27.5;26.7;26.4;0.1;0.1;0.1;0.2;
2/2/2017 12:31:26 PM;3206;26.3;27.5;26.7;26.4;0.1;0.1;0.1;0.2;
2/2/2017 12:31:27 PM;3207;26.3;27.5;26.7;26.4;0.1;0.1;0.1;0.2;
2/2/2017 12:31:28 PM;3208;26.3;27.5;26.7;26.4;0.1;0.1;0.1;0.2;
2/2/2017 12:31:29 PM;3209;26.4;27.5;26.7;26.4;0.1;0.1;0.1;0.2;
2/2/2017 12:31:30 PM;3210;26.4;27.5;26.7;26.4;0.1;0.1;0.1;0.2;
2/2/2017 12:31:31 PM;3211;26.4;27.5;26.7;26.4;0.1;0.1;0.1;0.2;
2/2/2017 12:31:32 PM;3212;26.3;27.5;26.6;26.4;0.1;0.1;0.1;0.2;
2/2/2017 12:31:33 PM;3213;26.3;27.5;26.6;26.4;0.1;0.1;0.1;0.2;
2/2/2017 12:31:34 PM;3214;26.3;27.5;26.6;26.4;0.1;0.1;0.1;0.2;
2/2/2017 12:31:35 PM;3215;26.3;27.5;26.6;26.4;0.1;0.1;0.1;0.2;
2/2/2017 12:31:36 PM;3216;26.3;27.5;26.5;26.4;0.1;0.1;0.1;0.2;
2/2/2017 12:31:37 PM;3217;26.3;27.5;26.5;26.4;0.1;0.1;0.1;0.2;
2/2/2017 12:31:38 PM;3218;26.3;27.5;26.5;26.4;0.1;0.1;0.1;0.2;
2/2/2017 12:31:39 PM;3219;26.3;27.5;26.5;26.4;0.1;0.1;0.1;0.2;
2/2/2017 12:31:40 PM;3220;26.3;27.5;26.5;26.4;0.1;0.1;0.1;0.2;
2/2/2017 12:31:41 PM;3221;26.3;27.5;26.5;26.4;0.1;0.1;0.1;0.2;
2/2/2017 12:31:42 PM;3222;26.3;27.5;26.5;26.4;0.1;0.1;0.1;0.2;
2/2/2017 12:31:43 PM;3223;26.3;27.5;26.5;26.4;0.1;0.1;0.1;0.2;
2/2/2017 12:31:44 PM;3224;26.3;27.5;26.5;26.4;0.1;0.1;0.1;0.2;
2/2/2017 12:31:45 PM;3225;26.3;27.5;26.5;26.4;0.1;0.1;0.1;0.2;
2/2/2017 12:31:46 PM;3226;26.3;27.5;26.5;26.4;0.1;0.1;0.1;0.2;
2/2/2017 12:31:47 PM;3227;26.3;27.5;26.5;26.3;0.1;0.1;0.1;0.2;
2/2/2017 12:31:48 PM;3228;26.3;27.5;26.5;26.3;0.1;0.1;0.1;0.2;
2/2/2017 12:31:49 PM;3229;26.3;27.5;26.5;26.3;0.1;0.1;0.1;0.2;
2/2/2017 12:31:50 PM;3230;26.3;27.5;26.5;26.3;0.1;0.1;0.1;0.2;
2/2/2017 12:31:51 PM;3231;26.3;27.5;26.5;26.3;0.1;0.1;0.1;0.2;
2/2/2017 12:31:52 PM;3232;26.3;27.5;26.5;26.4;0.1;0.1;0.1;0.2;
2/2/2017 12:31:53 PM;3233;26.3;27.5;26.5;26.4;0.1;0.1;0.1;0.2;
2/2/2017 12:31:54 PM;3234;26.3;27.5;26.6;26.4;0.1;0.1;0.1;0.2;
2/2/2017 12:31:55 PM;3235;26.3;27.5;26.5;26.4;0.1;0.1;0.1;0.2;
2/2/2017 12:31:56 PM;3236;26.3;27.5;26.6;26.4;0.1;0.1;0.1;0.2;
2/2/2017 12:31:57 PM;3237;26.3;27.5;26.6;26.4;0.1;0.1;0.1;0.2;
2/2/2017 12:31:58 PM;3238;26.3;27.5;26.6;26.4;0.1;0.1;0.1;0.2;
2/2/2017 12:31:59 PM;3239;26.3;27.5;26.6;26.4;0.1;0.1;0.1;0.2;
2/2/2017 12:32:00 PM;3240;26.3;27.5;26.6;26.4;0.1;0.1;0.1;0.2;
2/2/2017 12:32:01 PM;3241;26.3;27.5;26.6;26.4;0.1;0.1;0.1;0.2;
2/2/2017 12:32:02 PM;3242;26.3;27.5;26.6;26.4;0.1;0.1;0.1;0.2;
2/2/2017 12:32:03 PM;3243;26.3;27.5;26.5;26.4;0.1;0.1;0.1;0.2;
2/2/2017 12:32:04 PM;3244;26.3;27.5;26.5;26.4;0.1;0.1;0.1;0.2;
2/2/2017 12:32:05 PM;3245;26.3;27.5;26.5;26.4;0.1;0.1;0.1;0.2;
2/2/2017 12:32:06 PM;3246;26.3;27.5;26.5;26.4;0.1;0.1;0.1;0.2;
2/2/2017 12:32:07 PM;3247;26.3;27.5;26.5;26.4;0.1;0.1;0.1;0.2;
2/2/2017 12:32:08 PM;3248;26.3;27.5;26.5;26.4;0.1;0.1;0.1;0.2;
2/2/2017 12:32:09 PM;3249;26.3;27.5;26.5;26.4;0.1;0.1;0.1;0.2;
2/2/2017 12:32:10 PM;3250;26.3;27.5;26.5;26.4;0.1;0.1;0.1;0.2;
2/2/2017 12:32:11 PM;3251;26.3;27.5;26.5;26.4;0.1;0.1;0.1;0.2;
2/2/2017 12:32:12 PM;3252;26.3;27.5;26.5;26.4;0.1;0.1;0.1;0.2;
2/2/2017 12:32:13 PM;3253;26.3;27.5;26.5;26.4;0.1;0.1;0.1;0.2;
2/2/2017 12:32:14 PM;3254;26.3;27.5;26.5;26.3;0.1;0.1;0.1;0.2;
2/2/2017 12:32:15 PM;3255;26.3;27.5;26.5;26.3;0.1;0.1;0.1;0.2;
2/2/2017 12:32:16 PM;3256;26.3;27.5;26.5;26.3;0.1;0.1;0.1;0.2;
2/2/2017 12:32:17 PM;3257;26.3;27.5;26.5;26.2;0.1;0.1;0.1;0.2;
2/2/2017 12:32:18 PM;3258;26.3;27.5;26.5;26.2;0.1;0.1;0.1;0.2;
2/2/2017 12:32:19 PM;3259;26.3;27.5;26.5;26.2;0.1;0.1;0.1;0.2;
2/2/2017 12:32:20 PM;3260;26.3;27.5;26.5;26.2;0.1;0.1;0.1;0.2;
2/2/2017 12:32:21 PM;3261;26.3;27.5;26.5;26.2;0.1;0.1;0.1;0.2;
2/2/2017 12:32:22 PM;3262;26.3;27.5;26.5;26.2;0.1;0.1;0.1;0.2;
2/2/2017 12:32:23 PM;3263;26.3;27.5;26.5;26.2;0.1;0.1;0.1;0.2;
2/2/2017 12:32:24 PM;3264;26.3;27.5;26.5;26.2;0.1;0.1;0.1;0.2;
2/2/2017 12:32:25 PM;3265;26.3;27.5;26.5;26.2;0.1;0.1;0.1;0.2;
2/2/2017 12:32:26 PM;3266;26.3;27.5;26.5;26.2;0.1;0.1;0.1;0.2;
2/2/2017 12:32:27 PM;3267;26.3;27.5;26.5;26.2;0.1;0.1;0.1;0.2;
2/2/2017 12:32:28 PM;3268;26.3;27.5;26.5;26.2;0.1;0.1;0.1;0.2;
2/2/2017 12:32:29 PM;3269;26.3;27.5;26.5;26.2;0.1;0.1;0.1;0.2;
2/2/2017 12:32:30 PM;3270;26.3;27.5;26.5;26.2;0.1;0.1;0.1;0.2;
2/2/2017 12:32:31 PM;3271;26.3;27.5;26.5;26.2;0.1;0.1;0.1;0.2;
2/2/2017 12:32:32 PM;3272;26.3;27.5;26.5;26.2;0.1;0.1;0.1;0.2;
2/2/2017 12:32:33 PM;3273;26.3;27.5;26.5;26.2;0.1;0.1;0.1;0.2;
2/2/2017 12:32:34 PM;3274;26.3;27.5;26.5;26.2;0.1;0.1;0.1;0.2;
2/2/2017 12:32:35 PM;3275;26.3;27.5;26.5;26.2;0.1;0.1;0.1;0.2;
2/2/2017 12:32:36 PM;3276;26.3;27.5;26.5;26.2;0.1;0.1;0.1;0.2;
2/2/2017 12:32:37 PM;3277;26.3;27.5;26.5;26.2;0.1;0.1;0.1;0.2;
2/2/2017 12:32:38 PM;3278;26.3;27.5;26.5;26.2;0.1;0.1;0.1;0.2;
2/2/2017 12:32:39 PM;3279;26.3;27.5;26.5;26.2;0.1;0.1;0.1;0.2;
2/2/2017 12:32:40 PM;3280;26.3;27.5;26.5;26.2;0.1;0.1;0.1;0.2;
2/2/2017 12:32:41 PM;3281;26.3;27.5;26.5;26.3;0.1;0.1;0.1;0.2;
2/2/2017 12:32:42 PM;3282;26.3;27.5;26.5;26.2;0.1;0.1;0.1;0.2;
2/2/2017 12:32:43 PM;3283;26.3;27.5;26.5;26.3;0.1;0.1;0.1;0.2;
2/2/2017 12:32:44 PM;3284;26.3;27.5;26.5;26.3;0.1;0.1;0.1;0.2;
2/2/2017 12:32:45 PM;3285;26.3;27.5;26.5;26.2;0.1;0.1;0.1;0.2;
2/2/2017 12:32:46 PM;3286;26.3;27.5;26.5;26.2;0.1;0.1;0.1;0.2;
2/2/2017 12:32:47 PM;3287;26.3;27.5;26.5;26.2;0.1;0.1;0.1;0.2;
2/2/2017 12:32:48 PM;3288;26.3;27.5;26.5;26.2;0.1;0.1;0.1;0.2;
2/2/2017 12:32:49 PM;3289;26.3;27.5;26.5;26.2;0.1;0.1;0.1;0.2;
2/2/2017 12:32:50 PM;3290;26.3;27.5;26.5;26.2;0.1;0.1;0.1;0.2;
2/2/2017 12:32:51 PM;3291;26.3;27.5;26.5;26.2;0.1;0.1;0.1;0.2;
2/2/2017 12:32:52 PM;3292;26.3;27.5;26.5;26.2;0.1;0.1;0.1;0.2;
2/2/2017 12:32:53 PM;3293;26.3;27.5;26.5;26.2;0.1;0.1;0.1;0.2;
2/2/2017 12:32:54 PM;3294;26.3;27.5;26.5;26.2;0.1;0.1;0.1;0.2;
2/2/2017 12:32:55 PM;3295;26.3;27.5;26.5;26.2;0.1;0.1;0.1;0.2;
2/2/2017 12:32:56 PM;3296;26.3;27.5;26.5;26.2;0.1;0.1;0.1;0.2;
2/2/2017 12:32:57 PM;3297;26.3;27.5;26.5;26.2;0.1;0.1;0.1;0.2;
2/2/2017 12:32:58 PM;3298;26.3;27.5;26.5;26.2;0.1;0.1;0.1;0.2;
2/2/2017 12:32:59 PM;3299;26.3;27.5;26.5;26.2;0.1;0.1;0.1;0.2;
2/2/2017 12:33:00 PM;3300;26.3;27.5;26.5;26.2;0.1;0.1;0.1;0.2;
2/2/2017 12:33:01 PM;3301;26.3;27.5;26.5;26.2;0.1;0.1;0.1;0.2;
2/2/2017 12:33:02 PM;3302;26.3;27.5;26.5;26.2;0.1;0.1;0.1;0.2;
2/2/2017 12:33:03 PM;3303;26.3;27.5;26.5;26.2;0.1;0.1;0.1;0.2;
2/2/2017 12:33:04 PM;3304;26.3;27.5;26.5;26.2;0.1;0.1;0.1;0.2;
2/2/2017 12:33:05 PM;3305;26.3;27.5;26.5;26.2;0.1;0.1;0.1;0.2;
2/2/2017 12:33:06 PM;3306;26.3;27.5;26.5;26.2;0.1;0.1;0.1;0.2;
2/2/2017 12:33:07 PM;3307;26.3;27.5;26.5;26.2;0.1;0.1;0.1;0.2;
2/2/2017 12:33:08 PM;3308;26.3;27.5;26.5;26.2;0.1;0.1;0.1;0.2;
2/2/2017 12:33:09 PM;3309;26.3;27.5;26.5;26.2;0.1;0.1;0.1;0.2;
2/2/2017 12:33:10 PM;3310;26.3;27.5;26.5;26.2;0.1;0.1;0.1;0.2;
2/2/2017 12:33:11 PM;3311;26.3;27.5;26.5;26.2;0.1;0.1;0.1;0.2;
2/2/2017 12:33:12 PM;3312;26.3;27.5;26.5;26.2;0.1;0.1;0.1;0.2;
2/2/2017 12:33:13 PM;3313;26.3;27.5;26.5;26.2;0.1;0.1;0.1;0.2;
2/2/2017 12:33:14 PM;3314;26.3;27.5;26.5;26.2;0.1;0.1;0.1;0.2;
2/2/2017 12:33:15 PM;3315;26.3;27.5;26.5;26.2;0.1;0.1;0.1;0.2;
2/2/2017 12:33:16 PM;3316;26.3;27.5;26.5;26.2;0.1;0.1;0.1;0.2;
2/2/2017 12:33:17 PM;3317;26.3;27.5;26.5;26.2;0.1;0.1;0.1;0.2;
2/2/2017 12:33:18 PM;3318;26.3;27.5;26.5;26.2;0.1;0.1;0.1;0.2;
2/2/2017 12:33:19 PM;3319;26.3;27.5;26.5;26.2;0.1;0.1;0.1;0.2;
2/2/2017 12:33:20 PM;3320;26.3;27.5;26.5;26.2;0.1;0.1;0.1;0.2;
2/2/2017 12:33:21 PM;3321;26.3;27.5;26.5;26.2;0.1;0.1;0.1;0.2;
2/2/2017 12:33:22 PM;3322;26.3;27.5;26.5;26.2;0.1;0.1;0.1;0.2;
2/2/2017 12:33:23 PM;3323;26.3;27.5;26.5;26.2;0.1;0.1;0.1;0.2;
2/2/2017 12:33:24 PM;3324;26.3;27.5;26.5;26.2;0.1;0.1;0.1;0.2;
2/2/2017 12:33:25 PM;3325;26.3;27.5;26.5;26.2;0.1;0.1;0.1;0.2;
2/2/2017 12:33:26 PM;3326;26.3;27.5;26.5;26.2;0.1;0.1;0.1;0.2;
2/2/2017 12:33:27 PM;3327;26.3;27.5;26.5;26.2;0.1;0.1;0.1;0.2;
2/2/2017 12:33:28 PM;3328;26.3;27.5;26.5;26.2;0.1;0.1;0.1;0.2;
2/2/2017 12:33:29 PM;3329;26.3;27.5;26.5;26.2;0.1;0.1;0.1;0.2;
2/2/2017 12:33:30 PM;3330;26.3;27.5;26.5;26.2;0.1;0.1;0.1;0.2;
2/2/2017 12:33:31 PM;3331;26.3;27.5;26.5;26.2;0.1;0.1;0.1;0.2;
2/2/2017 12:33:32 PM;3332;26.3;27.5;26.5;26.2;0.1;0.1;0.1;0.2;
2/2/2017 12:33:33 PM;3333;26.3;27.5;26.5;26.2;0.1;0.1;0.1;0.2;
2/2/2017 12:33:34 PM;3334;26.3;27.5;26.5;26.2;0.1;0.1;0.1;0.2;
2/2/2017 12:33:35 PM;3335;26.3;27.5;26.5;26.2;0.1;0.1;0.1;0.2;
2/2/2017 12:33:36 PM;3336;26.3;27.5;26.5;26.2;0.1;0.1;0.1;0.2;
2/2/2017 12:33:37 PM;3337;26.3;27.5;26.5;26.2;0.1;0.1;0.1;0.2;
2/2/2017 12:33:38 PM;3338;26.3;27.5;26.5;26.2;0.1;0.1;0.1;0.2;
2/2/2017 12:33:39 PM;3339;26.3;27.5;26.5;26.2;0.1;0.1;0.1;0.2;
2/2/2017 12:33:40 PM;3340;26.3;27.5;26.5;26.2;0.1;0.1;0.1;0.2;
2/2/2017 12:33:41 PM;3341;26.3;27.5;26.5;26.2;0.1;0.1;0.1;0.2;
2/2/2017 12:33:42 PM;3342;26.3;27.5;26.5;26.2;0.1;0.1;0.1;0.2;
2/2/2017 12:33:43 PM;3343;26.3;27.5;26.5;26.2;0.1;0.1;0.1;0.2;
2/2/2017 12:33:44 PM;3344;26.3;27.5;26.4;26.2;0.1;0.1;0.1;0.2;
2/2/2017 12:33:45 PM;3345;26.3;27.5;26.4;26.2;0.1;0.1;0.1;0.2;
2/2/2017 12:33:46 PM;3346;26.3;27.5;26.4;26.2;0.1;0.1;0.1;0.2;
2/2/2017 12:33:47 PM;3347;26.3;27.5;26.4;26.2;0.1;0.1;0.1;0.2;
2/2/2017 12:33:48 PM;3348;26.3;27.5;26.4;26.2;0.1;0.1;0.1;0.2;
2/2/2017 12:33:49 PM;3349;26.3;27.5;26.4;26.2;0.1;0.1;0.1;0.2;
2/2/2017 12:33:50 PM;3350;26.3;27.5;26.4;26.2;0.1;0.1;0.1;0.2;
2/2/2017 12:33:51 PM;3351;26.3;27.5;26.4;26.2;0.1;0.1;0.1;0.2;
2/2/2017 12:33:52 PM;3352;26.3;27.5;26.5;26.2;0.1;0.1;0.1;0.2;
2/2/2017 12:33:53 PM;3353;26.3;27.5;26.5;26.2;0.1;0.1;0.1;0.2;
2/2/2017 12:33:54 PM;3354;26.3;27.5;26.5;26.2;0.1;0.1;0.1;0.2;
2/2/2017 12:33:55 PM;3355;26.3;27.5;26.5;26.2;0.1;0.1;0.1;0.2;
2/2/2017 12:33:56 PM;3356;26.3;27.5;26.5;26.2;0.1;0.1;0.1;0.2;
2/2/2017 12:33:57 PM;3357;26.3;27.5;26.5;26.2;0.1;0.1;0.1;0.2;
2/2/2017 12:33:58 PM;3358;26.3;27.5;26.5;26.2;0.1;0.1;0.1;0.2;
2/2/2017 12:33:59 PM;3359;26.3;27.5;26.5;26.2;0.1;0.1;0.1;0.2;
2/2/2017 12:34:00 PM;3360;26.3;27.5;26.5;26.2;0.1;0.1;0.1;0.2;
2/2/2017 12:34:01 PM;3361;26.3;27.5;26.5;26.2;0.1;0.1;0.1;0.2;
2/2/2017 12:34:02 PM;3362;26.3;27.5;26.4;26.2;0.1;0.1;0.1;0.2;
2/2/2017 12:34:03 PM;3363;26.3;27.5;26.4;26.2;0.1;0.1;0.1;0.2;
2/2/2017 12:34:04 PM;3364;26.3;27.5;26.3;26.2;0.1;0.1;0.1;0.2;
2/2/2017 12:34:05 PM;3365;26.3;27.5;26.3;26.2;0.1;0.1;0.1;0.2;
2/2/2017 12:34:06 PM;3366;26.3;27.5;26.3;26.2;0.1;0.1;0.1;0.2;
2/2/2017 12:34:07 PM;3367;26.3;27.5;26.3;26.2;0.1;0.1;0.1;0.2;
2/2/2017 12:34:08 PM;3368;26.3;27.5;26.3;26.2;0.1;0.1;0.1;0.2;
2/2/2017 12:34:09 PM;3369;26.3;27.5;26.3;26.2;0.1;0.1;0.1;0.2;
2/2/2017 12:34:10 PM;3370;26.3;27.5;26.3;26.2;0.1;0.1;0.1;0.2;
2/2/2017 12:34:11 PM;3371;26.3;27.5;26.3;26.2;0.1;0.1;0.1;0.2;
2/2/2017 12:34:12 PM;3372;26.3;27.5;26.3;26.2;0.1;0.1;0.1;0.2;
2/2/2017 12:34:13 PM;3373;26.3;27.5;26.3;26.2;0.1;0.1;0.1;0.2;
2/2/2017 12:34:14 PM;3374;26.3;27.5;26.3;26.2;0.1;0.1;0.1;0.2;
2/2/2017 12:34:15 PM;3375;26.3;27.5;26.4;26.2;0.1;0.1;0.1;0.2;
2/2/2017 12:34:16 PM;3376;26.3;27.5;26.4;26.2;0.1;0.1;0.1;0.2;
2/2/2017 12:34:17 PM;3377;26.3;27.5;26.4;26.2;0.1;0.1;0.1;0.2;
2/2/2017 12:34:18 PM;3378;26.3;27.5;26.4;26.2;0.1;0.1;0.1;0.2;
2/2/2017 12:34:19 PM;3379;26.3;27.5;26.4;26.2;0.1;0.1;0.1;0.2;
2/2/2017 12:34:20 PM;3380;26.3;27.5;26.4;26.2;0.1;0.1;0.1;0.2;
2/2/2017 12:34:21 PM;3381;26.3;27.5;26.4;26.2;0.1;0.1;0.1;0.2;
2/2/2017 12:34:22 PM;3382;26.3;27.5;26.3;26.2;0.1;0.1;0.1;0.2;
2/2/2017 12:34:23 PM;3383;26.3;27.5;26.3;26.2;0.1;0.1;0.1;0.2;
2/2/2017 12:34:24 PM;3384;26.3;27.5;26.3;26.2;0.1;0.1;0.1;0.2;
2/2/2017 12:34:25 PM;3385;26.3;27.5;26.3;26.2;0.1;0.1;0.1;0.2;
2/2/2017 12:34:26 PM;3386;26.3;27.5;26.3;26.2;0.1;0.1;0.1;0.2;
2/2/2017 12:34:27 PM;3387;26.3;27.5;26.3;26.2;0.1;0.1;0.1;0.2;
2/2/2017 12:34:28 PM;3388;26.3;27.5;26.3;26.2;0.1;0.1;0.1;0.2;
2/2/2017 12:34:29 PM;3389;26.3;27.5;26.3;26.2;0.1;0.1;0.1;0.2;
2/2/2017 12:34:30 PM;3390;26.3;27.5;26.3;26.2;0.1;0.1;0.1;0.2;
2/2/2017 12:34:31 PM;3391;26.3;27.5;26.3;26.2;0.1;0.1;0.1;0.2;
2/2/2017 12:34:32 PM;3392;26.3;27.5;26.4;26.2;0.1;0.1;0.1;0.2;
2/2/2017 12:34:33 PM;3393;26.3;27.5;26.4;26.2;0.1;0.1;0.1;0.2;
2/2/2017 12:34:34 PM;3394;26.3;27.5;26.4;26.2;0.1;0.1;0.1;0.2;
2/2/2017 12:34:35 PM;3395;26.3;27.5;26.4;26.2;0.1;0.1;0.1;0.2;
2/2/2017 12:34:36 PM;3396;26.3;27.5;26.3;26.2;0.1;0.1;0.1;0.2;
2/2/2017 12:34:37 PM;3397;26.3;27.5;26.3;26.2;0.1;0.1;0.1;0.2;
2/2/2017 12:34:38 PM;3398;26.3;27.5;26.3;26.2;0.1;0.1;0.1;0.2;
2/2/2017 12:34:39 PM;3399;26.3;27.5;26.3;26.2;0.1;0.1;0.1;0.2;
2/2/2017 12:34:40 PM;3400;26.3;27.5;26.3;26.2;0.1;0.1;0.1;0.2;
2/2/2017 12:34:41 PM;3401;26.3;27.5;26.3;26.2;0.1;0.1;0.1;0.2;
2/2/2017 12:34:42 PM;3402;26.3;27.5;26.3;26.2;0.1;0.1;0.1;0.2;
2/2/2017 12:34:43 PM;3403;26.3;27.5;26.3;26.2;0.1;0.1;0.1;0.2;
2/2/2017 12:34:44 PM;3404;26.3;27.5;26.3;26.2;0.1;0.1;0.1;0.2;
2/2/2017 12:34:45 PM;3405;26.3;27.5;26.3;26.2;0.1;0.1;0.1;0.2;
2/2/2017 12:34:46 PM;3406;26.3;27.5;26.3;26.2;0.1;0.1;0.1;0.2;
2/2/2017 12:34:47 PM;3407;26.3;27.5;26.3;26.2;0.1;0.1;0.1;0.2;
2/2/2017 12:34:48 PM;3408;26.3;27.5;26.3;26.2;0.1;0.1;0.1;0.2;
2/2/2017 12:34:49 PM;3409;26.3;27.5;26.3;26.2;0.1;0.1;0.1;0.2;
2/2/2017 12:34:50 PM;3410;26.3;27.5;26.3;26.2;0.1;0.1;0.1;0.2;
2/2/2017 12:34:51 PM;3411;26.3;27.5;26.3;26.2;0.1;0.1;0.1;0.2;
2/2/2017 12:34:52 PM;3412;26.3;27.5;26.3;26.2;0.1;0.1;0.1;0.2;
2/2/2017 12:34:53 PM;3413;26.3;27.5;26.4;26.2;0.1;0.1;0.1;0.2;
2/2/2017 12:34:54 PM;3414;26.3;27.5;26.4;26.2;0.1;0.1;0.1;0.2;
2/2/2017 12:34:55 PM;3415;26.3;27.5;26.3;26.2;0.1;0.1;0.1;0.2;
2/2/2017 12:34:56 PM;3416;26.3;27.5;26.4;26.2;0.1;0.1;0.1;0.2;
2/2/2017 12:34:57 PM;3417;26.3;27.5;26.3;26.2;0.1;0.1;0.1;0.2;
2/2/2017 12:34:58 PM;3418;26.3;27.5;26.3;26.2;0.1;0.1;0.1;0.2;
2/2/2017 12:34:59 PM;3419;26.3;27.5;26.3;26.2;0.1;0.1;0.1;0.2;
2/2/2017 12:35:00 PM;3420;26.3;27.5;26.3;26.2;0.1;0.1;0.1;0.2;
2/2/2017 12:35:01 PM;3421;26.3;27.5;26.3;26.2;0.1;0.1;0.1;0.2;
2/2/2017 12:35:02 PM;3422;26.3;27.5;26.3;26.2;0.1;0.1;0.1;0.2;
2/2/2017 12:35:03 PM;3423;26.3;27.5;26.3;26.2;0.1;0.1;0.1;0.2;
2/2/2017 12:35:04 PM;3424;26.3;27.5;26.3;26.2;0.1;0.1;0.1;0.2;
2/2/2017 12:35:05 PM;3425;26.3;27.5;26.3;26.2;0.1;0.1;0.1;0.2;
2/2/2017 12:35:06 PM;3426;26.3;27.5;26.3;26.2;0.1;0.1;0.1;0.2;
2/2/2017 12:35:07 PM;3427;26.3;27.5;26.3;26.2;0.1;0.1;0.1;0.2;
2/2/2017 12:35:08 PM;3428;26.3;27.5;26.3;26.2;0.1;0.1;0.1;0.2;
2/2/2017 12:35:09 PM;3429;26.3;27.5;26.3;26.2;0.1;0.1;0.1;0.2;
2/2/2017 12:35:10 PM;3430;26.3;27.5;26.3;26.2;0.1;0.1;0.1;0.2;
2/2/2017 12:35:11 PM;3431;26.3;27.5;26.3;26.2;0.1;0.1;0.1;0.2;
2/2/2017 12:35:12 PM;3432;26.3;27.5;26.4;26.2;0.1;0.1;0.1;0.2;
2/2/2017 12:35:13 PM;3433;26.3;27.5;26.3;26.2;0.1;0.1;0.1;0.2;
2/2/2017 12:35:14 PM;3434;26.3;27.5;26.3;26.2;0.1;0.1;0.1;0.2;
2/2/2017 12:35:15 PM;3435;26.3;27.5;26.3;26.2;0.1;0.1;0.1;0.2;
2/2/2017 12:35:16 PM;3436;26.3;27.5;26.3;26.2;0.1;0.1;0.1;0.2;
2/2/2017 12:35:17 PM;3437;26.3;27.5;26.3;26.2;0.1;0.1;0.1;0.2;
2/2/2017 12:35:18 PM;3438;26.3;27.5;26.3;26.2;0.1;0.1;0.1;0.2;
2/2/2017 12:35:19 PM;3439;26.3;27.5;26.3;26.2;0.1;0.1;0.1;0.2;
2/2/2017 12:35:20 PM;3440;26.3;27.5;26.3;26.2;0.1;0.1;0.1;0.2;
2/2/2017 12:35:21 PM;3441;26.3;27.5;26.3;26.2;0.1;0.1;0.1;0.2;
2/2/2017 12:35:22 PM;3442;26.3;27.5;26.3;26.2;0.1;0.1;0.1;0.2;
2/2/2017 12:35:23 PM;3443;26.3;27.5;26.3;26.2;0.1;0.1;0.1;0.2;
2/2/2017 12:35:24 PM;3444;26.3;27.5;26.3;26.2;0.1;0.1;0.1;0.2;
2/2/2017 12:35:25 PM;3445;26.3;27.5;26.3;26.2;0.1;0.1;0.1;0.2;
2/2/2017 12:35:26 PM;3446;26.3;27.5;26.3;26.2;0.1;0.1;0.1;0.2;
2/2/2017 12:35:27 PM;3447;26.3;27.5;26.3;26.2;0.1;0.1;0.1;0.2;
2/2/2017 12:35:28 PM;3448;26.3;27.5;26.3;26.2;0.1;0.1;0.1;0.2;
2/2/2017 12:35:29 PM;3449;26.3;27.5;26.3;26.2;0.1;0.1;0.1;0.2;
2/2/2017 12:35:30 PM;3450;26.3;27.5;26.3;26.2;0.1;0.1;0.1;0.2;
2/2/2017 12:35:31 PM;3451;26.3;27.5;26.3;26.2;0.1;0.1;0.1;0.2;
2/2/2017 12:35:32 PM;3452;26.3;27.5;26.3;26.2;0.1;0.1;0.1;0.2;
2/2/2017 12:35:33 PM;3453;26.3;27.5;26.3;26.2;0.1;0.1;0.1;0.2;
2/2/2017 12:35:34 PM;3454;26.3;27.5;26.3;26.2;0.1;0.1;0.1;0.2;
2/2/2017 12:35:35 PM;3455;26.3;27.5;26.3;26.2;0.1;0.1;0.1;0.2;
2/2/2017 12:35:36 PM;3456;26.3;27.5;26.3;26.2;0.1;0.1;0.1;0.2;
2/2/2017 12:35:37 PM;3457;26.3;27.5;26.3;26.2;0.1;0.1;0.1;0.2;
2/2/2017 12:35:38 PM;3458;26.3;27.5;26.3;26.2;0.1;0.1;0.1;0.2;
2/2/2017 12:35:39 PM;3459;26.3;27.5;26.3;26.2;0.1;0.1;0.1;0.2;
2/2/2017 12:35:40 PM;3460;26.3;27.5;26.3;26.2;0.1;0.1;0.1;0.2;
2/2/2017 12:35:41 PM;3461;26.3;27.5;26.3;26.2;0.1;0.1;0.1;0.2;
2/2/2017 12:35:42 PM;3462;26.3;27.5;26.3;26.2;0.1;0.1;0.1;0.2;
2/2/2017 12:35:43 PM;3463;26.3;27.5;26.3;26.2;0.1;0.1;0.1;0.2;
2/2/2017 12:35:44 PM;3464;26.3;27.5;26.3;26.2;0.1;0.1;0.1;0.2;
2/2/2017 12:35:45 PM;3465;26.3;27.5;26.3;26.2;0.1;0.1;0.1;0.2;
2/2/2017 12:35:46 PM;3466;26.3;27.5;26.3;26.2;0.1;0.1;0.1;0.2;
2/2/2017 12:35:47 PM;3467;26.3;27.5;26.3;26.2;0.1;0.1;0.1;0.2;
2/2/2017 12:35:48 PM;3468;26.3;27.5;26.3;26.2;0.1;0.1;0.1;0.2;
2/2/2017 12:35:49 PM;3469;26.3;27.5;26.3;26.2;0.1;0.1;0.1;0.2;
2/2/2017 12:35:50 PM;3470;26.3;27.5;26.3;26.2;0.1;0.1;0.1;0.2;
2/2/2017 12:35:51 PM;3471;26.3;27.5;26.3;26.2;0.1;0.1;0.1;0.2;
2/2/2017 12:35:52 PM;3472;26.3;27.5;26.3;26.2;0.1;0.1;0.1;0.2;
2/2/2017 12:35:53 PM;3473;26.3;27.5;26.3;26.2;0.1;0.1;0.1;0.2;
2/2/2017 12:35:54 PM;3474;26.3;27.5;26.3;26.2;0.1;0.1;0.1;0.2;
2/2/2017 12:35:55 PM;3475;26.3;27.5;26.3;26.2;0.1;0.1;0.1;0.2;
2/2/2017 12:35:56 PM;3476;26.3;27.5;26.3;26.2;0.1;0.1;0.1;0.2;
2/2/2017 12:35:57 PM;3477;26.3;27.5;26.3;26.2;0.1;0.1;0.1;0.2;
2/2/2017 12:35:58 PM;3478;26.3;27.5;26.3;26.2;0.1;0.1;0.1;0.2;
2/2/2017 12:35:59 PM;3479;26.3;27.5;26.3;26.2;0.1;0.1;0.1;0.2;
2/2/2017 12:36:00 PM;3480;26.3;27.5;26.3;26.2;0.1;0.1;0.1;0.2;
2/2/2017 12:36:01 PM;3481;26.3;27.5;26.3;26.2;0.1;0.1;0.1;0.2;
2/2/2017 12:36:02 PM;3482;26.3;27.5;26.3;26.2;0.1;0.1;0.1;0.2;
2/2/2017 12:36:03 PM;3483;26.3;27.5;26.3;26.2;0.1;0.1;0.1;0.2;
2/2/2017 12:36:04 PM;3484;26.3;27.5;26.3;26.2;0.1;0.1;0.1;0.2;
2/2/2017 12:36:05 PM;3485;26.3;27.5;26.3;26.2;0.1;0.1;0.1;0.2;
2/2/2017 12:36:06 PM;3486;26.3;27.5;26.3;26.2;0.1;0.1;0.1;0.2;
2/2/2017 12:36:07 PM;3487;26.3;27.5;26.3;26.2;0.1;0.1;0.1;0.2;
2/2/2017 12:36:08 PM;3488;26.3;27.5;26.3;26.2;0.1;0.1;0.1;0.2;
2/2/2017 12:36:09 PM;3489;26.3;27.5;26.3;26.2;0.1;0.1;0.1;0.2;
2/2/2017 12:36:10 PM;3490;26.3;27.5;26.3;26.2;0.1;0.1;0.1;0.2;
2/2/2017 12:36:11 PM;3491;26.3;27.5;26.4;26.2;0.1;0.1;0.1;0.2;
2/2/2017 12:36:12 PM;3492;26.3;27.5;26.4;26.2;0.1;0.1;0.1;0.2;
2/2/2017 12:36:13 PM;3493;26.3;27.5;26.3;26.2;0.1;0.1;0.1;0.2;
2/2/2017 12:36:14 PM;3494;26.3;27.5;26.3;26.2;0.1;0.1;0.1;0.2;
2/2/2017 12:36:15 PM;3495;26.3;27.5;26.3;26.2;0.1;0.1;0.1;0.2;
2/2/2017 12:36:16 PM;3496;26.3;27.5;26.3;26.2;0.1;0.1;0.1;0.2;
2/2/2017 12:36:17 PM;3497;26.3;27.5;26.3;26.2;0.1;0.1;0.1;0.2;
2/2/2017 12:36:18 PM;3498;26.3;27.5;26.3;26.2;0.1;0.1;0.1;0.2;
2/2/2017 12:36:19 PM;3499;26.3;27.5;26.3;26.2;0.1;0.1;0.1;0.2;
2/2/2017 12:36:20 PM;3500;26.3;27.5;26.3;26.2;0.1;0.1;0.1;0.2;
2/2/2017 12:36:21 PM;3501;26.3;27.5;26.3;26.2;0.1;0.1;0.1;0.2;
2/2/2017 12:36:22 PM;3502;26.3;27.5;26.3;26.2;0.1;0.1;0.1;0.2;
2/2/2017 12:36:23 PM;3503;26.3;27.5;26.3;26.2;0.1;0.1;0.1;0.2;
2/2/2017 12:36:24 PM;3504;26.3;27.5;26.3;26.2;0.1;0.1;0.1;0.2;
2/2/2017 12:36:25 PM;3505;26.3;27.5;26.3;26.2;0.1;0.1;0.1;0.2;
2/2/2017 12:36:26 PM;3506;26.3;27.5;26.3;26.2;0.1;0.1;0.1;0.2;
2/2/2017 12:36:27 PM;3507;26.3;27.5;26.3;26.2;0.1;0.1;0.1;0.2;
2/2/2017 12:36:28 PM;3508;26.3;27.5;26.3;26.2;0.1;0.1;0.1;0.2;
2/2/2017 12:36:29 PM;3509;26.3;27.5;26.3;26.2;0.1;0.1;0.1;0.2;
2/2/2017 12:36:30 PM;3510;26.3;27.5;26.3;26.2;0.1;0.1;0.1;0.2;
2/2/2017 12:36:31 PM;3511;26.3;27.5;26.3;26.2;0.1;0.1;0.1;0.2;
2/2/2017 12:36:32 PM;3512;26.3;27.5;26.3;26.2;0.1;0.1;0.1;0.2;
2/2/2017 12:36:33 PM;3513;26.3;27.5;26.3;26.2;0.1;0.1;0.1;0.2;
2/2/2017 12:36:34 PM;3514;26.3;27.5;26.3;26.2;0.1;0.1;0.1;0.2;
2/2/2017 12:36:35 PM;3515;26.3;27.5;26.3;26.2;0.1;0.1;0.1;0.2;
2/2/2017 12:36:36 PM;3516;26.3;27.5;26.3;26.2;0.1;0.1;0.1;0.2;
2/2/2017 12:36:37 PM;3517;26.3;27.5;26.3;26.2;0.1;0.1;0.1;0.2;
2/2/2017 12:36:38 PM;3518;26.3;27.5;26.3;26.2;0.1;0.1;0.1;0.2;
2/2/2017 12:36:39 PM;3519;26.3;27.5;26.3;26.2;0.1;0.1;0.1;0.2;
2/2/2017 12:36:40 PM;3520;26.3;27.5;26.3;26.2;0.1;0.1;0.1;0.2;
2/2/2017 12:36:41 PM;3521;26.3;27.5;26.3;26.2;0.1;0.1;0.1;0.2;
2/2/2017 12:36:42 PM;3522;26.3;27.5;26.3;26.2;0.1;0.1;0.1;0.2;
2/2/2017 12:36:43 PM;3523;26.3;27.5;26.3;26.2;0.1;0.1;0.1;0.2;
2/2/2017 12:36:44 PM;3524;26.3;27.5;26.3;26.2;0.1;0.1;0.1;0.2;
2/2/2017 12:36:45 PM;3525;26.3;27.5;26.3;26.2;0.1;0.1;0.1;0.2;
2/2/2017 12:36:46 PM;3526;26.3;27.5;26.3;26.2;0.1;0.1;0.1;0.2;
2/2/2017 12:36:47 PM;3527;26.3;27.5;26.3;26.2;0.1;0.1;0.1;0.2;
2/2/2017 12:36:48 PM;3528;26.3;27.5;26.3;26.2;0.1;0.1;0.1;0.2;
2/2/2017 12:36:49 PM;3529;26.3;27.5;26.3;26.2;0.1;0.1;0.1;0.2;
2/2/2017 12:36:50 PM;3530;26.3;27.5;26.3;26.2;0.1;0.1;0.1;0.2;
2/2/2017 12:36:51 PM;3531;26.3;27.5;26.3;26.2;0.1;0.1;0.1;0.2;
2/2/2017 12:36:52 PM;3532;26.3;27.5;26.3;26.1;0.1;0.1;0.1;0.2;
2/2/2017 12:36:53 PM;3533;26.3;27.5;26.3;26.1;0.1;0.1;0.1;0.2;
2/2/2017 12:36:54 PM;3534;26.3;27.5;26.3;26.1;0.1;0.1;0.1;0.2;
2/2/2017 12:36:55 PM;3535;26.3;27.5;26.3;26.1;0.1;0.1;0.1;0.2;
2/2/2017 12:36:56 PM;3536;26.3;27.5;26.3;26.1;0.1;0.1;0.1;0.2;
2/2/2017 12:36:57 PM;3537;26.3;27.5;26.3;26.1;0.1;0.1;0.1;0.2;
2/2/2017 12:36:58 PM;3538;26.3;27.5;26.3;26.2;0.1;0.1;0.1;0.2;
2/2/2017 12:36:59 PM;3539;26.3;27.5;26.3;26.2;0.1;0.1;0.1;0.2;
2/2/2017 12:37:00 PM;3540;26.3;27.5;26.3;26.2;0.1;0.1;0.1;0.2;
2/2/2017 12:37:01 PM;3541;26.3;27.5;26.3;26.2;0.1;0.1;0.1;0.2;
2/2/2017 12:37:02 PM;3542;26.3;27.5;26.3;26.2;0.1;0.1;0.1;0.2;
2/2/2017 12:37:03 PM;3543;26.3;27.5;26.3;26.2;0.1;0.1;0.1;0.2;
2/2/2017 12:37:04 PM;3544;26.3;27.5;26.3;26.2;0.1;0.1;0.1;0.2;
2/2/2017 12:37:05 PM;3545;26.3;27.5;26.3;26.2;0.1;0.1;0.1;0.2;
2/2/2017 12:37:06 PM;3546;26.3;27.5;26.3;26.1;0.1;0.1;0.1;0.2;
2/2/2017 12:37:07 PM;3547;26.3;27.5;26.3;26.1;0.1;0.1;0.1;0.2;
2/2/2017 12:37:08 PM;3548;26.3;27.5;26.3;26.1;0.1;0.1;0.1;0.2;
2/2/2017 12:37:09 PM;3549;26.3;27.5;26.3;26.1;0.1;0.1;0.1;0.2;
2/2/2017 12:37:10 PM;3550;26.3;27.5;26.3;26.1;0.1;0.1;0.1;0.2;
2/2/2017 12:37:11 PM;3551;26.3;27.5;26.3;26.1;0.1;0.1;0.1;0.2;
2/2/2017 12:37:12 PM;3552;26.3;27.5;26.3;26.1;0.1;0.1;0.1;0.2;
2/2/2017 12:37:13 PM;3553;26.3;27.5;26.3;26.1;0.1;0.1;0.1;0.2;
2/2/2017 12:37:14 PM;3554;26.3;27.5;26.3;26.1;0.1;0.1;0.1;0.2;
2/2/2017 12:37:15 PM;3555;26.3;27.5;26.3;26.1;0.1;0.1;0.1;0.2;
2/2/2017 12:37:16 PM;3556;26.3;27.5;26.3;26.1;0.1;0.1;0.1;0.2;
2/2/2017 12:37:17 PM;3557;26.3;27.5;26.3;26.1;0.1;0.1;0.1;0.2;
2/2/2017 12:37:18 PM;3558;26.3;27.5;26.3;26.1;0.1;0.1;0.1;0.2;
2/2/2017 12:37:19 PM;3559;26.3;27.5;26.3;26.1;0.1;0.1;0.1;0.2;
2/2/2017 12:37:20 PM;3560;26.3;27.5;26.3;26.1;0.1;0.1;0.1;0.2;
2/2/2017 12:37:21 PM;3561;26.3;27.5;26.3;26.1;0.1;0.1;0.1;0.2;
2/2/2017 12:37:22 PM;3562;26.3;27.5;26.3;26.2;0.1;0.1;0.1;0.2;
2/2/2017 12:37:23 PM;3563;26.3;27.5;26.3;26.2;0.1;0.1;0.1;0.2;
2/2/2017 12:37:24 PM;3564;26.3;27.5;26.3;26.2;0.1;0.1;0.1;0.2;
2/2/2017 12:37:25 PM;3565;26.3;27.5;26.3;26.2;0.1;0.1;0.1;0.2;
2/2/2017 12:37:26 PM;3566;26.3;27.5;26.3;26.2;0.1;0.1;0.1;0.2;
2/2/2017 12:37:27 PM;3567;26.3;27.5;26.3;26.2;0.1;0.1;0.1;0.2;
2/2/2017 12:37:28 PM;3568;26.3;27.5;26.3;26.2;0.1;0.1;0.1;0.2;
2/2/2017 12:37:29 PM;3569;26.3;27.5;26.3;26.1;0.1;0.1;0.1;0.2;
2/2/2017 12:37:30 PM;3570;26.3;27.5;26.3;26.1;0.1;0.1;0.1;0.2;
2/2/2017 12:37:31 PM;3571;26.3;27.5;26.3;26.1;0.1;0.1;0.1;0.2;
2/2/2017 12:37:32 PM;3572;26.3;27.5;26.3;26.2;0.1;0.1;0.1;0.2;
2/2/2017 12:37:33 PM;3573;26.3;27.5;26.3;26.2;0.1;0.1;0.1;0.2;
2/2/2017 12:37:34 PM;3574;26.3;27.5;26.3;26.2;0.1;0.1;0.1;0.2;
2/2/2017 12:37:35 PM;3575;26.3;27.5;26.3;26.2;0.1;0.1;0.1;0.2;
2/2/2017 12:37:36 PM;3576;26.3;27.5;26.3;26.2;0.1;0.1;0.1;0.2;
2/2/2017 12:37:37 PM;3577;26.3;27.5;26.3;26.1;0.1;0.1;0.1;0.2;
2/2/2017 12:37:38 PM;3578;26.3;27.5;26.3;26.1;0.1;0.1;0.1;0.2;
2/2/2017 12:37:39 PM;3579;26.3;27.5;26.3;26.1;0.1;0.1;0.1;0.2;
2/2/2017 12:37:40 PM;3580;26.3;27.5;26.3;26.1;0.1;0.1;0.1;0.2;
2/2/2017 12:37:41 PM;3581;26.3;27.5;26.3;26.1;0.1;0.1;0.1;0.2;
2/2/2017 12:37:42 PM;3582;26.3;27.5;26.3;26.1;0.1;0.1;0.1;0.2;
2/2/2017 12:37:43 PM;3583;26.3;27.5;26.3;26.1;0.1;0.1;0.1;0.2;
2/2/2017 12:37:44 PM;3584;26.3;27.5;26.3;26.1;0.1;0.1;0.1;0.2;
2/2/2017 12:37:45 PM;3585;26.3;27.5;26.3;26.1;0.1;0.1;0.1;0.2;
2/2/2017 12:37:46 PM;3586;26.3;27.5;26.3;26.1;0.1;0.1;0.1;0.2;
2/2/2017 12:37:47 PM;3587;26.3;27.5;26.3;26.1;0.1;0.1;0.1;0.2;
2/2/2017 12:37:48 PM;3588;26.3;27.5;26.3;26.1;0.1;0.1;0.1;0.2;
2/2/2017 12:37:49 PM;3589;26.3;27.5;26.3;26.1;0.1;0.1;0.1;0.2;
2/2/2017 12:37:50 PM;3590;26.3;27.5;26.3;26.1;0.1;0.1;0.1;0.2;
2/2/2017 12:37:51 PM;3591;26.3;27.5;26.3;26.1;0.1;0.1;0.1;0.2;
2/2/2017 12:37:52 PM;3592;26.3;27.4;26.3;26.1;0.1;0.1;0.1;0.2;
2/2/2017 12:37:53 PM;3593;26.3;27.4;26.3;26.1;0.1;0.1;0.1;0.2;
2/2/2017 12:37:54 PM;3594;26.3;27.4;26.3;26.1;0.1;0.1;0.1;0.2;
2/2/2017 12:37:55 PM;3595;26.3;27.4;26.3;26.1;0.1;0.1;0.1;0.2;
2/2/2017 12:37:56 PM;3596;26.3;27.4;26.3;26.1;0.1;0.1;0.1;0.2;
2/2/2017 12:37:57 PM;3597;26.3;27.5;26.3;26.1;0.1;0.1;0.1;0.2;
2/2/2017 12:37:58 PM;3598;26.3;27.5;26.3;26.1;0.1;0.1;0.1;0.2;
2/2/2017 12:37:59 PM;3599;26.3;27.5;26.3;26.1;0.1;0.1;0.1;0.2;
2/2/2017 12:38:00 PM;3600;26.3;27.5;26.3;26.1;0.1;0.1;0.1;0.2;
2/2/2017 12:38:01 PM;3601;26.3;27.5;26.3;26.1;0.1;0.1;0.1;0.2;
2/2/2017 12:38:02 PM;3602;26.3;27.5;26.3;26.1;0.1;0.1;0.1;0.2;
2/2/2017 12:38:03 PM;3603;26.3;27.5;26.3;26.1;0.1;0.1;0.1;0.2;
2/2/2017 12:38:04 PM;3604;26.3;27.5;26.3;26.1;0.1;0.1;0.1;0.2;
2/2/2017 12:38:05 PM;3605;26.3;27.5;26.3;26.1;0.1;0.1;0.1;0.2;
2/2/2017 12:38:06 PM;3606;26.3;27.5;26.3;26.1;0.1;0.1;0.1;0.2;
2/2/2017 12:38:07 PM;3607;26.3;27.4;26.3;26.1;0.1;0.1;0.1;0.2;
2/2/2017 12:38:08 PM;3608;26.3;27.4;26.3;26.1;0.1;0.1;0.1;0.2;
2/2/2017 12:38:09 PM;3609;26.3;27.4;26.3;26.1;0.1;0.1;0.1;0.2;
2/2/2017 12:38:10 PM;3610;26.3;27.4;26.3;26.1;0.1;0.1;0.1;0.2;
2/2/2017 12:38:11 PM;3611;26.3;27.4;26.3;26.0;0.1;0.1;0.1;0.2;
2/2/2017 12:38:12 PM;3612;26.3;27.5;26.3;26.1;0.1;0.1;0.1;0.2;
2/2/2017 12:38:13 PM;3613;26.3;27.4;26.3;26.1;0.1;0.1;0.1;0.2;
2/2/2017 12:38:14 PM;3614;26.3;27.4;26.3;26.1;0.1;0.1;0.1;0.2;
2/2/2017 12:38:15 PM;3615;26.3;27.4;26.3;26.1;0.1;0.1;0.1;0.2;
2/2/2017 12:38:16 PM;3616;26.3;27.4;26.3;26.1;0.1;0.1;0.1;0.2;
2/2/2017 12:38:17 PM;3617;26.3;27.4;26.3;26.1;0.1;0.1;0.1;0.2;
2/2/2017 12:38:18 PM;3618;26.3;27.4;26.3;26.1;0.1;0.1;0.1;0.2;
2/2/2017 12:38:19 PM;3619;26.3;27.4;26.3;26.1;0.1;0.1;0.1;0.2;
2/2/2017 12:38:20 PM;3620;26.3;27.4;26.3;26.1;0.1;0.1;0.1;0.2;
2/2/2017 12:38:21 PM;3621;26.3;27.5;26.3;26.1;0.1;0.1;0.1;0.2;
2/2/2017 12:38:22 PM;3622;26.3;27.4;26.3;26.1;0.1;0.1;0.1;0.2;
2/2/2017 12:38:23 PM;3623;26.3;27.4;26.3;26.1;0.1;0.1;0.1;0.2;
2/2/2017 12:38:24 PM;3624;26.3;27.4;26.3;26.1;0.1;0.1;0.1;0.2;
2/2/2017 12:38:25 PM;3625;26.3;27.4;26.3;26.1;0.1;0.1;0.1;0.2;
2/2/2017 12:38:26 PM;3626;26.3;27.4;26.3;26.1;0.1;0.1;0.1;0.2;
2/2/2017 12:38:27 PM;3627;26.3;27.5;26.3;26.1;0.1;0.1;0.1;0.2;
2/2/2017 12:38:28 PM;3628;26.3;27.5;26.3;26.1;0.1;0.1;0.1;0.2;
2/2/2017 12:38:29 PM;3629;26.3;27.5;26.3;26.0;0.1;0.1;0.1;0.2;
2/2/2017 12:38:30 PM;3630;26.3;27.5;26.3;26.0;0.1;0.1;0.1;0.2;
2/2/2017 12:38:31 PM;3631;26.3;27.5;26.3;26.0;0.1;0.1;0.1;0.2;
2/2/2017 12:38:32 PM;3632;26.3;27.5;26.3;26.0;0.1;0.1;0.1;0.2;
2/2/2017 12:38:33 PM;3633;26.3;27.5;26.3;26.0;0.1;0.1;0.1;0.2;
2/2/2017 12:38:34 PM;3634;26.3;27.5;26.3;26.0;0.1;0.1;0.1;0.2;
2/2/2017 12:38:35 PM;3635;26.3;27.5;26.3;26.0;0.1;0.1;0.1;0.2;
2/2/2017 12:38:36 PM;3636;26.3;27.5;26.3;26.0;0.1;0.1;0.1;0.2;
2/2/2017 12:38:37 PM;3637;26.3;27.5;26.3;26.1;0.1;0.1;0.1;0.2;
2/2/2017 12:38:38 PM;3638;26.3;27.5;26.3;26.1;0.1;0.1;0.1;0.2;
2/2/2017 12:38:39 PM;3639;26.3;27.5;26.3;26.1;0.1;0.1;0.1;0.2;
2/2/2017 12:38:40 PM;3640;26.3;27.4;26.3;26.1;0.1;0.1;0.1;0.2;
2/2/2017 12:38:41 PM;3641;26.3;27.4;26.3;26.1;0.1;0.1;0.1;0.2;
2/2/2017 12:38:42 PM;3642;26.3;27.4;26.3;26.1;0.1;0.1;0.1;0.2;
2/2/2017 12:38:43 PM;3643;26.3;27.4;26.3;26.1;0.1;0.1;0.1;0.2;
2/2/2017 12:38:44 PM;3644;26.3;27.4;26.3;26.1;0.1;0.1;0.1;0.2;
2/2/2017 12:38:45 PM;3645;26.3;27.4;26.3;26.1;0.1;0.1;0.1;0.2;
2/2/2017 12:38:46 PM;3646;26.3;27.4;26.3;26.1;0.1;0.1;0.1;0.2;
2/2/2017 12:38:47 PM;3647;26.3;27.4;26.3;26.1;0.1;0.1;0.1;0.2;
2/2/2017 12:38:48 PM;3648;26.3;27.4;26.3;26.1;0.1;0.1;0.1;0.2;
2/2/2017 12:38:49 PM;3649;26.3;27.4;26.3;26.0;0.1;0.1;0.1;0.2;
2/2/2017 12:38:50 PM;3650;26.3;27.4;26.3;26.0;0.1;0.1;0.1;0.2;
2/2/2017 12:38:51 PM;3651;26.3;27.4;26.3;26.0;0.1;0.1;0.1;0.2;
2/2/2017 12:38:52 PM;3652;26.3;27.4;26.3;26.0;0.1;0.1;0.1;0.2;
2/2/2017 12:38:53 PM;3653;26.3;27.4;26.3;26.1;0.1;0.1;0.1;0.2;
2/2/2017 12:38:54 PM;3654;26.2;27.4;26.3;26.1;0.1;0.1;0.1;0.2;
2/2/2017 12:38:55 PM;3655;26.2;27.5;26.2;26.1;0.1;0.1;0.1;0.2;
2/2/2017 12:38:56 PM;3656;26.2;27.5;26.3;26.1;0.1;0.1;0.1;0.2;
2/2/2017 12:38:57 PM;3657;26.2;27.5;26.3;26.1;0.1;0.1;0.1;0.2;
2/2/2017 12:38:58 PM;3658;26.2;27.5;26.3;26.1;0.1;0.1;0.1;0.2;
2/2/2017 12:38:59 PM;3659;26.3;27.4;26.3;26.1;0.1;0.1;0.1;0.2;
2/2/2017 12:39:00 PM;3660;26.3;27.4;26.3;26.1;0.1;0.1;0.1;0.2;
2/2/2017 12:39:01 PM;3661;26.3;27.4;26.3;26.1;0.1;0.1;0.1;0.2;
2/2/2017 12:39:02 PM;3662;26.3;27.4;26.3;26.1;0.1;0.1;0.1;0.2;
2/2/2017 12:39:03 PM;3663;26.2;27.4;26.3;26.1;0.1;0.1;0.1;0.2;
2/2/2017 12:39:04 PM;3664;26.2;27.4;26.3;26.1;0.1;0.1;0.1;0.2;
2/2/2017 12:39:05 PM;3665;26.2;27.4;26.3;26.1;0.1;0.1;0.1;0.2;
2/2/2017 12:39:06 PM;3666;26.2;27.5;26.3;26.1;0.1;0.1;0.1;0.2;
2/2/2017 12:39:07 PM;3667;26.2;27.4;26.2;26.1;0.1;0.1;0.1;0.2;
2/2/2017 12:39:08 PM;3668;26.3;27.4;26.2;26.1;0.1;0.1;0.1;0.2;
2/2/2017 12:39:09 PM;3669;26.3;27.3;26.2;26.1;0.1;0.1;0.1;0.2;
2/2/2017 12:39:10 PM;3670;26.3;27.3;26.2;26.1;0.1;0.1;0.1;0.2;
2/2/2017 12:39:11 PM;3671;26.3;27.3;26.2;26.1;0.1;0.1;0.1;0.2;
2/2/2017 12:39:12 PM;3672;26.3;27.4;26.2;26.1;0.1;0.1;0.1;0.2;
2/2/2017 12:39:13 PM;3673;26.2;27.4;26.3;26.1;0.1;0.1;0.1;0.2;
2/2/2017 12:39:14 PM;3674;26.2;27.4;26.3;26.1;0.1;0.1;0.1;0.2;
2/2/2017 12:39:15 PM;3675;26.2;27.4;26.3;26.1;0.1;0.1;0.1;0.2;
2/2/2017 12:39:16 PM;3676;26.2;27.4;26.3;26.1;0.1;0.1;0.1;0.2;
2/2/2017 12:39:17 PM;3677;26.2;27.4;26.3;26.1;0.1;0.1;0.1;0.2;
2/2/2017 12:39:18 PM;3678;26.2;27.4;26.3;26.1;0.1;0.1;0.1;0.2;
2/2/2017 12:39:19 PM;3679;26.2;27.4;26.3;26.1;0.1;0.1;0.1;0.2;
2/2/2017 12:39:20 PM;3680;26.2;27.4;26.3;26.1;0.1;0.1;0.1;0.2;
2/2/2017 12:39:21 PM;3681;26.3;27.4;26.3;26.1;0.1;0.1;0.1;0.2;
2/2/2017 12:39:22 PM;3682;26.3;27.4;26.3;26.1;0.1;0.1;0.1;0.2;
2/2/2017 12:39:23 PM;3683;26.3;27.4;26.3;26.0;0.1;0.1;0.1;0.2;
2/2/2017 12:39:24 PM;3684;26.3;27.4;26.3;26.0;0.1;0.1;0.1;0.2;
2/2/2017 12:39:25 PM;3685;26.2;27.4;26.2;26.0;0.1;0.1;0.1;0.2;
2/2/2017 12:39:26 PM;3686;26.2;27.4;26.2;26.0;0.1;0.1;0.1;0.2;
2/2/2017 12:39:27 PM;3687;26.2;27.4;26.2;26.0;0.1;0.1;0.1;0.2;
2/2/2017 12:39:28 PM;3688;26.2;27.4;26.2;26.0;0.1;0.1;0.1;0.2;
2/2/2017 12:39:29 PM;3689;26.2;27.5;26.2;26.1;0.1;0.1;0.1;0.2;
2/2/2017 12:39:30 PM;3690;26.3;27.4;26.2;26.1;0.1;0.1;0.1;0.2;
2/2/2017 12:39:31 PM;3691;26.2;27.4;26.2;26.1;0.1;0.1;0.1;0.2;
2/2/2017 12:39:32 PM;3692;26.2;27.3;26.2;26.1;0.1;0.1;0.1;0.2;
2/2/2017 12:39:33 PM;3693;26.2;27.3;26.3;26.1;0.1;0.1;0.1;0.2;
2/2/2017 12:39:34 PM;3694;26.2;27.3;26.3;26.0;0.1;0.1;0.1;0.2;
2/2/2017 12:39:35 PM;3695;26.2;27.3;26.3;26.0;0.1;0.1;0.1;0.2;
2/2/2017 12:39:36 PM;3696;26.3;27.4;26.3;26.0;0.1;0.1;0.1;0.2;
2/2/2017 12:39:37 PM;3697;26.2;27.4;26.3;26.0;0.1;0.1;0.1;0.2;
2/2/2017 12:39:38 PM;3698;26.2;27.4;26.3;26.0;0.1;0.1;0.1;0.2;
2/2/2017 12:39:39 PM;3699;26.2;27.4;26.3;26.1;0.1;0.1;0.1;0.2;
2/2/2017 12:39:40 PM;3700;26.2;27.4;26.3;26.1;0.1;0.1;0.1;0.2;
2/2/2017 12:39:41 PM;3701;26.2;27.3;26.3;26.1;0.1;0.1;0.1;0.2;
2/2/2017 12:39:42 PM;3702;26.3;27.4;26.3;26.1;0.1;0.1;0.1;0.2;
2/2/2017 12:39:43 PM;3703;26.3;27.4;26.3;26.1;0.1;0.1;0.1;0.2;
2/2/2017 12:39:44 PM;3704;26.3;27.3;26.3;26.1;0.1;0.1;0.1;0.2;
2/2/2017 12:39:45 PM;3705;26.2;27.4;26.2;26.1;0.1;0.1;0.1;0.2;
2/2/2017 12:39:46 PM;3706;26.2;27.4;26.2;26.1;0.1;0.1;0.1;0.2;
2/2/2017 12:39:47 PM;3707;26.2;27.3;26.2;26.1;0.1;0.1;0.1;0.2;
2/2/2017 12:39:48 PM;3708;26.2;27.3;26.3;26.1;0.1;0.1;0.1;0.2;
2/2/2017 12:39:49 PM;3709;26.1;27.3;26.3;26.1;0.1;0.1;0.1;0.2;
2/2/2017 12:39:50 PM;3710;26.1;27.3;26.3;26.1;0.1;0.1;0.1;0.2;
2/2/2017 12:39:51 PM;3711;26.2;27.4;26.3;26.1;0.1;0.1;0.1;0.2;
2/2/2017 12:39:52 PM;3712;26.2;27.4;26.3;26.1;0.1;0.1;0.1;0.2;
2/2/2017 12:39:53 PM;3713;26.2;27.4;26.2;26.1;0.1;0.1;0.1;0.2;
2/2/2017 12:39:54 PM;3714;26.2;27.4;26.3;26.1;0.1;0.1;0.1;0.2;
2/2/2017 12:39:55 PM;3715;26.3;27.4;26.3;26.1;0.1;0.1;0.1;0.2;
2/2/2017 12:39:56 PM;3716;26.3;27.4;26.2;26.1;0.1;0.1;0.1;0.2;
2/2/2017 12:39:57 PM;3717;26.2;27.4;26.2;26.1;0.1;0.1;0.1;0.2;
2/2/2017 12:39:58 PM;3718;26.2;27.4;26.2;26.1;0.1;0.1;0.1;0.2;
2/2/2017 12:39:59 PM;3719;26.2;27.4;26.2;26.1;0.1;0.1;0.1;0.2;
2/2/2017 12:40:00 PM;3720;26.2;27.3;26.2;26.1;0.1;0.1;0.1;0.2;
2/2/2017 12:40:01 PM;3721;26.2;27.3;26.2;26.1;0.1;0.1;0.1;0.2;
2/2/2017 12:40:02 PM;3722;26.3;27.3;26.2;26.1;0.1;0.1;0.1;0.2;
2/2/2017 12:40:03 PM;3723;26.2;27.3;26.2;26.1;0.1;0.1;0.1;0.2;
2/2/2017 12:40:04 PM;3724;26.2;27.3;26.2;26.1;0.1;0.1;0.1;0.2;
2/2/2017 12:40:05 PM;3725;26.2;27.3;26.2;26.1;0.1;0.1;0.1;0.2;
2/2/2017 12:40:06 PM;3726;26.2;27.3;26.2;26.1;0.1;0.1;0.1;0.2;
2/2/2017 12:40:07 PM;3727;26.2;27.3;26.2;26.1;0.1;0.1;0.1;0.2;
2/2/2017 12:40:08 PM;3728;26.2;27.3;26.2;26.1;0.1;0.1;0.1;0.2;
2/2/2017 12:40:09 PM;3729;26.2;27.3;26.2;26.1;0.1;0.1;0.1;0.2;
2/2/2017 12:40:10 PM;3730;26.2;27.3;26.2;26.1;0.1;0.1;0.1;0.2;
2/2/2017 12:40:11 PM;3731;26.3;27.3;26.2;26.1;0.1;0.1;0.1;0.2;
2/2/2017 12:40:12 PM;3732;26.3;27.3;26.2;26.1;0.1;0.1;0.1;0.2;
2/2/2017 12:40:13 PM;3733;26.3;27.3;26.2;26.1;0.1;0.1;0.1;0.2;
2/2/2017 12:40:14 PM;3734;26.3;27.3;26.2;26.1;0.1;0.1;0.1;0.2;
2/2/2017 12:40:15 PM;3735;26.2;27.3;26.2;26.1;0.1;0.1;0.1;0.2;
2/2/2017 12:40:16 PM;3736;26.2;27.3;26.2;26.1;0.1;0.1;0.1;0.2;
2/2/2017 12:40:17 PM;3737;26.2;27.3;26.2;26.1;0.1;0.1;0.1;0.2;
2/2/2017 12:40:18 PM;3738;26.2;27.3;26.2;26.1;0.1;0.1;0.1;0.2;
2/2/2017 12:40:19 PM;3739;26.2;27.4;26.2;26.1;0.1;0.1;0.1;0.2;
2/2/2017 12:40:20 PM;3740;26.2;27.4;26.2;26.1;0.1;0.1;0.1;0.2;
2/2/2017 12:40:21 PM;3741;26.2;27.4;26.2;26.1;0.1;0.1;0.1;0.2;
2/2/2017 12:40:22 PM;3742;26.1;27.3;26.2;26.1;0.1;0.1;0.1;0.2;
2/2/2017 12:40:23 PM;3743;26.1;27.3;26.2;26.1;0.1;0.1;0.1;0.2;
2/2/2017 12:40:24 PM;3744;26.1;27.3;26.3;26.1;0.1;0.1;0.1;0.2;
2/2/2017 12:40:25 PM;3745;26.1;27.3;26.3;26.1;0.1;0.1;0.1;0.2;
2/2/2017 12:40:26 PM;3746;26.2;27.3;26.3;26.1;0.1;0.1;0.1;0.2;
2/2/2017 12:40:27 PM;3747;26.2;27.3;26.3;26.1;0.1;0.1;0.1;0.2;
2/2/2017 12:40:28 PM;3748;26.2;27.4;26.3;26.1;0.1;0.1;0.1;0.2;
2/2/2017 12:40:29 PM;3749;26.2;27.4;26.3;26.1;0.1;0.1;0.1;0.2;
2/2/2017 12:40:30 PM;3750;26.2;27.4;26.3;26.1;0.1;0.1;0.1;0.2;
2/2/2017 12:40:31 PM;3751;26.1;27.4;26.3;26.1;0.1;0.1;0.1;0.2;
2/2/2017 12:40:32 PM;3752;26.2;27.4;26.3;26.1;0.1;0.1;0.1;0.2;
2/2/2017 12:40:33 PM;3753;26.1;27.4;26.2;26.1;0.1;0.1;0.1;0.2;
2/2/2017 12:40:34 PM;3754;26.1;27.4;26.2;26.1;0.1;0.1;0.1;0.2;
2/2/2017 12:40:35 PM;3755;26.1;27.3;26.2;26.0;0.1;0.1;0.1;0.2;
2/2/2017 12:40:36 PM;3756;26.1;27.3;26.3;26.0;0.1;0.1;0.1;0.2;
2/2/2017 12:40:37 PM;3757;26.1;27.3;26.2;26.0;0.1;0.1;0.1;0.2;
2/2/2017 12:40:38 PM;3758;26.1;27.4;26.2;26.0;0.1;0.1;0.1;0.2;
2/2/2017 12:40:39 PM;3759;26.1;27.3;26.2;26.0;0.1;0.1;0.1;0.2;
2/2/2017 12:40:40 PM;3760;26.1;27.4;26.2;26.0;0.1;0.1;0.1;0.2;
2/2/2017 12:40:41 PM;3761;26.1;27.4;26.2;26.0;0.1;0.1;0.1;0.2;
2/2/2017 12:40:42 PM;3762;26.1;27.3;26.2;26.0;0.1;0.1;0.1;0.2;
2/2/2017 12:40:43 PM;3763;26.1;27.3;26.2;26.0;0.1;0.1;0.1;0.2;
2/2/2017 12:40:44 PM;3764;26.1;27.3;26.2;26.0;0.1;0.1;0.1;0.2;
2/2/2017 12:40:45 PM;3765;26.1;27.3;26.2;26.0;0.1;0.1;0.1;0.2;
2/2/2017 12:40:46 PM;3766;26.2;27.3;26.2;26.0;0.1;0.1;0.1;0.2;
2/2/2017 12:40:47 PM;3767;26.2;27.3;26.2;26.0;0.1;0.1;0.1;0.2;
2/2/2017 12:40:48 PM;3768;26.3;27.3;26.2;26.0;0.1;0.1;0.1;0.2;
2/2/2017 12:40:49 PM;3769;26.2;27.3;26.2;26.0;0.1;0.1;0.1;0.2;
2/2/2017 12:40:50 PM;3770;26.2;27.3;26.2;26.0;0.1;0.1;0.1;0.2;
2/2/2017 12:40:51 PM;3771;26.1;27.3;26.2;26.0;0.1;0.1;0.1;0.2;
2/2/2017 12:40:52 PM;3772;26.1;27.3;26.2;26.1;0.1;0.1;0.1;0.2;
2/2/2017 12:40:53 PM;3773;26.1;27.3;26.2;26.1;0.1;0.1;0.1;0.2;
2/2/2017 12:40:54 PM;3774;26.1;27.3;26.2;26.1;0.1;0.1;0.1;0.2;
2/2/2017 12:40:55 PM;3775;26.1;27.3;26.2;26.1;0.1;0.1;0.1;0.2;
2/2/2017 12:40:56 PM;3776;26.1;27.3;26.2;26.1;0.1;0.1;0.1;0.2;
2/2/2017 12:40:57 PM;3777;26.2;27.3;26.2;26.1;0.1;0.1;0.1;0.2;
2/2/2017 12:40:58 PM;3778;26.1;27.3;26.2;26.1;0.1;0.1;0.1;0.2;
2/2/2017 12:40:59 PM;3779;26.1;27.3;26.2;26.1;0.1;0.1;0.1;0.2;
2/2/2017 12:41:00 PM;3780;26.1;27.3;26.2;26.0;0.1;0.1;0.1;0.2;
2/2/2017 12:41:01 PM;3781;26.2;27.3;26.2;26.0;0.1;0.1;0.1;0.2;
2/2/2017 12:41:02 PM;3782;26.1;27.3;26.2;26.0;0.1;0.1;0.1;0.2;
2/2/2017 12:41:03 PM;3783;26.1;27.3;26.2;26.0;0.1;0.1;0.1;0.2;
2/2/2017 12:41:04 PM;3784;26.1;27.3;26.2;26.0;0.1;0.1;0.1;0.2;
2/2/2017 12:41:05 PM;3785;26.2;27.3;26.2;26.1;0.1;0.1;0.1;0.2;
2/2/2017 12:41:06 PM;3786;26.1;27.3;26.2;26.1;0.1;0.1;0.1;0.2;
2/2/2017 12:41:07 PM;3787;26.1;27.3;26.2;26.1;0.1;0.1;0.1;0.2;
2/2/2017 12:41:08 PM;3788;26.1;27.3;26.3;26.1;0.1;0.1;0.1;0.2;
2/2/2017 12:41:09 PM;3789;26.1;27.3;26.3;26.0;0.1;0.1;0.1;0.2;
2/2/2017 12:41:10 PM;3790;26.1;27.3;26.2;26.0;0.1;0.1;0.1;0.2;
2/2/2017 12:41:11 PM;3791;26.2;27.3;26.3;26.0;0.1;0.1;0.1;0.2;
2/2/2017 12:41:12 PM;3792;26.2;27.3;26.2;26.0;0.1;0.1;0.1;0.2;
2/2/2017 12:41:13 PM;3793;26.2;27.3;26.2;26.0;0.1;0.1;0.1;0.2;
2/2/2017 12:41:14 PM;3794;26.2;27.4;26.2;26.1;0.1;0.1;0.1;0.2;
2/2/2017 12:41:15 PM;3795;26.2;27.4;26.2;26.1;0.1;0.1;0.1;0.2;
2/2/2017 12:41:16 PM;3796;26.1;27.3;26.2;26.1;0.1;0.1;0.1;0.2;
2/2/2017 12:41:17 PM;3797;26.1;27.3;26.2;26.1;0.1;0.1;0.1;0.2;
2/2/2017 12:41:18 PM;3798;26.2;27.3;26.2;26.0;0.1;0.1;0.1;0.2;
2/2/2017 12:41:19 PM;3799;26.1;27.3;26.2;26.0;0.1;0.1;0.1;0.2;
2/2/2017 12:41:20 PM;3800;26.1;27.3;26.2;26.0;0.1;0.1;0.1;0.2;
2/2/2017 12:41:21 PM;3801;26.2;27.3;26.2;26.0;0.1;0.1;0.1;0.2;
2/2/2017 12:41:22 PM;3802;26.1;27.3;26.2;26.0;0.1;0.1;0.1;0.2;
2/2/2017 12:41:23 PM;3803;26.1;27.3;26.2;26.0;0.1;0.1;0.1;0.2;
2/2/2017 12:41:24 PM;3804;26.2;27.3;26.2;26.0;0.1;0.1;0.1;0.2;
2/2/2017 12:41:25 PM;3805;26.2;27.3;26.2;26.0;0.1;0.1;0.1;0.2;
2/2/2017 12:41:26 PM;3806;26.2;27.3;26.2;26.0;0.1;0.1;0.1;0.2;
2/2/2017 12:41:27 PM;3807;26.2;27.3;26.2;26.0;0.1;0.1;0.1;0.2;
2/2/2017 12:41:28 PM;3808;26.1;27.3;26.2;26.1;0.1;0.1;0.1;0.2;
2/2/2017 12:41:29 PM;3809;26.1;27.3;26.2;26.1;0.1;0.1;0.1;0.2;
2/2/2017 12:41:30 PM;3810;26.1;27.3;26.2;26.1;0.1;0.1;0.1;0.2;
2/2/2017 12:41:31 PM;3811;26.1;27.3;26.2;26.1;0.1;0.1;0.1;0.2;
2/2/2017 12:41:32 PM;3812;26.1;27.3;26.2;26.1;0.1;0.1;0.1;0.2;
2/2/2017 12:41:33 PM;3813;26.1;27.3;26.2;26.1;0.1;0.1;0.1;0.2;
2/2/2017 12:41:34 PM;3814;26.2;27.3;26.2;26.1;0.1;0.1;0.1;0.2;
2/2/2017 12:41:35 PM;3815;26.1;27.3;26.2;26.1;0.1;0.1;0.1;0.2;
2/2/2017 12:41:36 PM;3816;26.1;27.3;26.2;26.1;0.1;0.1;0.1;0.2;
2/2/2017 12:41:37 PM;3817;26.1;27.3;26.2;26.1;0.1;0.1;0.1;0.2;
2/2/2017 12:41:38 PM;3818;26.1;27.3;26.2;26.1;0.1;0.1;0.1;0.2;
2/2/2017 12:41:39 PM;3819;26.1;27.3;26.2;26.1;0.1;0.1;0.1;0.2;
2/2/2017 12:41:40 PM;3820;26.1;27.3;26.2;26.1;0.1;0.1;0.1;0.2;
2/2/2017 12:41:41 PM;3821;26.1;27.3;26.2;26.1;0.1;0.1;0.1;0.2;
2/2/2017 12:41:42 PM;3822;26.1;27.3;26.2;26.1;0.1;0.1;0.1;0.2;
2/2/2017 12:41:43 PM;3823;26.2;27.3;26.2;26.1;0.1;0.1;0.1;0.2;
2/2/2017 12:41:44 PM;3824;26.2;27.3;26.2;26.1;0.1;0.1;0.1;0.2;
2/2/2017 12:41:45 PM;3825;26.2;27.3;26.2;26.1;0.1;0.1;0.1;0.2;
2/2/2017 12:41:46 PM;3826;26.1;27.3;26.2;26.0;0.1;0.1;0.1;0.2;
2/2/2017 12:41:47 PM;3827;26.1;27.3;26.2;26.0;0.1;0.1;0.1;0.2;
2/2/2017 12:41:48 PM;3828;26.1;27.3;26.2;26.0;0.1;0.1;0.1;0.2;
2/2/2017 12:41:49 PM;3829;26.1;27.3;26.2;26.0;0.1;0.1;0.1;0.2;
2/2/2017 12:41:50 PM;3830;26.1;27.3;26.2;26.0;0.1;0.1;0.1;0.2;
2/2/2017 12:41:51 PM;3831;26.1;27.3;26.2;26.1;0.1;0.1;0.1;0.2;
2/2/2017 12:41:52 PM;3832;26.1;27.3;26.2;26.1;0.1;0.1;0.1;0.2;
2/2/2017 12:41:53 PM;3833;26.1;27.3;26.2;26.1;0.1;0.1;0.1;0.2;
2/2/2017 12:41:54 PM;3834;26.1;27.3;26.2;26.1;0.1;0.1;0.1;0.2;
2/2/2017 12:41:55 PM;3835;26.1;27.3;26.2;26.1;0.1;0.1;0.1;0.2;
2/2/2017 12:41:56 PM;3836;26.1;27.3;26.2;26.1;0.1;0.1;0.1;0.2;
2/2/2017 12:41:57 PM;3837;26.1;27.3;26.2;26.1;0.1;0.1;0.1;0.2;
2/2/2017 12:41:58 PM;3838;26.1;27.3;26.2;26.1;0.1;0.1;0.1;0.2;
2/2/2017 12:41:59 PM;3839;26.1;27.3;26.2;26.0;0.1;0.1;0.1;0.2;
2/2/2017 12:42:00 PM;3840;26.1;27.3;26.2;26.0;0.1;0.1;0.1;0.2;
2/2/2017 12:42:01 PM;3841;26.1;27.3;26.2;26.0;0.1;0.1;0.1;0.2;
2/2/2017 12:42:02 PM;3842;26.2;27.3;26.2;26.0;0.1;0.1;0.1;0.2;
2/2/2017 12:42:03 PM;3843;26.2;27.3;26.2;26.0;0.1;0.1;0.1;0.2;
2/2/2017 12:42:04 PM;3844;26.2;27.3;26.2;26.1;0.1;0.1;0.1;0.2;
2/2/2017 12:42:05 PM;3845;26.1;27.3;26.2;26.1;0.1;0.1;0.1;0.2;
2/2/2017 12:42:06 PM;3846;26.2;27.3;26.2;26.1;0.1;0.1;0.1;0.2;
2/2/2017 12:42:07 PM;3847;26.1;27.3;26.2;26.1;0.1;0.1;0.1;0.2;
2/2/2017 12:42:08 PM;3848;26.1;27.3;26.2;26.1;0.1;0.1;0.1;0.2;
2/2/2017 12:42:09 PM;3849;26.1;27.3;26.2;26.1;0.1;0.1;0.1;0.2;
2/2/2017 12:42:10 PM;3850;26.1;27.3;26.2;26.1;0.1;0.1;0.1;0.2;
2/2/2017 12:42:11 PM;3851;26.1;27.3;26.2;26.1;0.1;0.1;0.1;0.2;
2/2/2017 12:42:12 PM;3852;26.1;27.3;26.2;26.0;0.1;0.1;0.1;0.2;
2/2/2017 12:42:13 PM;3853;26.1;27.3;26.2;26.0;0.1;0.1;0.1;0.2;
2/2/2017 12:42:14 PM;3854;26.2;27.3;26.2;26.0;0.1;0.1;0.1;0.2;
2/2/2017 12:42:15 PM;3855;26.2;27.3;26.2;26.0;0.1;0.1;0.1;0.2;
2/2/2017 12:42:16 PM;3856;26.2;27.3;26.2;26.0;0.1;0.1;0.1;0.2;
2/2/2017 12:42:17 PM;3857;26.1;27.3;26.2;26.0;0.1;0.1;0.1;0.2;
2/2/2017 12:42:18 PM;3858;26.1;27.3;26.2;26.0;0.1;0.1;0.1;0.2;
2/2/2017 12:42:19 PM;3859;26.1;27.3;26.2;26.0;0.1;0.1;0.1;0.2;
2/2/2017 12:42:20 PM;3860;26.1;27.3;26.2;26.0;0.1;0.1;0.1;0.2;
2/2/2017 12:42:21 PM;3861;26.1;27.3;26.2;26.0;0.1;0.1;0.1;0.2;
2/2/2017 12:42:22 PM;3862;26.1;27.3;26.2;26.1;0.1;0.1;0.1;0.2;
2/2/2017 12:42:23 PM;3863;26.1;27.3;26.2;26.1;0.1;0.1;0.1;0.2;
2/2/2017 12:42:24 PM;3864;26.1;27.3;26.2;26.1;0.1;0.1;0.1;0.2;
2/2/2017 12:42:25 PM;3865;26.1;27.3;26.2;26.1;0.1;0.1;0.1;0.2;
2/2/2017 12:42:26 PM;3866;26.1;27.3;26.2;26.1;0.1;0.1;0.1;0.2;
2/2/2017 12:42:27 PM;3867;26.1;27.3;26.2;26.1;0.1;0.1;0.1;0.2;
2/2/2017 12:42:28 PM;3868;26.1;27.3;26.2;26.1;0.1;0.1;0.1;0.2;
2/2/2017 12:42:29 PM;3869;26.1;27.3;26.2;26.0;0.1;0.1;0.1;0.2;
2/2/2017 12:42:30 PM;3870;26.1;27.3;26.2;26.0;0.1;0.1;0.1;0.2;
2/2/2017 12:42:31 PM;3871;26.2;27.3;26.2;26.0;0.1;0.1;0.1;0.2;
2/2/2017 12:42:32 PM;3872;26.1;27.3;26.2;26.0;0.1;0.1;0.1;0.2;
2/2/2017 12:42:33 PM;3873;26.2;27.3;26.2;26.0;0.1;0.1;0.1;0.2;
2/2/2017 12:42:34 PM;3874;26.2;27.3;26.2;26.0;0.1;0.1;0.1;0.2;
2/2/2017 12:42:35 PM;3875;26.2;27.3;26.2;26.0;0.1;0.1;0.1;0.2;
2/2/2017 12:42:36 PM;3876;26.1;27.3;26.2;26.1;0.1;0.1;0.1;0.2;
2/2/2017 12:42:37 PM;3877;26.2;27.3;26.2;26.1;0.1;0.1;0.1;0.2;
2/2/2017 12:42:38 PM;3878;26.1;27.3;26.2;26.1;0.1;0.1;0.1;0.2;
2/2/2017 12:42:39 PM;3879;26.1;27.3;26.2;26.1;0.1;0.1;0.1;0.2;
2/2/2017 12:42:40 PM;3880;26.1;27.3;26.2;26.1;0.1;0.1;0.1;0.2;
2/2/2017 12:42:41 PM;3881;26.1;27.3;26.2;26.1;0.1;0.1;0.1;0.2;
2/2/2017 12:42:42 PM;3882;26.1;27.3;26.2;26.0;0.1;0.1;0.1;0.2;
2/2/2017 12:42:43 PM;3883;26.1;27.3;26.2;26.0;0.1;0.1;0.1;0.2;
2/2/2017 12:42:44 PM;3884;26.1;27.3;26.2;26.0;0.1;0.1;0.1;0.2;
2/2/2017 12:42:45 PM;3885;26.1;27.3;26.2;26.0;0.1;0.1;0.1;0.2;
2/2/2017 12:42:46 PM;3886;26.1;27.3;26.2;26.0;0.1;0.1;0.1;0.2;
2/2/2017 12:42:47 PM;3887;26.1;27.3;26.2;26.1;0.1;0.1;0.1;0.2;
2/2/2017 12:42:48 PM;3888;26.1;27.3;26.2;26.1;0.1;0.1;0.1;0.2;
2/2/2017 12:42:49 PM;3889;26.1;27.3;26.2;26.1;0.1;0.1;0.1;0.2;
2/2/2017 12:42:50 PM;3890;26.1;27.3;26.2;26.1;0.1;0.1;0.1;0.2;
2/2/2017 12:42:51 PM;3891;26.1;27.3;26.2;26.1;0.1;0.1;0.1;0.2;
2/2/2017 12:42:52 PM;3892;26.1;27.3;26.2;26.1;0.1;0.1;0.1;0.2;
2/2/2017 12:42:53 PM;3893;26.1;27.3;26.2;26.1;0.1;0.1;0.1;0.2;
2/2/2017 12:42:54 PM;3894;26.1;27.3;26.2;26.1;0.1;0.1;0.1;0.2;
2/2/2017 12:42:55 PM;3895;26.1;27.3;26.2;26.1;0.1;0.1;0.1;0.2;
2/2/2017 12:42:56 PM;3896;26.1;27.3;26.2;26.1;0.1;0.1;0.1;0.2;
2/2/2017 12:42:57 PM;3897;26.1;27.3;26.2;26.1;0.1;0.1;0.1;0.2;
2/2/2017 12:42:58 PM;3898;26.1;27.3;26.2;26.1;0.1;0.1;0.1;0.2;
2/2/2017 12:42:59 PM;3899;26.1;27.3;26.2;26.1;0.1;0.1;0.1;0.2;
2/2/2017 12:43:00 PM;3900;26.1;27.3;26.2;26.1;0.1;0.1;0.1;0.2;
2/2/2017 12:43:01 PM;3901;26.1;27.3;26.2;26.1;0.1;0.1;0.1;0.2;
2/2/2017 12:43:02 PM;3902;26.1;27.3;26.2;26.1;0.1;0.1;0.1;0.2;
2/2/2017 12:43:03 PM;3903;26.1;27.3;26.2;26.1;0.1;0.1;0.1;0.2;
2/2/2017 12:43:04 PM;3904;26.1;27.3;26.2;26.1;0.1;0.1;0.1;0.2;
2/2/2017 12:43:05 PM;3905;26.1;27.3;26.2;26.0;0.1;0.1;0.1;0.2;
2/2/2017 12:43:06 PM;3906;26.1;27.3;26.2;26.0;0.1;0.1;0.1;0.2;
2/2/2017 12:43:07 PM;3907;26.1;27.3;26.2;26.0;0.1;0.1;0.1;0.2;
2/2/2017 12:43:08 PM;3908;26.1;27.3;26.2;26.0;0.1;0.1;0.1;0.2;
2/2/2017 12:43:09 PM;3909;26.1;27.3;26.2;26.0;0.1;0.1;0.1;0.2;
2/2/2017 12:43:10 PM;3910;26.1;27.3;26.2;26.1;0.1;0.1;0.1;0.2;
2/2/2017 12:43:11 PM;3911;26.1;27.3;26.2;26.1;0.1;0.1;0.1;0.2;
2/2/2017 12:43:12 PM;3912;26.1;27.3;26.2;26.1;0.1;0.1;0.1;0.2;
2/2/2017 12:43:13 PM;3913;26.1;27.3;26.2;26.1;0.1;0.1;0.1;0.2;
2/2/2017 12:43:14 PM;3914;26.1;27.3;26.2;26.1;0.1;0.1;0.1;0.2;
2/2/2017 12:43:15 PM;3915;26.1;27.3;26.2;26.1;0.1;0.1;0.1;0.2;
2/2/2017 12:43:16 PM;3916;26.1;27.3;26.2;26.0;0.1;0.1;0.1;0.2;
2/2/2017 12:43:17 PM;3917;26.1;27.3;26.2;26.0;0.1;0.1;0.1;0.2;
2/2/2017 12:43:18 PM;3918;26.1;27.3;26.2;26.0;0.1;0.1;0.1;0.2;
2/2/2017 12:43:19 PM;3919;26.1;27.3;26.2;26.0;0.1;0.1;0.1;0.2;
2/2/2017 12:43:20 PM;3920;26.1;27.3;26.2;26.0;0.1;0.1;0.1;0.2;
2/2/2017 12:43:21 PM;3921;26.1;27.3;26.2;26.1;0.1;0.1;0.1;0.2;
2/2/2017 12:43:22 PM;3922;26.1;27.3;26.2;26.1;0.1;0.1;0.1;0.2;
2/2/2017 12:43:23 PM;3923;26.1;27.3;26.2;26.1;0.1;0.1;0.1;0.2;
2/2/2017 12:43:24 PM;3924;26.1;27.3;26.2;26.1;0.1;0.1;0.1;0.2;
2/2/2017 12:43:25 PM;3925;26.1;27.3;26.2;26.1;0.1;0.1;0.1;0.2;
2/2/2017 12:43:26 PM;3926;26.1;27.3;26.2;26.1;0.1;0.1;0.1;0.2;
2/2/2017 12:43:27 PM;3927;26.1;27.3;26.2;26.1;0.1;0.1;0.1;0.2;
2/2/2017 12:43:28 PM;3928;26.1;27.3;26.2;26.1;0.1;0.1;0.1;0.2;
2/2/2017 12:43:29 PM;3929;26.1;27.3;26.2;26.1;0.1;0.1;0.1;0.2;
2/2/2017 12:43:30 PM;3930;26.1;27.3;26.2;26.1;0.1;0.1;0.1;0.2;
2/2/2017 12:43:31 PM;3931;26.1;27.3;26.2;26.1;0.1;0.1;0.1;0.2;
2/2/2017 12:43:32 PM;3932;26.1;27.3;26.2;26.1;0.1;0.1;0.1;0.2;
2/2/2017 12:43:33 PM;3933;26.1;27.3;26.2;26.1;0.1;0.1;0.1;0.2;
2/2/2017 12:43:34 PM;3934;26.1;27.3;26.2;26.1;0.1;0.1;0.1;0.2;
2/2/2017 12:43:35 PM;3935;26.1;27.3;26.2;26.1;0.1;0.1;0.1;0.2;
2/2/2017 12:43:36 PM;3936;26.1;27.3;26.2;26.1;0.1;0.1;0.1;0.2;
2/2/2017 12:43:37 PM;3937;26.1;27.3;26.2;26.1;0.1;0.1;0.1;0.2;
2/2/2017 12:43:38 PM;3938;26.1;27.3;26.2;26.1;0.1;0.1;0.1;0.2;
2/2/2017 12:43:39 PM;3939;26.1;27.3;26.2;26.1;0.1;0.1;0.1;0.2;
2/2/2017 12:43:40 PM;3940;26.1;27.3;26.2;26.1;0.1;0.1;0.1;0.2;
2/2/2017 12:43:41 PM;3941;26.1;27.3;26.2;26.1;0.1;0.1;0.1;0.2;
2/2/2017 12:43:42 PM;3942;26.1;27.3;26.2;26.1;0.1;0.1;0.1;0.2;
2/2/2017 12:43:43 PM;3943;26.1;27.3;26.2;26.1;0.1;0.1;0.1;0.2;
2/2/2017 12:43:44 PM;3944;26.1;27.3;26.2;26.0;0.1;0.1;0.1;0.2;
2/2/2017 12:43:45 PM;3945;26.1;27.3;26.2;26.0;0.1;0.1;0.1;0.2;
2/2/2017 12:43:46 PM;3946;26.1;27.3;26.2;26.0;0.1;0.1;0.1;0.2;
2/2/2017 12:43:47 PM;3947;26.1;27.3;26.2;26.0;0.1;0.1;0.1;0.2;
2/2/2017 12:43:48 PM;3948;26.1;27.3;26.2;26.0;0.1;0.1;0.1;0.2;
2/2/2017 12:43:49 PM;3949;26.1;27.3;26.2;26.0;0.1;0.1;0.1;0.2;
2/2/2017 12:43:50 PM;3950;26.1;27.3;26.2;26.0;0.1;0.1;0.1;0.2;
2/2/2017 12:43:51 PM;3951;26.1;27.3;26.2;26.1;0.1;0.1;0.1;0.2;
2/2/2017 12:43:52 PM;3952;26.1;27.3;26.2;26.1;0.1;0.1;0.1;0.2;
2/2/2017 12:43:53 PM;3953;26.1;27.3;26.2;26.0;0.1;0.1;0.1;0.2;
2/2/2017 12:43:54 PM;3954;26.1;27.3;26.2;26.0;0.1;0.1;0.1;0.2;
2/2/2017 12:43:55 PM;3955;26.1;27.3;26.2;26.0;0.1;0.1;0.1;0.2;
2/2/2017 12:43:56 PM;3956;26.1;27.3;26.2;26.0;0.1;0.1;0.1;0.2;
2/2/2017 12:43:57 PM;3957;26.1;27.3;26.2;26.0;0.1;0.1;0.1;0.2;
2/2/2017 12:43:58 PM;3958;26.1;27.3;26.2;26.0;0.1;0.1;0.1;0.2;
2/2/2017 12:43:59 PM;3959;26.1;27.3;26.2;26.0;0.1;0.1;0.1;0.2;
2/2/2017 12:44:00 PM;3960;26.1;27.3;26.2;26.1;0.1;0.1;0.1;0.2;
2/2/2017 12:44:01 PM;3961;26.1;27.3;26.2;26.1;0.1;0.1;0.1;0.2;
2/2/2017 12:44:02 PM;3962;26.1;27.3;26.2;26.1;0.1;0.1;0.1;0.2;
2/2/2017 12:44:03 PM;3963;26.1;27.3;26.2;26.0;0.1;0.1;0.1;0.2;
2/2/2017 12:44:04 PM;3964;26.1;27.3;26.2;26.0;0.1;0.1;0.1;0.2;
2/2/2017 12:44:05 PM;3965;26.1;27.3;26.2;26.0;0.1;0.1;0.1;0.2;
2/2/2017 12:44:06 PM;3966;26.1;27.3;26.2;26.0;0.1;0.1;0.1;0.2;
2/2/2017 12:44:07 PM;3967;26.1;27.3;26.2;26.0;0.1;0.1;0.1;0.2;
2/2/2017 12:44:08 PM;3968;26.1;27.3;26.2;26.1;0.1;0.1;0.1;0.2;
2/2/2017 12:44:09 PM;3969;26.1;27.3;26.2;26.1;0.1;0.1;0.1;0.2;
2/2/2017 12:44:10 PM;3970;26.1;27.3;26.2;26.0;0.1;0.1;0.1;0.2;
2/2/2017 12:44:11 PM;3971;26.1;27.3;26.2;26.0;0.1;0.1;0.1;0.2;
2/2/2017 12:44:12 PM;3972;26.1;27.3;26.2;26.0;0.1;0.1;0.1;0.2;
2/2/2017 12:44:13 PM;3973;26.1;27.3;26.2;26.0;0.1;0.1;0.1;0.2;
2/2/2017 12:44:14 PM;3974;26.1;27.3;26.2;26.0;0.1;0.1;0.1;0.2;
2/2/2017 12:44:15 PM;3975;26.1;27.3;26.2;26.1;0.1;0.1;0.1;0.2;
2/2/2017 12:44:16 PM;3976;26.1;27.3;26.2;26.1;0.1;0.1;0.1;0.2;
2/2/2017 12:44:17 PM;3977;26.1;27.3;26.2;26.1;0.1;0.1;0.1;0.2;
2/2/2017 12:44:18 PM;3978;26.1;27.3;26.2;26.1;0.1;0.1;0.1;0.2;
2/2/2017 12:44:19 PM;3979;26.1;27.3;26.2;26.1;0.1;0.1;0.1;0.2;
2/2/2017 12:44:20 PM;3980;26.1;27.3;26.2;26.1;0.1;0.1;0.1;0.2;
2/2/2017 12:44:21 PM;3981;26.1;27.3;26.2;26.1;0.1;0.1;0.1;0.2;
2/2/2017 12:44:22 PM;3982;26.1;27.3;26.2;26.1;0.1;0.1;0.1;0.2;
2/2/2017 12:44:23 PM;3983;26.1;27.3;26.2;26.1;0.1;0.1;0.1;0.2;
2/2/2017 12:44:24 PM;3984;26.1;27.3;26.2;26.1;0.1;0.1;0.1;0.2;
2/2/2017 12:44:25 PM;3985;26.1;27.3;26.2;26.1;0.1;0.1;0.1;0.2;
2/2/2017 12:44:26 PM;3986;26.1;27.3;26.2;26.1;0.1;0.1;0.1;0.2;
2/2/2017 12:44:27 PM;3987;26.1;27.3;26.2;26.1;0.1;0.1;0.1;0.2;
2/2/2017 12:44:28 PM;3988;26.1;27.3;26.2;26.1;0.1;0.1;0.1;0.2;
2/2/2017 12:44:29 PM;3989;26.1;27.3;26.2;26.1;0.1;0.1;0.1;0.2;
2/2/2017 12:44:30 PM;3990;26.1;27.3;26.2;26.1;0.1;0.1;0.1;0.2;
2/2/2017 12:44:31 PM;3991;26.1;27.3;26.2;26.1;0.1;0.1;0.1;0.2;
2/2/2017 12:44:32 PM;3992;26.1;27.3;26.2;26.1;0.1;0.1;0.1;0.2;
2/2/2017 12:44:33 PM;3993;26.1;27.3;26.2;26.1;0.1;0.1;0.1;0.2;
2/2/2017 12:44:34 PM;3994;26.1;27.3;26.2;26.1;0.1;0.1;0.1;0.2;
2/2/2017 12:44:35 PM;3995;26.1;27.3;26.2;26.1;0.1;0.1;0.1;0.2;
2/2/2017 12:44:36 PM;3996;26.1;27.3;26.2;26.1;0.1;0.1;0.1;0.2;
2/2/2017 12:44:37 PM;3997;26.1;27.3;26.2;26.1;0.1;0.1;0.1;0.2;
2/2/2017 12:44:38 PM;3998;26.1;27.3;26.2;26.1;0.1;0.1;0.1;0.2;
2/2/2017 12:44:39 PM;3999;26.1;27.3;26.2;26.1;0.1;0.1;0.1;0.2;
2/2/2017 12:44:40 PM;4000;26.1;27.3;26.2;26.1;0.1;0.1;0.1;0.2;
2/2/2017 12:44:41 PM;4001;26.1;27.3;26.2;26.0;0.1;0.1;0.1;0.2;
2/2/2017 12:44:42 PM;4002;26.1;27.3;26.2;26.0;0.1;0.1;0.1;0.2;
2/2/2017 12:44:43 PM;4003;26.1;27.3;26.2;26.0;0.1;0.1;0.1;0.2;
2/2/2017 12:44:44 PM;4004;26.1;27.3;26.2;26.0;0.1;0.1;0.1;0.2;
2/2/2017 12:44:45 PM;4005;26.1;27.3;26.2;26.0;0.1;0.1;0.1;0.2;
2/2/2017 12:44:46 PM;4006;26.1;27.3;26.2;26.1;0.1;0.1;0.1;0.2;
2/2/2017 12:44:47 PM;4007;26.1;27.3;26.2;26.1;0.1;0.1;0.1;0.2;
2/2/2017 12:44:48 PM;4008;26.1;27.3;26.2;26.0;0.1;0.1;0.1;0.2;
2/2/2017 12:44:49 PM;4009;26.1;27.3;26.2;26.0;0.1;0.1;0.1;0.2;
2/2/2017 12:44:50 PM;4010;26.1;27.3;26.2;26.0;0.1;0.1;0.1;0.2;
2/2/2017 12:44:51 PM;4011;26.1;27.3;26.2;26.0;0.1;0.1;0.1;0.2;
2/2/2017 12:44:52 PM;4012;26.1;27.3;26.2;26.0;0.1;0.1;0.1;0.2;
2/2/2017 12:44:53 PM;4013;26.1;27.3;26.2;26.1;0.1;0.1;0.1;0.2;
2/2/2017 12:44:54 PM;4014;26.1;27.3;26.2;26.1;0.1;0.1;0.1;0.2;
2/2/2017 12:44:55 PM;4015;26.1;27.3;26.2;26.1;0.1;0.1;0.1;0.2;
2/2/2017 12:44:56 PM;4016;26.1;27.3;26.2;26.1;0.1;0.1;0.1;0.2;
2/2/2017 12:44:57 PM;4017;26.1;27.3;26.2;26.1;0.1;0.1;0.1;0.2;
2/2/2017 12:44:58 PM;4018;26.1;27.3;26.2;26.1;0.1;0.1;0.1;0.2;
2/2/2017 12:44:59 PM;4019;26.1;27.3;26.2;26.1;0.1;0.1;0.1;0.2;
2/2/2017 12:45:00 PM;4020;26.1;27.3;26.2;26.1;0.1;0.1;0.1;0.2;
2/2/2017 12:45:01 PM;4021;26.1;27.3;26.2;26.1;0.1;0.1;0.1;0.2;
2/2/2017 12:45:02 PM;4022;26.1;27.3;26.2;26.1;0.1;0.1;0.1;0.2;
2/2/2017 12:45:03 PM;4023;26.1;27.3;26.2;26.1;0.1;0.1;0.1;0.2;
2/2/2017 12:45:04 PM;4024;26.1;27.3;26.2;26.1;0.1;0.1;0.1;0.2;
2/2/2017 12:45:05 PM;4025;26.1;27.3;26.2;26.1;0.1;0.1;0.1;0.2;
2/2/2017 12:45:06 PM;4026;26.1;27.3;26.2;26.1;0.1;0.1;0.1;0.2;
2/2/2017 12:45:07 PM;4027;26.1;27.3;26.2;26.1;0.1;0.1;0.1;0.2;
2/2/2017 12:45:08 PM;4028;26.1;27.3;26.2;26.1;0.1;0.1;0.1;0.2;
2/2/2017 12:45:09 PM;4029;26.1;27.3;26.2;26.1;0.1;0.1;0.1;0.2;
2/2/2017 12:45:10 PM;4030;26.1;27.3;26.2;26.1;0.1;0.1;0.1;0.2;
2/2/2017 12:45:11 PM;4031;26.1;27.3;26.2;26.1;0.1;0.1;0.1;0.2;
2/2/2017 12:45:12 PM;4032;26.1;27.3;26.2;26.1;0.1;0.1;0.1;0.2;
2/2/2017 12:45:13 PM;4033;26.1;27.3;26.2;26.1;0.1;0.1;0.1;0.2;
2/2/2017 12:45:14 PM;4034;26.1;27.3;26.2;26.1;0.1;0.1;0.1;0.2;
2/2/2017 12:45:15 PM;4035;26.1;27.3;26.2;26.1;0.1;0.1;0.1;0.2;
2/2/2017 12:45:16 PM;4036;26.1;27.3;26.2;26.1;0.1;0.1;0.1;0.2;
2/2/2017 12:45:17 PM;4037;26.1;27.3;26.2;26.1;0.1;0.1;0.1;0.2;
2/2/2017 12:45:18 PM;4038;26.1;27.3;26.2;26.1;0.1;0.1;0.1;0.2;
2/2/2017 12:45:19 PM;4039;26.1;27.3;26.2;26.1;0.1;0.1;0.1;0.2;
2/2/2017 12:45:20 PM;4040;26.1;27.3;26.2;26.1;0.1;0.1;0.1;0.2;
2/2/2017 12:45:21 PM;4041;26.1;27.3;26.2;26.1;0.1;0.1;0.1;0.2;
2/2/2017 12:45:22 PM;4042;26.1;27.3;26.2;26.1;0.1;0.1;0.1;0.2;
2/2/2017 12:45:23 PM;4043;26.1;27.3;26.2;26.1;0.1;0.1;0.1;0.2;
2/2/2017 12:45:24 PM;4044;26.1;27.3;26.2;26.1;0.1;0.1;0.1;0.2;
2/2/2017 12:45:25 PM;4045;26.1;27.3;26.2;26.0;0.1;0.1;0.1;0.2;
2/2/2017 12:45:26 PM;4046;26.1;27.3;26.2;26.0;0.1;0.1;0.1;0.2;
2/2/2017 12:45:27 PM;4047;26.1;27.3;26.2;26.0;0.1;0.1;0.1;0.2;
2/2/2017 12:45:28 PM;4048;26.1;27.3;26.2;26.0;0.1;0.1;0.1;0.2;
2/2/2017 12:45:29 PM;4049;26.1;27.3;26.2;26.0;0.1;0.1;0.1;0.2;
2/2/2017 12:45:30 PM;4050;26.1;27.3;26.2;26.0;0.1;0.1;0.1;0.2;
2/2/2017 12:45:31 PM;4051;26.1;27.3;26.2;26.0;0.1;0.1;0.1;0.2;
2/2/2017 12:45:32 PM;4052;26.1;27.3;26.2;26.0;0.1;0.1;0.1;0.2;
2/2/2017 12:45:33 PM;4053;26.1;27.3;26.2;26.0;0.1;0.1;0.1;0.2;
2/2/2017 12:45:34 PM;4054;26.1;27.3;26.2;26.1;0.1;0.1;0.1;0.2;
2/2/2017 12:45:35 PM;4055;26.1;27.3;26.2;26.1;0.1;0.1;0.1;0.2;
2/2/2017 12:45:36 PM;4056;26.1;27.3;26.2;26.1;0.1;0.1;0.1;0.2;
2/2/2017 12:45:37 PM;4057;26.1;27.3;26.2;26.1;0.1;0.1;0.1;0.2;
2/2/2017 12:45:38 PM;4058;26.1;27.3;26.2;26.1;0.1;0.1;0.1;0.2;
2/2/2017 12:45:39 PM;4059;26.1;27.3;26.2;26.1;0.1;0.1;0.1;0.2;
2/2/2017 12:45:40 PM;4060;26.1;27.3;26.2;26.1;0.1;0.1;0.1;0.2;
2/2/2017 12:45:41 PM;4061;26.1;27.3;26.2;26.1;0.1;0.1;0.1;0.2;
2/2/2017 12:45:42 PM;4062;26.1;27.3;26.2;26.1;0.1;0.1;0.1;0.2;
2/2/2017 12:45:43 PM;4063;26.1;27.3;26.2;26.1;0.1;0.1;0.1;0.2;
2/2/2017 12:45:44 PM;4064;26.1;27.3;26.2;26.1;0.1;0.1;0.1;0.2;
2/2/2017 12:45:45 PM;4065;26.1;27.3;26.2;26.1;0.1;0.1;0.1;0.2;
2/2/2017 12:45:46 PM;4066;26.1;27.3;26.2;26.1;0.1;0.1;0.1;0.2;
2/2/2017 12:45:47 PM;4067;26.1;27.3;26.2;26.1;0.1;0.1;0.1;0.2;
2/2/2017 12:45:48 PM;4068;26.1;27.3;26.2;26.1;0.1;0.1;0.1;0.2;
2/2/2017 12:45:49 PM;4069;26.1;27.3;26.2;26.1;0.1;0.1;0.1;0.2;
2/2/2017 12:45:50 PM;4070;26.1;27.3;26.2;26.1;0.1;0.1;0.1;0.2;
2/2/2017 12:45:51 PM;4071;26.1;27.3;26.2;26.1;0.1;0.1;0.1;0.2;
2/2/2017 12:45:52 PM;4072;26.1;27.3;26.2;26.1;0.1;0.1;0.1;0.2;
2/2/2017 12:45:53 PM;4073;26.1;27.3;26.2;26.1;0.1;0.1;0.1;0.2;
2/2/2017 12:45:54 PM;4074;26.1;27.3;26.2;26.1;0.1;0.1;0.1;0.2;
2/2/2017 12:45:55 PM;4075;26.1;27.3;26.2;26.0;0.1;0.1;0.1;0.2;
2/2/2017 12:45:56 PM;4076;26.1;27.3;26.2;26.0;0.1;0.1;0.1;0.2;
2/2/2017 12:45:57 PM;4077;26.1;27.3;26.2;26.0;0.1;0.1;0.1;0.2;
2/2/2017 12:45:58 PM;4078;26.1;27.3;26.2;26.0;0.1;0.1;0.1;0.2;
2/2/2017 12:45:59 PM;4079;26.1;27.3;26.2;26.0;0.1;0.1;0.1;0.2;
2/2/2017 12:46:00 PM;4080;26.1;27.3;26.2;26.1;0.1;0.1;0.1;0.2;
2/2/2017 12:46:01 PM;4081;26.1;27.3;26.2;26.1;0.1;0.1;0.1;0.2;
2/2/2017 12:46:02 PM;4082;26.1;27.3;26.2;26.1;0.1;0.1;0.1;0.2;
2/2/2017 12:46:03 PM;4083;26.1;27.3;26.2;26.1;0.1;0.1;0.1;0.2;
2/2/2017 12:46:04 PM;4084;26.1;27.3;26.2;26.1;0.1;0.1;0.1;0.2;
2/2/2017 12:46:05 PM;4085;26.1;27.3;26.2;26.1;0.1;0.1;0.1;0.2;
2/2/2017 12:46:06 PM;4086;26.1;27.3;26.2;26.1;0.1;0.1;0.1;0.2;
2/2/2017 12:46:07 PM;4087;26.1;27.3;26.2;26.0;0.1;0.1;0.1;0.2;
2/2/2017 12:46:08 PM;4088;26.1;27.3;26.2;26.0;0.1;0.1;0.1;0.2;
2/2/2017 12:46:09 PM;4089;26.1;27.3;26.2;26.0;0.1;0.1;0.1;0.2;
2/2/2017 12:46:10 PM;4090;26.1;27.3;26.2;26.0;0.1;0.1;0.1;0.2;
2/2/2017 12:46:11 PM;4091;26.1;27.3;26.2;26.0;0.1;0.1;0.1;0.2;
2/2/2017 12:46:12 PM;4092;26.1;27.3;26.2;26.1;0.1;0.1;0.1;0.2;
2/2/2017 12:46:13 PM;4093;26.1;27.3;26.2;26.1;0.1;0.1;0.1;0.2;
2/2/2017 12:46:14 PM;4094;26.1;27.3;26.2;26.1;0.1;0.1;0.1;0.2;
2/2/2017 12:46:15 PM;4095;26.1;27.3;26.2;26.1;0.1;0.1;0.1;0.2;
2/2/2017 12:46:16 PM;4096;26.1;27.3;26.2;26.1;0.1;0.1;0.1;0.2;
2/2/2017 12:46:17 PM;4097;26.1;27.3;26.2;26.1;0.1;0.1;0.1;0.2;
2/2/2017 12:46:18 PM;4098;26.1;27.3;26.2;26.1;0.1;0.1;0.1;0.2;
2/2/2017 12:46:19 PM;4099;26.1;27.3;26.2;26.1;0.1;0.1;0.1;0.2;
2/2/2017 12:46:20 PM;4100;26.1;27.3;26.2;26.1;0.1;0.1;0.1;0.2;
2/2/2017 12:46:21 PM;4101;26.1;27.3;26.2;26.1;0.1;0.1;0.1;0.2;
2/2/2017 12:46:22 PM;4102;26.1;27.3;26.2;26.0;0.1;0.1;0.1;0.2;
2/2/2017 12:46:23 PM;4103;26.1;27.3;26.2;26.0;0.1;0.1;0.1;0.2;
2/2/2017 12:46:24 PM;4104;26.1;27.3;26.2;26.0;0.1;0.1;0.1;0.2;
2/2/2017 12:46:25 PM;4105;26.1;27.3;26.2;26.0;0.1;0.1;0.1;0.2;
2/2/2017 12:46:26 PM;4106;26.1;27.3;26.2;26.0;0.1;0.1;0.1;0.2;
2/2/2017 12:46:27 PM;4107;26.1;27.3;26.2;26.0;0.1;0.1;0.1;0.2;
2/2/2017 12:46:28 PM;4108;26.1;27.3;26.2;26.0;0.1;0.1;0.1;0.2;
2/2/2017 12:46:29 PM;4109;26.1;27.3;26.2;26.0;0.1;0.1;0.1;0.2;
2/2/2017 12:46:30 PM;4110;26.1;27.3;26.2;26.0;0.1;0.1;0.1;0.2;
2/2/2017 12:46:31 PM;4111;26.1;27.3;26.2;26.1;0.1;0.1;0.1;0.2;
2/2/2017 12:46:32 PM;4112;26.1;27.3;26.2;26.1;0.1;0.1;0.1;0.2;
2/2/2017 12:46:33 PM;4113;26.1;27.3;26.2;26.1;0.1;0.1;0.1;0.2;
2/2/2017 12:46:34 PM;4114;26.1;27.3;26.2;26.1;0.1;0.1;0.1;0.2;
2/2/2017 12:46:35 PM;4115;26.1;27.3;26.2;26.1;0.1;0.1;0.1;0.2;
2/2/2017 12:46:36 PM;4116;26.1;27.3;26.2;26.1;0.1;0.1;0.1;0.2;
2/2/2017 12:46:37 PM;4117;26.1;27.3;26.2;26.1;0.1;0.1;0.1;0.2;
2/2/2017 12:46:38 PM;4118;26.1;27.3;26.2;26.0;0.1;0.1;0.1;0.2;
2/2/2017 12:46:39 PM;4119;26.1;27.3;26.2;26.0;0.1;0.1;0.1;0.2;
2/2/2017 12:46:40 PM;4120;26.1;27.3;26.2;26.0;0.1;0.1;0.1;0.2;
2/2/2017 12:46:41 PM;4121;26.1;27.3;26.2;26.0;0.1;0.1;0.1;0.2;
2/2/2017 12:46:42 PM;4122;26.1;27.3;26.2;26.0;0.1;0.1;0.1;0.2;
2/2/2017 12:46:43 PM;4123;26.1;27.3;26.2;26.0;0.1;0.1;0.1;0.2;
2/2/2017 12:46:44 PM;4124;26.1;27.3;26.2;26.0;0.1;0.1;0.1;0.2;
2/2/2017 12:46:45 PM;4125;26.1;27.3;26.2;26.0;0.1;0.1;0.1;0.2;
2/2/2017 12:46:46 PM;4126;26.1;27.3;26.2;26.0;0.1;0.1;0.1;0.2;
2/2/2017 12:46:47 PM;4127;26.1;27.3;26.2;26.1;0.1;0.1;0.1;0.2;
2/2/2017 12:46:48 PM;4128;26.1;27.3;26.2;26.1;0.1;0.1;0.1;0.2;
2/2/2017 12:46:49 PM;4129;26.1;27.3;26.2;26.1;0.1;0.1;0.1;0.2;
2/2/2017 12:46:50 PM;4130;26.1;27.3;26.2;26.1;0.1;0.1;0.1;0.2;
2/2/2017 12:46:51 PM;4131;26.1;27.3;26.2;26.1;0.1;0.1;0.1;0.2;
2/2/2017 12:46:52 PM;4132;26.1;27.3;26.2;26.1;0.1;0.1;0.1;0.2;
2/2/2017 12:46:53 PM;4133;26.1;27.3;26.2;26.1;0.1;0.1;0.1;0.2;
2/2/2017 12:46:54 PM;4134;26.1;27.3;26.2;26.0;0.1;0.1;0.1;0.2;
2/2/2017 12:46:55 PM;4135;26.1;27.3;26.2;26.0;0.1;0.1;0.1;0.2;
2/2/2017 12:46:56 PM;4136;26.1;27.3;26.2;26.0;0.1;0.1;0.1;0.2;
2/2/2017 12:46:57 PM;4137;26.1;27.3;26.2;26.0;0.1;0.1;0.1;0.2;
2/2/2017 12:46:58 PM;4138;26.1;27.3;26.2;26.0;0.1;0.1;0.1;0.2;
2/2/2017 12:46:59 PM;4139;26.1;27.3;26.2;26.0;0.1;0.1;0.1;0.2;
2/2/2017 12:47:00 PM;4140;26.1;27.3;26.2;26.0;0.1;0.1;0.1;0.2;
2/2/2017 12:47:01 PM;4141;26.1;27.3;26.2;26.0;0.1;0.1;0.1;0.2;
2/2/2017 12:47:02 PM;4142;26.1;27.3;26.2;26.0;0.1;0.1;0.1;0.2;
2/2/2017 12:47:03 PM;4143;26.1;27.3;26.2;26.0;0.1;0.1;0.1;0.2;
2/2/2017 12:47:04 PM;4144;26.1;27.3;26.2;26.0;0.1;0.1;0.1;0.2;
2/2/2017 12:47:05 PM;4145;26.1;27.3;26.2;26.0;0.1;0.1;0.1;0.2;
2/2/2017 12:47:06 PM;4146;26.1;27.3;26.2;26.1;0.1;0.1;0.1;0.2;
2/2/2017 12:47:07 PM;4147;26.1;27.3;26.2;26.1;0.1;0.1;0.1;0.2;
2/2/2017 12:47:08 PM;4148;26.1;27.3;26.2;26.1;0.1;0.1;0.1;0.2;
2/2/2017 12:47:09 PM;4149;26.1;27.3;26.2;26.1;0.1;0.1;0.1;0.2;
2/2/2017 12:47:10 PM;4150;26.1;27.3;26.2;26.1;0.1;0.1;0.1;0.2;
2/2/2017 12:47:11 PM;4151;26.1;27.3;26.2;26.1;0.1;0.1;0.1;0.2;
2/2/2017 12:47:12 PM;4152;26.1;27.3;26.2;26.1;0.1;0.1;0.1;0.2;
2/2/2017 12:47:13 PM;4153;26.1;27.3;26.2;26.1;0.1;0.1;0.1;0.2;
2/2/2017 12:47:14 PM;4154;26.1;27.3;26.2;26.1;0.1;0.1;0.1;0.2;
2/2/2017 12:47:15 PM;4155;26.1;27.3;26.2;26.1;0.1;0.1;0.1;0.2;
2/2/2017 12:47:16 PM;4156;26.1;27.3;26.2;26.1;0.1;0.1;0.1;0.2;
2/2/2017 12:47:17 PM;4157;26.1;27.3;26.2;26.1;0.1;0.1;0.1;0.2;
2/2/2017 12:47:18 PM;4158;26.1;27.3;26.2;26.1;0.1;0.1;0.1;0.2;
2/2/2017 12:47:19 PM;4159;26.1;27.3;26.2;26.1;0.1;0.1;0.1;0.2;
2/2/2017 12:47:20 PM;4160;26.1;27.3;26.2;26.1;0.1;0.1;0.1;0.2;
2/2/2017 12:47:21 PM;4161;26.1;27.3;26.2;26.1;0.1;0.1;0.1;0.2;
2/2/2017 12:47:22 PM;4162;26.1;27.3;26.2;26.1;0.1;0.1;0.1;0.2;
2/2/2017 12:47:23 PM;4163;26.1;27.3;26.2;26.0;0.1;0.1;0.1;0.2;
2/2/2017 12:47:24 PM;4164;26.1;27.3;26.2;26.0;0.1;0.1;0.1;0.2;
2/2/2017 12:47:25 PM;4165;26.1;27.3;26.2;26.0;0.1;0.1;0.1;0.2;
2/2/2017 12:47:26 PM;4166;26.1;27.3;26.2;26.0;0.1;0.1;0.1;0.2;
2/2/2017 12:47:27 PM;4167;26.1;27.3;26.2;26.0;0.1;0.1;0.1;0.2;
2/2/2017 12:47:28 PM;4168;26.1;27.3;26.2;26.1;0.1;0.1;0.1;0.2;
2/2/2017 12:47:29 PM;4169;26.1;27.3;26.2;26.1;0.1;0.1;0.1;0.2;
2/2/2017 12:47:30 PM;4170;26.1;27.3;26.2;26.1;0.1;0.1;0.1;0.2;
2/2/2017 12:47:31 PM;4171;26.1;27.3;26.2;26.1;0.1;0.1;0.1;0.2;
2/2/2017 12:47:32 PM;4172;26.1;27.3;26.2;26.1;0.1;0.1;0.1;0.2;
2/2/2017 12:47:33 PM;4173;26.1;27.3;26.2;26.1;0.1;0.1;0.1;0.2;
2/2/2017 12:47:34 PM;4174;26.1;27.3;26.2;26.1;0.1;0.1;0.1;0.2;
2/2/2017 12:47:35 PM;4175;26.1;27.3;26.2;26.1;0.1;0.1;0.1;0.2;
2/2/2017 12:47:36 PM;4176;26.1;27.3;26.2;26.1;0.1;0.1;0.1;0.2;
2/2/2017 12:47:37 PM;4177;26.1;27.3;26.2;26.1;0.1;0.1;0.1;0.2;
2/2/2017 12:47:38 PM;4178;26.1;27.3;26.2;26.1;0.1;0.1;0.1;0.2;
2/2/2017 12:47:39 PM;4179;26.1;27.3;26.2;26.1;0.1;0.1;0.1;0.2;
2/2/2017 12:47:40 PM;4180;26.1;27.3;26.2;26.1;0.1;0.1;0.1;0.2;
2/2/2017 12:47:41 PM;4181;26.1;27.3;26.2;26.0;0.1;0.1;0.1;0.2;
2/2/2017 12:47:42 PM;4182;26.1;27.3;26.2;26.0;0.1;0.1;0.1;0.2;
2/2/2017 12:47:43 PM;4183;26.1;27.3;26.2;26.0;0.1;0.1;0.1;0.2;
2/2/2017 12:47:44 PM;4184;26.1;27.3;26.2;26.0;0.1;0.1;0.1;0.2;
2/2/2017 12:47:45 PM;4185;26.1;27.3;26.2;26.0;0.1;0.1;0.1;0.2;
2/2/2017 12:47:46 PM;4186;26.1;27.3;26.2;26.1;0.1;0.1;0.1;0.2;
2/2/2017 12:47:47 PM;4187;26.1;27.3;26.2;26.0;0.1;0.1;0.1;0.2;
2/2/2017 12:47:48 PM;4188;26.1;27.3;26.2;26.0;0.1;0.1;0.1;0.2;
2/2/2017 12:47:49 PM;4189;26.1;27.3;26.2;26.0;0.1;0.1;0.1;0.2;
2/2/2017 12:47:50 PM;4190;26.1;27.3;26.2;26.0;0.1;0.1;0.1;0.2;
2/2/2017 12:47:51 PM;4191;26.1;27.3;26.2;26.0;0.1;0.1;0.1;0.2;
2/2/2017 12:47:52 PM;4192;26.1;27.3;26.2;26.1;0.1;0.1;0.1;0.2;
2/2/2017 12:47:53 PM;4193;26.1;27.3;26.2;26.1;0.1;0.1;0.1;0.2;
2/2/2017 12:47:54 PM;4194;26.1;27.3;26.2;26.1;0.1;0.1;0.1;0.2;
2/2/2017 12:47:55 PM;4195;26.1;27.3;26.2;26.1;0.1;0.1;0.1;0.2;
2/2/2017 12:47:56 PM;4196;26.1;27.3;26.2;26.1;0.1;0.1;0.1;0.2;
2/2/2017 12:47:57 PM;4197;26.1;27.3;26.2;26.1;0.1;0.1;0.1;0.2;
2/2/2017 12:47:58 PM;4198;26.1;27.3;26.2;26.1;0.1;0.1;0.1;0.2;
2/2/2017 12:47:59 PM;4199;26.1;27.3;26.2;26.1;0.1;0.1;0.1;0.2;
2/2/2017 12:48:00 PM;4200;26.1;27.3;26.2;26.1;0.1;0.1;0.1;0.2;
2/2/2017 12:48:01 PM;4201;26.1;27.3;26.2;26.1;0.1;0.1;0.1;0.2;
2/2/2017 12:48:02 PM;4202;26.1;27.3;26.2;26.1;0.1;0.1;0.1;0.2;
2/2/2017 12:48:03 PM;4203;26.1;27.3;26.2;26.1;0.1;0.1;0.1;0.2;
2/2/2017 12:48:04 PM;4204;26.1;27.3;26.2;26.1;0.1;0.1;0.1;0.2;
2/2/2017 12:48:05 PM;4205;26.1;27.3;26.2;26.1;0.1;0.1;0.1;0.2;
2/2/2017 12:48:06 PM;4206;26.1;27.3;26.2;26.1;0.1;0.1;0.1;0.2;
2/2/2017 12:48:07 PM;4207;26.1;27.3;26.2;26.1;0.1;0.1;0.1;0.2;
2/2/2017 12:48:08 PM;4208;26.1;27.3;26.2;26.1;0.1;0.1;0.1;0.2;
2/2/2017 12:48:09 PM;4209;26.1;27.3;26.2;26.1;0.1;0.1;0.1;0.2;
2/2/2017 12:48:10 PM;4210;26.1;27.3;26.2;26.1;0.1;0.1;0.1;0.2;
2/2/2017 12:48:11 PM;4211;26.1;27.3;26.2;26.1;0.1;0.1;0.1;0.2;
2/2/2017 12:48:12 PM;4212;26.1;27.3;26.2;26.1;0.1;0.1;0.1;0.2;
2/2/2017 12:48:13 PM;4213;26.1;27.3;26.2;26.1;0.1;0.1;0.1;0.2;
2/2/2017 12:48:14 PM;4214;26.1;27.3;26.2;26.1;0.1;0.1;0.1;0.2;
2/2/2017 12:48:15 PM;4215;26.1;27.3;26.2;26.1;0.1;0.1;0.1;0.2;
2/2/2017 12:48:16 PM;4216;26.1;27.3;26.2;26.1;0.1;0.1;0.1;0.2;
2/2/2017 12:48:17 PM;4217;26.1;27.3;26.2;26.1;0.1;0.1;0.1;0.2;
2/2/2017 12:48:18 PM;4218;26.1;27.3;26.2;26.1;0.1;0.1;0.1;0.2;
2/2/2017 12:48:19 PM;4219;26.1;27.3;26.2;26.1;0.1;0.1;0.1;0.2;
2/2/2017 12:48:20 PM;4220;26.1;27.3;26.2;26.1;0.1;0.1;0.1;0.2;
2/2/2017 12:48:21 PM;4221;26.1;27.3;26.2;26.1;0.1;0.1;0.1;0.2;
2/2/2017 12:48:22 PM;4222;26.1;27.3;26.2;26.0;0.1;0.1;0.1;0.2;
2/2/2017 12:48:23 PM;4223;26.1;27.3;26.2;26.0;0.1;0.1;0.1;0.2;
2/2/2017 12:48:24 PM;4224;26.1;27.3;26.2;26.0;0.1;0.1;0.1;0.2;
2/2/2017 12:48:25 PM;4225;26.1;27.3;26.2;26.0;0.1;0.1;0.1;0.2;
2/2/2017 12:48:26 PM;4226;26.1;27.3;26.2;26.0;0.1;0.1;0.1;0.2;
2/2/2017 12:48:27 PM;4227;26.1;27.3;26.2;26.1;0.1;0.1;0.1;0.2;
2/2/2017 12:48:28 PM;4228;26.1;27.3;26.2;26.1;0.1;0.1;0.1;0.2;
2/2/2017 12:48:29 PM;4229;26.1;27.3;26.2;26.1;0.1;0.1;0.1;0.2;
2/2/2017 12:48:30 PM;4230;26.1;27.3;26.2;26.1;0.1;0.1;0.1;0.2;
2/2/2017 12:48:31 PM;4231;26.1;27.3;26.2;26.1;0.1;0.1;0.1;0.2;
2/2/2017 12:48:32 PM;4232;26.1;27.3;26.2;26.1;0.1;0.1;0.1;0.2;
2/2/2017 12:48:33 PM;4233;26.1;27.3;26.2;26.1;0.1;0.1;0.1;0.2;
2/2/2017 12:48:34 PM;4234;26.1;27.3;26.2;26.1;0.1;0.1;0.1;0.2;
2/2/2017 12:48:35 PM;4235;26.1;27.3;26.2;26.1;0.1;0.1;0.1;0.2;
2/2/2017 12:48:36 PM;4236;26.1;27.3;26.2;26.1;0.1;0.1;0.1;0.2;
2/2/2017 12:48:37 PM;4237;26.1;27.3;26.2;26.1;0.1;0.1;0.1;0.2;
2/2/2017 12:48:38 PM;4238;26.1;27.3;26.2;26.1;0.1;0.1;0.1;0.2;
2/2/2017 12:48:39 PM;4239;26.1;27.3;26.2;26.1;0.1;0.1;0.1;0.2;
2/2/2017 12:48:40 PM;4240;26.1;27.3;26.2;26.1;0.1;0.1;0.1;0.2;
2/2/2017 12:48:41 PM;4241;26.1;27.3;26.2;26.1;0.1;0.1;0.1;0.2;
2/2/2017 12:48:42 PM;4242;26.1;27.3;26.2;26.1;0.1;0.1;0.1;0.2;
2/2/2017 12:48:43 PM;4243;26.1;27.3;26.2;26.0;0.1;0.1;0.1;0.2;
2/2/2017 12:48:44 PM;4244;26.1;27.3;26.2;26.0;0.1;0.1;0.1;0.2;
2/2/2017 12:48:45 PM;4245;26.1;27.3;26.2;26.0;0.1;0.1;0.1;0.2;
2/2/2017 12:48:46 PM;4246;26.1;27.3;26.2;26.0;0.1;0.1;0.1;0.2;
2/2/2017 12:48:47 PM;4247;26.1;27.3;26.2;26.0;0.1;0.1;0.1;0.2;
2/2/2017 12:48:48 PM;4248;26.1;27.3;26.2;26.0;0.1;0.1;0.1;0.2;
2/2/2017 12:48:49 PM;4249;26.1;27.3;26.2;26.0;0.1;0.1;0.1;0.2;
2/2/2017 12:48:50 PM;4250;26.1;27.3;26.2;26.0;0.1;0.1;0.1;0.2;
2/2/2017 12:48:51 PM;4251;26.1;27.3;26.2;26.0;0.1;0.1;0.1;0.2;
2/2/2017 12:48:52 PM;4252;26.1;27.3;26.2;26.0;0.1;0.1;0.1;0.2;
2/2/2017 12:48:53 PM;4253;26.1;27.3;26.2;26.1;0.1;0.1;0.1;0.2;
2/2/2017 12:48:54 PM;4254;26.1;27.3;26.2;26.1;0.1;0.1;0.1;0.2;
2/2/2017 12:48:55 PM;4255;26.1;27.3;26.2;26.1;0.1;0.1;0.1;0.2;
2/2/2017 12:48:56 PM;4256;26.1;27.3;26.2;26.0;0.1;0.1;0.1;0.2;
2/2/2017 12:48:57 PM;4257;26.1;27.3;26.2;26.0;0.1;0.1;0.1;0.2;
2/2/2017 12:48:58 PM;4258;26.1;27.3;26.2;26.0;0.1;0.1;0.1;0.2;
2/2/2017 12:48:59 PM;4259;26.1;27.3;26.2;26.0;0.1;0.1;0.1;0.2;
2/2/2017 12:49:00 PM;4260;26.1;27.3;26.2;26.0;0.1;0.1;0.1;0.2;
2/2/2017 12:49:01 PM;4261;26.1;27.3;26.2;26.1;0.1;0.1;0.1;0.2;
2/2/2017 12:49:02 PM;4262;26.1;27.3;26.2;26.1;0.1;0.1;0.1;0.2;
2/2/2017 12:49:03 PM;4263;26.1;27.3;26.2;26.1;0.1;0.1;0.1;0.2;
2/2/2017 12:49:04 PM;4264;26.1;27.3;26.2;26.1;0.1;0.1;0.1;0.2;
2/2/2017 12:49:05 PM;4265;26.1;27.3;26.2;26.1;0.1;0.1;0.1;0.2;
2/2/2017 12:49:06 PM;4266;26.1;27.3;26.2;26.1;0.1;0.1;0.1;0.2;
2/2/2017 12:49:07 PM;4267;26.1;27.3;26.2;26.1;0.1;0.1;0.1;0.2;
2/2/2017 12:49:08 PM;4268;26.1;27.3;26.2;26.1;0.1;0.1;0.1;0.2;
2/2/2017 12:49:09 PM;4269;26.1;27.3;26.2;26.0;0.1;0.1;0.1;0.2;
2/2/2017 12:49:10 PM;4270;26.1;27.3;26.2;26.0;0.1;0.1;0.1;0.2;
2/2/2017 12:49:11 PM;4271;26.1;27.3;26.2;26.0;0.1;0.1;0.1;0.2;
2/2/2017 12:49:12 PM;4272;26.1;27.3;26.2;26.0;0.1;0.1;0.1;0.2;
2/2/2017 12:49:13 PM;4273;26.1;27.3;26.2;26.0;0.1;0.1;0.1;0.2;
2/2/2017 12:49:14 PM;4274;26.1;27.3;26.2;26.1;0.1;0.1;0.1;0.2;
2/2/2017 12:49:15 PM;4275;26.1;27.3;26.2;26.1;0.1;0.1;0.1;0.2;
2/2/2017 12:49:16 PM;4276;26.1;27.3;26.2;26.1;0.1;0.1;0.1;0.2;
2/2/2017 12:49:17 PM;4277;26.1;27.3;26.2;26.0;0.1;0.1;0.1;0.2;
2/2/2017 12:49:18 PM;4278;26.1;27.3;26.2;26.0;0.1;0.1;0.1;0.2;
2/2/2017 12:49:19 PM;4279;26.1;27.3;26.2;26.0;0.1;0.1;0.1;0.2;
2/2/2017 12:49:20 PM;4280;26.1;27.3;26.2;26.0;0.1;0.1;0.1;0.2;
2/2/2017 12:49:21 PM;4281;26.1;27.3;26.2;26.0;0.1;0.1;0.1;0.2;
2/2/2017 12:49:22 PM;4282;26.1;27.3;26.2;26.1;0.1;0.1;0.1;0.2;
2/2/2017 12:49:23 PM;4283;26.1;27.3;26.2;26.1;0.1;0.1;0.1;0.2;
2/2/2017 12:49:24 PM;4284;26.1;27.3;26.2;26.1;0.1;0.1;0.1;0.2;
2/2/2017 12:49:25 PM;4285;26.1;27.3;26.2;26.1;0.1;0.1;0.1;0.2;
2/2/2017 12:49:26 PM;4286;26.1;27.3;26.2;26.1;0.1;0.1;0.1;0.2;
2/2/2017 12:49:27 PM;4287;26.1;27.3;26.2;26.0;0.1;0.1;0.1;0.2;
2/2/2017 12:49:28 PM;4288;26.1;27.3;26.2;26.0;0.1;0.1;0.1;0.2;
2/2/2017 12:49:29 PM;4289;26.1;27.3;26.2;26.0;0.1;0.1;0.1;0.2;
2/2/2017 12:49:30 PM;4290;26.1;27.3;26.2;26.0;0.1;0.1;0.1;0.2;
2/2/2017 12:49:31 PM;4291;26.1;27.3;26.2;26.0;0.1;0.1;0.1;0.2;
2/2/2017 12:49:32 PM;4292;26.1;27.3;26.2;26.1;0.1;0.1;0.1;0.2;
2/2/2017 12:49:33 PM;4293;26.1;27.3;26.2;26.1;0.1;0.1;0.1;0.2;
2/2/2017 12:49:34 PM;4294;26.1;27.3;26.2;26.1;0.1;0.1;0.1;0.2;
2/2/2017 12:49:35 PM;4295;26.1;27.3;26.2;26.1;0.1;0.1;0.1;0.2;
2/2/2017 12:49:36 PM;4296;26.1;27.3;26.2;26.1;0.1;0.1;0.1;0.2;
2/2/2017 12:49:37 PM;4297;26.1;27.3;26.2;26.1;0.1;0.1;0.1;0.2;
2/2/2017 12:49:38 PM;4298;26.1;27.3;26.2;26.1;0.1;0.1;0.1;0.2;
2/2/2017 12:49:39 PM;4299;26.1;27.3;26.2;26.1;0.1;0.1;0.1;0.2;
2/2/2017 12:49:40 PM;4300;26.1;27.3;26.2;26.1;0.1;0.1;0.1;0.2;
2/2/2017 12:49:41 PM;4301;26.1;27.3;26.2;26.1;0.1;0.1;0.1;0.2;
2/2/2017 12:49:42 PM;4302;26.1;27.3;26.2;26.1;0.1;0.1;0.1;0.2;
2/2/2017 12:49:43 PM;4303;26.1;27.3;26.2;26.1;0.1;0.1;0.1;0.2;
2/2/2017 12:49:44 PM;4304;26.1;27.3;26.2;26.1;0.1;0.1;0.1;0.2;
2/2/2017 12:49:45 PM;4305;26.1;27.3;26.2;26.1;0.1;0.1;0.1;0.2;
2/2/2017 12:49:46 PM;4306;26.1;27.3;26.2;26.1;0.1;0.1;0.1;0.2;
2/2/2017 12:49:47 PM;4307;26.1;27.3;26.2;26.1;0.1;0.1;0.1;0.2;
2/2/2017 12:49:48 PM;4308;26.1;27.3;26.2;26.1;0.1;0.1;0.1;0.2;
2/2/2017 12:49:49 PM;4309;26.1;27.3;26.2;26.1;0.1;0.1;0.1;0.2;
2/2/2017 12:49:50 PM;4310;26.1;27.3;26.2;26.1;0.1;0.1;0.1;0.2;
2/2/2017 12:49:51 PM;4311;26.1;27.3;26.2;26.0;0.1;0.1;0.1;0.2;
2/2/2017 12:49:52 PM;4312;26.1;27.3;26.2;26.0;0.1;0.1;0.1;0.2;
2/2/2017 12:49:53 PM;4313;26.1;27.3;26.2;26.0;0.1;0.1;0.1;0.2;
2/2/2017 12:49:54 PM;4314;26.1;27.3;26.2;26.0;0.1;0.1;0.1;0.2;
2/2/2017 12:49:55 PM;4315;26.1;27.3;26.2;26.0;0.1;0.1;0.1;0.2;
2/2/2017 12:49:56 PM;4316;26.1;27.3;26.2;26.1;0.1;0.1;0.1;0.2;
2/2/2017 12:49:57 PM;4317;26.1;27.3;26.2;26.1;0.1;0.1;0.1;0.2;
2/2/2017 12:49:58 PM;4318;26.1;27.3;26.2;26.1;0.1;0.1;0.1;0.2;
2/2/2017 12:49:59 PM;4319;26.1;27.3;26.2;26.1;0.1;0.1;0.1;0.2;
2/2/2017 12:50:00 PM;4320;26.1;27.3;26.2;26.1;0.1;0.1;0.1;0.2;
2/2/2017 12:50:01 PM;4321;26.1;27.3;26.2;26.0;0.1;0.1;0.1;0.2;
2/2/2017 12:50:02 PM;4322;26.1;27.3;26.2;26.0;0.1;0.1;0.1;0.2;
2/2/2017 12:50:03 PM;4323;26.1;27.3;26.2;26.0;0.1;0.1;0.1;0.2;
2/2/2017 12:50:04 PM;4324;26.1;27.3;26.2;26.0;0.1;0.1;0.1;0.2;
2/2/2017 12:50:05 PM;4325;26.1;27.3;26.2;26.0;0.1;0.1;0.1;0.2;
2/2/2017 12:50:06 PM;4326;26.1;27.3;26.2;26.1;0.1;0.1;0.1;0.2;
2/2/2017 12:50:07 PM;4327;26.1;27.3;26.2;26.1;0.1;0.1;0.1;0.2;
2/2/2017 12:50:08 PM;4328;26.1;27.3;26.2;26.1;0.1;0.1;0.1;0.2;
2/2/2017 12:50:09 PM;4329;26.1;27.3;26.2;26.1;0.1;0.1;0.1;0.2;
2/2/2017 12:50:10 PM;4330;26.1;27.3;26.2;26.1;0.1;0.1;0.1;0.2;
2/2/2017 12:50:11 PM;4331;26.1;27.3;26.2;26.1;0.1;0.1;0.1;0.2;
2/2/2017 12:50:12 PM;4332;26.1;27.3;26.2;26.1;0.1;0.1;0.1;0.2;
2/2/2017 12:50:13 PM;4333;26.1;27.3;26.2;26.1;0.1;0.1;0.1;0.2;
2/2/2017 12:50:14 PM;4334;26.1;27.3;26.2;26.1;0.1;0.1;0.1;0.2;
2/2/2017 12:50:15 PM;4335;26.1;27.3;26.2;26.1;0.1;0.1;0.1;0.2;
2/2/2017 12:50:16 PM;4336;26.1;27.3;26.2;26.1;0.1;0.1;0.1;0.2;
2/2/2017 12:50:17 PM;4337;26.1;27.3;26.2;26.1;0.1;0.1;0.1;0.2;
2/2/2017 12:50:18 PM;4338;26.1;27.3;26.2;26.1;0.1;0.1;0.1;0.2;
2/2/2017 12:50:19 PM;4339;26.1;27.3;26.2;26.1;0.1;0.1;0.1;0.2;
2/2/2017 12:50:20 PM;4340;26.1;27.3;26.2;26.1;0.1;0.1;0.1;0.2;
2/2/2017 12:50:21 PM;4341;26.1;27.3;26.2;26.1;0.1;0.1;0.1;0.2;
2/2/2017 12:50:22 PM;4342;26.1;27.3;26.2;26.1;0.1;0.1;0.1;0.2;
2/2/2017 12:50:23 PM;4343;26.1;27.3;26.2;26.1;0.1;0.1;0.1;0.2;
2/2/2017 12:50:24 PM;4344;26.1;27.3;26.2;26.1;0.1;0.1;0.1;0.2;
2/2/2017 12:50:25 PM;4345;26.1;27.3;26.2;26.1;0.1;0.1;0.1;0.2;
2/2/2017 12:50:26 PM;4346;26.1;27.3;26.2;26.1;0.1;0.1;0.1;0.2;
2/2/2017 12:50:27 PM;4347;26.1;27.3;26.2;26.1;0.1;0.1;0.1;0.2;
2/2/2017 12:50:28 PM;4348;26.1;27.3;26.2;26.0;0.1;0.1;0.1;0.2;
2/2/2017 12:50:29 PM;4349;26.1;27.3;26.2;26.0;0.1;0.1;0.1;0.2;
2/2/2017 12:50:30 PM;4350;26.1;27.3;26.2;26.0;0.1;0.1;0.1;0.2;
2/2/2017 12:50:31 PM;4351;26.1;27.3;26.2;26.0;0.1;0.1;0.1;0.2;
2/2/2017 12:50:32 PM;4352;26.1;27.3;26.2;26.0;0.1;0.1;0.1;0.2;
2/2/2017 12:50:33 PM;4353;26.1;27.3;26.2;26.1;0.1;0.1;0.1;0.2;
2/2/2017 12:50:34 PM;4354;26.1;27.3;26.2;26.1;0.1;0.1;0.1;0.2;
2/2/2017 12:50:35 PM;4355;26.1;27.3;26.2;26.1;0.1;0.1;0.1;0.2;
2/2/2017 12:50:36 PM;4356;26.1;27.3;26.2;26.1;0.1;0.1;0.1;0.2;
2/2/2017 12:50:37 PM;4357;26.1;27.3;26.2;26.1;0.1;0.1;0.1;0.2;
2/2/2017 12:50:38 PM;4358;26.1;27.3;26.2;26.1;0.1;0.1;0.1;0.2;
2/2/2017 12:50:39 PM;4359;26.1;27.3;26.2;26.1;0.1;0.1;0.1;0.2;
2/2/2017 12:50:40 PM;4360;26.1;27.3;26.2;26.1;0.1;0.1;0.1;0.2;
2/2/2017 12:50:41 PM;4361;26.1;27.3;26.2;26.1;0.1;0.1;0.1;0.2;
2/2/2017 12:50:42 PM;4362;26.1;27.3;26.2;26.1;0.1;0.1;0.1;0.2;
2/2/2017 12:50:43 PM;4363;26.1;27.3;26.2;26.1;0.1;0.1;0.1;0.2;
2/2/2017 12:50:44 PM;4364;26.1;27.3;26.2;26.1;0.1;0.1;0.1;0.2;
2/2/2017 12:50:45 PM;4365;26.1;27.3;26.2;26.1;0.1;0.1;0.1;0.2;
2/2/2017 12:50:46 PM;4366;26.1;27.3;26.2;26.1;0.1;0.1;0.1;0.2;
2/2/2017 12:50:47 PM;4367;26.1;27.3;26.2;26.1;0.1;0.1;0.1;0.2;
2/2/2017 12:50:48 PM;4368;26.1;27.3;26.2;26.0;0.1;0.1;0.1;0.2;
2/2/2017 12:50:49 PM;4369;26.1;27.3;26.2;26.0;0.1;0.1;0.1;0.2;
2/2/2017 12:50:50 PM;4370;26.1;27.3;26.2;26.0;0.1;0.1;0.1;0.2;
2/2/2017 12:50:51 PM;4371;26.1;27.3;26.2;26.0;0.1;0.1;0.1;0.2;
2/2/2017 12:50:52 PM;4372;26.1;27.3;26.2;26.0;0.1;0.1;0.1;0.2;
2/2/2017 12:50:53 PM;4373;26.1;27.3;26.2;26.0;0.1;0.1;0.1;0.2;
2/2/2017 12:50:54 PM;4374;26.1;27.3;26.2;26.0;0.1;0.1;0.1;0.2;
2/2/2017 12:50:55 PM;4375;26.1;27.3;26.2;26.0;0.1;0.1;0.1;0.2;
2/2/2017 12:50:56 PM;4376;26.1;27.3;26.2;26.1;0.1;0.1;0.1;0.2;
2/2/2017 12:50:57 PM;4377;26.1;27.3;26.2;26.1;0.1;0.1;0.1;0.2;
2/2/2017 12:50:58 PM;4378;26.1;27.3;26.2;26.1;0.1;0.1;0.1;0.2;
2/2/2017 12:50:59 PM;4379;26.1;27.3;26.2;26.1;0.1;0.1;0.1;0.2;
2/2/2017 12:51:00 PM;4380;26.1;27.3;26.2;26.1;0.1;0.1;0.1;0.2;
2/2/2017 12:51:01 PM;4381;26.1;27.3;26.2;26.1;0.1;0.1;0.1;0.2;
2/2/2017 12:51:02 PM;4382;26.1;27.3;26.2;26.1;0.1;0.1;0.1;0.2;
2/2/2017 12:51:03 PM;4383;26.1;27.3;26.2;26.1;0.1;0.1;0.1;0.2;
2/2/2017 12:51:04 PM;4384;26.1;27.3;26.2;26.0;0.1;0.1;0.1;0.2;
2/2/2017 12:51:05 PM;4385;26.1;27.3;26.2;26.0;0.1;0.1;0.1;0.2;
2/2/2017 12:51:06 PM;4386;26.1;27.3;26.2;26.0;0.1;0.1;0.1;0.2;
2/2/2017 12:51:07 PM;4387;26.1;27.3;26.2;26.0;0.1;0.1;0.1;0.2;
2/2/2017 12:51:08 PM;4388;26.1;27.3;26.2;26.0;0.1;0.1;0.1;0.2;
2/2/2017 12:51:09 PM;4389;26.1;27.3;26.2;26.1;0.1;0.1;0.1;0.2;
2/2/2017 12:51:10 PM;4390;26.1;27.3;26.2;26.1;0.1;0.1;0.1;0.2;
2/2/2017 12:51:11 PM;4391;26.1;27.3;26.2;26.1;0.1;0.1;0.1;0.2;
2/2/2017 12:51:12 PM;4392;26.1;27.3;26.2;26.1;0.1;0.1;0.1;0.2;
2/2/2017 12:51:13 PM;4393;26.1;27.3;26.2;26.1;0.1;0.1;0.1;0.2;
2/2/2017 12:51:14 PM;4394;26.1;27.3;26.2;26.1;0.1;0.1;0.1;0.2;
2/2/2017 12:51:15 PM;4395;26.1;27.3;26.2;26.1;0.1;0.1;0.1;0.2;
2/2/2017 12:51:16 PM;4396;26.1;27.3;26.2;26.1;0.1;0.1;0.1;0.2;
2/2/2017 12:51:17 PM;4397;26.1;27.3;26.2;26.1;0.1;0.1;0.1;0.2;
2/2/2017 12:51:18 PM;4398;26.1;27.3;26.2;26.1;0.1;0.1;0.1;0.2;
2/2/2017 12:51:19 PM;4399;26.1;27.3;26.2;26.1;0.1;0.1;0.1;0.2;
2/2/2017 12:51:20 PM;4400;26.1;27.3;26.2;26.1;0.1;0.1;0.1;0.2;
2/2/2017 12:51:21 PM;4401;26.1;27.3;26.2;26.1;0.1;0.1;0.1;0.2;
2/2/2017 12:51:22 PM;4402;26.1;27.3;26.2;26.1;0.1;0.1;0.1;0.2;
2/2/2017 12:51:23 PM;4403;26.1;27.3;26.2;26.0;0.1;0.1;0.1;0.2;
2/2/2017 12:51:24 PM;4404;26.1;27.3;26.2;26.0;0.1;0.1;0.1;0.2;
2/2/2017 12:51:25 PM;4405;26.1;27.3;26.2;26.0;0.1;0.1;0.1;0.2;
2/2/2017 12:51:26 PM;4406;26.1;27.3;26.2;26.0;0.1;0.1;0.1;0.2;
2/2/2017 12:51:27 PM;4407;26.1;27.3;26.2;26.0;0.1;0.1;0.1;0.2;
2/2/2017 12:51:28 PM;4408;26.1;27.3;26.2;26.0;0.1;0.1;0.1;0.2;
2/2/2017 12:51:29 PM;4409;26.1;27.3;26.2;26.0;0.1;0.1;0.1;0.2;
2/2/2017 12:51:30 PM;4410;26.1;27.3;26.2;26.1;0.1;0.1;0.1;0.2;
2/2/2017 12:51:31 PM;4411;26.1;27.3;26.2;26.1;0.1;0.1;0.1;0.2;
2/2/2017 12:51:32 PM;4412;26.1;27.3;26.2;26.1;0.1;0.1;0.1;0.2;
2/2/2017 12:51:33 PM;4413;26.1;27.3;26.2;26.0;0.1;0.1;0.1;0.2;
2/2/2017 12:51:34 PM;4414;26.1;27.3;26.2;26.0;0.1;0.1;0.1;0.2;
2/2/2017 12:51:35 PM;4415;26.1;27.3;26.2;26.0;0.1;0.1;0.1;0.2;
2/2/2017 12:51:36 PM;4416;26.1;27.3;26.2;26.0;0.1;0.1;0.1;0.2;
2/2/2017 12:51:37 PM;4417;26.1;27.3;26.2;26.0;0.1;0.1;0.1;0.2;
2/2/2017 12:51:38 PM;4418;26.1;27.3;26.2;26.1;0.1;0.1;0.1;0.2;
2/2/2017 12:51:39 PM;4419;26.1;27.3;26.2;26.1;0.1;0.1;0.1;0.2;
2/2/2017 12:51:40 PM;4420;26.1;27.3;26.2;26.1;0.1;0.1;0.1;0.2;
2/2/2017 12:51:41 PM;4421;26.1;27.3;26.2;26.1;0.1;0.1;0.1;0.2;
2/2/2017 12:51:42 PM;4422;26.1;27.3;26.2;26.1;0.1;0.1;0.1;0.2;
2/2/2017 12:51:43 PM;4423;26.1;27.3;26.2;26.1;0.1;0.1;0.1;0.2;
2/2/2017 12:51:44 PM;4424;26.1;27.3;26.2;26.1;0.1;0.1;0.1;0.2;
2/2/2017 12:51:45 PM;4425;26.1;27.3;26.2;26.0;0.1;0.1;0.1;0.2;
2/2/2017 12:51:46 PM;4426;26.1;27.3;26.2;26.0;0.1;0.1;0.1;0.2;
2/2/2017 12:51:47 PM;4427;26.1;27.3;26.2;26.0;0.1;0.1;0.1;0.2;
2/2/2017 12:51:48 PM;4428;26.1;27.3;26.2;26.0;0.1;0.1;0.1;0.2;
2/2/2017 12:51:49 PM;4429;26.1;27.3;26.2;26.0;0.1;0.1;0.1;0.2;
2/2/2017 12:51:50 PM;4430;26.1;27.3;26.2;26.0;0.1;0.1;0.1;0.2;
2/2/2017 12:51:51 PM;4431;26.1;27.3;26.2;26.0;0.1;0.1;0.1;0.2;
2/2/2017 12:51:52 PM;4432;26.1;27.3;26.2;26.1;0.1;0.1;0.1;0.2;
2/2/2017 12:51:53 PM;4433;26.1;27.3;26.2;26.1;0.1;0.1;0.1;0.2;
2/2/2017 12:51:54 PM;4434;26.1;27.3;26.2;26.1;0.1;0.1;0.1;0.2;
2/2/2017 12:51:55 PM;4435;26.1;27.3;26.2;26.1;0.1;0.1;0.1;0.2;
2/2/2017 12:51:56 PM;4436;26.1;27.3;26.2;26.1;0.1;0.1;0.1;0.2;
2/2/2017 12:51:57 PM;4437;26.1;27.3;26.2;26.1;0.1;0.1;0.1;0.2;
2/2/2017 12:51:58 PM;4438;26.1;27.3;26.2;26.1;0.1;0.1;0.1;0.2;
2/2/2017 12:51:59 PM;4439;26.1;27.3;26.2;26.1;0.1;0.1;0.1;0.2;
2/2/2017 12:52:00 PM;4440;26.1;27.3;26.2;26.0;0.1;0.1;0.1;0.2;
2/2/2017 12:52:01 PM;4441;26.1;27.3;26.2;26.0;0.1;0.1;0.1;0.2;
2/2/2017 12:52:02 PM;4442;26.1;27.3;26.1;26.0;0.1;0.1;0.1;0.2;
2/2/2017 12:52:03 PM;4443;26.1;27.3;26.1;26.0;0.1;0.1;0.1;0.2;
2/2/2017 12:52:04 PM;4444;26.1;27.3;26.1;26.0;0.1;0.1;0.1;0.2;
2/2/2017 12:52:05 PM;4445;26.1;27.3;26.1;26.0;0.1;0.1;0.1;0.2;
2/2/2017 12:52:06 PM;4446;26.1;27.3;26.1;26.0;0.1;0.1;0.1;0.2;
2/2/2017 12:52:07 PM;4447;26.1;27.3;26.2;26.0;0.1;0.1;0.1;0.2;
2/2/2017 12:52:08 PM;4448;26.1;27.3;26.2;26.0;0.1;0.1;0.1;0.2;
2/2/2017 12:52:09 PM;4449;26.1;27.3;26.2;26.0;0.1;0.1;0.1;0.2;
2/2/2017 12:52:10 PM;4450;26.1;27.3;26.2;26.0;0.1;0.1;0.1;0.2;
2/2/2017 12:52:11 PM;4451;26.1;27.3;26.2;26.0;0.1;0.1;0.1;0.2;
2/2/2017 12:52:12 PM;4452;26.1;27.3;26.2;26.1;0.1;0.1;0.1;0.2;
2/2/2017 12:52:13 PM;4453;26.1;27.3;26.2;26.1;0.1;0.1;0.1;0.2;
2/2/2017 12:52:14 PM;4454;26.1;27.3;26.2;26.1;0.1;0.1;0.1;0.2;
2/2/2017 12:52:15 PM;4455;26.1;27.3;26.2;26.1;0.1;0.1;0.1;0.2;
2/2/2017 12:52:16 PM;4456;26.1;27.3;26.2;26.1;0.1;0.1;0.1;0.2;
2/2/2017 12:52:17 PM;4457;26.1;27.3;26.2;26.0;0.1;0.1;0.1;0.2;
2/2/2017 12:52:18 PM;4458;26.1;27.3;26.2;26.0;0.1;0.1;0.1;0.2;
2/2/2017 12:52:19 PM;4459;26.1;27.3;26.2;26.0;0.1;0.1;0.1;0.2;
2/2/2017 12:52:20 PM;4460;26.1;27.3;26.2;26.0;0.1;0.1;0.1;0.2;
2/2/2017 12:52:21 PM;4461;26.1;27.3;26.2;26.0;0.1;0.1;0.1;0.2;
2/2/2017 12:52:22 PM;4462;26.1;27.3;26.2;26.1;0.1;0.1;0.1;0.2;
2/2/2017 12:52:23 PM;4463;26.1;27.3;26.2;26.1;0.1;0.1;0.1;0.2;
2/2/2017 12:52:24 PM;4464;26.1;27.3;26.2;26.1;0.1;0.1;0.1;0.2;
2/2/2017 12:52:25 PM;4465;26.1;27.3;26.2;26.1;0.1;0.1;0.1;0.2;
2/2/2017 12:52:26 PM;4466;26.1;27.3;26.2;26.1;0.1;0.1;0.1;0.2;
2/2/2017 12:52:27 PM;4467;26.1;27.3;26.2;26.1;0.1;0.1;0.1;0.2;
2/2/2017 12:52:28 PM;4468;26.1;27.3;26.2;26.1;0.1;0.1;0.1;0.2;
2/2/2017 12:52:29 PM;4469;26.1;27.3;26.2;26.0;0.1;0.1;0.1;0.2;
2/2/2017 12:52:30 PM;4470;26.1;27.3;26.2;26.0;0.1;0.1;0.1;0.2;
2/2/2017 12:52:31 PM;4471;26.1;27.3;26.2;26.0;0.1;0.1;0.1;0.2;
2/2/2017 12:52:32 PM;4472;26.1;27.3;26.2;26.0;0.1;0.1;0.1;0.2;
2/2/2017 12:52:33 PM;4473;26.1;27.3;26.2;26.0;0.1;0.1;0.1;0.2;
2/2/2017 12:52:34 PM;4474;26.1;27.3;26.2;26.0;0.1;0.1;0.1;0.2;
2/2/2017 12:52:35 PM;4475;26.1;27.3;26.2;26.0;0.1;0.1;0.1;0.2;
2/2/2017 12:52:36 PM;4476;26.1;27.3;26.2;26.0;0.1;0.1;0.1;0.2;
2/2/2017 12:52:37 PM;4477;26.1;27.3;26.2;26.1;0.1;0.1;0.1;0.2;
2/2/2017 12:52:38 PM;4478;26.1;27.3;26.2;26.1;0.1;0.1;0.1;0.2;
2/2/2017 12:52:39 PM;4479;26.1;27.3;26.2;26.1;0.1;0.1;0.1;0.2;
2/2/2017 12:52:40 PM;4480;26.1;27.3;26.2;26.1;0.1;0.1;0.1;0.2;
2/2/2017 12:52:41 PM;4481;26.1;27.3;26.2;26.1;0.1;0.1;0.1;0.2;
2/2/2017 12:52:42 PM;4482;26.1;27.3;26.2;26.1;0.1;0.1;0.1;0.2;
2/2/2017 12:52:43 PM;4483;26.1;27.3;26.2;26.1;0.1;0.1;0.1;0.2;
2/2/2017 12:52:44 PM;4484;26.1;27.3;26.2;26.1;0.1;0.1;0.1;0.2;
2/2/2017 12:52:45 PM;4485;26.1;27.3;26.2;26.1;0.1;0.1;0.1;0.2;
2/2/2017 12:52:46 PM;4486;26.1;27.3;26.2;26.1;0.1;0.1;0.1;0.2;
2/2/2017 12:52:47 PM;4487;26.1;27.3;26.2;26.1;0.1;0.1;0.1;0.2;
2/2/2017 12:52:48 PM;4488;26.1;27.3;26.2;26.1;0.1;0.1;0.1;0.2;
2/2/2017 12:52:49 PM;4489;26.1;27.3;26.2;26.0;0.1;0.1;0.1;0.2;
2/2/2017 12:52:50 PM;4490;26.1;27.3;26.2;26.0;0.1;0.1;0.1;0.2;
2/2/2017 12:52:51 PM;4491;26.1;27.3;26.2;26.0;0.1;0.1;0.1;0.2;
2/2/2017 12:52:52 PM;4492;26.1;27.3;26.2;26.0;0.1;0.1;0.1;0.2;
2/2/2017 12:52:53 PM;4493;26.1;27.3;26.2;26.0;0.1;0.1;0.1;0.2;
2/2/2017 12:52:54 PM;4494;26.1;27.3;26.2;26.0;0.1;0.1;0.1;0.2;
2/2/2017 12:52:55 PM;4495;26.1;27.3;26.2;26.0;0.1;0.1;0.1;0.2;
2/2/2017 12:52:56 PM;4496;26.1;27.3;26.2;26.0;0.1;0.1;0.1;0.2;
2/2/2017 12:52:57 PM;4497;26.1;27.3;26.2;26.0;0.1;0.1;0.1;0.2;
2/2/2017 12:52:58 PM;4498;26.1;27.3;26.2;26.1;0.1;0.1;0.1;0.2;
2/2/2017 12:52:59 PM;4499;26.1;27.3;26.2;26.1;0.1;0.1;0.1;0.2;
2/2/2017 12:53:00 PM;4500;26.1;27.3;26.2;26.1;0.1;0.1;0.1;0.2;
2/2/2017 12:53:01 PM;4501;26.1;27.3;26.2;26.1;0.1;0.1;0.1;0.2;
2/2/2017 12:53:02 PM;4502;26.1;27.3;26.2;26.1;0.1;0.1;0.1;0.2;
2/2/2017 12:53:03 PM;4503;26.1;27.3;26.2;26.1;0.1;0.1;0.1;0.2;
2/2/2017 12:53:04 PM;4504;26.1;27.3;26.2;26.0;0.1;0.1;0.1;0.2;
2/2/2017 12:53:05 PM;4505;26.1;27.3;26.2;26.0;0.1;0.1;0.1;0.2;
2/2/2017 12:53:06 PM;4506;26.1;27.3;26.2;26.0;0.1;0.1;0.1;0.2;
2/2/2017 12:53:07 PM;4507;26.1;27.3;26.2;26.0;0.1;0.1;0.1;0.2;
2/2/2017 12:53:08 PM;4508;26.1;27.3;26.2;26.0;0.1;0.1;0.1;0.2;
2/2/2017 12:53:09 PM;4509;26.1;27.3;26.2;26.0;0.1;0.1;0.1;0.2;
2/2/2017 12:53:10 PM;4510;26.1;27.3;26.2;26.0;0.1;0.1;0.1;0.2;
2/2/2017 12:53:11 PM;4511;26.1;27.3;26.2;26.0;0.1;0.1;0.1;0.2;
2/2/2017 12:53:12 PM;4512;26.1;27.3;26.2;26.0;0.1;0.1;0.1;0.2;
2/2/2017 12:53:13 PM;4513;26.1;27.3;26.2;26.0;0.1;0.1;0.1;0.2;
2/2/2017 12:53:14 PM;4514;26.1;27.3;26.2;26.0;0.1;0.1;0.1;0.2;
2/2/2017 12:53:15 PM;4515;26.1;27.3;26.2;26.0;0.1;0.1;0.1;0.2;
2/2/2017 12:53:16 PM;4516;26.1;27.3;26.2;26.0;0.1;0.1;0.1;0.2;
2/2/2017 12:53:17 PM;4517;26.1;27.3;26.2;26.0;0.1;0.1;0.1;0.2;
2/2/2017 12:53:18 PM;4518;26.1;27.3;26.2;26.0;0.1;0.1;0.1;0.2;
2/2/2017 12:53:19 PM;4519;26.1;27.3;26.2;26.1;0.1;0.1;0.1;0.2;
2/2/2017 12:53:20 PM;4520;26.1;27.3;26.2;26.1;0.1;0.1;0.1;0.2;
2/2/2017 12:53:21 PM;4521;26.1;27.3;26.2;26.1;0.1;0.1;0.1;0.2;
2/2/2017 12:53:22 PM;4522;26.1;27.3;26.2;26.1;0.1;0.1;0.1;0.2;
2/2/2017 12:53:23 PM;4523;26.1;27.3;26.2;26.1;0.1;0.1;0.1;0.2;
2/2/2017 12:53:24 PM;4524;26.1;27.3;26.2;26.1;0.1;0.1;0.1;0.2;
2/2/2017 12:53:25 PM;4525;26.1;27.3;26.2;26.1;0.1;0.1;0.1;0.2;
2/2/2017 12:53:26 PM;4526;26.1;27.3;26.2;26.1;0.1;0.1;0.1;0.2;
2/2/2017 12:53:27 PM;4527;26.1;27.3;26.2;26.1;0.1;0.1;0.1;0.2;
2/2/2017 12:53:28 PM;4528;26.1;27.3;26.2;26.1;0.1;0.1;0.1;0.2;
2/2/2017 12:53:29 PM;4529;26.1;27.3;26.2;26.1;0.1;0.1;0.1;0.2;
2/2/2017 12:53:30 PM;4530;26.1;27.3;26.2;26.1;0.1;0.1;0.1;0.2;
2/2/2017 12:53:31 PM;4531;26.1;27.3;26.2;26.1;0.1;0.1;0.1;0.2;
2/2/2017 12:53:32 PM;4532;26.1;27.3;26.2;26.1;0.1;0.1;0.1;0.2;
2/2/2017 12:53:33 PM;4533;26.1;27.3;26.2;26.0;0.1;0.1;0.1;0.2;
2/2/2017 12:53:34 PM;4534;26.1;27.3;26.2;26.0;0.1;0.1;0.1;0.2;
2/2/2017 12:53:35 PM;4535;26.1;27.3;26.2;26.0;0.1;0.1;0.1;0.2;
2/2/2017 12:53:36 PM;4536;26.1;27.3;26.2;26.0;0.1;0.1;0.1;0.2;
2/2/2017 12:53:37 PM;4537;26.1;27.3;26.2;26.0;0.1;0.1;0.1;0.2;
2/2/2017 12:53:38 PM;4538;26.1;27.3;26.2;26.1;0.1;0.1;0.1;0.2;
2/2/2017 12:53:39 PM;4539;26.1;27.3;26.2;26.1;0.1;0.1;0.1;0.2;
2/2/2017 12:53:40 PM;4540;26.1;27.3;26.2;26.1;0.1;0.1;0.1;0.2;
2/2/2017 12:53:41 PM;4541;26.1;27.3;26.2;26.1;0.1;0.1;0.1;0.2;
2/2/2017 12:53:42 PM;4542;26.1;27.3;26.2;26.1;0.1;0.1;0.1;0.2;
2/2/2017 12:53:43 PM;4543;26.1;27.3;26.2;26.1;0.1;0.1;0.1;0.2;
2/2/2017 12:53:44 PM;4544;26.1;27.3;26.2;26.1;0.1;0.1;0.1;0.2;
2/2/2017 12:53:45 PM;4545;26.1;27.3;26.1;26.1;0.1;0.1;0.1;0.2;
2/2/2017 12:53:46 PM;4546;26.1;27.3;26.1;26.1;0.1;0.1;0.1;0.2;
2/2/2017 12:53:47 PM;4547;26.1;27.3;26.1;26.1;0.1;0.1;0.1;0.2;
2/2/2017 12:53:48 PM;4548;26.1;27.3;26.1;26.0;0.1;0.1;0.1;0.2;
2/2/2017 12:53:49 PM;4549;26.1;27.3;26.1;26.0;0.1;0.1;0.1;0.2;
2/2/2017 12:53:50 PM;4550;26.1;27.3;26.2;26.0;0.1;0.1;0.1;0.2;
2/2/2017 12:53:51 PM;4551;26.1;27.3;26.2;26.0;0.1;0.1;0.1;0.2;
2/2/2017 12:53:52 PM;4552;26.1;27.3;26.2;26.0;0.1;0.1;0.1;0.2;
2/2/2017 12:53:53 PM;4553;26.1;27.3;26.2;26.0;0.1;0.1;0.1;0.2;
2/2/2017 12:53:54 PM;4554;26.1;27.3;26.2;26.0;0.1;0.1;0.1;0.2;
2/2/2017 12:53:55 PM;4555;26.1;27.3;26.2;26.0;0.1;0.1;0.1;0.2;
2/2/2017 12:53:56 PM;4556;26.1;27.3;26.2;26.0;0.1;0.1;0.1;0.2;
2/2/2017 12:53:57 PM;4557;26.1;27.3;26.2;26.0;0.1;0.1;0.1;0.2;
2/2/2017 12:53:58 PM;4558;26.1;27.3;26.2;26.0;0.1;0.1;0.1;0.2;
2/2/2017 12:53:59 PM;4559;26.1;27.3;26.2;26.0;0.1;0.1;0.1;0.2;
2/2/2017 12:54:00 PM;4560;26.1;27.3;26.2;26.1;0.1;0.1;0.1;0.2;
2/2/2017 12:54:01 PM;4561;26.1;27.3;26.2;26.0;0.1;0.1;0.1;0.2;
2/2/2017 12:54:02 PM;4562;26.1;27.3;26.2;26.0;0.1;0.1;0.1;0.2;
2/2/2017 12:54:03 PM;4563;26.1;27.3;26.2;26.0;0.1;0.1;0.1;0.2;
2/2/2017 12:54:04 PM;4564;26.1;27.3;26.1;26.0;0.1;0.1;0.1;0.2;
2/2/2017 12:54:05 PM;4565;26.1;27.3;26.1;26.0;0.1;0.1;0.1;0.2;
2/2/2017 12:54:06 PM;4566;26.1;27.3;26.1;26.0;0.1;0.1;0.1;0.2;
2/2/2017 12:54:07 PM;4567;26.1;27.3;26.1;26.0;0.1;0.1;0.1;0.2;
2/2/2017 12:54:08 PM;4568;26.1;27.3;26.1;26.1;0.1;0.1;0.1;0.2;
2/2/2017 12:54:09 PM;4569;26.1;27.3;26.2;26.1;0.1;0.1;0.1;0.2;
2/2/2017 12:54:10 PM;4570;26.1;27.3;26.2;26.1;0.1;0.1;0.1;0.2;
2/2/2017 12:54:11 PM;4571;26.1;27.3;26.2;26.1;0.1;0.1;0.1;0.2;
2/2/2017 12:54:12 PM;4572;26.1;27.3;26.2;26.1;0.1;0.1;0.1;0.2;
2/2/2017 12:54:13 PM;4573;26.1;27.3;26.2;26.1;0.1;0.1;0.1;0.2;
2/2/2017 12:54:14 PM;4574;26.1;27.3;26.2;26.1;0.1;0.1;0.1;0.2;
2/2/2017 12:54:15 PM;4575;26.1;27.3;26.2;26.1;0.1;0.1;0.1;0.2;
2/2/2017 12:54:16 PM;4576;26.1;27.3;26.2;26.1;0.1;0.1;0.1;0.2;
2/2/2017 12:54:17 PM;4577;26.1;27.3;26.2;26.1;0.1;0.1;0.1;0.2;
2/2/2017 12:54:18 PM;4578;26.1;27.3;26.2;26.1;0.1;0.1;0.1;0.2;
2/2/2017 12:54:19 PM;4579;26.1;27.3;26.2;26.1;0.1;0.1;0.1;0.2;
2/2/2017 12:54:20 PM;4580;26.1;27.3;26.2;26.1;0.1;0.1;0.1;0.2;
2/2/2017 12:54:21 PM;4581;26.1;27.3;26.2;26.1;0.1;0.1;0.1;0.2;
2/2/2017 12:54:22 PM;4582;26.1;27.3;26.1;26.1;0.1;0.1;0.1;0.2;
2/2/2017 12:54:23 PM;4583;26.1;27.3;26.1;26.1;0.1;0.1;0.1;0.2;
2/2/2017 12:54:24 PM;4584;26.1;27.3;26.1;26.0;0.1;0.1;0.1;0.2;
2/2/2017 12:54:25 PM;4585;26.1;27.3;26.1;26.0;0.1;0.1;0.1;0.2;
2/2/2017 12:54:26 PM;4586;26.1;27.3;26.1;26.0;0.1;0.1;0.1;0.2;
2/2/2017 12:54:27 PM;4587;26.1;27.3;26.2;26.0;0.1;0.1;0.1;0.2;
2/2/2017 12:54:28 PM;4588;26.1;27.3;26.2;26.0;0.1;0.1;0.1;0.2;
2/2/2017 12:54:29 PM;4589;26.1;27.3;26.2;26.0;0.1;0.1;0.1;0.2;
2/2/2017 12:54:30 PM;4590;26.1;27.3;26.2;26.1;0.1;0.1;0.1;0.2;
2/2/2017 12:54:31 PM;4591;26.1;27.3;26.2;26.1;0.1;0.1;0.1;0.2;
2/2/2017 12:54:32 PM;4592;26.1;27.3;26.2;26.0;0.1;0.1;0.1;0.2;
2/2/2017 12:54:33 PM;4593;26.1;27.3;26.2;26.0;0.1;0.1;0.1;0.2;
2/2/2017 12:54:34 PM;4594;26.1;27.3;26.2;26.0;0.1;0.1;0.1;0.2;
2/2/2017 12:54:35 PM;4595;26.1;27.3;26.2;26.0;0.1;0.1;0.1;0.2;
2/2/2017 12:54:36 PM;4596;26.1;27.3;26.2;26.0;0.1;0.1;0.1;0.2;
2/2/2017 12:54:37 PM;4597;26.1;27.3;26.2;26.0;0.1;0.1;0.1;0.2;
2/2/2017 12:54:38 PM;4598;26.1;27.3;26.2;26.1;0.1;0.1;0.1;0.2;
2/2/2017 12:54:39 PM;4599;26.1;27.3;26.2;26.0;0.1;0.1;0.1;0.2;
2/2/2017 12:54:40 PM;4600;26.1;27.3;26.2;26.0;0.1;0.1;0.1;0.2;
2/2/2017 12:54:41 PM;4601;26.1;27.3;26.2;26.0;0.1;0.1;0.1;0.2;
2/2/2017 12:54:42 PM;4602;26.1;27.3;26.2;26.0;0.1;0.1;0.1;0.2;
2/2/2017 12:54:43 PM;4603;26.1;27.3;26.2;26.0;0.1;0.1;0.1;0.2;
2/2/2017 12:54:44 PM;4604;26.1;27.3;26.2;26.1;0.1;0.1;0.1;0.2;
2/2/2017 12:54:45 PM;4605;26.1;27.3;26.2;26.0;0.1;0.1;0.1;0.2;
2/2/2017 12:54:46 PM;4606;26.1;27.3;26.2;26.0;0.1;0.1;0.1;0.2;
2/2/2017 12:54:47 PM;4607;26.1;27.3;26.2;26.0;0.1;0.1;0.1;0.2;
2/2/2017 12:54:48 PM;4608;26.1;27.3;26.2;26.0;0.1;0.1;0.1;0.2;
2/2/2017 12:54:49 PM;4609;26.1;27.3;26.2;26.0;0.1;0.1;0.1;0.2;
2/2/2017 12:54:50 PM;4610;26.1;27.3;26.2;26.1;0.1;0.1;0.1;0.2;
2/2/2017 12:54:51 PM;4611;26.1;27.3;26.2;26.1;0.1;0.1;0.1;0.2;
2/2/2017 12:54:52 PM;4612;26.1;27.3;26.2;26.0;0.1;0.1;0.1;0.2;
2/2/2017 12:54:53 PM;4613;26.1;27.3;26.2;26.0;0.1;0.1;0.1;0.2;
2/2/2017 12:54:54 PM;4614;26.1;27.3;26.2;26.0;0.1;0.1;0.1;0.2;
2/2/2017 12:54:55 PM;4615;26.1;27.3;26.2;26.0;0.1;0.1;0.1;0.2;
2/2/2017 12:54:56 PM;4616;26.1;27.3;26.2;26.0;0.1;0.1;0.1;0.2;
2/2/2017 12:54:57 PM;4617;26.1;27.3;26.2;26.0;0.1;0.1;0.1;0.2;
2/2/2017 12:54:58 PM;4618;26.1;27.3;26.2;26.0;0.1;0.1;0.1;0.2;
2/2/2017 12:54:59 PM;4619;26.1;27.3;26.2;26.1;0.1;0.1;0.1;0.2;
2/2/2017 12:55:00 PM;4620;26.1;27.3;26.2;26.1;0.1;0.1;0.1;0.2;
2/2/2017 12:55:01 PM;4621;26.1;27.3;26.2;26.1;0.1;0.1;0.1;0.2;
2/2/2017 12:55:02 PM;4622;26.1;27.3;26.2;26.1;0.1;0.1;0.1;0.2;
2/2/2017 12:55:03 PM;4623;26.1;27.3;26.2;26.1;0.1;0.1;0.1;0.2;
2/2/2017 12:55:04 PM;4624;26.1;27.3;26.2;26.1;0.1;0.1;0.1;0.2;
2/2/2017 12:55:05 PM;4625;26.1;27.3;26.2;26.1;0.1;0.1;0.1;0.2;
2/2/2017 12:55:06 PM;4626;26.1;27.3;26.2;26.0;0.1;0.1;0.1;0.2;
2/2/2017 12:55:07 PM;4627;26.1;27.3;26.2;26.0;0.1;0.1;0.1;0.2;
2/2/2017 12:55:08 PM;4628;26.1;27.3;26.2;26.0;0.1;0.1;0.1;0.2;
2/2/2017 12:55:09 PM;4629;26.1;27.3;26.2;26.0;0.1;0.1;0.1;0.2;
2/2/2017 12:55:10 PM;4630;26.1;27.3;26.2;26.0;0.1;0.1;0.1;0.2;
2/2/2017 12:55:11 PM;4631;26.1;27.3;26.2;26.0;0.1;0.1;0.1;0.2;
2/2/2017 12:55:12 PM;4632;26.1;27.3;26.2;26.0;0.1;0.1;0.1;0.2;
2/2/2017 12:55:13 PM;4633;26.1;27.3;26.2;26.0;0.1;0.1;0.1;0.2;
2/2/2017 12:55:14 PM;4634;26.1;27.3;26.2;26.0;0.1;0.1;0.1;0.2;
2/2/2017 12:55:15 PM;4635;26.1;27.3;26.2;26.0;0.1;0.1;0.1;0.2;
2/2/2017 12:55:16 PM;4636;26.1;27.3;26.2;26.0;0.1;0.1;0.1;0.2;
2/2/2017 12:55:17 PM;4637;26.1;27.3;26.2;26.0;0.1;0.1;0.1;0.2;
2/2/2017 12:55:18 PM;4638;26.1;27.3;26.2;26.0;0.1;0.1;0.1;0.2;
2/2/2017 12:55:19 PM;4639;26.1;27.3;26.2;26.0;0.1;0.1;0.1;0.2;
2/2/2017 12:55:20 PM;4640;26.1;27.3;26.2;26.0;0.1;0.1;0.1;0.2;
2/2/2017 12:55:21 PM;4641;26.1;27.3;26.2;26.0;0.1;0.1;0.1;0.2;
2/2/2017 12:55:22 PM;4642;26.1;27.3;26.2;26.0;0.1;0.1;0.1;0.2;
2/2/2017 12:55:23 PM;4643;26.1;27.3;26.2;26.0;0.1;0.1;0.1;0.2;
2/2/2017 12:55:24 PM;4644;26.1;27.3;26.2;26.0;0.1;0.1;0.1;0.2;
2/2/2017 12:55:25 PM;4645;26.1;27.3;26.2;26.0;0.1;0.1;0.1;0.2;
2/2/2017 12:55:26 PM;4646;26.1;27.3;26.2;26.0;0.1;0.1;0.1;0.2;
2/2/2017 12:55:27 PM;4647;26.1;27.3;26.2;26.0;0.1;0.1;0.1;0.2;
2/2/2017 12:55:28 PM;4648;26.1;27.3;26.2;26.0;0.1;0.1;0.1;0.2;
2/2/2017 12:55:29 PM;4649;26.1;27.3;26.2;26.0;0.1;0.1;0.1;0.2;
2/2/2017 12:55:30 PM;4650;26.1;27.3;26.2;26.0;0.1;0.1;0.1;0.2;
2/2/2017 12:55:31 PM;4651;26.1;27.3;26.2;26.0;0.1;0.1;0.1;0.2;
2/2/2017 12:55:32 PM;4652;26.1;27.3;26.2;26.0;0.1;0.1;0.1;0.2;
2/2/2017 12:55:33 PM;4653;26.1;27.3;26.2;26.0;0.1;0.1;0.1;0.2;
2/2/2017 12:55:34 PM;4654;26.1;27.3;26.2;26.0;0.1;0.1;0.1;0.2;
2/2/2017 12:55:35 PM;4655;26.1;27.3;26.2;26.0;0.1;0.1;0.1;0.2;
2/2/2017 12:55:36 PM;4656;26.1;27.3;26.2;26.0;0.1;0.1;0.1;0.2;
2/2/2017 12:55:37 PM;4657;26.1;27.3;26.1;26.0;0.1;0.1;0.1;0.2;
2/2/2017 12:55:38 PM;4658;26.1;27.3;26.1;26.0;0.1;0.1;0.1;0.2;
2/2/2017 12:55:39 PM;4659;26.1;27.3;26.1;26.1;0.1;0.1;0.1;0.2;
2/2/2017 12:55:40 PM;4660;26.1;27.3;26.1;26.1;0.1;0.1;0.1;0.2;
2/2/2017 12:55:41 PM;4661;26.1;27.3;26.1;26.1;0.1;0.1;0.1;0.2;
2/2/2017 12:55:42 PM;4662;26.1;27.3;26.2;26.1;0.1;0.1;0.1;0.2;
2/2/2017 12:55:43 PM;4663;26.1;27.3;26.1;26.0;0.1;0.1;0.1;0.2;
2/2/2017 12:55:44 PM;4664;26.1;27.3;26.1;26.0;0.1;0.1;0.1;0.2;
2/2/2017 12:55:45 PM;4665;26.1;27.3;26.1;26.0;0.1;0.1;0.1;0.2;
2/2/2017 12:55:46 PM;4666;26.1;27.3;26.1;26.0;0.1;0.1;0.1;0.2;
2/2/2017 12:55:47 PM;4667;26.1;27.3;26.1;26.0;0.1;0.1;0.1;0.2;
2/2/2017 12:55:48 PM;4668;26.1;27.3;26.1;26.0;0.1;0.1;0.1;0.2;
2/2/2017 12:55:49 PM;4669;26.1;27.3;26.2;26.0;0.1;0.1;0.1;0.2;
2/2/2017 12:55:50 PM;4670;26.1;27.3;26.2;26.0;0.1;0.1;0.1;0.2;
2/2/2017 12:55:51 PM;4671;26.1;27.3;26.2;26.0;0.1;0.1;0.1;0.2;
2/2/2017 12:55:52 PM;4672;26.1;27.3;26.2;26.0;0.1;0.1;0.1;0.2;
2/2/2017 12:55:53 PM;4673;26.1;27.3;26.2;26.0;0.1;0.1;0.1;0.2;
2/2/2017 12:55:54 PM;4674;26.1;27.3;26.2;26.0;0.1;0.1;0.1;0.2;
2/2/2017 12:55:55 PM;4675;26.1;27.3;26.2;26.0;0.1;0.1;0.1;0.2;
2/2/2017 12:55:56 PM;4676;26.1;27.3;26.2;26.0;0.1;0.1;0.1;0.2;
2/2/2017 12:55:57 PM;4677;26.1;27.3;26.2;26.0;0.1;0.1;0.1;0.2;
2/2/2017 12:55:58 PM;4678;26.1;27.3;26.1;26.0;0.1;0.1;0.1;0.2;
2/2/2017 12:55:59 PM;4679;26.1;27.3;26.1;26.0;0.1;0.1;0.1;0.2;
2/2/2017 12:56:00 PM;4680;26.1;27.3;26.1;26.0;0.1;0.1;0.1;0.2;
2/2/2017 12:56:01 PM;4681;26.1;27.3;26.1;26.0;0.1;0.1;0.1;0.2;
2/2/2017 12:56:02 PM;4682;26.1;27.3;26.1;26.0;0.1;0.1;0.1;0.2;
2/2/2017 12:56:03 PM;4683;26.1;27.3;26.2;26.0;0.1;0.1;0.1;0.2;
2/2/2017 12:56:04 PM;4684;26.1;27.3;26.2;25.9;0.1;0.1;0.1;0.2;
2/2/2017 12:56:05 PM;4685;26.1;27.3;26.2;25.9;0.1;0.1;0.1;0.2;
2/2/2017 12:56:06 PM;4686;26.1;27.3;26.2;26.0;0.1;0.1;0.1;0.2;
2/2/2017 12:56:07 PM;4687;26.1;27.3;26.2;25.9;0.1;0.1;0.1;0.2;
2/2/2017 12:56:08 PM;4688;26.1;27.3;26.2;26.0;0.1;0.1;0.1;0.2;
2/2/2017 12:56:09 PM;4689;26.1;27.3;26.2;26.0;0.1;0.1;0.1;0.2;
2/2/2017 12:56:10 PM;4690;26.1;27.3;26.2;25.9;0.1;0.1;0.1;0.2;
2/2/2017 12:56:11 PM;4691;26.1;27.3;26.2;25.9;0.1;0.1;0.1;0.2;
2/2/2017 12:56:12 PM;4692;26.1;27.3;26.2;25.9;0.1;0.1;0.1;0.2;
2/2/2017 12:56:13 PM;4693;26.1;27.3;26.2;26.0;0.1;0.1;0.1;0.2;
2/2/2017 12:56:14 PM;4694;26.1;27.3;26.2;26.0;0.1;0.1;0.1;0.2;
2/2/2017 12:56:15 PM;4695;26.1;27.3;26.2;26.0;0.1;0.1;0.1;0.2;
2/2/2017 12:56:16 PM;4696;26.1;27.3;26.2;26.0;0.1;0.1;0.1;0.2;
2/2/2017 12:56:17 PM;4697;26.1;27.3;26.1;26.0;0.1;0.1;0.1;0.2;
2/2/2017 12:56:18 PM;4698;26.1;27.3;26.1;25.9;0.1;0.1;0.1;0.2;
2/2/2017 12:56:19 PM;4699;26.1;27.3;26.1;25.9;0.1;0.1;0.1;0.2;
2/2/2017 12:56:20 PM;4700;26.1;27.3;26.1;25.9;0.1;0.1;0.1;0.2;
2/2/2017 12:56:21 PM;4701;26.1;27.3;26.1;25.9;0.1;0.1;0.1;0.2;
2/2/2017 12:56:22 PM;4702;26.1;27.3;26.2;25.9;0.1;0.1;0.1;0.2;
2/2/2017 12:56:23 PM;4703;26.1;27.3;26.2;26.0;0.1;0.1;0.1;0.2;
2/2/2017 12:56:24 PM;4704;26.1;27.3;26.2;26.0;0.1;0.1;0.1;0.2;
2/2/2017 12:56:25 PM;4705;26.1;27.3;26.2;26.0;0.1;0.1;0.1;0.2;
2/2/2017 12:56:26 PM;4706;26.1;27.3;26.1;26.0;0.1;0.1;0.1;0.2;
2/2/2017 12:56:27 PM;4707;26.1;27.3;26.1;26.0;0.1;0.1;0.1;0.2;
2/2/2017 12:56:28 PM;4708;26.1;27.3;26.1;26.0;0.1;0.1;0.1;0.2;
2/2/2017 12:56:29 PM;4709;26.1;27.3;26.1;26.0;0.1;0.1;0.1;0.2;
2/2/2017 12:56:30 PM;4710;26.1;27.3;26.1;26.0;0.1;0.1;0.1;0.2;
2/2/2017 12:56:31 PM;4711;26.1;27.3;26.2;26.0;0.1;0.1;0.1;0.2;
2/2/2017 12:56:32 PM;4712;26.1;27.3;26.2;26.0;0.1;0.1;0.1;0.2;
2/2/2017 12:56:33 PM;4713;26.1;27.3;26.2;25.9;0.1;0.1;0.1;0.2;
2/2/2017 12:56:34 PM;4714;26.1;27.3;26.2;25.9;0.1;0.1;0.1;0.2;
2/2/2017 12:56:35 PM;4715;26.1;27.3;26.1;26.0;0.1;0.1;0.1;0.2;
2/2/2017 12:56:36 PM;4716;26.1;27.3;26.1;25.9;0.1;0.1;0.1;0.2;
2/2/2017 12:56:37 PM;4717;26.1;27.3;26.1;25.9;0.1;0.1;0.1;0.2;
2/2/2017 12:56:38 PM;4718;26.1;27.3;26.1;25.9;0.1;0.1;0.1;0.2;
2/2/2017 12:56:39 PM;4719;26.1;27.3;26.1;26.0;0.1;0.1;0.1;0.2;
2/2/2017 12:56:40 PM;4720;26.1;27.3;26.1;25.9;0.1;0.1;0.1;0.2;
2/2/2017 12:56:41 PM;4721;26.1;27.3;26.1;26.0;0.1;0.1;0.1;0.2;
2/2/2017 12:56:42 PM;4722;26.1;27.3;26.2;25.9;0.1;0.1;0.1;0.2;
2/2/2017 12:56:43 PM;4723;26.1;27.3;26.1;26.0;0.1;0.1;0.1;0.2;
2/2/2017 12:56:44 PM;4724;26.1;27.3;26.1;26.0;0.1;0.1;0.1;0.2;
2/2/2017 12:56:45 PM;4725;26.1;27.3;26.1;26.0;0.1;0.1;0.1;0.2;
2/2/2017 12:56:46 PM;4726;26.1;27.3;26.1;26.0;0.1;0.1;0.1;0.2;
2/2/2017 12:56:47 PM;4727;26.1;27.3;26.1;26.0;0.1;0.1;0.1;0.2;
2/2/2017 12:56:48 PM;4728;26.1;27.3;26.2;26.0;0.1;0.1;0.1;0.2;
2/2/2017 12:56:49 PM;4729;26.1;27.3;26.1;26.0;0.1;0.1;0.1;0.2;
2/2/2017 12:56:50 PM;4730;26.1;27.3;26.1;26.1;0.1;0.1;0.1;0.2;
2/2/2017 12:56:51 PM;4731;26.1;27.3;26.1;26.1;0.1;0.1;0.1;0.2;
2/2/2017 12:56:52 PM;4732;26.1;27.3;26.0;26.0;0.1;0.1;0.1;0.2;
2/2/2017 12:56:53 PM;4733;26.1;27.3;26.0;26.0;0.1;0.1;0.1;0.2;
2/2/2017 12:56:54 PM;4734;26.1;27.3;26.1;26.0;0.1;0.1;0.1;0.2;
2/2/2017 12:56:55 PM;4735;26.1;27.3;26.1;26.0;0.1;0.1;0.1;0.2;
2/2/2017 12:56:56 PM;4736;26.1;27.3;26.1;26.0;0.1;0.1;0.1;0.2;
2/2/2017 12:56:57 PM;4737;26.1;27.3;26.1;26.0;0.1;0.1;0.1;0.2;
2/2/2017 12:56:58 PM;4738;26.1;27.3;26.1;26.0;0.1;0.1;0.1;0.2;
2/2/2017 12:56:59 PM;4739;26.1;27.3;26.1;26.0;0.1;0.1;0.1;0.2;
2/2/2017 12:57:00 PM;4740;26.1;27.3;26.1;26.0;0.1;0.1;0.1;0.2;
2/2/2017 12:57:01 PM;4741;26.1;27.3;26.2;25.9;0.1;0.1;0.1;0.2;
2/2/2017 12:57:02 PM;4742;26.1;27.3;26.2;25.9;0.1;0.1;0.1;0.2;
2/2/2017 12:57:03 PM;4743;26.1;27.3;26.1;25.9;0.1;0.1;0.1;0.2;
2/2/2017 12:57:04 PM;4744;26.1;27.3;26.1;25.9;0.1;0.1;0.1;0.2;
2/2/2017 12:57:05 PM;4745;26.1;27.3;26.0;25.9;0.1;0.1;0.1;0.2;
2/2/2017 12:57:06 PM;4746;26.1;27.3;26.0;25.9;0.1;0.1;0.1;0.2;
2/2/2017 12:57:07 PM;4747;26.1;27.3;26.0;25.9;0.1;0.1;0.1;0.2;
2/2/2017 12:57:08 PM;4748;26.1;27.3;26.1;25.9;0.1;0.1;0.1;0.2;
2/2/2017 12:57:09 PM;4749;26.1;27.3;26.1;25.9;0.1;0.1;0.1;0.2;
2/2/2017 12:57:10 PM;4750;26.1;27.3;26.2;25.9;0.1;0.1;0.1;0.2;
2/2/2017 12:57:11 PM;4751;26.1;27.3;26.2;25.9;0.1;0.1;0.1;0.2;
2/2/2017 12:57:12 PM;4752;26.1;27.3;26.2;26.0;0.1;0.1;0.1;0.2;
2/2/2017 12:57:13 PM;4753;26.1;27.3;26.1;26.0;0.1;0.1;0.1;0.2;
2/2/2017 12:57:14 PM;4754;26.1;27.3;26.1;26.0;0.1;0.1;0.1;0.2;
2/2/2017 12:57:15 PM;4755;26.1;27.3;26.1;26.0;0.1;0.1;0.1;0.2;
2/2/2017 12:57:16 PM;4756;26.1;27.3;26.1;26.0;0.1;0.1;0.1;0.2;
2/2/2017 12:57:17 PM;4757;26.1;27.3;26.1;26.0;0.1;0.1;0.1;0.2;
2/2/2017 12:57:18 PM;4758;26.1;27.3;26.1;25.9;0.1;0.1;0.1;0.2;
2/2/2017 12:57:19 PM;4759;26.1;27.3;26.1;25.9;0.1;0.1;0.1;0.2;
2/2/2017 12:57:20 PM;4760;26.1;27.3;26.1;26.0;0.1;0.1;0.1;0.2;
2/2/2017 12:57:21 PM;4761;26.1;27.3;26.1;26.0;0.1;0.1;0.1;0.2;
2/2/2017 12:57:22 PM;4762;26.1;27.3;26.1;26.0;0.1;0.1;0.1;0.2;
2/2/2017 12:57:23 PM;4763;26.1;27.3;26.1;26.0;0.1;0.1;0.1;0.2;
2/2/2017 12:57:24 PM;4764;26.1;27.3;26.2;26.0;0.1;0.1;0.1;0.2;
2/2/2017 12:57:25 PM;4765;26.1;27.3;26.2;26.0;0.1;0.1;0.1;0.2;
2/2/2017 12:57:26 PM;4766;26.1;27.3;26.2;26.0;0.1;0.1;0.1;0.2;
2/2/2017 12:57:27 PM;4767;26.1;27.3;26.2;25.9;0.1;0.1;0.1;0.2;
2/2/2017 12:57:28 PM;4768;26.1;27.3;26.2;25.9;0.1;0.1;0.1;0.2;
2/2/2017 12:57:29 PM;4769;26.1;27.3;26.2;25.9;0.1;0.1;0.1;0.2;
2/2/2017 12:57:30 PM;4770;26.1;27.3;26.2;25.9;0.1;0.1;0.1;0.2;
2/2/2017 12:57:31 PM;4771;26.1;27.3;26.2;25.9;0.1;0.1;0.1;0.2;
2/2/2017 12:57:32 PM;4772;26.1;27.3;26.2;25.9;0.1;0.1;0.1;0.2;
2/2/2017 12:57:33 PM;4773;26.1;27.3;26.2;25.9;0.1;0.1;0.1;0.2;
2/2/2017 12:57:34 PM;4774;26.1;27.3;26.1;25.9;0.1;0.1;0.1;0.2;
2/2/2017 12:57:35 PM;4775;26.1;27.3;26.1;25.9;0.1;0.1;0.1;0.2;
2/2/2017 12:57:36 PM;4776;26.1;27.3;26.1;25.9;0.1;0.1;0.1;0.2;
2/2/2017 12:57:37 PM;4777;26.1;27.3;26.1;25.9;0.1;0.1;0.1;0.2;
2/2/2017 12:57:38 PM;4778;26.1;27.3;26.1;25.9;0.1;0.1;0.1;0.2;
2/2/2017 12:57:39 PM;4779;26.1;27.3;26.2;25.9;0.1;0.1;0.1;0.2;
2/2/2017 12:57:40 PM;4780;26.1;27.3;26.2;25.9;0.1;0.1;0.1;0.2;
2/2/2017 12:57:41 PM;4781;26.1;27.3;26.2;25.9;0.1;0.1;0.1;0.2;
2/2/2017 12:57:42 PM;4782;26.1;27.3;26.2;25.9;0.1;0.1;0.1;0.2;
2/2/2017 12:57:43 PM;4783;26.1;27.3;26.1;26.0;0.1;0.1;0.1;0.2;
2/2/2017 12:57:44 PM;4784;26.1;27.3;26.1;25.9;0.1;0.1;0.1;0.2;
2/2/2017 12:57:45 PM;4785;26.1;27.3;26.1;25.9;0.1;0.1;0.1;0.2;
2/2/2017 12:57:46 PM;4786;26.1;27.3;26.0;25.9;0.1;0.1;0.1;0.2;
2/2/2017 12:57:47 PM;4787;26.1;27.3;26.0;25.9;0.1;0.1;0.1;0.2;
2/2/2017 12:57:48 PM;4788;26.1;27.3;26.0;25.9;0.1;0.1;0.1;0.2;
2/2/2017 12:57:49 PM;4789;26.1;27.3;26.0;25.9;0.1;0.1;0.1;0.2;
2/2/2017 12:57:50 PM;4790;26.1;27.3;26.0;25.9;0.1;0.1;0.1;0.2;
2/2/2017 12:57:51 PM;4791;26.1;27.3;26.0;25.9;0.1;0.1;0.1;0.2;
2/2/2017 12:57:52 PM;4792;26.1;27.3;26.1;25.9;0.1;0.1;0.1;0.2;
2/2/2017 12:57:53 PM;4793;26.1;27.3;26.1;25.9;0.1;0.1;0.1;0.2;
2/2/2017 12:57:54 PM;4794;26.1;27.3;26.2;26.0;0.1;0.1;0.1;0.2;
2/2/2017 12:57:55 PM;4795;26.1;27.3;26.2;26.0;0.1;0.1;0.1;0.2;
2/2/2017 12:57:56 PM;4796;26.1;27.3;26.1;26.0;0.1;0.1;0.1;0.2;
2/2/2017 12:57:57 PM;4797;26.1;27.3;26.1;26.0;0.1;0.1;0.1;0.2;
2/2/2017 12:57:58 PM;4798;26.1;27.3;26.0;26.0;0.1;0.1;0.1;0.2;
2/2/2017 12:57:59 PM;4799;26.1;27.3;26.0;25.9;0.1;0.1;0.1;0.2;
2/2/2017 12:58:00 PM;4800;26.1;27.3;26.0;25.9;0.1;0.1;0.1;0.2;
2/2/2017 12:58:01 PM;4801;26.1;27.3;26.0;25.9;0.1;0.1;0.1;0.2;
2/2/2017 12:58:02 PM;4802;26.1;27.3;26.0;26.0;0.1;0.1;0.1;0.2;
2/2/2017 12:58:03 PM;4803;26.1;27.3;26.0;26.0;0.1;0.1;0.1;0.2;
2/2/2017 12:58:04 PM;4804;26.1;27.3;26.0;26.0;0.1;0.1;0.1;0.2;
2/2/2017 12:58:05 PM;4805;26.1;27.3;26.0;26.0;0.1;0.1;0.1;0.2;
2/2/2017 12:58:06 PM;4806;26.1;27.3;26.1;26.0;0.1;0.1;0.1;0.2;
2/2/2017 12:58:07 PM;4807;26.1;27.3;26.1;26.0;0.1;0.1;0.1;0.2;
2/2/2017 12:58:08 PM;4808;26.1;27.3;26.1;26.0;0.1;0.1;0.1;0.2;
2/2/2017 12:58:09 PM;4809;26.1;27.3;26.1;26.1;0.1;0.1;0.1;0.2;
2/2/2017 12:58:10 PM;4810;26.1;27.3;26.1;26.0;0.1;0.1;0.1;0.2;
2/2/2017 12:58:11 PM;4811;26.1;27.3;26.1;26.0;0.1;0.1;0.1;0.2;
2/2/2017 12:58:12 PM;4812;26.1;27.3;26.1;26.0;0.1;0.1;0.1;0.2;
2/2/2017 12:58:13 PM;4813;26.1;27.3;26.1;26.0;0.1;0.1;0.1;0.2;
2/2/2017 12:58:14 PM;4814;26.1;27.3;26.1;26.0;0.1;0.1;0.1;0.2;
2/2/2017 12:58:15 PM;4815;26.1;27.3;26.1;26.0;0.1;0.1;0.1;0.2;
2/2/2017 12:58:16 PM;4816;26.1;27.3;26.1;26.0;0.1;0.1;0.1;0.2;
2/2/2017 12:58:17 PM;4817;26.1;27.3;26.0;25.9;0.1;0.1;0.1;0.2;
2/2/2017 12:58:18 PM;4818;26.1;27.3;26.1;26.0;0.1;0.1;0.1;0.2;
2/2/2017 12:58:19 PM;4819;26.1;27.3;26.1;25.9;0.1;0.1;0.1;0.2;
2/2/2017 12:58:20 PM;4820;26.1;27.3;26.1;25.9;0.1;0.1;0.1;0.2;
2/2/2017 12:58:21 PM;4821;26.1;27.3;26.1;25.9;0.1;0.1;0.1;0.2;
2/2/2017 12:58:22 PM;4822;26.1;27.3;26.1;26.0;0.1;0.1;0.1;0.2;
2/2/2017 12:58:23 PM;4823;26.1;27.3;26.1;25.9;0.1;0.1;0.1;0.2;
2/2/2017 12:58:24 PM;4824;26.1;27.3;26.1;25.9;0.1;0.1;0.1;0.2;
2/2/2017 12:58:25 PM;4825;26.1;27.3;26.1;25.9;0.1;0.1;0.1;0.2;
2/2/2017 12:58:26 PM;4826;26.1;27.3;26.1;25.9;0.1;0.1;0.1;0.2;
2/2/2017 12:58:27 PM;4827;26.1;27.3;26.1;25.9;0.1;0.1;0.1;0.2;
2/2/2017 12:58:28 PM;4828;26.1;27.3;26.1;26.0;0.1;0.1;0.1;0.2;
2/2/2017 12:58:29 PM;4829;26.1;27.3;26.1;26.0;0.1;0.1;0.1;0.2;
2/2/2017 12:58:30 PM;4830;26.1;27.3;26.2;26.0;0.1;0.1;0.1;0.2;
2/2/2017 12:58:31 PM;4831;26.1;27.3;26.2;26.0;0.1;0.1;0.1;0.2;
2/2/2017 12:58:32 PM;4832;26.1;27.3;26.1;26.0;0.1;0.1;0.1;0.2;
2/2/2017 12:58:33 PM;4833;26.1;27.3;26.1;26.0;0.1;0.1;0.1;0.2;
2/2/2017 12:58:34 PM;4834;26.1;27.3;26.1;25.9;0.1;0.1;0.1;0.2;
2/2/2017 12:58:35 PM;4835;26.1;27.3;26.1;26.0;0.1;0.1;0.1;0.2;
2/2/2017 12:58:36 PM;4836;26.1;27.3;26.1;25.9;0.1;0.1;0.1;0.2;
2/2/2017 12:58:37 PM;4837;26.1;27.3;26.1;25.9;0.1;0.1;0.1;0.2;
2/2/2017 12:58:38 PM;4838;26.1;27.3;26.1;25.9;0.1;0.1;0.1;0.2;
2/2/2017 12:58:39 PM;4839;26.1;27.3;26.1;25.9;0.1;0.1;0.1;0.2;
2/2/2017 12:58:40 PM;4840;26.1;27.3;26.1;25.9;0.1;0.1;0.1;0.2;
2/2/2017 12:58:41 PM;4841;26.1;27.3;26.0;25.9;0.1;0.1;0.1;0.2;
2/2/2017 12:58:42 PM;4842;26.1;27.3;26.0;25.9;0.1;0.1;0.1;0.2;
2/2/2017 12:58:43 PM;4843;26.1;27.3;26.0;25.9;0.1;0.1;0.1;0.2;
2/2/2017 12:58:44 PM;4844;26.1;27.3;26.0;25.9;0.1;0.1;0.1;0.2;
2/2/2017 12:58:45 PM;4845;26.1;27.3;26.0;26.0;0.1;0.1;0.1;0.2;
2/2/2017 12:58:46 PM;4846;26.1;27.3;26.1;26.0;0.1;0.1;0.1;0.2;
2/2/2017 12:58:47 PM;4847;26.1;27.3;26.1;26.0;0.1;0.1;0.1;0.2;
2/2/2017 12:58:48 PM;4848;26.1;27.3;26.2;26.0;0.1;0.1;0.1;0.2;
2/2/2017 12:58:49 PM;4849;26.1;27.3;26.1;26.0;0.1;0.1;0.1;0.2;
2/2/2017 12:58:50 PM;4850;26.1;27.3;26.1;26.0;0.1;0.1;0.1;0.2;
2/2/2017 12:58:51 PM;4851;26.1;27.3;26.1;26.0;0.1;0.1;0.1;0.2;
2/2/2017 12:58:52 PM;4852;26.1;27.3;26.1;25.9;0.1;0.1;0.1;0.2;
2/2/2017 12:58:53 PM;4853;26.1;27.3;26.0;26.0;0.1;0.1;0.1;0.2;
2/2/2017 12:58:54 PM;4854;26.1;27.3;26.1;26.0;0.1;0.1;0.1;0.2;
2/2/2017 12:58:55 PM;4855;26.1;27.3;26.1;26.0;0.1;0.1;0.1;0.2;
2/2/2017 12:58:56 PM;4856;26.1;27.3;26.1;26.0;0.1;0.1;0.1;0.2;
2/2/2017 12:58:57 PM;4857;26.1;27.3;26.1;26.1;0.1;0.1;0.1;0.2;
2/2/2017 12:58:58 PM;4858;26.1;27.3;26.1;26.0;0.1;0.1;0.1;0.2;
2/2/2017 12:58:59 PM;4859;26.1;27.3;26.1;26.0;0.1;0.1;0.1;0.2;
2/2/2017 12:59:00 PM;4860;26.1;27.3;26.1;26.0;0.1;0.1;0.1;0.2;
2/2/2017 12:59:01 PM;4861;26.1;27.3;26.0;25.9;0.1;0.1;0.1;0.2;
2/2/2017 12:59:02 PM;4862;26.1;27.3;26.0;25.9;0.1;0.1;0.1;0.2;
2/2/2017 12:59:03 PM;4863;26.1;27.3;26.1;26.0;0.1;0.1;0.1;0.2;
2/2/2017 12:59:04 PM;4864;26.1;27.3;26.1;26.0;0.1;0.1;0.1;0.2;
2/2/2017 12:59:05 PM;4865;26.1;27.3;26.1;26.0;0.1;0.1;0.1;0.2;
2/2/2017 12:59:06 PM;4866;26.1;27.3;26.1;26.0;0.1;0.1;0.1;0.2;
2/2/2017 12:59:07 PM;4867;26.1;27.3;26.1;26.0;0.1;0.1;0.1;0.2;
2/2/2017 12:59:08 PM;4868;26.1;27.3;26.1;26.0;0.1;0.1;0.1;0.2;
2/2/2017 12:59:09 PM;4869;26.1;27.3;26.0;25.9;0.1;0.1;0.1;0.2;
2/2/2017 12:59:10 PM;4870;26.1;27.3;26.1;25.9;0.1;0.1;0.1;0.2;
2/2/2017 12:59:11 PM;4871;26.1;27.3;26.0;25.9;0.1;0.1;0.1;0.2;
2/2/2017 12:59:12 PM;4872;26.1;27.3;26.1;25.9;0.1;0.1;0.1;0.2;
2/2/2017 12:59:13 PM;4873;26.1;27.3;26.0;25.9;0.1;0.1;0.1;0.2;
2/2/2017 12:59:14 PM;4874;26.1;27.3;26.0;26.0;0.1;0.1;0.1;0.2;
2/2/2017 12:59:15 PM;4875;26.1;27.3;26.0;26.0;0.1;0.1;0.1;0.2;
2/2/2017 12:59:16 PM;4876;26.1;27.3;26.1;26.0;0.1;0.1;0.1;0.2;
2/2/2017 12:59:17 PM;4877;26.1;27.3;26.1;26.0;0.1;0.1;0.1;0.2;
2/2/2017 12:59:18 PM;4878;26.1;27.3;26.1;26.0;0.1;0.1;0.1;0.2;
2/2/2017 12:59:19 PM;4879;26.1;27.3;26.1;25.9;0.1;0.1;0.1;0.2;
2/2/2017 12:59:20 PM;4880;26.1;27.3;26.1;26.0;0.1;0.1;0.1;0.2;
2/2/2017 12:59:21 PM;4881;26.1;27.3;26.1;26.0;0.1;0.1;0.1;0.2;
2/2/2017 12:59:22 PM;4882;26.1;27.3;26.1;26.0;0.1;0.1;0.1;0.2;
2/2/2017 12:59:23 PM;4883;26.1;27.3;26.1;26.0;0.1;0.1;0.1;0.2;
2/2/2017 12:59:24 PM;4884;26.1;27.3;26.1;26.0;0.1;0.1;0.1;0.2;
2/2/2017 12:59:25 PM;4885;26.1;27.3;26.1;25.9;0.1;0.1;0.1;0.2;
2/2/2017 12:59:26 PM;4886;26.1;27.3;26.1;25.9;0.1;0.1;0.1;0.2;
2/2/2017 12:59:27 PM;4887;26.1;27.3;26.1;26.0;0.1;0.1;0.1;0.2;
2/2/2017 12:59:28 PM;4888;26.1;27.3;26.1;25.9;0.1;0.1;0.1;0.2;
2/2/2017 12:59:29 PM;4889;26.1;27.3;26.1;25.9;0.1;0.1;0.1;0.2;
2/2/2017 12:59:30 PM;4890;26.1;27.3;26.1;25.9;0.1;0.1;0.1;0.2;
2/2/2017 12:59:31 PM;4891;26.1;27.3;26.1;25.9;0.1;0.1;0.1;0.2;
2/2/2017 12:59:32 PM;4892;26.1;27.3;26.1;25.9;0.1;0.1;0.1;0.2;
2/2/2017 12:59:33 PM;4893;26.1;27.3;26.1;25.9;0.1;0.1;0.1;0.2;
2/2/2017 12:59:34 PM;4894;26.1;27.3;26.1;25.9;0.1;0.1;0.1;0.2;
2/2/2017 12:59:35 PM;4895;26.1;27.3;26.1;25.9;0.1;0.1;0.1;0.2;
2/2/2017 12:59:36 PM;4896;26.1;27.3;26.1;25.9;0.1;0.1;0.1;0.2;
2/2/2017 12:59:37 PM;4897;26.1;27.3;26.1;25.9;0.1;0.1;0.1;0.2;
2/2/2017 12:59:38 PM;4898;26.1;27.3;26.0;25.9;0.1;0.1;0.1;0.2;
2/2/2017 12:59:39 PM;4899;26.1;27.3;26.1;25.9;0.1;0.1;0.1;0.2;
2/2/2017 12:59:40 PM;4900;26.1;27.3;26.1;25.9;0.1;0.1;0.1;0.2;
2/2/2017 12:59:41 PM;4901;26.1;27.3;26.1;25.9;0.1;0.1;0.1;0.2;
2/2/2017 12:59:42 PM;4902;26.1;27.3;26.1;25.9;0.1;0.1;0.1;0.2;
2/2/2017 12:59:43 PM;4903;26.1;27.3;26.1;25.9;0.1;0.1;0.1;0.2;
2/2/2017 12:59:44 PM;4904;26.1;27.3;26.1;25.9;0.1;0.1;0.1;0.2;
2/2/2017 12:59:45 PM;4905;26.1;27.3;26.1;25.9;0.1;0.1;0.1;0.2;
2/2/2017 12:59:46 PM;4906;26.1;27.3;26.1;25.9;0.1;0.1;0.1;0.2;
2/2/2017 12:59:47 PM;4907;26.1;27.3;26.0;25.9;0.1;0.1;0.1;0.2;
2/2/2017 12:59:48 PM;4908;26.1;27.3;26.1;25.9;0.1;0.1;0.1;0.2;
2/2/2017 12:59:49 PM;4909;26.1;27.3;26.1;25.9;0.1;0.1;0.1;0.2;
2/2/2017 12:59:50 PM;4910;26.1;27.3;26.1;25.9;0.1;0.1;0.1;0.2;
2/2/2017 12:59:51 PM;4911;26.1;27.3;26.0;25.9;0.1;0.1;0.1;0.2;
2/2/2017 12:59:52 PM;4912;26.1;27.3;26.0;25.9;0.1;0.1;0.1;0.2;
2/2/2017 12:59:53 PM;4913;26.1;27.3;26.0;25.9;0.1;0.1;0.1;0.2;
2/2/2017 12:59:54 PM;4914;26.1;27.3;26.0;25.9;0.1;0.1;0.1;0.2;
2/2/2017 12:59:55 PM;4915;26.1;27.3;26.1;25.9;0.1;0.1;0.1;0.2;
2/2/2017 12:59:56 PM;4916;26.1;27.3;26.1;25.9;0.1;0.1;0.1;0.2;
2/2/2017 12:59:57 PM;4917;26.1;27.3;26.2;25.9;0.1;0.1;0.1;0.2;
2/2/2017 12:59:58 PM;4918;26.1;27.3;26.1;25.9;0.1;0.1;0.1;0.2;
2/2/2017 12:59:59 PM;4919;26.1;27.3;26.1;25.9;0.1;0.1;0.1;0.2;
2/2/2017 1:00:00 PM;4920;26.1;27.3;26.1;26.0;0.1;0.1;0.1;0.2;
2/2/2017 1:00:01 PM;4921;26.1;27.3;26.1;26.0;0.1;0.1;0.1;0.2;
2/2/2017 1:00:02 PM;4922;26.1;27.3;26.0;26.0;0.1;0.1;0.1;0.2;
2/2/2017 1:00:03 PM;4923;26.1;27.3;26.1;26.0;0.1;0.1;0.1;0.2;
2/2/2017 1:00:04 PM;4924;26.1;27.3;26.1;26.0;0.1;0.1;0.1;0.2;
2/2/2017 1:00:05 PM;4925;26.1;27.3;26.1;26.0;0.1;0.1;0.1;0.2;
2/2/2017 1:00:06 PM;4926;26.1;27.3;26.1;25.9;0.1;0.1;0.1;0.2;
2/2/2017 1:00:07 PM;4927;26.1;27.3;26.1;25.9;0.1;0.1;0.1;0.2;
2/2/2017 1:00:08 PM;4928;26.1;27.3;26.1;25.9;0.1;0.1;0.1;0.2;
2/2/2017 1:00:09 PM;4929;26.1;27.3;26.1;25.9;0.1;0.1;0.1;0.2;
2/2/2017 1:00:10 PM;4930;26.1;27.3;26.1;25.9;0.1;0.1;0.1;0.2;
2/2/2017 1:00:11 PM;4931;26.1;27.3;26.1;25.9;0.1;0.1;0.1;0.2;
2/2/2017 1:00:12 PM;4932;26.1;27.3;26.1;25.9;0.1;0.1;0.1;0.2;
2/2/2017 1:00:13 PM;4933;26.1;27.3;26.0;25.9;0.1;0.1;0.1;0.2;
2/2/2017 1:00:14 PM;4934;26.1;27.3;26.0;25.9;0.1;0.1;0.1;0.2;
2/2/2017 1:00:15 PM;4935;26.1;27.3;26.1;25.9;0.1;0.1;0.1;0.2;
2/2/2017 1:00:16 PM;4936;26.1;27.3;26.0;25.9;0.1;0.1;0.1;0.2;
2/2/2017 1:00:17 PM;4937;26.1;27.3;26.1;25.9;0.1;0.1;0.1;0.2;
2/2/2017 1:00:18 PM;4938;26.1;27.3;26.1;25.9;0.1;0.1;0.1;0.2;
2/2/2017 1:00:19 PM;4939;26.1;27.3;26.1;25.9;0.1;0.1;0.1;0.2;
2/2/2017 1:00:20 PM;4940;26.1;27.3;26.1;25.9;0.1;0.1;0.1;0.2;
2/2/2017 1:00:21 PM;4941;26.1;27.3;26.2;25.9;0.1;0.1;0.1;0.2;
2/2/2017 1:00:22 PM;4942;26.1;27.3;26.1;25.9;0.1;0.1;0.1;0.2;
2/2/2017 1:00:23 PM;4943;26.1;27.3;26.1;25.9;0.1;0.1;0.1;0.2;
2/2/2017 1:00:24 PM;4944;26.1;27.3;26.0;25.9;0.1;0.1;0.1;0.2;
2/2/2017 1:00:25 PM;4945;26.1;27.3;26.0;25.9;0.1;0.1;0.1;0.2;
2/2/2017 1:00:26 PM;4946;26.1;27.3;26.0;26.0;0.1;0.1;0.1;0.2;
2/2/2017 1:00:27 PM;4947;26.1;27.3;26.0;25.9;0.1;0.1;0.1;0.2;
2/2/2017 1:00:28 PM;4948;26.1;27.3;26.0;26.0;0.1;0.1;0.1;0.2;
2/2/2017 1:00:29 PM;4949;26.1;27.3;26.0;26.0;0.1;0.1;0.1;0.2;
2/2/2017 1:00:30 PM;4950;26.1;27.3;26.0;25.9;0.1;0.1;0.1;0.2;
2/2/2017 1:00:31 PM;4951;26.1;27.3;26.0;25.9;0.1;0.1;0.1;0.2;
2/2/2017 1:00:32 PM;4952;26.1;27.3;26.0;25.9;0.1;0.1;0.1;0.2;
2/2/2017 1:00:33 PM;4953;26.1;27.3;26.0;25.9;0.1;0.1;0.1;0.2;
2/2/2017 1:00:34 PM;4954;26.1;27.3;26.0;25.9;0.1;0.1;0.1;0.2;
2/2/2017 1:00:35 PM;4955;26.1;27.3;26.1;26.0;0.1;0.1;0.1;0.2;
2/2/2017 1:00:36 PM;4956;26.1;27.3;26.1;25.9;0.1;0.1;0.1;0.2;
2/2/2017 1:00:37 PM;4957;26.1;27.3;26.1;25.9;0.1;0.1;0.1;0.2;
2/2/2017 1:00:38 PM;4958;26.1;27.3;26.1;25.9;0.1;0.1;0.1;0.2;
2/2/2017 1:00:39 PM;4959;26.1;27.3;26.1;25.9;0.1;0.1;0.1;0.2;
2/2/2017 1:00:40 PM;4960;26.1;27.3;26.1;25.9;0.1;0.1;0.1;0.2;
2/2/2017 1:00:41 PM;4961;26.1;27.3;26.0;25.9;0.1;0.1;0.1;0.2;
2/2/2017 1:00:42 PM;4962;26.1;27.3;26.0;25.9;0.1;0.1;0.1;0.2;
2/2/2017 1:00:43 PM;4963;26.1;27.3;26.0;25.9;0.1;0.1;0.1;0.2;
2/2/2017 1:00:44 PM;4964;26.1;27.3;26.0;25.9;0.1;0.1;0.1;0.2;
2/2/2017 1:00:45 PM;4965;26.1;27.3;26.0;25.9;0.1;0.1;0.1;0.2;
2/2/2017 1:00:46 PM;4966;26.1;27.3;26.1;25.9;0.1;0.1;0.1;0.2;
2/2/2017 1:00:47 PM;4967;26.1;27.3;26.1;25.9;0.1;0.1;0.1;0.2;
2/2/2017 1:00:48 PM;4968;26.1;27.3;26.2;25.9;0.1;0.1;0.1;0.2;
2/2/2017 1:00:49 PM;4969;26.1;27.3;26.1;25.9;0.1;0.1;0.1;0.2;
2/2/2017 1:00:50 PM;4970;26.1;27.3;26.1;25.9;0.1;0.1;0.1;0.2;
2/2/2017 1:00:51 PM;4971;26.1;27.3;26.1;25.9;0.1;0.1;0.1;0.2;
2/2/2017 1:00:52 PM;4972;26.1;27.3;26.1;25.9;0.1;0.1;0.1;0.2;
2/2/2017 1:00:53 PM;4973;26.1;27.3;26.0;25.9;0.1;0.1;0.1;0.2;
2/2/2017 1:00:54 PM;4974;26.1;27.3;26.1;25.9;0.1;0.1;0.1;0.2;
2/2/2017 1:00:55 PM;4975;26.1;27.3;26.1;25.9;0.1;0.1;0.1;0.2;
2/2/2017 1:00:56 PM;4976;26.1;27.3;26.0;25.9;0.1;0.1;0.1;0.2;
2/2/2017 1:00:57 PM;4977;26.1;27.3;26.1;25.9;0.1;0.1;0.1;0.2;
2/2/2017 1:00:58 PM;4978;26.1;27.3;26.1;25.9;0.1;0.1;0.1;0.2;
2/2/2017 1:00:59 PM;4979;26.1;27.3;26.1;25.9;0.1;0.1;0.1;0.2;
2/2/2017 1:01:00 PM;4980;26.1;27.3;26.1;25.9;0.1;0.1;0.1;0.2;
2/2/2017 1:01:01 PM;4981;26.1;27.3;26.1;25.9;0.1;0.1;0.1;0.2;
2/2/2017 1:01:02 PM;4982;26.1;27.3;26.0;25.9;0.1;0.1;0.1;0.2;
2/2/2017 1:01:03 PM;4983;26.1;27.3;26.0;25.9;0.1;0.1;0.1;0.2;
2/2/2017 1:01:04 PM;4984;26.1;27.3;26.0;25.9;0.1;0.1;0.1;0.2;
2/2/2017 1:01:05 PM;4985;26.1;27.3;26.0;25.9;0.1;0.1;0.1;0.2;
2/2/2017 1:01:06 PM;4986;26.1;27.3;26.0;25.9;0.1;0.1;0.1;0.2;
2/2/2017 1:01:07 PM;4987;26.1;27.3;26.0;25.9;0.1;0.1;0.1;0.2;
2/2/2017 1:01:08 PM;4988;26.1;27.3;26.0;25.9;0.1;0.1;0.1;0.2;
2/2/2017 1:01:09 PM;4989;26.1;27.3;26.1;25.9;0.1;0.1;0.1;0.2;
2/2/2017 1:01:10 PM;4990;26.1;27.3;26.0;25.9;0.1;0.1;0.1;0.2;
2/2/2017 1:01:11 PM;4991;26.1;27.3;26.0;25.9;0.1;0.1;0.1;0.2;
2/2/2017 1:01:12 PM;4992;26.1;27.3;26.0;26.0;0.1;0.1;0.1;0.2;
2/2/2017 1:01:13 PM;4993;26.1;27.3;26.1;26.0;0.1;0.1;0.1;0.2;
2/2/2017 1:01:14 PM;4994;26.1;27.3;26.1;25.9;0.1;0.1;0.1;0.2;
2/2/2017 1:01:15 PM;4995;26.1;27.3;26.1;25.9;0.1;0.1;0.1;0.2;
2/2/2017 1:01:16 PM;4996;26.1;27.3;26.1;25.9;0.1;0.1;0.1;0.2;
2/2/2017 1:01:17 PM;4997;26.1;27.3;26.1;25.9;0.1;0.1;0.1;0.2;
2/2/2017 1:01:18 PM;4998;26.1;27.3;26.0;25.9;0.1;0.1;0.1;0.2;
2/2/2017 1:01:19 PM;4999;26.1;27.3;26.0;25.9;0.1;0.1;0.1;0.2;
2/2/2017 1:01:20 PM;5000;26.1;27.3;26.0;25.9;0.1;0.1;0.1;0.2;
2/2/2017 1:01:21 PM;5001;26.1;27.3;26.0;25.9;0.1;0.1;0.1;0.2;
2/2/2017 1:01:22 PM;5002;26.1;27.3;26.0;25.9;0.1;0.1;0.1;0.2;
2/2/2017 1:01:23 PM;5003;26.1;27.3;26.0;25.9;0.1;0.1;0.1;0.2;
2/2/2017 1:01:24 PM;5004;26.1;27.3;26.0;25.9;0.1;0.1;0.1;0.2;
2/2/2017 1:01:25 PM;5005;26.1;27.3;26.0;25.9;0.1;0.1;0.1;0.2;
2/2/2017 1:01:26 PM;5006;26.1;27.3;26.0;25.9;0.1;0.1;0.1;0.2;
2/2/2017 1:01:27 PM;5007;26.1;27.3;26.0;25.9;0.1;0.1;0.1;0.2;
2/2/2017 1:01:28 PM;5008;26.1;27.3;26.0;25.9;0.1;0.1;0.1;0.2;
2/2/2017 1:01:29 PM;5009;26.1;27.3;26.0;25.9;0.1;0.1;0.1;0.2;
2/2/2017 1:01:30 PM;5010;26.1;27.3;26.1;25.9;0.1;0.1;0.1;0.2;
2/2/2017 1:01:31 PM;5011;26.1;27.3;26.1;25.9;0.1;0.1;0.1;0.2;
2/2/2017 1:01:32 PM;5012;26.1;27.3;26.1;25.9;0.1;0.1;0.1;0.2;
2/2/2017 1:01:33 PM;5013;26.1;27.3;26.1;25.9;0.1;0.1;0.1;0.2;
2/2/2017 1:01:34 PM;5014;26.1;27.3;26.0;25.9;0.1;0.1;0.1;0.2;
2/2/2017 1:01:35 PM;5015;26.1;27.3;26.0;25.9;0.1;0.1;0.1;0.2;
2/2/2017 1:01:36 PM;5016;26.1;27.3;26.1;25.9;0.1;0.1;0.1;0.2;
2/2/2017 1:01:37 PM;5017;26.1;27.3;26.1;25.9;0.1;0.1;0.1;0.2;
2/2/2017 1:01:38 PM;5018;26.1;27.3;26.0;25.9;0.1;0.1;0.1;0.2;
2/2/2017 1:01:39 PM;5019;26.1;27.3;26.0;25.9;0.1;0.1;0.1;0.2;
2/2/2017 1:01:40 PM;5020;26.1;27.3;26.0;25.9;0.1;0.1;0.1;0.2;
2/2/2017 1:01:41 PM;5021;26.1;27.3;26.0;25.9;0.1;0.1;0.1;0.2;
2/2/2017 1:01:42 PM;5022;26.1;27.3;26.0;25.9;0.1;0.1;0.1;0.2;
2/2/2017 1:01:43 PM;5023;26.1;27.3;26.1;26.0;0.1;0.1;0.1;0.2;
2/2/2017 1:01:44 PM;5024;26.1;27.3;26.1;25.9;0.1;0.1;0.1;0.2;
2/2/2017 1:01:45 PM;5025;26.1;27.3;26.0;26.0;0.1;0.1;0.1;0.2;
2/2/2017 1:01:46 PM;5026;26.1;27.3;26.0;26.0;0.1;0.1;0.1;0.2;
2/2/2017 1:01:47 PM;5027;26.1;27.3;26.0;26.0;0.1;0.1;0.1;0.2;
2/2/2017 1:01:48 PM;5028;26.1;27.3;26.0;26.0;0.1;0.1;0.1;0.2;
2/2/2017 1:01:49 PM;5029;26.1;27.3;26.0;26.0;0.1;0.1;0.1;0.2;
2/2/2017 1:01:50 PM;5030;26.1;27.3;26.1;25.9;0.1;0.1;0.1;0.2;
2/2/2017 1:01:51 PM;5031;26.1;27.3;26.1;25.9;0.1;0.1;0.1;0.2;
2/2/2017 1:01:52 PM;5032;26.1;27.3;26.0;25.9;0.1;0.1;0.1;0.2;
2/2/2017 1:01:53 PM;5033;26.1;27.3;26.1;25.9;0.1;0.1;0.1;0.2;
2/2/2017 1:01:54 PM;5034;26.1;27.3;26.0;25.9;0.1;0.1;0.1;0.2;
2/2/2017 1:01:55 PM;5035;26.1;27.3;26.0;26.0;0.1;0.1;0.1;0.2;
2/2/2017 1:01:56 PM;5036;26.1;27.3;26.1;25.9;0.1;0.1;0.1;0.2;
2/2/2017 1:01:57 PM;5037;26.1;27.3;26.1;25.9;0.1;0.1;0.1;0.2;
2/2/2017 1:01:58 PM;5038;26.1;27.3;26.0;25.9;0.1;0.1;0.1;0.2;
2/2/2017 1:01:59 PM;5039;26.1;27.3;26.0;25.9;0.1;0.1;0.1;0.2;
2/2/2017 1:02:00 PM;5040;26.1;27.3;26.0;25.9;0.1;0.1;0.1;0.2;
2/2/2017 1:02:01 PM;5041;26.1;27.3;26.0;25.9;0.1;0.1;0.1;0.2;
2/2/2017 1:02:02 PM;5042;26.1;27.3;26.0;25.9;0.1;0.1;0.1;0.2;
2/2/2017 1:02:03 PM;5043;26.1;27.3;26.0;25.9;0.1;0.1;0.1;0.2;
2/2/2017 1:02:04 PM;5044;26.1;27.3;26.0;25.9;0.1;0.1;0.1;0.2;
2/2/2017 1:02:05 PM;5045;26.1;27.3;26.0;25.9;0.1;0.1;0.1;0.2;
2/2/2017 1:02:06 PM;5046;26.1;27.3;26.0;25.9;0.1;0.1;0.1;0.2;
2/2/2017 1:02:07 PM;5047;26.1;27.3;26.0;25.9;0.1;0.1;0.1;0.2;
2/2/2017 1:02:08 PM;5048;26.1;27.3;26.0;25.9;0.1;0.1;0.1;0.2;
2/2/2017 1:02:09 PM;5049;26.1;27.3;26.0;25.9;0.1;0.1;0.1;0.2;
2/2/2017 1:02:10 PM;5050;26.1;27.3;26.0;25.9;0.1;0.1;0.1;0.2;
2/2/2017 1:02:11 PM;5051;26.1;27.3;26.0;25.9;0.1;0.1;0.1;0.2;
2/2/2017 1:02:12 PM;5052;26.1;27.3;26.0;25.9;0.1;0.1;0.1;0.2;
2/2/2017 1:02:13 PM;5053;26.1;27.3;26.0;25.9;0.1;0.1;0.1;0.2;
2/2/2017 1:02:14 PM;5054;26.1;27.3;26.0;25.9;0.1;0.1;0.1;0.2;
2/2/2017 1:02:15 PM;5055;26.1;27.3;26.0;25.9;0.1;0.1;0.1;0.2;
2/2/2017 1:02:16 PM;5056;26.1;27.3;26.0;25.9;0.1;0.1;0.1;0.2;
2/2/2017 1:02:17 PM;5057;26.1;27.3;26.0;25.9;0.1;0.1;0.1;0.2;
2/2/2017 1:02:18 PM;5058;26.1;27.3;26.1;25.9;0.1;0.1;0.1;0.2;
2/2/2017 1:02:19 PM;5059;26.1;27.3;26.0;25.9;0.1;0.1;0.1;0.2;
2/2/2017 1:02:20 PM;5060;26.1;27.3;26.0;25.9;0.1;0.1;0.1;0.2;
2/2/2017 1:02:21 PM;5061;26.1;27.3;26.0;25.9;0.1;0.1;0.1;0.2;
2/2/2017 1:02:22 PM;5062;26.1;27.3;26.0;25.9;0.1;0.1;0.1;0.2;
2/2/2017 1:02:23 PM;5063;26.1;27.3;26.0;25.9;0.1;0.1;0.1;0.2;
2/2/2017 1:02:24 PM;5064;26.1;27.3;26.0;25.9;0.1;0.1;0.1;0.2;
2/2/2017 1:02:25 PM;5065;26.1;27.3;26.0;25.9;0.1;0.1;0.1;0.2;
2/2/2017 1:02:26 PM;5066;26.1;27.3;26.0;25.9;0.1;0.1;0.1;0.2;
2/2/2017 1:02:27 PM;5067;26.1;27.3;26.0;25.9;0.1;0.1;0.1;0.2;
2/2/2017 1:02:28 PM;5068;26.1;27.3;26.0;25.9;0.1;0.1;0.1;0.2;
2/2/2017 1:02:29 PM;5069;26.1;27.3;26.0;25.9;0.1;0.1;0.1;0.2;
2/2/2017 1:02:30 PM;5070;26.1;27.3;26.0;25.9;0.1;0.1;0.1;0.2;
2/2/2017 1:02:31 PM;5071;26.1;27.3;26.1;25.9;0.1;0.1;0.1;0.2;
2/2/2017 1:02:32 PM;5072;26.1;27.3;26.0;25.9;0.1;0.1;0.1;0.2;
2/2/2017 1:02:33 PM;5073;26.1;27.3;26.0;25.9;0.1;0.1;0.1;0.2;
2/2/2017 1:02:34 PM;5074;26.1;27.3;26.0;25.9;0.1;0.1;0.1;0.2;
2/2/2017 1:02:35 PM;5075;26.1;27.3;26.0;25.9;0.1;0.1;0.1;0.2;
2/2/2017 1:02:36 PM;5076;26.1;27.3;26.0;25.9;0.1;0.1;0.1;0.2;
2/2/2017 1:02:37 PM;5077;26.1;27.3;26.0;25.9;0.1;0.1;0.1;0.2;
2/2/2017 1:02:38 PM;5078;26.1;27.3;26.0;25.9;0.1;0.1;0.1;0.2;
2/2/2017 1:02:39 PM;5079;26.1;27.3;26.0;25.9;0.1;0.1;0.1;0.2;
2/2/2017 1:02:40 PM;5080;26.1;27.3;26.1;25.9;0.1;0.1;0.1;0.2;
2/2/2017 1:02:41 PM;5081;26.1;27.3;26.1;25.9;0.1;0.1;0.1;0.2;
2/2/2017 1:02:42 PM;5082;26.1;27.3;26.0;25.9;0.1;0.1;0.1;0.2;
2/2/2017 1:02:43 PM;5083;26.1;27.3;26.0;25.9;0.1;0.1;0.1;0.2;
2/2/2017 1:02:44 PM;5084;26.1;27.3;26.0;25.9;0.1;0.1;0.1;0.2;
2/2/2017 1:02:45 PM;5085;26.1;27.3;26.0;25.9;0.1;0.1;0.1;0.2;
2/2/2017 1:02:46 PM;5086;26.1;27.3;26.0;25.9;0.1;0.1;0.1;0.2;
2/2/2017 1:02:47 PM;5087;26.1;27.3;26.0;25.9;0.1;0.1;0.1;0.2;
2/2/2017 1:02:48 PM;5088;26.1;27.3;26.0;25.9;0.1;0.1;0.1;0.2;
2/2/2017 1:02:49 PM;5089;26.1;27.3;26.0;25.9;0.1;0.1;0.1;0.2;
2/2/2017 1:02:50 PM;5090;26.1;27.3;26.1;25.9;0.1;0.1;0.1;0.2;
2/2/2017 1:02:51 PM;5091;26.1;27.3;26.1;25.9;0.1;0.1;0.1;0.2;
2/2/2017 1:02:52 PM;5092;26.1;27.3;26.0;25.9;0.1;0.1;0.1;0.2;
2/2/2017 1:02:53 PM;5093;26.1;27.3;26.0;25.9;0.1;0.1;0.1;0.2;
2/2/2017 1:02:54 PM;5094;26.1;27.3;26.0;25.9;0.1;0.1;0.1;0.2;
2/2/2017 1:02:55 PM;5095;26.1;27.3;26.0;25.9;0.1;0.1;0.1;0.2;
2/2/2017 1:02:56 PM;5096;26.1;27.3;26.0;25.9;0.1;0.1;0.1;0.2;
2/2/2017 1:02:57 PM;5097;26.1;27.3;26.0;25.9;0.1;0.1;0.1;0.2;
2/2/2017 1:02:58 PM;5098;26.1;27.3;26.0;25.9;0.1;0.1;0.1;0.2;
2/2/2017 1:02:59 PM;5099;26.1;27.3;26.0;25.9;0.1;0.1;0.1;0.2;
2/2/2017 1:03:00 PM;5100;26.1;27.3;26.0;25.9;0.1;0.1;0.1;0.2;
2/2/2017 1:03:01 PM;5101;26.1;27.3;26.0;25.9;0.1;0.1;0.1;0.2;
2/2/2017 1:03:02 PM;5102;26.1;27.3;26.0;25.9;0.1;0.1;0.1;0.2;
2/2/2017 1:03:03 PM;5103;26.1;27.3;26.0;25.9;0.1;0.1;0.1;0.2;
2/2/2017 1:03:04 PM;5104;26.1;27.3;26.0;25.9;0.1;0.1;0.1;0.2;
2/2/2017 1:03:05 PM;5105;26.1;27.3;26.0;25.9;0.1;0.1;0.1;0.2;
2/2/2017 1:03:06 PM;5106;26.1;27.3;26.0;25.9;0.1;0.1;0.1;0.2;
2/2/2017 1:03:07 PM;5107;26.1;27.3;26.1;25.9;0.1;0.1;0.1;0.2;
2/2/2017 1:03:08 PM;5108;26.1;27.3;26.1;25.9;0.1;0.1;0.1;0.2;
2/2/2017 1:03:09 PM;5109;26.1;27.3;26.1;25.9;0.1;0.1;0.1;0.2;
2/2/2017 1:03:10 PM;5110;26.1;27.3;26.0;25.9;0.1;0.1;0.1;0.2;
2/2/2017 1:03:11 PM;5111;26.1;27.3;26.0;25.9;0.1;0.1;0.1;0.2;
2/2/2017 1:03:12 PM;5112;26.1;27.3;26.0;25.9;0.1;0.1;0.1;0.2;
2/2/2017 1:03:13 PM;5113;26.1;27.3;26.0;25.9;0.1;0.1;0.1;0.2;
2/2/2017 1:03:14 PM;5114;26.1;27.3;26.0;25.9;0.1;0.1;0.1;0.2;
2/2/2017 1:03:15 PM;5115;26.1;27.3;26.0;25.9;0.1;0.1;0.1;0.2;
2/2/2017 1:03:16 PM;5116;26.1;27.3;26.0;25.9;0.1;0.1;0.1;0.2;
2/2/2017 1:03:17 PM;5117;26.1;27.3;26.0;25.9;0.1;0.1;0.1;0.2;
2/2/2017 1:03:18 PM;5118;26.1;27.3;26.0;25.9;0.1;0.1;0.1;0.2;
2/2/2017 1:03:19 PM;5119;26.1;27.3;26.0;25.9;0.1;0.1;0.1;0.2;
2/2/2017 1:03:20 PM;5120;26.1;27.3;26.0;25.9;0.1;0.1;0.1;0.2;
2/2/2017 1:03:21 PM;5121;26.1;27.3;26.0;25.9;0.1;0.1;0.1;0.2;
2/2/2017 1:03:22 PM;5122;26.1;27.3;26.0;25.9;0.1;0.1;0.1;0.2;
2/2/2017 1:03:23 PM;5123;26.1;27.3;26.0;25.9;0.1;0.1;0.1;0.2;
2/2/2017 1:03:24 PM;5124;26.1;27.3;26.0;25.9;0.1;0.1;0.1;0.2;
2/2/2017 1:03:25 PM;5125;26.1;27.3;26.0;25.9;0.1;0.1;0.1;0.2;
2/2/2017 1:03:26 PM;5126;26.1;27.3;26.0;25.9;0.1;0.1;0.1;0.2;
2/2/2017 1:03:27 PM;5127;26.1;27.3;26.0;25.9;0.1;0.1;0.1;0.2;
2/2/2017 1:03:28 PM;5128;26.1;27.3;26.0;25.9;0.1;0.1;0.1;0.2;
2/2/2017 1:03:29 PM;5129;26.1;27.3;26.0;25.9;0.1;0.1;0.1;0.2;
2/2/2017 1:03:30 PM;5130;26.1;27.3;26.0;25.9;0.1;0.1;0.1;0.2;
2/2/2017 1:03:31 PM;5131;26.1;27.3;26.0;25.9;0.1;0.1;0.1;0.2;
2/2/2017 1:03:32 PM;5132;26.1;27.3;26.0;25.9;0.1;0.1;0.1;0.2;
2/2/2017 1:03:33 PM;5133;26.1;27.3;26.0;25.9;0.1;0.1;0.1;0.2;
2/2/2017 1:03:34 PM;5134;26.1;27.3;26.0;25.9;0.1;0.1;0.1;0.2;
2/2/2017 1:03:35 PM;5135;26.1;27.3;26.0;25.9;0.1;0.1;0.1;0.2;
2/2/2017 1:03:36 PM;5136;26.1;27.3;26.0;25.9;0.1;0.1;0.1;0.2;
2/2/2017 1:03:37 PM;5137;26.1;27.3;26.0;25.9;0.1;0.1;0.1;0.2;
2/2/2017 1:03:38 PM;5138;26.1;27.3;26.0;25.9;0.1;0.1;0.1;0.2;
2/2/2017 1:03:39 PM;5139;26.1;27.3;26.0;25.9;0.1;0.1;0.1;0.2;
2/2/2017 1:03:40 PM;5140;26.1;27.3;26.0;25.9;0.1;0.1;0.1;0.2;
2/2/2017 1:03:41 PM;5141;26.1;27.3;26.0;25.9;0.1;0.1;0.1;0.2;
2/2/2017 1:03:42 PM;5142;26.1;27.3;26.0;25.9;0.1;0.1;0.1;0.2;
2/2/2017 1:03:43 PM;5143;26.1;27.3;26.0;25.9;0.1;0.1;0.1;0.2;
2/2/2017 1:03:44 PM;5144;26.1;27.3;26.0;25.9;0.1;0.1;0.1;0.2;
2/2/2017 1:03:45 PM;5145;26.1;27.3;26.0;25.9;0.1;0.1;0.1;0.2;
2/2/2017 1:03:46 PM;5146;26.1;27.3;26.0;25.9;0.1;0.1;0.1;0.2;
2/2/2017 1:03:47 PM;5147;26.1;27.3;26.0;25.9;0.1;0.1;0.1;0.2;
2/2/2017 1:03:48 PM;5148;26.1;27.3;26.0;25.9;0.1;0.1;0.1;0.2;
2/2/2017 1:03:49 PM;5149;26.1;27.3;26.0;25.9;0.1;0.1;0.1;0.2;
2/2/2017 1:03:50 PM;5150;26.1;27.3;26.0;25.9;0.1;0.1;0.1;0.2;
2/2/2017 1:03:51 PM;5151;26.1;27.3;26.0;25.9;0.1;0.1;0.1;0.2;
2/2/2017 1:03:52 PM;5152;26.1;27.3;26.0;25.9;0.1;0.1;0.1;0.2;
2/2/2017 1:03:53 PM;5153;26.1;27.3;26.0;25.9;0.1;0.1;0.1;0.2;
2/2/2017 1:03:54 PM;5154;26.1;27.3;26.0;25.9;0.1;0.1;0.1;0.2;
2/2/2017 1:03:55 PM;5155;26.1;27.3;26.0;25.9;0.1;0.1;0.1;0.2;
2/2/2017 1:03:56 PM;5156;26.1;27.3;26.0;25.9;0.1;0.1;0.1;0.2;
2/2/2017 1:03:57 PM;5157;26.1;27.3;26.0;25.9;0.1;0.1;0.1;0.2;
2/2/2017 1:03:58 PM;5158;26.1;27.3;26.0;25.9;0.1;0.1;0.1;0.2;
2/2/2017 1:03:59 PM;5159;26.1;27.3;26.0;25.9;0.1;0.1;0.1;0.2;
2/2/2017 1:04:00 PM;5160;26.1;27.3;26.0;25.9;0.1;0.1;0.1;0.2;
2/2/2017 1:04:01 PM;5161;26.1;27.3;26.0;25.9;0.1;0.1;0.1;0.2;
2/2/2017 1:04:02 PM;5162;26.1;27.3;26.0;25.9;0.1;0.1;0.1;0.2;
2/2/2017 1:04:03 PM;5163;26.1;27.3;26.0;25.9;0.1;0.1;0.1;0.2;
2/2/2017 1:04:04 PM;5164;26.1;27.3;26.0;25.9;0.1;0.1;0.1;0.2;
2/2/2017 1:04:05 PM;5165;26.1;27.3;26.0;25.9;0.1;0.1;0.1;0.2;
2/2/2017 1:04:06 PM;5166;26.1;27.3;26.0;25.9;0.1;0.1;0.1;0.2;
2/2/2017 1:04:07 PM;5167;26.1;27.3;26.0;25.9;0.1;0.1;0.1;0.2;
2/2/2017 1:04:08 PM;5168;26.1;27.3;26.0;25.9;0.1;0.1;0.1;0.2;
2/2/2017 1:04:09 PM;5169;26.1;27.3;26.0;25.9;0.1;0.1;0.1;0.2;
2/2/2017 1:04:10 PM;5170;26.1;27.3;26.0;25.9;0.1;0.1;0.1;0.2;
2/2/2017 1:04:11 PM;5171;26.1;27.3;26.0;25.9;0.1;0.1;0.1;0.2;
2/2/2017 1:04:12 PM;5172;26.1;27.3;26.0;25.9;0.1;0.1;0.1;0.2;
2/2/2017 1:04:13 PM;5173;26.1;27.3;26.0;25.9;0.1;0.1;0.1;0.2;
2/2/2017 1:04:14 PM;5174;26.1;27.3;26.0;25.9;0.1;0.1;0.1;0.2;
2/2/2017 1:04:15 PM;5175;26.1;27.3;26.0;25.9;0.1;0.1;0.1;0.2;
2/2/2017 1:04:16 PM;5176;26.1;27.3;26.0;25.9;0.1;0.1;0.1;0.2;
2/2/2017 1:04:17 PM;5177;26.1;27.3;26.0;25.9;0.1;0.1;0.1;0.2;
2/2/2017 1:04:18 PM;5178;26.1;27.3;26.0;25.9;0.1;0.1;0.1;0.2;
2/2/2017 1:04:19 PM;5179;26.1;27.3;26.0;25.9;0.1;0.1;0.1;0.2;
2/2/2017 1:04:20 PM;5180;26.1;27.3;26.0;25.9;0.1;0.1;0.1;0.2;
2/2/2017 1:04:21 PM;5181;26.1;27.3;26.0;25.9;0.1;0.1;0.1;0.2;
2/2/2017 1:04:22 PM;5182;26.1;27.3;26.0;25.9;0.1;0.1;0.1;0.2;
2/2/2017 1:04:23 PM;5183;26.1;27.3;26.0;25.9;0.1;0.1;0.1;0.2;
2/2/2017 1:04:24 PM;5184;26.1;27.3;26.0;25.9;0.1;0.1;0.1;0.2;
2/2/2017 1:04:25 PM;5185;26.1;27.3;26.0;25.9;0.1;0.1;0.1;0.2;
2/2/2017 1:04:26 PM;5186;26.1;27.3;26.0;25.9;0.1;0.1;0.1;0.2;
2/2/2017 1:04:27 PM;5187;26.1;27.3;26.0;25.9;0.1;0.1;0.1;0.2;
2/2/2017 1:04:28 PM;5188;26.1;27.3;26.0;25.9;0.1;0.1;0.1;0.2;
2/2/2017 1:04:29 PM;5189;26.1;27.3;26.1;25.9;0.1;0.1;0.1;0.2;
2/2/2017 1:04:30 PM;5190;26.1;27.3;26.0;25.9;0.1;0.1;0.1;0.2;
2/2/2017 1:04:31 PM;5191;26.1;27.3;26.1;25.9;0.1;0.1;0.1;0.2;
2/2/2017 1:04:32 PM;5192;26.1;27.3;26.1;25.9;0.1;0.1;0.1;0.2;
2/2/2017 1:04:33 PM;5193;26.1;27.3;26.0;25.9;0.1;0.1;0.1;0.2;
2/2/2017 1:04:34 PM;5194;26.1;27.3;26.0;25.9;0.1;0.1;0.1;0.2;
2/2/2017 1:04:35 PM;5195;26.1;27.3;26.0;25.9;0.1;0.1;0.1;0.2;
2/2/2017 1:04:36 PM;5196;26.1;27.3;26.0;25.9;0.1;0.1;0.1;0.2;
2/2/2017 1:04:37 PM;5197;26.1;27.3;26.0;25.9;0.1;0.1;0.1;0.2;
2/2/2017 1:04:38 PM;5198;26.1;27.3;26.0;25.9;0.1;0.1;0.1;0.2;
2/2/2017 1:04:39 PM;5199;26.1;27.3;26.0;25.9;0.1;0.1;0.1;0.2;
2/2/2017 1:04:40 PM;5200;26.1;27.3;26.0;25.9;0.1;0.1;0.1;0.2;
2/2/2017 1:04:41 PM;5201;26.1;27.3;26.0;25.9;0.1;0.1;0.1;0.2;
2/2/2017 1:04:42 PM;5202;26.1;27.3;26.0;25.9;0.1;0.1;0.1;0.2;
2/2/2017 1:04:43 PM;5203;26.1;27.3;26.0;25.9;0.1;0.1;0.1;0.2;
2/2/2017 1:04:44 PM;5204;26.1;27.3;26.0;25.9;0.1;0.1;0.1;0.2;
2/2/2017 1:04:45 PM;5205;26.1;27.3;26.0;25.9;0.1;0.1;0.1;0.2;
2/2/2017 1:04:46 PM;5206;26.1;27.3;26.0;25.9;0.1;0.1;0.1;0.2;
2/2/2017 1:04:47 PM;5207;26.1;27.3;26.0;25.9;0.1;0.1;0.1;0.2;
2/2/2017 1:04:48 PM;5208;26.1;27.3;26.0;25.9;0.1;0.1;0.1;0.2;
2/2/2017 1:04:49 PM;5209;26.1;27.3;26.0;25.9;0.1;0.1;0.1;0.2;
2/2/2017 1:04:50 PM;5210;26.1;27.3;26.0;25.9;0.1;0.1;0.1;0.2;
2/2/2017 1:04:51 PM;5211;26.1;27.3;26.0;25.9;0.1;0.1;0.1;0.2;
2/2/2017 1:04:52 PM;5212;26.1;27.3;26.0;25.9;0.1;0.1;0.1;0.2;
2/2/2017 1:04:53 PM;5213;26.1;27.3;26.0;25.9;0.1;0.1;0.1;0.2;
2/2/2017 1:04:54 PM;5214;26.1;27.3;26.0;25.9;0.1;0.1;0.1;0.2;
2/2/2017 1:04:55 PM;5215;26.1;27.3;26.0;25.9;0.1;0.1;0.1;0.2;
2/2/2017 1:04:56 PM;5216;26.1;27.3;26.0;25.9;0.1;0.1;0.1;0.2;
2/2/2017 1:04:57 PM;5217;26.1;27.3;26.0;25.9;0.1;0.1;0.1;0.2;
2/2/2017 1:04:58 PM;5218;26.1;27.3;26.0;25.9;0.1;0.1;0.1;0.2;
2/2/2017 1:04:59 PM;5219;26.1;27.3;26.0;25.9;0.1;0.1;0.1;0.2;
2/2/2017 1:05:00 PM;5220;26.1;27.3;26.0;25.9;0.1;0.1;0.1;0.2;
2/2/2017 1:05:01 PM;5221;26.1;27.3;26.0;25.9;0.1;0.1;0.1;0.2;
2/2/2017 1:05:02 PM;5222;26.1;27.3;26.0;25.9;0.1;0.1;0.1;0.2;
2/2/2017 1:05:03 PM;5223;26.1;27.3;26.0;25.9;0.1;0.1;0.1;0.2;
2/2/2017 1:05:04 PM;5224;26.1;27.3;26.0;25.9;0.1;0.1;0.1;0.2;
2/2/2017 1:05:05 PM;5225;26.1;27.3;26.0;25.9;0.1;0.1;0.1;0.2;
2/2/2017 1:05:06 PM;5226;26.1;27.3;26.0;25.9;0.1;0.1;0.1;0.2;
2/2/2017 1:05:07 PM;5227;26.1;27.3;26.0;25.9;0.1;0.1;0.1;0.2;
2/2/2017 1:05:08 PM;5228;26.1;27.3;26.0;25.9;0.1;0.1;0.1;0.2;
2/2/2017 1:05:09 PM;5229;26.1;27.3;26.0;25.9;0.1;0.1;0.1;0.2;
2/2/2017 1:05:10 PM;5230;26.1;27.3;26.0;25.9;0.1;0.1;0.1;0.2;
2/2/2017 1:05:11 PM;5231;26.1;27.3;26.0;25.9;0.1;0.1;0.1;0.2;
2/2/2017 1:05:12 PM;5232;26.1;27.3;26.0;25.9;0.1;0.1;0.1;0.2;
2/2/2017 1:05:13 PM;5233;26.1;27.3;26.0;25.9;0.1;0.1;0.1;0.2;
2/2/2017 1:05:14 PM;5234;26.1;27.3;26.0;25.9;0.1;0.1;0.1;0.2;
2/2/2017 1:05:15 PM;5235;26.1;27.3;26.0;25.9;0.1;0.1;0.1;0.2;
2/2/2017 1:05:16 PM;5236;26.1;27.3;26.0;25.9;0.1;0.1;0.1;0.2;
2/2/2017 1:05:17 PM;5237;26.1;27.3;26.0;25.9;0.1;0.1;0.1;0.2;
2/2/2017 1:05:18 PM;5238;26.1;27.3;26.0;25.9;0.1;0.1;0.1;0.2;
2/2/2017 1:05:19 PM;5239;26.1;27.3;26.0;25.9;0.1;0.1;0.1;0.2;
2/2/2017 1:05:20 PM;5240;26.1;27.3;26.0;25.9;0.1;0.1;0.1;0.2;
2/2/2017 1:05:21 PM;5241;26.1;27.3;26.0;25.9;0.1;0.1;0.1;0.2;
2/2/2017 1:05:22 PM;5242;26.1;27.3;26.0;25.9;0.1;0.1;0.1;0.2;
2/2/2017 1:05:23 PM;5243;26.1;27.3;26.0;25.9;0.1;0.1;0.1;0.2;
2/2/2017 1:05:24 PM;5244;26.1;27.3;26.0;25.9;0.1;0.1;0.1;0.2;
2/2/2017 1:05:25 PM;5245;26.1;27.3;26.0;25.9;0.1;0.1;0.1;0.2;
2/2/2017 1:05:26 PM;5246;26.1;27.3;26.0;25.9;0.1;0.1;0.1;0.2;
2/2/2017 1:05:27 PM;5247;26.1;27.3;26.0;25.9;0.1;0.1;0.1;0.2;
2/2/2017 1:05:28 PM;5248;26.1;27.3;26.0;25.9;0.1;0.1;0.1;0.2;
2/2/2017 1:05:29 PM;5249;26.1;27.3;26.0;25.9;0.1;0.1;0.1;0.2;
2/2/2017 1:05:30 PM;5250;26.1;27.3;26.0;25.9;0.1;0.1;0.1;0.2;
2/2/2017 1:05:31 PM;5251;26.1;27.3;26.0;25.9;0.1;0.1;0.1;0.2;
2/2/2017 1:05:32 PM;5252;26.1;27.3;26.0;25.9;0.1;0.1;0.1;0.2;
2/2/2017 1:05:33 PM;5253;26.1;27.3;26.0;25.9;0.1;0.1;0.1;0.2;
2/2/2017 1:05:34 PM;5254;26.1;27.3;26.0;25.9;0.1;0.1;0.1;0.2;
2/2/2017 1:05:35 PM;5255;26.1;27.3;26.0;25.9;0.1;0.1;0.1;0.2;
2/2/2017 1:05:36 PM;5256;26.1;27.3;26.0;25.9;0.1;0.1;0.1;0.2;
2/2/2017 1:05:37 PM;5257;26.1;27.3;26.0;25.9;0.1;0.1;0.1;0.2;
2/2/2017 1:05:38 PM;5258;26.1;27.3;26.0;25.9;0.1;0.1;0.1;0.2;
2/2/2017 1:05:39 PM;5259;26.1;27.3;26.0;25.9;0.1;0.1;0.1;0.2;
2/2/2017 1:05:40 PM;5260;26.1;27.3;26.0;25.9;0.1;0.1;0.1;0.2;
2/2/2017 1:05:41 PM;5261;26.1;27.3;26.0;25.9;0.1;0.1;0.1;0.2;
2/2/2017 1:05:42 PM;5262;26.1;27.3;26.0;25.9;0.1;0.1;0.1;0.2;
2/2/2017 1:05:43 PM;5263;26.1;27.3;26.0;25.9;0.1;0.1;0.1;0.2;
2/2/2017 1:05:44 PM;5264;26.1;27.3;26.0;25.9;0.1;0.1;0.1;0.2;
2/2/2017 1:05:45 PM;5265;26.1;27.3;26.0;25.9;0.1;0.1;0.1;0.2;
2/2/2017 1:05:46 PM;5266;26.1;27.3;26.0;25.9;0.1;0.1;0.1;0.2;
2/2/2017 1:05:47 PM;5267;26.1;27.3;26.0;25.9;0.1;0.1;0.1;0.2;
2/2/2017 1:05:48 PM;5268;26.1;27.3;26.0;25.9;0.1;0.1;0.1;0.2;
2/2/2017 1:05:49 PM;5269;26.1;27.3;26.0;25.9;0.1;0.1;0.1;0.2;
2/2/2017 1:05:50 PM;5270;26.1;27.3;26.0;25.9;0.1;0.1;0.1;0.2;
2/2/2017 1:05:51 PM;5271;26.1;27.3;26.0;25.9;0.1;0.1;0.1;0.2;
2/2/2017 1:05:52 PM;5272;26.1;27.3;26.0;25.9;0.1;0.1;0.1;0.2;
2/2/2017 1:05:53 PM;5273;26.1;27.3;26.0;25.9;0.1;0.1;0.1;0.2;
2/2/2017 1:05:54 PM;5274;26.1;27.3;26.0;25.9;0.1;0.1;0.1;0.2;
2/2/2017 1:05:55 PM;5275;26.1;27.3;26.0;25.9;0.1;0.1;0.1;0.2;
2/2/2017 1:05:56 PM;5276;26.1;27.3;26.0;25.9;0.1;0.1;0.1;0.2;
2/2/2017 1:05:57 PM;5277;26.1;27.3;26.0;25.9;0.1;0.1;0.1;0.2;
2/2/2017 1:05:58 PM;5278;26.1;27.3;26.0;25.9;0.1;0.1;0.1;0.2;
2/2/2017 1:05:59 PM;5279;26.1;27.3;26.0;25.9;0.1;0.1;0.1;0.2;
2/2/2017 1:06:00 PM;5280;26.1;27.3;26.0;25.9;0.1;0.1;0.1;0.2;
2/2/2017 1:06:01 PM;5281;26.1;27.3;26.0;25.9;0.1;0.1;0.1;0.2;
2/2/2017 1:06:02 PM;5282;26.1;27.3;26.0;25.9;0.1;0.1;0.1;0.2;
2/2/2017 1:06:03 PM;5283;26.1;27.3;26.0;25.9;0.1;0.1;0.1;0.2;
2/2/2017 1:06:04 PM;5284;26.1;27.3;26.0;25.9;0.1;0.1;0.1;0.2;
2/2/2017 1:06:05 PM;5285;26.1;27.3;26.0;25.9;0.1;0.1;0.1;0.2;
2/2/2017 1:06:06 PM;5286;26.1;27.3;26.0;25.9;0.1;0.1;0.1;0.2;
2/2/2017 1:06:07 PM;5287;26.1;27.3;26.0;25.9;0.1;0.1;0.1;0.2;
2/2/2017 1:06:08 PM;5288;26.1;27.3;26.0;25.9;0.1;0.1;0.1;0.2;
2/2/2017 1:06:09 PM;5289;26.1;27.3;26.0;25.9;0.1;0.1;0.1;0.2;
2/2/2017 1:06:10 PM;5290;26.1;27.3;26.0;25.9;0.1;0.1;0.1;0.2;
2/2/2017 1:06:11 PM;5291;26.1;27.3;26.0;25.9;0.1;0.1;0.1;0.2;
2/2/2017 1:06:12 PM;5292;26.1;27.3;26.0;25.9;0.1;0.1;0.1;0.2;
2/2/2017 1:06:13 PM;5293;26.1;27.3;26.0;25.9;0.1;0.1;0.1;0.2;
2/2/2017 1:06:14 PM;5294;26.1;27.3;26.0;25.9;0.1;0.1;0.1;0.2;
2/2/2017 1:06:15 PM;5295;26.1;27.3;26.0;25.9;0.1;0.1;0.1;0.2;
2/2/2017 1:06:16 PM;5296;26.1;27.3;26.0;25.9;0.1;0.1;0.1;0.2;
2/2/2017 1:06:17 PM;5297;26.1;27.3;26.0;25.9;0.1;0.1;0.1;0.2;
2/2/2017 1:06:18 PM;5298;26.1;27.3;26.0;25.9;0.1;0.1;0.1;0.2;
2/2/2017 1:06:19 PM;5299;26.1;27.3;26.0;25.9;0.1;0.1;0.1;0.2;
2/2/2017 1:06:20 PM;5300;26.1;27.3;26.0;25.9;0.1;0.1;0.1;0.2;
2/2/2017 1:06:21 PM;5301;26.1;27.3;26.0;25.9;0.1;0.1;0.1;0.2;
2/2/2017 1:06:22 PM;5302;26.1;27.3;26.0;25.9;0.1;0.1;0.1;0.2;
2/2/2017 1:06:23 PM;5303;26.1;27.3;26.0;25.9;0.1;0.1;0.1;0.2;
2/2/2017 1:06:24 PM;5304;26.1;27.3;26.0;25.9;0.1;0.1;0.1;0.2;
2/2/2017 1:06:25 PM;5305;26.1;27.3;26.0;25.9;0.1;0.1;0.1;0.2;
2/2/2017 1:06:26 PM;5306;26.1;27.3;26.0;25.9;0.1;0.1;0.1;0.2;
2/2/2017 1:06:27 PM;5307;26.1;27.3;26.0;25.9;0.1;0.1;0.1;0.2;
2/2/2017 1:06:28 PM;5308;26.1;27.3;26.0;25.9;0.1;0.1;0.1;0.2;
2/2/2017 1:06:29 PM;5309;26.1;27.3;26.0;25.9;0.1;0.1;0.1;0.2;
2/2/2017 1:06:30 PM;5310;26.1;27.3;26.0;25.9;0.1;0.1;0.1;0.2;
2/2/2017 1:06:31 PM;5311;26.1;27.3;26.0;25.9;0.1;0.1;0.1;0.2;
2/2/2017 1:06:32 PM;5312;26.1;27.3;26.0;25.9;0.1;0.1;0.1;0.2;
2/2/2017 1:06:33 PM;5313;26.1;27.3;26.0;25.9;0.1;0.1;0.1;0.2;
2/2/2017 1:06:34 PM;5314;26.1;27.3;26.0;25.9;0.1;0.1;0.1;0.2;
2/2/2017 1:06:35 PM;5315;26.1;27.3;26.0;25.9;0.1;0.1;0.1;0.2;
2/2/2017 1:06:36 PM;5316;26.1;27.3;26.0;25.9;0.1;0.1;0.1;0.2;
2/2/2017 1:06:37 PM;5317;26.1;27.3;26.0;25.9;0.1;0.1;0.1;0.2;
2/2/2017 1:06:38 PM;5318;26.1;27.3;26.0;25.9;0.1;0.1;0.1;0.2;
2/2/2017 1:06:39 PM;5319;26.1;27.3;26.0;25.9;0.1;0.1;0.1;0.2;
2/2/2017 1:06:40 PM;5320;26.1;27.3;26.0;25.9;0.1;0.1;0.1;0.2;
2/2/2017 1:06:41 PM;5321;26.1;27.3;26.0;25.9;0.1;0.1;0.1;0.2;
2/2/2017 1:06:42 PM;5322;26.1;27.3;26.0;25.9;0.1;0.1;0.1;0.2;
2/2/2017 1:06:43 PM;5323;26.1;27.3;26.0;25.9;0.1;0.1;0.1;0.2;
2/2/2017 1:06:44 PM;5324;26.1;27.3;26.0;25.9;0.1;0.1;0.1;0.2;
2/2/2017 1:06:45 PM;5325;26.1;27.3;26.0;25.9;0.1;0.1;0.1;0.2;
2/2/2017 1:06:46 PM;5326;26.1;27.3;26.0;25.9;0.1;0.1;0.1;0.2;
2/2/2017 1:06:47 PM;5327;26.1;27.3;26.0;25.9;0.1;0.1;0.1;0.2;
2/2/2017 1:06:48 PM;5328;26.1;27.3;26.0;25.9;0.1;0.1;0.1;0.2;
2/2/2017 1:06:49 PM;5329;26.1;27.3;26.0;25.9;0.1;0.1;0.1;0.2;
2/2/2017 1:06:50 PM;5330;26.1;27.3;26.0;25.9;0.1;0.1;0.1;0.2;
2/2/2017 1:06:51 PM;5331;26.1;27.3;26.0;25.9;0.1;0.1;0.1;0.2;
2/2/2017 1:06:52 PM;5332;26.1;27.3;26.0;25.9;0.1;0.1;0.1;0.2;
2/2/2017 1:06:53 PM;5333;26.1;27.3;26.0;25.9;0.1;0.1;0.1;0.2;
2/2/2017 1:06:54 PM;5334;26.1;27.3;26.0;25.9;0.1;0.1;0.1;0.2;
2/2/2017 1:06:55 PM;5335;26.1;27.3;26.0;25.9;0.1;0.1;0.1;0.2;
2/2/2017 1:06:56 PM;5336;26.1;27.3;26.0;25.9;0.1;0.1;0.1;0.2;
2/2/2017 1:06:57 PM;5337;26.1;27.3;26.0;25.9;0.1;0.1;0.1;0.2;
2/2/2017 1:06:58 PM;5338;26.1;27.3;26.0;25.9;0.1;0.1;0.1;0.2;
2/2/2017 1:06:59 PM;5339;26.1;27.3;26.0;25.9;0.1;0.1;0.1;0.2;
2/2/2017 1:07:00 PM;5340;26.1;27.3;26.0;25.9;0.1;0.1;0.1;0.2;
2/2/2017 1:07:01 PM;5341;26.1;27.3;26.0;25.9;0.1;0.1;0.1;0.2;
2/2/2017 1:07:02 PM;5342;26.1;27.3;26.0;25.9;0.1;0.1;0.1;0.2;
2/2/2017 1:07:03 PM;5343;26.1;27.3;26.0;25.9;0.1;0.1;0.1;0.2;
2/2/2017 1:07:04 PM;5344;26.1;27.3;26.0;25.9;0.1;0.1;0.1;0.2;
2/2/2017 1:07:05 PM;5345;26.1;27.3;26.0;25.9;0.1;0.1;0.1;0.2;
2/2/2017 1:07:06 PM;5346;26.1;27.3;26.0;25.9;0.1;0.1;0.1;0.2;
2/2/2017 1:07:07 PM;5347;26.1;27.3;26.0;25.9;0.1;0.1;0.1;0.2;
2/2/2017 1:07:08 PM;5348;26.1;27.3;26.0;25.9;0.1;0.1;0.1;0.2;
2/2/2017 1:07:09 PM;5349;26.1;27.3;26.0;25.9;0.1;0.1;0.1;0.2;
2/2/2017 1:07:10 PM;5350;26.1;27.3;26.0;25.9;0.1;0.1;0.1;0.2;
2/2/2017 1:07:11 PM;5351;26.1;27.3;26.0;25.9;0.1;0.1;0.1;0.2;
2/2/2017 1:07:12 PM;5352;26.1;27.3;26.0;25.9;0.1;0.1;0.1;0.2;
2/2/2017 1:07:13 PM;5353;26.1;27.3;26.0;25.9;0.1;0.1;0.1;0.2;
2/2/2017 1:07:14 PM;5354;26.1;27.3;26.0;25.9;0.1;0.1;0.1;0.2;
2/2/2017 1:07:15 PM;5355;26.1;27.3;26.0;25.9;0.1;0.1;0.1;0.2;
2/2/2017 1:07:16 PM;5356;26.1;27.3;26.0;25.9;0.1;0.1;0.1;0.2;
2/2/2017 1:07:17 PM;5357;26.1;27.3;26.0;25.9;0.1;0.1;0.1;0.2;
2/2/2017 1:07:18 PM;5358;26.1;27.3;26.0;25.9;0.1;0.1;0.1;0.2;
2/2/2017 1:07:19 PM;5359;26.1;27.3;26.0;25.9;0.1;0.1;0.1;0.2;
2/2/2017 1:07:20 PM;5360;26.1;27.3;26.0;25.9;0.1;0.1;0.1;0.2;
2/2/2017 1:07:21 PM;5361;26.1;27.3;26.0;25.9;0.1;0.1;0.1;0.2;
2/2/2017 1:07:22 PM;5362;26.1;27.3;26.0;25.9;0.1;0.1;0.1;0.2;
2/2/2017 1:07:23 PM;5363;26.1;27.3;26.0;25.9;0.1;0.1;0.1;0.2;
2/2/2017 1:07:24 PM;5364;26.1;27.3;26.0;25.9;0.1;0.1;0.1;0.2;
2/2/2017 1:07:25 PM;5365;26.1;27.3;26.0;25.9;0.1;0.1;0.1;0.2;
2/2/2017 1:07:26 PM;5366;26.1;27.3;26.0;25.9;0.1;0.1;0.1;0.2;
2/2/2017 1:07:27 PM;5367;26.1;27.3;26.0;25.9;0.1;0.1;0.1;0.2;
2/2/2017 1:07:28 PM;5368;26.1;27.3;26.0;25.9;0.1;0.1;0.1;0.2;
2/2/2017 1:07:29 PM;5369;26.1;27.3;26.0;25.9;0.1;0.1;0.1;0.2;
2/2/2017 1:07:30 PM;5370;26.1;27.3;26.0;25.9;0.1;0.1;0.1;0.2;
2/2/2017 1:07:31 PM;5371;26.1;27.3;26.0;25.9;0.1;0.1;0.1;0.2;
2/2/2017 1:07:32 PM;5372;26.1;27.3;26.0;25.9;0.1;0.1;0.1;0.2;
2/2/2017 1:07:33 PM;5373;26.1;27.3;26.0;25.9;0.1;0.1;0.1;0.2;
2/2/2017 1:07:34 PM;5374;26.1;27.3;26.0;25.9;0.1;0.1;0.1;0.2;
2/2/2017 1:07:35 PM;5375;26.1;27.3;26.0;25.9;0.1;0.1;0.1;0.2;
2/2/2017 1:07:36 PM;5376;26.1;27.3;26.0;25.9;0.1;0.1;0.1;0.2;
2/2/2017 1:07:37 PM;5377;26.1;27.3;26.0;25.9;0.1;0.1;0.1;0.2;
2/2/2017 1:07:38 PM;5378;26.1;27.3;26.0;25.9;0.1;0.1;0.1;0.2;
2/2/2017 1:07:39 PM;5379;26.1;27.3;26.0;25.9;0.1;0.1;0.1;0.2;
2/2/2017 1:07:40 PM;5380;26.1;27.3;26.0;25.9;0.1;0.1;0.1;0.2;
2/2/2017 1:07:41 PM;5381;26.1;27.3;26.0;25.9;0.1;0.1;0.1;0.2;
2/2/2017 1:07:42 PM;5382;26.1;27.3;26.0;25.9;0.1;0.1;0.1;0.2;
2/2/2017 1:07:43 PM;5383;26.1;27.3;26.0;25.9;0.1;0.1;0.1;0.2;
2/2/2017 1:07:44 PM;5384;26.1;27.3;26.0;25.9;0.1;0.1;0.1;0.2;
2/2/2017 1:07:45 PM;5385;26.1;27.3;26.0;25.9;0.1;0.1;0.1;0.2;
2/2/2017 1:07:46 PM;5386;26.1;27.3;26.0;25.9;0.1;0.1;0.1;0.2;
2/2/2017 1:07:47 PM;5387;26.1;27.3;26.0;25.9;0.1;0.1;0.1;0.2;
2/2/2017 1:07:48 PM;5388;26.1;27.3;26.0;25.9;0.1;0.1;0.1;0.2;
2/2/2017 1:07:49 PM;5389;26.1;27.3;26.0;25.9;0.1;0.1;0.1;0.2;
2/2/2017 1:07:50 PM;5390;26.1;27.3;26.0;25.9;0.1;0.1;0.1;0.2;
2/2/2017 1:07:51 PM;5391;26.1;27.3;26.0;25.9;0.1;0.1;0.1;0.2;
2/2/2017 1:07:52 PM;5392;26.1;27.3;26.0;25.9;0.1;0.1;0.1;0.2;
2/2/2017 1:07:53 PM;5393;26.1;27.3;26.0;25.9;0.1;0.1;0.1;0.2;
2/2/2017 1:07:54 PM;5394;26.1;27.3;26.0;25.9;0.1;0.1;0.1;0.2;
2/2/2017 1:07:55 PM;5395;26.1;27.3;26.0;25.9;0.1;0.1;0.1;0.2;
2/2/2017 1:07:56 PM;5396;26.1;27.3;26.0;25.9;0.1;0.1;0.1;0.2;
2/2/2017 1:07:57 PM;5397;26.1;27.3;26.0;25.9;0.1;0.1;0.1;0.2;
2/2/2017 1:07:58 PM;5398;26.1;27.3;26.0;25.9;0.1;0.1;0.1;0.2;
2/2/2017 1:07:59 PM;5399;26.1;27.3;26.0;25.9;0.1;0.1;0.1;0.2;
2/2/2017 1:08:00 PM;5400;26.1;27.3;26.0;25.9;0.1;0.1;0.1;0.2;
2/2/2017 1:08:01 PM;5401;26.1;27.3;26.0;25.9;0.1;0.1;0.1;0.2;
2/2/2017 1:08:02 PM;5402;26.1;27.3;26.0;25.9;0.1;0.1;0.1;0.2;
2/2/2017 1:08:03 PM;5403;26.1;27.3;26.0;25.9;0.1;0.1;0.1;0.2;
2/2/2017 1:08:04 PM;5404;26.1;27.3;26.0;25.9;0.1;0.1;0.1;0.2;
2/2/2017 1:08:05 PM;5405;26.1;27.3;26.0;25.9;0.1;0.1;0.1;0.2;
2/2/2017 1:08:06 PM;5406;26.1;27.3;26.0;25.9;0.1;0.1;0.1;0.2;
2/2/2017 1:08:07 PM;5407;26.1;27.3;26.0;25.9;0.1;0.1;0.1;0.2;
2/2/2017 1:08:08 PM;5408;26.1;27.3;26.0;25.9;0.1;0.1;0.1;0.2;
2/2/2017 1:08:09 PM;5409;26.1;27.3;26.0;25.9;0.1;0.1;0.1;0.2;
2/2/2017 1:08:10 PM;5410;26.1;27.3;26.0;25.9;0.1;0.1;0.1;0.2;
2/2/2017 1:08:11 PM;5411;26.1;27.3;26.0;25.9;0.1;0.1;0.1;0.2;
2/2/2017 1:08:12 PM;5412;26.1;27.3;26.0;25.9;0.1;0.1;0.1;0.2;
2/2/2017 1:08:13 PM;5413;26.1;27.3;26.0;25.9;0.1;0.1;0.1;0.2;
2/2/2017 1:08:14 PM;5414;26.1;27.3;26.0;25.9;0.1;0.1;0.1;0.2;
2/2/2017 1:08:15 PM;5415;26.1;27.3;26.0;25.9;0.1;0.1;0.1;0.2;
2/2/2017 1:08:16 PM;5416;26.1;27.3;26.0;25.9;0.1;0.1;0.1;0.2;
2/2/2017 1:08:17 PM;5417;26.1;27.3;26.0;25.9;0.1;0.1;0.1;0.2;
2/2/2017 1:08:18 PM;5418;26.1;27.3;26.0;25.9;0.1;0.1;0.1;0.2;
2/2/2017 1:08:19 PM;5419;26.1;27.3;26.0;25.9;0.1;0.1;0.1;0.2;
2/2/2017 1:08:20 PM;5420;26.1;27.3;26.0;25.9;0.1;0.1;0.1;0.2;
2/2/2017 1:08:21 PM;5421;26.1;27.3;26.0;25.9;0.1;0.1;0.1;0.2;
2/2/2017 1:08:22 PM;5422;26.1;27.3;26.0;25.9;0.1;0.1;0.1;0.2;
2/2/2017 1:08:23 PM;5423;26.1;27.3;26.0;25.9;0.1;0.1;0.1;0.2;
2/2/2017 1:08:24 PM;5424;26.1;27.3;26.0;25.9;0.1;0.1;0.1;0.2;
2/2/2017 1:08:25 PM;5425;26.1;27.3;26.0;25.9;0.1;0.1;0.1;0.2;
2/2/2017 1:08:26 PM;5426;26.1;27.3;26.0;25.9;0.1;0.1;0.1;0.2;
2/2/2017 1:08:27 PM;5427;26.1;27.3;26.0;25.9;0.1;0.1;0.1;0.2;
2/2/2017 1:08:28 PM;5428;26.1;27.3;26.0;25.9;0.1;0.1;0.1;0.2;
2/2/2017 1:08:29 PM;5429;26.1;27.3;26.0;25.9;0.1;0.1;0.1;0.2;
2/2/2017 1:08:30 PM;5430;26.1;27.3;26.0;25.9;0.1;0.1;0.1;0.2;
2/2/2017 1:08:31 PM;5431;26.1;27.3;26.0;25.9;0.1;0.1;0.1;0.2;
2/2/2017 1:08:32 PM;5432;26.1;27.3;26.0;25.9;0.1;0.1;0.1;0.2;
2/2/2017 1:08:33 PM;5433;26.1;27.3;26.0;25.9;0.1;0.1;0.1;0.2;
2/2/2017 1:08:34 PM;5434;26.1;27.3;26.0;25.9;0.1;0.1;0.1;0.2;
2/2/2017 1:08:35 PM;5435;26.1;27.3;26.0;25.9;0.1;0.1;0.1;0.2;
2/2/2017 1:08:36 PM;5436;26.1;27.3;26.0;25.9;0.1;0.1;0.1;0.2;
2/2/2017 1:08:37 PM;5437;26.1;27.3;26.0;25.9;0.1;0.1;0.1;0.2;
2/2/2017 1:08:38 PM;5438;26.1;27.3;26.0;25.9;0.1;0.1;0.1;0.2;
2/2/2017 1:08:39 PM;5439;26.1;27.3;26.0;25.9;0.1;0.1;0.1;0.2;
2/2/2017 1:08:40 PM;5440;26.1;27.3;26.0;25.9;0.1;0.1;0.1;0.2;
2/2/2017 1:08:41 PM;5441;26.1;27.3;26.0;25.9;0.1;0.1;0.1;0.2;
2/2/2017 1:08:42 PM;5442;26.1;27.3;26.0;25.9;0.1;0.1;0.1;0.2;
2/2/2017 1:08:43 PM;5443;26.1;27.3;26.0;25.9;0.1;0.1;0.1;0.2;
2/2/2017 1:08:44 PM;5444;26.1;27.3;26.0;25.9;0.1;0.1;0.1;0.2;
2/2/2017 1:08:45 PM;5445;26.1;27.3;26.0;25.9;0.1;0.1;0.1;0.2;
2/2/2017 1:08:46 PM;5446;26.1;27.3;26.0;25.9;0.1;0.1;0.1;0.2;
2/2/2017 1:08:47 PM;5447;26.1;27.3;26.0;25.9;0.1;0.1;0.1;0.2;
2/2/2017 1:08:48 PM;5448;26.1;27.3;26.0;25.9;0.1;0.1;0.1;0.2;
2/2/2017 1:08:49 PM;5449;26.1;27.3;26.0;25.9;0.1;0.1;0.1;0.2;
2/2/2017 1:08:50 PM;5450;26.1;27.3;26.0;25.9;0.1;0.1;0.1;0.2;
2/2/2017 1:08:51 PM;5451;26.1;27.3;26.0;25.9;0.1;0.1;0.1;0.2;
2/2/2017 1:08:52 PM;5452;26.1;27.3;26.0;25.9;0.1;0.1;0.1;0.2;
2/2/2017 1:08:53 PM;5453;26.1;27.3;26.0;25.9;0.1;0.1;0.1;0.2;
2/2/2017 1:08:54 PM;5454;26.1;27.3;26.0;25.9;0.1;0.1;0.1;0.2;
2/2/2017 1:08:55 PM;5455;26.1;27.3;26.0;25.9;0.1;0.1;0.1;0.2;
2/2/2017 1:08:56 PM;5456;26.1;27.3;26.0;25.9;0.1;0.1;0.1;0.2;
2/2/2017 1:08:57 PM;5457;26.1;27.3;26.0;25.9;0.1;0.1;0.1;0.2;
2/2/2017 1:08:58 PM;5458;26.1;27.3;26.0;25.9;0.1;0.1;0.1;0.2;
2/2/2017 1:08:59 PM;5459;26.1;27.3;26.0;25.9;0.1;0.1;0.1;0.2;
2/2/2017 1:09:00 PM;5460;26.1;27.3;26.0;25.9;0.1;0.1;0.1;0.2;
2/2/2017 1:09:01 PM;5461;26.1;27.3;26.0;25.9;0.1;0.1;0.1;0.2;
2/2/2017 1:09:02 PM;5462;26.1;27.3;26.0;25.9;0.1;0.1;0.1;0.2;
2/2/2017 1:09:03 PM;5463;26.1;27.3;26.0;25.9;0.1;0.1;0.1;0.2;
2/2/2017 1:09:04 PM;5464;26.1;27.3;26.0;25.9;0.1;0.1;0.1;0.2;
2/2/2017 1:09:05 PM;5465;26.1;27.3;26.0;25.9;0.1;0.1;0.1;0.2;
2/2/2017 1:09:06 PM;5466;26.1;27.3;26.0;25.9;0.1;0.1;0.1;0.2;
2/2/2017 1:09:07 PM;5467;26.1;27.3;26.0;25.9;0.1;0.1;0.1;0.2;
2/2/2017 1:09:08 PM;5468;26.1;27.3;26.0;25.9;0.1;0.1;0.1;0.2;
2/2/2017 1:09:09 PM;5469;26.1;27.3;26.0;25.9;0.1;0.1;0.1;0.2;
2/2/2017 1:09:10 PM;5470;26.1;27.3;26.0;25.9;0.1;0.1;0.1;0.2;
2/2/2017 1:09:11 PM;5471;26.1;27.3;26.0;25.9;0.1;0.1;0.1;0.2;
2/2/2017 1:09:12 PM;5472;26.1;27.3;26.0;25.9;0.1;0.1;0.1;0.2;
2/2/2017 1:09:13 PM;5473;26.1;27.3;26.0;25.9;0.1;0.1;0.1;0.2;
2/2/2017 1:09:14 PM;5474;26.1;27.3;26.0;25.9;0.1;0.1;0.1;0.2;
2/2/2017 1:09:15 PM;5475;26.1;27.3;26.0;25.9;0.1;0.1;0.1;0.2;
2/2/2017 1:09:16 PM;5476;26.1;27.3;26.0;25.9;0.1;0.1;0.1;0.2;
2/2/2017 1:09:17 PM;5477;26.1;27.3;26.0;25.9;0.1;0.1;0.1;0.2;
2/2/2017 1:09:18 PM;5478;26.1;27.3;26.0;25.9;0.1;0.1;0.1;0.2;
2/2/2017 1:09:19 PM;5479;26.1;27.3;26.0;25.9;0.1;0.1;0.1;0.2;
2/2/2017 1:09:20 PM;5480;26.1;27.3;26.0;25.9;0.1;0.1;0.1;0.2;
2/2/2017 1:09:21 PM;5481;26.1;27.3;26.0;25.9;0.1;0.1;0.1;0.2;
2/2/2017 1:09:22 PM;5482;26.1;27.3;26.0;25.9;0.1;0.1;0.1;0.2;
2/2/2017 1:09:23 PM;5483;26.1;27.3;26.0;25.9;0.1;0.1;0.1;0.2;
2/2/2017 1:09:24 PM;5484;26.1;27.3;26.0;25.9;0.1;0.1;0.1;0.2;
2/2/2017 1:09:25 PM;5485;26.1;27.3;26.0;25.9;0.1;0.1;0.1;0.2;
2/2/2017 1:09:26 PM;5486;26.1;27.3;26.0;25.9;0.1;0.1;0.1;0.2;
2/2/2017 1:09:27 PM;5487;26.1;27.3;26.0;25.9;0.1;0.1;0.1;0.2;
2/2/2017 1:09:28 PM;5488;26.1;27.3;26.0;25.9;0.1;0.1;0.1;0.2;
2/2/2017 1:09:29 PM;5489;26.1;27.3;26.0;25.9;0.1;0.1;0.1;0.2;
2/2/2017 1:09:30 PM;5490;26.1;27.3;26.0;25.9;0.1;0.1;0.1;0.2;
2/2/2017 1:09:31 PM;5491;26.1;27.3;26.0;25.9;0.1;0.1;0.1;0.2;
2/2/2017 1:09:32 PM;5492;26.1;27.3;26.0;25.9;0.1;0.1;0.1;0.2;
2/2/2017 1:09:33 PM;5493;26.1;27.3;26.0;25.9;0.1;0.1;0.1;0.2;
2/2/2017 1:09:34 PM;5494;26.1;27.3;26.0;25.9;0.1;0.1;0.1;0.2;
2/2/2017 1:09:35 PM;5495;26.1;27.3;26.0;25.9;0.1;0.1;0.1;0.2;
2/2/2017 1:09:36 PM;5496;26.1;27.3;26.0;25.9;0.1;0.1;0.1;0.2;
2/2/2017 1:09:37 PM;5497;26.1;27.3;26.0;25.9;0.1;0.1;0.1;0.2;
2/2/2017 1:09:38 PM;5498;26.1;27.3;26.0;25.9;0.1;0.1;0.1;0.2;
2/2/2017 1:09:39 PM;5499;26.1;27.3;26.0;25.9;0.1;0.1;0.1;0.2;
2/2/2017 1:09:40 PM;5500;26.1;27.3;26.0;25.9;0.1;0.1;0.1;0.2;
2/2/2017 1:09:41 PM;5501;26.1;27.3;26.0;25.9;0.1;0.1;0.1;0.2;
2/2/2017 1:09:42 PM;5502;26.1;27.3;26.0;25.9;0.1;0.1;0.1;0.2;
2/2/2017 1:09:43 PM;5503;26.1;27.3;26.0;25.9;0.1;0.1;0.1;0.2;
2/2/2017 1:09:44 PM;5504;26.1;27.3;26.0;25.9;0.1;0.1;0.1;0.2;
2/2/2017 1:09:45 PM;5505;26.1;27.3;26.0;25.9;0.1;0.1;0.1;0.2;
2/2/2017 1:09:46 PM;5506;26.1;27.3;26.0;25.9;0.1;0.1;0.1;0.2;
2/2/2017 1:09:47 PM;5507;26.1;27.3;26.0;25.9;0.1;0.1;0.1;0.2;
2/2/2017 1:09:48 PM;5508;26.1;27.3;26.0;25.9;0.1;0.1;0.1;0.2;
2/2/2017 1:09:49 PM;5509;26.1;27.3;26.0;25.9;0.1;0.1;0.1;0.2;
2/2/2017 1:09:50 PM;5510;26.1;27.3;26.0;25.9;0.1;0.1;0.1;0.2;
2/2/2017 1:09:51 PM;5511;26.1;27.3;26.0;25.9;0.1;0.1;0.1;0.2;
2/2/2017 1:09:52 PM;5512;26.1;27.3;26.0;25.9;0.1;0.1;0.1;0.2;
2/2/2017 1:09:53 PM;5513;26.1;27.3;26.0;25.9;0.1;0.1;0.1;0.2;
2/2/2017 1:09:54 PM;5514;26.1;27.3;26.0;25.9;0.1;0.1;0.1;0.2;
2/2/2017 1:09:55 PM;5515;26.1;27.3;26.0;25.9;0.1;0.1;0.1;0.2;
2/2/2017 1:09:56 PM;5516;26.1;27.3;26.0;25.9;0.1;0.1;0.1;0.2;
2/2/2017 1:09:57 PM;5517;26.1;27.3;26.0;25.9;0.1;0.1;0.1;0.2;
2/2/2017 1:09:58 PM;5518;26.1;27.3;26.0;25.9;0.1;0.1;0.1;0.2;
2/2/2017 1:09:59 PM;5519;26.1;27.3;26.0;25.9;0.1;0.1;0.1;0.2;
2/2/2017 1:10:00 PM;5520;26.1;27.3;26.0;25.9;0.1;0.1;0.1;0.2;
2/2/2017 1:10:01 PM;5521;26.1;27.3;26.0;25.9;0.1;0.1;0.1;0.2;
2/2/2017 1:10:02 PM;5522;26.1;27.3;26.0;25.9;0.1;0.1;0.1;0.2;
2/2/2017 1:10:03 PM;5523;26.1;27.3;26.0;25.9;0.1;0.1;0.1;0.2;
2/2/2017 1:10:04 PM;5524;26.1;27.3;26.0;25.9;0.1;0.1;0.1;0.2;
2/2/2017 1:10:05 PM;5525;26.1;27.3;26.0;25.9;0.1;0.1;0.1;0.2;
2/2/2017 1:10:06 PM;5526;26.1;27.3;26.0;25.9;0.1;0.1;0.1;0.2;
2/2/2017 1:10:07 PM;5527;26.1;27.3;26.0;25.9;0.1;0.1;0.1;0.2;
2/2/2017 1:10:08 PM;5528;26.1;27.3;26.0;25.9;0.1;0.1;0.1;0.2;
2/2/2017 1:10:09 PM;5529;26.1;27.3;26.0;25.9;0.1;0.1;0.1;0.2;
2/2/2017 1:10:10 PM;5530;26.1;27.3;26.0;25.9;0.1;0.1;0.1;0.2;
2/2/2017 1:10:11 PM;5531;26.1;27.3;26.0;25.9;0.1;0.1;0.1;0.2;
2/2/2017 1:10:12 PM;5532;26.1;27.3;26.0;25.9;0.1;0.1;0.1;0.2;
2/2/2017 1:10:13 PM;5533;26.1;27.3;26.0;25.9;0.1;0.1;0.1;0.2;
2/2/2017 1:10:14 PM;5534;26.1;27.3;26.0;25.9;0.1;0.1;0.1;0.2;
2/2/2017 1:10:15 PM;5535;26.1;27.3;26.0;25.9;0.1;0.1;0.1;0.2;
2/2/2017 1:10:16 PM;5536;26.1;27.3;26.0;25.9;0.1;0.1;0.1;0.2;
2/2/2017 1:10:17 PM;5537;26.1;27.3;26.0;25.9;0.1;0.1;0.1;0.2;
2/2/2017 1:10:18 PM;5538;26.1;27.3;26.0;25.9;0.1;0.1;0.1;0.2;
2/2/2017 1:10:19 PM;5539;26.1;27.3;26.0;25.9;0.1;0.1;0.1;0.2;
2/2/2017 1:10:20 PM;5540;26.1;27.3;26.0;25.9;0.1;0.1;0.1;0.2;
2/2/2017 1:10:21 PM;5541;26.1;27.3;26.0;25.9;0.1;0.1;0.1;0.2;
2/2/2017 1:10:22 PM;5542;26.1;27.3;26.0;25.9;0.1;0.1;0.1;0.2;
2/2/2017 1:10:23 PM;5543;26.1;27.3;26.0;25.9;0.1;0.1;0.1;0.2;
2/2/2017 1:10:24 PM;5544;26.1;27.3;26.0;25.9;0.1;0.1;0.1;0.2;
2/2/2017 1:10:25 PM;5545;26.1;27.3;26.0;25.9;0.1;0.1;0.1;0.2;
2/2/2017 1:10:26 PM;5546;26.1;27.3;26.0;25.9;0.1;0.1;0.1;0.2;
2/2/2017 1:10:27 PM;5547;26.1;27.3;26.0;25.9;0.1;0.1;0.1;0.2;
2/2/2017 1:10:28 PM;5548;26.1;27.3;26.0;25.9;0.1;0.1;0.1;0.2;
2/2/2017 1:10:29 PM;5549;26.1;27.3;26.0;25.9;0.1;0.1;0.1;0.2;
2/2/2017 1:10:30 PM;5550;26.1;27.3;26.0;25.9;0.1;0.1;0.1;0.2;
2/2/2017 1:10:31 PM;5551;26.1;27.3;26.0;25.9;0.1;0.1;0.1;0.2;
2/2/2017 1:10:32 PM;5552;26.1;27.3;26.0;25.9;0.1;0.1;0.1;0.2;
2/2/2017 1:10:33 PM;5553;26.1;27.3;26.0;25.9;0.1;0.1;0.1;0.2;
2/2/2017 1:10:34 PM;5554;26.1;27.3;26.0;25.9;0.1;0.1;0.1;0.2;
2/2/2017 1:10:35 PM;5555;26.1;27.3;26.0;25.9;0.1;0.1;0.1;0.2;
2/2/2017 1:10:36 PM;5556;26.1;27.3;26.0;25.9;0.1;0.1;0.1;0.2;
2/2/2017 1:10:37 PM;5557;26.1;27.3;26.0;25.9;0.1;0.1;0.1;0.2;
2/2/2017 1:10:38 PM;5558;26.1;27.3;26.0;25.9;0.1;0.1;0.1;0.2;
2/2/2017 1:10:39 PM;5559;26.1;27.3;26.0;25.9;0.1;0.1;0.1;0.2;
2/2/2017 1:10:40 PM;5560;26.1;27.3;26.0;25.9;0.1;0.1;0.1;0.2;
2/2/2017 1:10:41 PM;5561;26.1;27.3;26.0;25.9;0.1;0.1;0.1;0.2;
2/2/2017 1:10:42 PM;5562;26.1;27.3;26.0;25.9;0.1;0.1;0.1;0.2;
2/2/2017 1:10:43 PM;5563;26.1;27.3;26.0;25.9;0.1;0.1;0.1;0.2;
2/2/2017 1:10:44 PM;5564;26.1;27.3;26.0;25.9;0.1;0.1;0.1;0.2;
2/2/2017 1:10:45 PM;5565;26.1;27.3;26.0;25.9;0.1;0.1;0.1;0.2;
2/2/2017 1:10:46 PM;5566;26.1;27.3;26.0;25.9;0.1;0.1;0.1;0.2;
2/2/2017 1:10:47 PM;5567;26.1;27.3;26.0;25.9;0.1;0.1;0.1;0.2;
2/2/2017 1:10:48 PM;5568;26.1;27.3;26.0;25.9;0.1;0.1;0.1;0.2;
2/2/2017 1:10:49 PM;5569;26.1;27.3;26.0;25.9;0.1;0.1;0.1;0.2;
2/2/2017 1:10:50 PM;5570;26.1;27.3;26.0;25.9;0.1;0.1;0.1;0.2;
2/2/2017 1:10:51 PM;5571;26.1;27.3;26.0;25.9;0.1;0.1;0.1;0.2;
2/2/2017 1:10:52 PM;5572;26.1;27.3;26.0;25.9;0.1;0.1;0.1;0.2;
2/2/2017 1:10:53 PM;5573;26.1;27.3;26.0;25.9;0.1;0.1;0.1;0.2;
2/2/2017 1:10:54 PM;5574;26.1;27.3;26.0;25.9;0.1;0.1;0.1;0.2;
2/2/2017 1:10:55 PM;5575;26.1;27.3;26.0;25.9;0.1;0.1;0.1;0.2;
2/2/2017 1:10:56 PM;5576;26.1;27.3;26.0;25.9;0.1;0.1;0.1;0.2;
2/2/2017 1:10:57 PM;5577;26.1;27.3;26.0;25.9;0.1;0.1;0.1;0.2;
2/2/2017 1:10:58 PM;5578;26.1;27.3;26.0;25.9;0.1;0.1;0.1;0.2;
2/2/2017 1:10:59 PM;5579;26.1;27.3;26.0;25.9;0.1;0.1;0.1;0.2;
2/2/2017 1:11:00 PM;5580;26.1;27.3;26.0;25.9;0.1;0.1;0.1;0.2;
2/2/2017 1:11:01 PM;5581;26.1;27.3;26.0;25.9;0.1;0.1;0.1;0.2;
2/2/2017 1:11:02 PM;5582;26.1;27.3;26.0;25.9;0.1;0.1;0.1;0.2;
2/2/2017 1:11:03 PM;5583;26.1;27.3;26.0;25.9;0.1;0.1;0.1;0.2;
2/2/2017 1:11:04 PM;5584;26.1;27.3;26.0;25.9;0.1;0.1;0.1;0.2;
2/2/2017 1:11:05 PM;5585;26.1;27.3;26.0;25.9;0.1;0.1;0.1;0.2;
2/2/2017 1:11:06 PM;5586;26.1;27.3;26.0;25.9;0.1;0.1;0.1;0.2;
2/2/2017 1:11:07 PM;5587;26.1;27.3;26.0;25.9;0.1;0.1;0.1;0.2;
2/2/2017 1:11:08 PM;5588;26.1;27.3;26.0;25.9;0.1;0.1;0.1;0.2;
2/2/2017 1:11:09 PM;5589;26.1;27.3;26.0;25.9;0.1;0.1;0.1;0.2;
2/2/2017 1:11:10 PM;5590;26.1;27.3;26.0;25.9;0.1;0.1;0.1;0.2;
2/2/2017 1:11:11 PM;5591;26.1;27.3;26.0;25.9;0.1;0.1;0.1;0.2;
2/2/2017 1:11:12 PM;5592;26.1;27.3;26.0;25.9;0.1;0.1;0.1;0.2;
2/2/2017 1:11:13 PM;5593;26.1;27.3;26.0;25.9;0.1;0.1;0.1;0.2;
2/2/2017 1:11:14 PM;5594;26.1;27.3;26.0;25.9;0.1;0.1;0.1;0.2;
2/2/2017 1:11:15 PM;5595;26.1;27.3;26.0;25.9;0.1;0.1;0.1;0.2;
2/2/2017 1:11:16 PM;5596;26.1;27.3;26.0;25.9;0.1;0.1;0.1;0.2;
2/2/2017 1:11:17 PM;5597;26.1;27.3;26.0;25.9;0.1;0.1;0.1;0.2;
2/2/2017 1:11:18 PM;5598;26.1;27.3;26.0;25.9;0.1;0.1;0.1;0.2;
2/2/2017 1:11:19 PM;5599;26.1;27.3;26.0;25.9;0.1;0.1;0.1;0.2;
2/2/2017 1:11:20 PM;5600;26.1;27.3;26.0;25.9;0.1;0.1;0.1;0.2;
2/2/2017 1:11:21 PM;5601;26.1;27.3;26.0;25.9;0.1;0.1;0.1;0.2;
2/2/2017 1:11:22 PM;5602;26.1;27.3;26.0;25.9;0.1;0.1;0.1;0.2;
2/2/2017 1:11:23 PM;5603;26.1;27.3;26.0;25.9;0.1;0.1;0.1;0.2;
2/2/2017 1:11:24 PM;5604;26.1;27.3;26.0;25.9;0.1;0.1;0.1;0.2;
2/2/2017 1:11:25 PM;5605;26.1;27.3;26.0;25.9;0.1;0.1;0.1;0.2;
2/2/2017 1:11:26 PM;5606;26.1;27.3;26.0;25.9;0.1;0.1;0.1;0.2;
2/2/2017 1:11:27 PM;5607;26.1;27.3;26.0;25.9;0.1;0.1;0.1;0.2;
2/2/2017 1:11:28 PM;5608;26.1;27.3;26.0;25.9;0.1;0.1;0.1;0.2;
2/2/2017 1:11:29 PM;5609;26.1;27.3;26.0;25.9;0.1;0.1;0.1;0.2;
2/2/2017 1:11:30 PM;5610;26.1;27.3;26.0;25.9;0.1;0.1;0.1;0.2;
2/2/2017 1:11:31 PM;5611;26.1;27.3;26.0;25.9;0.1;0.1;0.1;0.2;
2/2/2017 1:11:32 PM;5612;26.1;27.3;26.0;25.9;0.1;0.1;0.1;0.2;
2/2/2017 1:11:33 PM;5613;26.1;27.3;26.0;25.9;0.1;0.1;0.1;0.2;
2/2/2017 1:11:34 PM;5614;26.1;27.3;26.0;25.9;0.1;0.1;0.1;0.2;
2/2/2017 1:11:35 PM;5615;26.1;27.3;26.0;25.9;0.1;0.1;0.1;0.2;
2/2/2017 1:11:36 PM;5616;26.1;27.3;26.0;25.9;0.1;0.1;0.1;0.2;
2/2/2017 1:11:37 PM;5617;26.1;27.3;26.0;25.9;0.1;0.1;0.1;0.2;
2/2/2017 1:11:38 PM;5618;26.1;27.3;26.0;25.9;0.1;0.1;0.1;0.2;
2/2/2017 1:11:39 PM;5619;26.1;27.3;26.0;25.9;0.1;0.1;0.1;0.2;
2/2/2017 1:11:40 PM;5620;26.1;27.3;26.0;25.9;0.1;0.1;0.1;0.2;
2/2/2017 1:11:41 PM;5621;26.1;27.3;26.0;25.9;0.1;0.1;0.1;0.2;
2/2/2017 1:11:42 PM;5622;26.1;27.3;26.0;25.9;0.1;0.1;0.1;0.2;
2/2/2017 1:11:43 PM;5623;26.1;27.3;26.0;25.9;0.1;0.1;0.1;0.2;
2/2/2017 1:11:44 PM;5624;26.1;27.3;26.0;25.9;0.1;0.1;0.1;0.2;
2/2/2017 1:11:45 PM;5625;26.1;27.3;26.0;25.9;0.1;0.1;0.1;0.2;
2/2/2017 1:11:46 PM;5626;26.1;27.3;26.0;25.9;0.1;0.1;0.1;0.2;
2/2/2017 1:11:47 PM;5627;26.1;27.3;26.0;25.9;0.1;0.1;0.1;0.2;
2/2/2017 1:11:48 PM;5628;26.1;27.3;26.0;25.9;0.1;0.1;0.1;0.2;
2/2/2017 1:11:49 PM;5629;26.1;27.3;26.0;25.9;0.1;0.1;0.1;0.2;
2/2/2017 1:11:50 PM;5630;26.1;27.3;26.0;25.9;0.1;0.1;0.1;0.2;
2/2/2017 1:11:51 PM;5631;26.1;27.3;26.0;25.9;0.1;0.1;0.1;0.2;
2/2/2017 1:11:52 PM;5632;26.1;27.3;26.0;25.9;0.1;0.1;0.1;0.2;
2/2/2017 1:11:53 PM;5633;26.1;27.3;26.0;25.9;0.1;0.1;0.1;0.2;
2/2/2017 1:11:54 PM;5634;26.1;27.3;26.0;25.9;0.1;0.1;0.1;0.2;
2/2/2017 1:11:55 PM;5635;26.1;27.3;26.0;25.9;0.1;0.1;0.1;0.2;
2/2/2017 1:11:56 PM;5636;26.1;27.3;26.0;25.9;0.1;0.1;0.1;0.2;
2/2/2017 1:11:57 PM;5637;26.1;27.3;26.0;25.9;0.1;0.1;0.1;0.2;
2/2/2017 1:11:58 PM;5638;26.1;27.3;26.0;25.9;0.1;0.1;0.1;0.2;
2/2/2017 1:11:59 PM;5639;26.1;27.3;26.0;25.9;0.1;0.1;0.1;0.2;
2/2/2017 1:12:00 PM;5640;26.1;27.3;26.0;25.9;0.1;0.1;0.1;0.2;
2/2/2017 1:12:01 PM;5641;26.1;27.3;26.0;25.9;0.1;0.1;0.1;0.2;
2/2/2017 1:12:02 PM;5642;26.1;27.3;26.0;25.9;0.1;0.1;0.1;0.2;
2/2/2017 1:12:03 PM;5643;26.1;27.3;26.0;25.9;0.1;0.1;0.1;0.2;
2/2/2017 1:12:04 PM;5644;26.1;27.3;26.0;25.9;0.1;0.1;0.1;0.2;
2/2/2017 1:12:05 PM;5645;26.1;27.3;26.0;25.9;0.1;0.1;0.1;0.2;
2/2/2017 1:12:06 PM;5646;26.1;27.3;26.0;25.9;0.1;0.1;0.1;0.2;
2/2/2017 1:12:07 PM;5647;26.1;27.3;26.0;25.9;0.1;0.1;0.1;0.2;
2/2/2017 1:12:08 PM;5648;26.1;27.3;26.0;25.9;0.1;0.1;0.1;0.2;
2/2/2017 1:12:09 PM;5649;26.1;27.3;26.0;25.9;0.1;0.1;0.1;0.2;
2/2/2017 1:12:10 PM;5650;26.1;27.3;26.0;25.9;0.1;0.1;0.1;0.2;
2/2/2017 1:12:11 PM;5651;26.1;27.3;26.0;25.9;0.1;0.1;0.1;0.2;
2/2/2017 1:12:12 PM;5652;26.1;27.3;26.0;25.9;0.1;0.1;0.1;0.2;
2/2/2017 1:12:13 PM;5653;26.1;27.3;26.0;25.9;0.1;0.1;0.1;0.2;
2/2/2017 1:12:14 PM;5654;26.1;27.3;26.0;25.9;0.1;0.1;0.1;0.2;
2/2/2017 1:12:15 PM;5655;26.1;27.3;26.0;25.9;0.1;0.1;0.1;0.2;
2/2/2017 1:12:16 PM;5656;26.1;27.3;26.0;25.9;0.1;0.1;0.1;0.2;
2/2/2017 1:12:17 PM;5657;26.1;27.3;26.0;25.9;0.1;0.1;0.1;0.2;
2/2/2017 1:12:18 PM;5658;26.1;27.3;26.0;25.9;0.1;0.1;0.1;0.2;
2/2/2017 1:12:19 PM;5659;26.1;27.3;26.0;25.9;0.1;0.1;0.1;0.2;
2/2/2017 1:12:20 PM;5660;26.1;27.3;26.0;25.9;0.1;0.1;0.1;0.2;
2/2/2017 1:12:21 PM;5661;26.1;27.3;26.0;25.9;0.1;0.1;0.1;0.2;
2/2/2017 1:12:22 PM;5662;26.1;27.3;26.0;25.9;0.1;0.1;0.1;0.2;
2/2/2017 1:12:23 PM;5663;26.1;27.3;26.0;25.9;0.1;0.1;0.1;0.2;
2/2/2017 1:12:24 PM;5664;26.1;27.3;26.0;25.9;0.1;0.1;0.1;0.2;
2/2/2017 1:12:25 PM;5665;26.1;27.3;26.0;25.9;0.1;0.1;0.1;0.2;
2/2/2017 1:12:26 PM;5666;26.1;27.3;26.0;25.9;0.1;0.1;0.1;0.2;
2/2/2017 1:12:27 PM;5667;26.1;27.3;26.0;25.9;0.1;0.1;0.1;0.2;
2/2/2017 1:12:28 PM;5668;26.1;27.3;26.0;25.9;0.1;0.1;0.1;0.2;
2/2/2017 1:12:29 PM;5669;26.1;27.3;26.0;25.9;0.1;0.1;0.1;0.2;
2/2/2017 1:12:30 PM;5670;26.1;27.3;26.0;25.9;0.1;0.1;0.1;0.2;
2/2/2017 1:12:31 PM;5671;26.1;27.3;26.0;25.9;0.1;0.1;0.1;0.2;
2/2/2017 1:12:32 PM;5672;26.1;27.3;26.0;25.9;0.1;0.1;0.1;0.2;
2/2/2017 1:12:33 PM;5673;26.1;27.3;26.0;25.9;0.1;0.1;0.1;0.2;
2/2/2017 1:12:34 PM;5674;26.1;27.3;26.0;25.9;0.1;0.1;0.1;0.2;
2/2/2017 1:12:35 PM;5675;26.1;27.3;26.0;25.9;0.1;0.1;0.1;0.2;
2/2/2017 1:12:36 PM;5676;26.1;27.3;26.0;25.9;0.1;0.1;0.1;0.2;
2/2/2017 1:12:37 PM;5677;26.1;27.3;26.0;25.9;0.1;0.1;0.1;0.2;
2/2/2017 1:12:38 PM;5678;26.1;27.3;26.0;25.9;0.1;0.1;0.1;0.2;
2/2/2017 1:12:39 PM;5679;26.1;27.3;26.0;25.9;0.1;0.1;0.1;0.2;
2/2/2017 1:12:40 PM;5680;26.1;27.3;26.0;25.9;0.1;0.1;0.1;0.2;
2/2/2017 1:12:41 PM;5681;26.1;27.3;26.0;25.9;0.1;0.1;0.1;0.2;
2/2/2017 1:12:42 PM;5682;26.1;27.3;26.0;25.9;0.1;0.1;0.1;0.2;
2/2/2017 1:12:43 PM;5683;26.1;27.3;26.0;25.9;0.1;0.1;0.1;0.2;
2/2/2017 1:12:44 PM;5684;26.1;27.3;26.0;25.9;0.1;0.1;0.1;0.2;
2/2/2017 1:12:45 PM;5685;26.1;27.3;26.0;25.9;0.1;0.1;0.1;0.2;
2/2/2017 1:12:46 PM;5686;26.1;27.3;26.0;25.9;0.1;0.1;0.1;0.2;
2/2/2017 1:12:47 PM;5687;26.1;27.3;26.0;25.9;0.1;0.1;0.1;0.2;
2/2/2017 1:12:48 PM;5688;26.1;27.3;26.0;25.9;0.1;0.1;0.1;0.2;
2/2/2017 1:12:49 PM;5689;26.1;27.3;26.0;25.9;0.1;0.1;0.1;0.2;
2/2/2017 1:12:50 PM;5690;26.1;27.3;26.0;25.9;0.1;0.1;0.1;0.2;
2/2/2017 1:12:51 PM;5691;26.1;27.3;26.0;25.9;0.1;0.1;0.1;0.2;
2/2/2017 1:12:52 PM;5692;26.1;27.3;26.0;25.9;0.1;0.1;0.1;0.2;
2/2/2017 1:12:53 PM;5693;26.1;27.3;26.0;25.9;0.1;0.1;0.1;0.2;
2/2/2017 1:12:54 PM;5694;26.1;27.3;26.0;25.9;0.1;0.1;0.1;0.2;
2/2/2017 1:12:55 PM;5695;26.1;27.3;26.0;25.9;0.1;0.1;0.1;0.2;
2/2/2017 1:12:56 PM;5696;26.1;27.3;26.0;25.9;0.1;0.1;0.1;0.2;
2/2/2017 1:12:57 PM;5697;26.1;27.3;26.0;25.9;0.1;0.1;0.1;0.2;
2/2/2017 1:12:58 PM;5698;26.1;27.3;26.0;25.9;0.1;0.1;0.1;0.2;
2/2/2017 1:12:59 PM;5699;26.1;27.3;26.0;25.9;0.1;0.1;0.1;0.2;
2/2/2017 1:13:00 PM;5700;26.1;27.3;26.0;25.9;0.1;0.1;0.1;0.2;
2/2/2017 1:13:01 PM;5701;26.1;27.3;26.0;25.9;0.1;0.1;0.1;0.2;
2/2/2017 1:13:02 PM;5702;26.1;27.3;26.0;25.9;0.1;0.1;0.1;0.2;
2/2/2017 1:13:03 PM;5703;26.1;27.3;26.0;25.9;0.1;0.1;0.1;0.2;
2/2/2017 1:13:04 PM;5704;26.1;27.3;26.0;25.9;0.1;0.1;0.1;0.2;
2/2/2017 1:13:05 PM;5705;26.1;27.3;26.0;25.9;0.1;0.1;0.1;0.2;
2/2/2017 1:13:06 PM;5706;26.1;27.3;26.0;25.9;0.1;0.1;0.1;0.2;
2/2/2017 1:13:07 PM;5707;26.1;27.3;26.0;25.9;0.1;0.1;0.1;0.2;
2/2/2017 1:13:08 PM;5708;26.1;27.3;26.0;25.9;0.1;0.1;0.1;0.2;
2/2/2017 1:13:09 PM;5709;26.1;27.3;26.0;25.9;0.1;0.1;0.1;0.2;
2/2/2017 1:13:10 PM;5710;26.1;27.3;26.0;25.9;0.1;0.1;0.1;0.2;
2/2/2017 1:13:11 PM;5711;26.1;27.3;26.0;25.9;0.1;0.1;0.1;0.2;
2/2/2017 1:13:12 PM;5712;26.1;27.3;26.0;25.9;0.1;0.1;0.1;0.2;
2/2/2017 1:13:13 PM;5713;26.1;27.3;26.0;25.9;0.1;0.1;0.1;0.2;
2/2/2017 1:13:14 PM;5714;26.1;27.3;26.0;25.9;0.1;0.1;0.1;0.2;
2/2/2017 1:13:15 PM;5715;26.1;27.3;26.0;25.9;0.1;0.1;0.1;0.2;
2/2/2017 1:13:16 PM;5716;26.1;27.3;26.0;25.9;0.1;0.1;0.1;0.2;
2/2/2017 1:13:17 PM;5717;26.1;27.3;26.0;25.9;0.1;0.1;0.1;0.2;
2/2/2017 1:13:18 PM;5718;26.1;27.3;26.0;25.9;0.1;0.1;0.1;0.2;
2/2/2017 1:13:19 PM;5719;26.1;27.3;26.0;25.9;0.1;0.1;0.1;0.2;
2/2/2017 1:13:20 PM;5720;26.1;27.3;26.0;25.9;0.1;0.1;0.1;0.2;
2/2/2017 1:13:21 PM;5721;26.1;27.3;26.0;25.9;0.1;0.1;0.1;0.2;
2/2/2017 1:13:22 PM;5722;26.1;27.3;26.0;25.9;0.1;0.1;0.1;0.2;
2/2/2017 1:13:23 PM;5723;26.1;27.3;26.0;25.9;0.1;0.1;0.1;0.2;
2/2/2017 1:13:24 PM;5724;26.1;27.3;26.0;25.9;0.1;0.1;0.1;0.2;
2/2/2017 1:13:25 PM;5725;26.1;27.3;26.0;25.9;0.1;0.1;0.1;0.2;
2/2/2017 1:13:26 PM;5726;26.1;27.3;26.0;25.9;0.1;0.1;0.1;0.2;
2/2/2017 1:13:27 PM;5727;26.1;27.3;26.0;25.9;0.1;0.1;0.1;0.2;
2/2/2017 1:13:28 PM;5728;26.1;27.3;26.0;25.9;0.1;0.1;0.1;0.2;
2/2/2017 1:13:29 PM;5729;26.1;27.3;26.0;25.9;0.1;0.1;0.1;0.2;
2/2/2017 1:13:30 PM;5730;26.1;27.3;26.0;25.9;0.1;0.1;0.1;0.2;
2/2/2017 1:13:31 PM;5731;26.1;27.3;26.0;25.9;0.1;0.1;0.1;0.2;
2/2/2017 1:13:32 PM;5732;26.1;27.3;26.0;25.9;0.1;0.1;0.1;0.2;
2/2/2017 1:13:33 PM;5733;26.1;27.3;26.0;25.9;0.1;0.1;0.1;0.2;
2/2/2017 1:13:34 PM;5734;26.1;27.3;26.0;25.9;0.1;0.1;0.1;0.2;
2/2/2017 1:13:35 PM;5735;26.1;27.3;26.0;25.9;0.1;0.1;0.1;0.2;
2/2/2017 1:13:36 PM;5736;26.1;27.3;26.0;25.9;0.1;0.1;0.1;0.2;
2/2/2017 1:13:37 PM;5737;26.1;27.3;26.0;25.9;0.1;0.1;0.1;0.2;
2/2/2017 1:13:38 PM;5738;26.1;27.3;26.0;25.9;0.1;0.1;0.1;0.2;
2/2/2017 1:13:39 PM;5739;26.1;27.3;26.0;25.9;0.1;0.1;0.1;0.2;
2/2/2017 1:13:40 PM;5740;26.1;27.3;26.0;25.9;0.1;0.1;0.1;0.2;
2/2/2017 1:13:41 PM;5741;26.1;27.3;26.0;25.9;0.1;0.1;0.1;0.2;
2/2/2017 1:13:42 PM;5742;26.1;27.3;26.0;25.9;0.1;0.1;0.1;0.2;
2/2/2017 1:13:43 PM;5743;26.1;27.3;26.0;25.9;0.1;0.1;0.1;0.2;
2/2/2017 1:13:44 PM;5744;26.1;27.3;26.0;25.9;0.1;0.1;0.1;0.2;
2/2/2017 1:13:45 PM;5745;26.1;27.3;26.0;25.9;0.1;0.1;0.1;0.2;
2/2/2017 1:13:46 PM;5746;26.1;27.3;26.0;25.9;0.1;0.1;0.1;0.2;
2/2/2017 1:13:47 PM;5747;26.1;27.3;26.0;25.9;0.1;0.1;0.1;0.2;
2/2/2017 1:13:48 PM;5748;26.1;27.3;26.0;25.9;0.1;0.1;0.1;0.2;
2/2/2017 1:13:49 PM;5749;26.1;27.3;26.0;25.9;0.1;0.1;0.1;0.2;
2/2/2017 1:13:50 PM;5750;26.1;27.3;26.0;25.9;0.1;0.1;0.1;0.2;
2/2/2017 1:13:51 PM;5751;26.1;27.3;26.0;25.9;0.1;0.1;0.1;0.2;
2/2/2017 1:13:52 PM;5752;26.1;27.3;26.0;25.9;0.1;0.1;0.1;0.2;
2/2/2017 1:13:53 PM;5753;26.1;27.3;26.0;25.9;0.1;0.1;0.1;0.2;
2/2/2017 1:13:54 PM;5754;26.1;27.2;26.0;25.9;0.1;0.1;0.1;0.2;
2/2/2017 1:13:55 PM;5755;26.1;27.2;26.0;25.9;0.1;0.1;0.1;0.2;
2/2/2017 1:13:56 PM;5756;26.1;27.2;26.0;25.9;0.1;0.1;0.1;0.2;
2/2/2017 1:13:57 PM;5757;26.1;27.2;26.0;25.9;0.1;0.1;0.1;0.2;
2/2/2017 1:13:58 PM;5758;26.1;27.2;26.0;25.9;0.1;0.1;0.1;0.2;
2/2/2017 1:13:59 PM;5759;26.1;27.3;26.0;25.9;0.1;0.1;0.1;0.2;
2/2/2017 1:14:00 PM;5760;26.1;27.3;26.0;25.9;0.1;0.1;0.1;0.2;
2/2/2017 1:14:01 PM;5761;26.1;27.3;26.0;25.9;0.1;0.1;0.1;0.2;
2/2/2017 1:14:02 PM;5762;26.1;27.3;26.0;25.9;0.1;0.1;0.1;0.2;
2/2/2017 1:14:03 PM;5763;26.1;27.3;26.0;25.9;0.1;0.1;0.1;0.2;
2/2/2017 1:14:04 PM;5764;26.1;27.3;26.0;25.9;0.1;0.1;0.1;0.2;
2/2/2017 1:14:05 PM;5765;26.1;27.3;26.0;25.9;0.1;0.1;0.1;0.2;
2/2/2017 1:14:06 PM;5766;26.1;27.3;26.0;25.9;0.1;0.1;0.1;0.2;
2/2/2017 1:14:07 PM;5767;26.1;27.3;26.0;25.9;0.1;0.1;0.1;0.2;
2/2/2017 1:14:08 PM;5768;26.1;27.3;26.0;25.9;0.1;0.1;0.1;0.2;
2/2/2017 1:14:09 PM;5769;26.1;27.3;26.0;25.9;0.1;0.1;0.1;0.2;
2/2/2017 1:14:10 PM;5770;26.1;27.3;26.0;25.9;0.1;0.1;0.1;0.2;
2/2/2017 1:14:11 PM;5771;26.1;27.3;26.0;25.9;0.1;0.1;0.1;0.2;
2/2/2017 1:14:12 PM;5772;26.1;27.3;26.0;25.9;0.1;0.1;0.1;0.2;
2/2/2017 1:14:13 PM;5773;26.1;27.3;26.0;25.9;0.1;0.1;0.1;0.2;
2/2/2017 1:14:14 PM;5774;26.1;27.3;26.0;25.9;0.1;0.1;0.1;0.2;
2/2/2017 1:14:15 PM;5775;26.1;27.3;26.0;25.9;0.1;0.1;0.1;0.2;
2/2/2017 1:14:16 PM;5776;26.1;27.3;26.0;25.9;0.1;0.1;0.1;0.2;
2/2/2017 1:14:17 PM;5777;26.1;27.3;26.0;25.9;0.1;0.1;0.1;0.2;
2/2/2017 1:14:18 PM;5778;26.1;27.3;26.0;25.9;0.1;0.1;0.1;0.2;
2/2/2017 1:14:19 PM;5779;26.1;27.3;26.0;25.9;0.1;0.1;0.1;0.2;
2/2/2017 1:14:20 PM;5780;26.1;27.3;26.0;25.9;0.1;0.1;0.1;0.2;
2/2/2017 1:14:21 PM;5781;26.1;27.3;26.0;25.9;0.1;0.1;0.1;0.2;
2/2/2017 1:14:22 PM;5782;26.1;27.3;26.0;25.9;0.1;0.1;0.1;0.2;
2/2/2017 1:14:23 PM;5783;26.1;27.3;26.0;25.9;0.1;0.1;0.1;0.2;
2/2/2017 1:14:24 PM;5784;26.1;27.3;26.0;25.9;0.1;0.1;0.1;0.2;
2/2/2017 1:14:25 PM;5785;26.1;27.3;26.0;25.9;0.1;0.1;0.1;0.2;
2/2/2017 1:14:26 PM;5786;26.1;27.3;26.0;25.9;0.1;0.1;0.1;0.2;
2/2/2017 1:14:27 PM;5787;26.1;27.2;26.0;25.9;0.1;0.1;0.1;0.2;
2/2/2017 1:14:28 PM;5788;26.1;27.2;26.0;25.9;0.1;0.1;0.1;0.2;
2/2/2017 1:14:29 PM;5789;26.1;27.2;26.0;25.9;0.1;0.1;0.1;0.2;
2/2/2017 1:14:30 PM;5790;26.1;27.2;26.0;25.9;0.1;0.1;0.1;0.2;
2/2/2017 1:14:31 PM;5791;26.1;27.2;26.0;25.9;0.1;0.1;0.1;0.2;
2/2/2017 1:14:32 PM;5792;26.1;27.3;26.0;25.9;0.1;0.1;0.1;0.2;
2/2/2017 1:14:33 PM;5793;26.1;27.3;26.0;25.9;0.1;0.1;0.1;0.2;
2/2/2017 1:14:34 PM;5794;26.1;27.3;26.0;25.9;0.1;0.1;0.1;0.2;
2/2/2017 1:14:35 PM;5795;26.1;27.3;26.0;25.9;0.1;0.1;0.1;0.2;
2/2/2017 1:14:36 PM;5796;26.1;27.3;26.0;25.9;0.1;0.1;0.1;0.2;
2/2/2017 1:14:37 PM;5797;26.1;27.3;26.0;25.9;0.1;0.1;0.1;0.2;
2/2/2017 1:14:38 PM;5798;26.1;27.3;26.0;25.9;0.1;0.1;0.1;0.2;
2/2/2017 1:14:39 PM;5799;26.1;27.3;26.0;25.9;0.1;0.1;0.1;0.2;
2/2/2017 1:14:40 PM;5800;26.1;27.3;26.0;25.9;0.1;0.1;0.1;0.2;
2/2/2017 1:14:41 PM;5801;26.1;27.3;26.0;25.9;0.1;0.1;0.1;0.2;
2/2/2017 1:14:42 PM;5802;26.1;27.3;26.0;25.9;0.1;0.1;0.1;0.2;
2/2/2017 1:14:43 PM;5803;26.1;27.3;26.0;25.9;0.1;0.1;0.1;0.2;
2/2/2017 1:14:44 PM;5804;26.1;27.3;26.0;25.9;0.1;0.1;0.1;0.2;
2/2/2017 1:14:45 PM;5805;26.1;27.3;26.0;25.9;0.1;0.1;0.1;0.2;
2/2/2017 1:14:46 PM;5806;26.1;27.3;26.0;25.9;0.1;0.1;0.1;0.2;
2/2/2017 1:14:47 PM;5807;26.1;27.3;26.0;25.9;0.1;0.1;0.1;0.2;
2/2/2017 1:14:48 PM;5808;26.1;27.3;26.0;25.9;0.1;0.1;0.1;0.2;
2/2/2017 1:14:49 PM;5809;26.1;27.3;26.0;25.9;0.1;0.1;0.1;0.2;
2/2/2017 1:14:50 PM;5810;26.1;27.3;26.0;25.9;0.1;0.1;0.1;0.2;
2/2/2017 1:14:51 PM;5811;26.1;27.3;26.0;25.9;0.1;0.1;0.1;0.2;
2/2/2017 1:14:52 PM;5812;26.1;27.3;26.0;25.9;0.1;0.1;0.1;0.2;
2/2/2017 1:14:53 PM;5813;26.1;27.3;26.0;25.9;0.1;0.1;0.1;0.2;
2/2/2017 1:14:54 PM;5814;26.1;27.3;26.0;25.9;0.1;0.1;0.1;0.2;
2/2/2017 1:14:55 PM;5815;26.1;27.3;26.0;25.9;0.1;0.1;0.1;0.2;
2/2/2017 1:14:56 PM;5816;26.1;27.3;26.0;25.9;0.1;0.1;0.1;0.2;
2/2/2017 1:14:57 PM;5817;26.1;27.3;26.0;25.9;0.1;0.1;0.1;0.2;
2/2/2017 1:14:58 PM;5818;26.1;27.3;26.0;25.9;0.1;0.1;0.1;0.2;
2/2/2017 1:14:59 PM;5819;26.1;27.3;26.0;25.9;0.1;0.1;0.1;0.2;
2/2/2017 1:15:00 PM;5820;26.1;27.3;26.0;25.9;0.1;0.1;0.1;0.2;
2/2/2017 1:15:01 PM;5821;26.1;27.3;26.0;25.9;0.1;0.1;0.1;0.2;
2/2/2017 1:15:02 PM;5822;26.1;27.3;26.0;25.9;0.1;0.1;0.1;0.2;
2/2/2017 1:15:03 PM;5823;26.1;27.3;26.0;25.9;0.1;0.1;0.1;0.2;
2/2/2017 1:15:04 PM;5824;26.1;27.3;26.0;25.9;0.1;0.1;0.1;0.2;
2/2/2017 1:15:05 PM;5825;26.1;27.3;26.0;25.9;0.1;0.1;0.1;0.2;
2/2/2017 1:15:06 PM;5826;26.1;27.3;26.0;25.9;0.1;0.1;0.1;0.2;
2/2/2017 1:15:07 PM;5827;26.1;27.3;26.0;25.9;0.1;0.1;0.1;0.2;
2/2/2017 1:15:08 PM;5828;26.1;27.3;26.0;25.9;0.1;0.1;0.1;0.2;
2/2/2017 1:15:09 PM;5829;26.1;27.3;26.0;25.9;0.1;0.1;0.1;0.2;
2/2/2017 1:15:10 PM;5830;26.1;27.3;26.0;25.9;0.1;0.1;0.1;0.2;
2/2/2017 1:15:11 PM;5831;26.1;27.3;26.0;25.9;0.1;0.1;0.1;0.2;
2/2/2017 1:15:12 PM;5832;26.1;27.3;26.0;25.9;0.1;0.1;0.1;0.2;
2/2/2017 1:15:13 PM;5833;26.1;27.3;26.0;25.9;0.1;0.1;0.1;0.2;
2/2/2017 1:15:14 PM;5834;26.1;27.2;26.0;25.9;0.1;0.1;0.1;0.2;
2/2/2017 1:15:15 PM;5835;26.1;27.2;26.0;25.9;0.1;0.1;0.1;0.2;
2/2/2017 1:15:16 PM;5836;26.1;27.2;26.0;25.9;0.1;0.1;0.1;0.2;
2/2/2017 1:15:17 PM;5837;26.1;27.2;26.0;25.9;0.1;0.1;0.1;0.2;
2/2/2017 1:15:18 PM;5838;26.1;27.2;26.0;25.9;0.1;0.1;0.1;0.2;
2/2/2017 1:15:19 PM;5839;26.1;27.3;26.0;25.9;0.1;0.1;0.1;0.2;
2/2/2017 1:15:20 PM;5840;26.1;27.3;26.0;25.9;0.1;0.1;0.1;0.2;
2/2/2017 1:15:21 PM;5841;26.1;27.2;26.0;25.9;0.1;0.1;0.1;0.2;
2/2/2017 1:15:22 PM;5842;26.1;27.2;26.0;25.9;0.1;0.1;0.1;0.2;
2/2/2017 1:15:23 PM;5843;26.1;27.2;26.0;25.9;0.1;0.1;0.1;0.2;
2/2/2017 1:15:24 PM;5844;26.1;27.2;26.0;25.9;0.1;0.1;0.1;0.2;
2/2/2017 1:15:25 PM;5845;26.1;27.2;26.0;25.9;0.1;0.1;0.1;0.2;
2/2/2017 1:15:26 PM;5846;26.1;27.3;26.0;25.9;0.1;0.1;0.1;0.2;
2/2/2017 1:15:27 PM;5847;26.1;27.3;26.0;25.9;0.1;0.1;0.1;0.2;
2/2/2017 1:15:28 PM;5848;26.1;27.3;26.0;25.9;0.1;0.1;0.1;0.2;
2/2/2017 1:15:29 PM;5849;26.1;27.3;26.0;25.9;0.1;0.1;0.1;0.2;
2/2/2017 1:15:30 PM;5850;26.1;27.2;26.0;25.9;0.1;0.1;0.1;0.2;
2/2/2017 1:15:31 PM;5851;26.1;27.2;26.0;25.9;0.1;0.1;0.1;0.2;
2/2/2017 1:15:32 PM;5852;26.1;27.2;26.0;25.9;0.1;0.1;0.1;0.2;
2/2/2017 1:15:33 PM;5853;26.1;27.2;26.0;25.9;0.1;0.1;0.1;0.2;
2/2/2017 1:15:34 PM;5854;26.1;27.2;26.0;25.9;0.1;0.1;0.1;0.2;
2/2/2017 1:15:35 PM;5855;26.1;27.3;26.0;25.9;0.1;0.1;0.1;0.2;
2/2/2017 1:15:36 PM;5856;26.1;27.3;26.0;25.9;0.1;0.1;0.1;0.2;
2/2/2017 1:15:37 PM;5857;26.1;27.3;26.0;25.9;0.1;0.1;0.1;0.2;
2/2/2017 1:15:38 PM;5858;26.1;27.3;26.0;25.9;0.1;0.1;0.1;0.2;
2/2/2017 1:15:39 PM;5859;26.1;27.3;26.0;25.9;0.1;0.1;0.1;0.2;
2/2/2017 1:15:40 PM;5860;26.1;27.3;26.0;25.9;0.1;0.1;0.1;0.2;
2/2/2017 1:15:41 PM;5861;26.1;27.3;26.0;25.9;0.1;0.1;0.1;0.2;
2/2/2017 1:15:42 PM;5862;26.1;27.3;26.0;25.9;0.1;0.1;0.1;0.2;
2/2/2017 1:15:43 PM;5863;26.1;27.3;26.0;25.9;0.1;0.1;0.1;0.2;
2/2/2017 1:15:44 PM;5864;26.1;27.3;26.0;25.9;0.1;0.1;0.1;0.2;
2/2/2017 1:15:45 PM;5865;26.1;27.3;26.0;25.9;0.1;0.1;0.1;0.2;
2/2/2017 1:15:46 PM;5866;26.1;27.3;26.0;25.9;0.1;0.1;0.1;0.2;
2/2/2017 1:15:47 PM;5867;26.1;27.3;26.0;25.9;0.1;0.1;0.1;0.2;
2/2/2017 1:15:48 PM;5868;26.1;27.3;26.0;25.9;0.1;0.1;0.1;0.2;
2/2/2017 1:15:49 PM;5869;26.1;27.3;26.0;25.9;0.1;0.1;0.1;0.2;
2/2/2017 1:15:50 PM;5870;26.1;27.3;26.0;25.9;0.1;0.1;0.1;0.2;
2/2/2017 1:15:51 PM;5871;26.1;27.3;26.0;25.9;0.1;0.1;0.1;0.2;
2/2/2017 1:15:52 PM;5872;26.1;27.3;26.0;25.9;0.1;0.1;0.1;0.2;
2/2/2017 1:15:53 PM;5873;26.1;27.3;26.0;25.9;0.1;0.1;0.1;0.2;
2/2/2017 1:15:54 PM;5874;26.1;27.2;26.0;25.9;0.1;0.1;0.1;0.2;
2/2/2017 1:15:55 PM;5875;26.1;27.2;26.0;25.9;0.1;0.1;0.1;0.2;
2/2/2017 1:15:56 PM;5876;26.1;27.2;26.0;25.9;0.1;0.1;0.1;0.2;
2/2/2017 1:15:57 PM;5877;26.1;27.2;26.0;25.9;0.1;0.1;0.1;0.2;
2/2/2017 1:15:58 PM;5878;26.1;27.2;26.0;25.9;0.1;0.1;0.1;0.2;
2/2/2017 1:15:59 PM;5879;26.1;27.3;26.0;25.9;0.1;0.1;0.1;0.2;
2/2/2017 1:16:00 PM;5880;26.1;27.3;26.0;25.9;0.1;0.1;0.1;0.2;
2/2/2017 1:16:01 PM;5881;26.1;27.3;26.0;25.9;0.1;0.1;0.1;0.2;
2/2/2017 1:16:02 PM;5882;26.1;27.3;26.0;25.9;0.1;0.1;0.1;0.2;
2/2/2017 1:16:03 PM;5883;26.1;27.3;26.0;25.9;0.1;0.1;0.1;0.2;
2/2/2017 1:16:04 PM;5884;26.1;27.3;26.0;25.9;0.1;0.1;0.1;0.2;
2/2/2017 1:16:05 PM;5885;26.1;27.3;26.0;25.9;0.1;0.1;0.1;0.2;
2/2/2017 1:16:06 PM;5886;26.1;27.3;26.0;25.9;0.1;0.1;0.1;0.2;
2/2/2017 1:16:07 PM;5887;26.1;27.3;26.0;25.9;0.1;0.1;0.1;0.2;
2/2/2017 1:16:08 PM;5888;26.1;27.3;26.0;25.9;0.1;0.1;0.1;0.2;
2/2/2017 1:16:09 PM;5889;26.1;27.3;26.0;25.9;0.1;0.1;0.1;0.2;
2/2/2017 1:16:10 PM;5890;26.1;27.3;26.0;25.9;0.1;0.1;0.1;0.2;
2/2/2017 1:16:11 PM;5891;26.1;27.3;26.0;25.9;0.1;0.1;0.1;0.2;
2/2/2017 1:16:12 PM;5892;26.1;27.2;26.0;25.9;0.1;0.1;0.1;0.2;
2/2/2017 1:16:13 PM;5893;26.1;27.2;26.0;25.9;0.1;0.1;0.1;0.2;
2/2/2017 1:16:14 PM;5894;26.1;27.2;26.0;25.9;0.1;0.1;0.1;0.2;
2/2/2017 1:16:15 PM;5895;26.1;27.2;26.0;25.9;0.1;0.1;0.1;0.2;
2/2/2017 1:16:16 PM;5896;26.1;27.2;26.0;25.9;0.1;0.1;0.1;0.2;
2/2/2017 1:16:17 PM;5897;26.1;27.3;26.0;25.9;0.1;0.1;0.1;0.2;
2/2/2017 1:16:18 PM;5898;26.1;27.3;26.0;25.9;0.1;0.1;0.1;0.2;
2/2/2017 1:16:19 PM;5899;26.1;27.3;26.0;25.9;0.1;0.1;0.1;0.2;
2/2/2017 1:16:20 PM;5900;26.1;27.2;26.0;25.9;0.1;0.1;0.1;0.2;
2/2/2017 1:16:21 PM;5901;26.1;27.2;26.0;25.9;0.1;0.1;0.1;0.2;
2/2/2017 1:16:22 PM;5902;26.1;27.2;26.0;25.9;0.1;0.1;0.1;0.2;
2/2/2017 1:16:23 PM;5903;26.1;27.2;26.0;25.9;0.1;0.1;0.1;0.2;
2/2/2017 1:16:24 PM;5904;26.1;27.2;26.0;25.9;0.1;0.1;0.1;0.2;
2/2/2017 1:16:25 PM;5905;26.1;27.2;26.0;25.9;0.1;0.1;0.1;0.2;
2/2/2017 1:16:26 PM;5906;26.1;27.3;26.0;25.9;0.1;0.1;0.1;0.2;
2/2/2017 1:16:27 PM;5907;26.1;27.3;26.0;25.9;0.1;0.1;0.1;0.2;
2/2/2017 1:16:28 PM;5908;26.1;27.3;26.0;25.9;0.1;0.1;0.1;0.2;
2/2/2017 1:16:29 PM;5909;26.1;27.3;26.0;25.9;0.1;0.1;0.1;0.2;
2/2/2017 1:16:30 PM;5910;26.1;27.3;26.0;25.9;0.1;0.1;0.1;0.2;
2/2/2017 1:16:31 PM;5911;26.1;27.3;26.0;25.9;0.1;0.1;0.1;0.2;
2/2/2017 1:16:32 PM;5912;26.1;27.3;26.0;25.9;0.1;0.1;0.1;0.2;
2/2/2017 1:16:33 PM;5913;26.1;27.3;26.0;25.9;0.1;0.1;0.1;0.2;
2/2/2017 1:16:34 PM;5914;26.1;27.3;26.0;25.9;0.1;0.1;0.1;0.2;
2/2/2017 1:16:35 PM;5915;26.1;27.3;26.0;25.9;0.1;0.1;0.1;0.2;
2/2/2017 1:16:36 PM;5916;26.1;27.3;26.0;25.9;0.1;0.1;0.1;0.2;
2/2/2017 1:16:37 PM;5917;26.1;27.3;26.0;25.9;0.1;0.1;0.1;0.2;
2/2/2017 1:16:38 PM;5918;26.1;27.3;26.0;25.9;0.1;0.1;0.1;0.2;
2/2/2017 1:16:39 PM;5919;26.1;27.3;26.0;25.9;0.1;0.1;0.1;0.2;
2/2/2017 1:16:40 PM;5920;26.1;27.3;26.0;25.9;0.1;0.1;0.1;0.2;
2/2/2017 1:16:41 PM;5921;26.1;27.3;26.0;25.9;0.1;0.1;0.1;0.2;
2/2/2017 1:16:42 PM;5922;26.1;27.3;26.0;25.9;0.1;0.1;0.1;0.2;
2/2/2017 1:16:43 PM;5923;26.1;27.3;26.0;25.9;0.1;0.1;0.1;0.2;
2/2/2017 1:16:44 PM;5924;26.1;27.3;26.0;25.9;0.1;0.1;0.1;0.2;
2/2/2017 1:16:45 PM;5925;26.1;27.3;26.0;25.9;0.1;0.1;0.1;0.2;
2/2/2017 1:16:46 PM;5926;26.1;27.3;26.0;25.9;0.1;0.1;0.1;0.2;
2/2/2017 1:16:47 PM;5927;26.1;27.3;26.0;25.9;0.1;0.1;0.1;0.2;
2/2/2017 1:16:48 PM;5928;26.1;27.3;26.0;25.9;0.1;0.1;0.1;0.2;
2/2/2017 1:16:49 PM;5929;26.1;27.3;26.0;25.9;0.1;0.1;0.1;0.2;
2/2/2017 1:16:50 PM;5930;26.1;27.3;26.0;25.9;0.1;0.1;0.1;0.2;
2/2/2017 1:16:51 PM;5931;26.1;27.3;26.0;25.9;0.1;0.1;0.1;0.2;
2/2/2017 1:16:52 PM;5932;26.1;27.3;26.0;25.9;0.1;0.1;0.1;0.2;
2/2/2017 1:16:53 PM;5933;26.1;27.3;26.0;25.9;0.1;0.1;0.1;0.2;
2/2/2017 1:16:54 PM;5934;26.1;27.3;26.0;25.9;0.1;0.1;0.1;0.2;
2/2/2017 1:16:55 PM;5935;26.1;27.3;26.0;25.9;0.1;0.1;0.1;0.2;
2/2/2017 1:16:56 PM;5936;26.1;27.3;26.0;25.9;0.1;0.1;0.1;0.2;
2/2/2017 1:16:57 PM;5937;26.1;27.3;26.0;25.9;0.1;0.1;0.1;0.2;
2/2/2017 1:16:58 PM;5938;26.1;27.3;26.0;25.9;0.1;0.1;0.1;0.2;
2/2/2017 1:16:59 PM;5939;26.1;27.3;26.0;25.9;0.1;0.1;0.1;0.2;
2/2/2017 1:17:00 PM;5940;26.1;27.3;26.0;25.9;0.1;0.1;0.1;0.2;
2/2/2017 1:17:01 PM;5941;26.1;27.3;26.0;25.9;0.1;0.1;0.1;0.2;
2/2/2017 1:17:02 PM;5942;26.1;27.3;26.0;25.9;0.1;0.1;0.1;0.2;
2/2/2017 1:17:03 PM;5943;26.1;27.3;26.0;25.9;0.1;0.1;0.1;0.2;
2/2/2017 1:17:04 PM;5944;26.1;27.3;26.0;25.9;0.1;0.1;0.1;0.2;
2/2/2017 1:17:05 PM;5945;26.1;27.3;26.0;25.9;0.1;0.1;0.1;0.2;
2/2/2017 1:17:06 PM;5946;26.1;27.2;26.0;25.9;0.1;0.1;0.1;0.2;
2/2/2017 1:17:07 PM;5947;26.1;27.2;26.0;25.9;0.1;0.1;0.1;0.2;
2/2/2017 1:17:08 PM;5948;26.1;27.2;26.0;25.9;0.1;0.1;0.1;0.2;
2/2/2017 1:17:09 PM;5949;26.1;27.2;26.0;25.9;0.1;0.1;0.1;0.2;
2/2/2017 1:17:10 PM;5950;26.1;27.2;26.0;25.9;0.1;0.1;0.1;0.2;
2/2/2017 1:17:11 PM;5951;26.1;27.3;26.0;25.9;0.1;0.1;0.1;0.2;
2/2/2017 1:17:12 PM;5952;26.1;27.3;26.0;25.9;0.1;0.1;0.1;0.2;
2/2/2017 1:17:13 PM;5953;26.1;27.3;26.0;25.9;0.1;0.1;0.1;0.2;
2/2/2017 1:17:14 PM;5954;26.1;27.3;26.0;25.9;0.1;0.1;0.1;0.2;
2/2/2017 1:17:15 PM;5955;26.1;27.3;26.0;25.9;0.1;0.1;0.1;0.2;
2/2/2017 1:17:16 PM;5956;26.1;27.3;26.0;25.9;0.1;0.1;0.1;0.2;
2/2/2017 1:17:17 PM;5957;26.1;27.3;26.0;25.9;0.1;0.1;0.1;0.2;
2/2/2017 1:17:18 PM;5958;26.1;27.3;26.0;25.9;0.1;0.1;0.1;0.2;
2/2/2017 1:17:19 PM;5959;26.1;27.3;26.0;25.9;0.1;0.1;0.1;0.2;
2/2/2017 1:17:20 PM;5960;26.1;27.3;26.0;25.9;0.1;0.1;0.1;0.2;
2/2/2017 1:17:21 PM;5961;26.1;27.2;26.0;25.9;0.1;0.1;0.1;0.2;
2/2/2017 1:17:22 PM;5962;26.1;27.2;26.0;25.9;0.1;0.1;0.1;0.2;
2/2/2017 1:17:23 PM;5963;26.1;27.2;26.0;25.9;0.1;0.1;0.1;0.2;
2/2/2017 1:17:24 PM;5964;26.1;27.2;26.0;25.9;0.1;0.1;0.1;0.2;
2/2/2017 1:17:25 PM;5965;26.1;27.2;26.0;25.9;0.1;0.1;0.1;0.2;
2/2/2017 1:17:26 PM;5966;26.1;27.3;26.0;25.9;0.1;0.1;0.1;0.2;
2/2/2017 1:17:27 PM;5967;26.1;27.3;26.0;25.9;0.1;0.1;0.1;0.2;
2/2/2017 1:17:28 PM;5968;26.1;27.3;26.0;25.9;0.1;0.1;0.1;0.2;
2/2/2017 1:17:29 PM;5969;26.1;27.3;26.0;25.9;0.1;0.1;0.1;0.2;
2/2/2017 1:17:30 PM;5970;26.1;27.3;26.0;25.9;0.1;0.1;0.1;0.2;
2/2/2017 1:17:31 PM;5971;26.1;27.3;26.0;25.9;0.1;0.1;0.1;0.2;
2/2/2017 1:17:32 PM;5972;26.1;27.3;26.0;25.9;0.1;0.1;0.1;0.2;
2/2/2017 1:17:33 PM;5973;26.1;27.3;26.0;25.9;0.1;0.1;0.1;0.2;
2/2/2017 1:17:34 PM;5974;26.1;27.3;26.0;25.9;0.1;0.1;0.1;0.2;
2/2/2017 1:17:35 PM;5975;26.1;27.3;26.0;25.9;0.1;0.1;0.1;0.2;
2/2/2017 1:17:36 PM;5976;26.1;27.3;26.0;25.9;0.1;0.1;0.1;0.2;
2/2/2017 1:17:37 PM;5977;26.1;27.3;26.0;25.9;0.1;0.1;0.1;0.2;
2/2/2017 1:17:38 PM;5978;26.1;27.3;26.0;25.9;0.1;0.1;0.1;0.2;
2/2/2017 1:17:39 PM;5979;26.1;27.3;26.0;25.9;0.1;0.1;0.1;0.2;
2/2/2017 1:17:40 PM;5980;26.1;27.3;26.0;25.9;0.1;0.1;0.1;0.2;
2/2/2017 1:17:41 PM;5981;26.1;27.3;26.0;25.9;0.1;0.1;0.1;0.2;
2/2/2017 1:17:42 PM;5982;26.1;27.3;26.0;25.9;0.1;0.1;0.1;0.2;
2/2/2017 1:17:43 PM;5983;26.1;27.3;26.0;25.9;0.1;0.1;0.1;0.2;
2/2/2017 1:17:44 PM;5984;26.0;27.3;26.0;25.9;0.1;0.1;0.1;0.2;
2/2/2017 1:17:45 PM;5985;26.0;27.2;26.0;25.9;0.1;0.1;0.1;0.2;
2/2/2017 1:17:46 PM;5986;26.0;27.2;26.0;25.9;0.1;0.1;0.1;0.2;
2/2/2017 1:17:47 PM;5987;26.0;27.2;26.0;25.9;0.1;0.1;0.1;0.2;
2/2/2017 1:17:48 PM;5988;26.0;27.2;26.0;25.9;0.1;0.1;0.1;0.2;
2/2/2017 1:17:49 PM;5989;26.0;27.2;26.0;25.9;0.1;0.1;0.1;0.2;
2/2/2017 1:17:50 PM;5990;26.0;27.3;26.0;25.9;0.1;0.1;0.1;0.2;
2/2/2017 1:17:51 PM;5991;26.0;27.2;26.0;25.9;0.1;0.1;0.1;0.2;
2/2/2017 1:17:52 PM;5992;26.1;27.2;26.0;25.9;0.1;0.1;0.1;0.2;
2/2/2017 1:17:53 PM;5993;26.1;27.2;26.0;25.9;0.1;0.1;0.1;0.2;
2/2/2017 1:17:54 PM;5994;26.1;27.2;26.0;25.9;0.1;0.1;0.1;0.2;
2/2/2017 1:17:55 PM;5995;26.1;27.2;26.0;25.9;0.1;0.1;0.1;0.2;
2/2/2017 1:17:56 PM;5996;26.1;27.3;26.0;25.9;0.1;0.1;0.1;0.2;
2/2/2017 1:17:57 PM;5997;26.1;27.3;26.0;25.9;0.1;0.1;0.1;0.2;
2/2/2017 1:17:58 PM;5998;26.1;27.3;26.0;25.9;0.1;0.1;0.1;0.2;
2/2/2017 1:17:59 PM;5999;26.1;27.3;26.0;25.9;0.1;0.1;0.1;0.2;
2/2/2017 1:18:00 PM;6000;26.1;27.2;26.0;25.9;0.1;0.1;0.1;0.2;
2/2/2017 1:18:01 PM;6001;26.1;27.2;26.0;25.9;0.1;0.1;0.1;0.2;
2/2/2017 1:18:02 PM;6002;26.1;27.2;26.0;25.9;0.1;0.1;0.1;0.2;
2/2/2017 1:18:03 PM;6003;26.1;27.2;26.0;25.9;0.1;0.1;0.1;0.2;
2/2/2017 1:18:04 PM;6004;26.1;27.2;26.0;25.9;0.1;0.1;0.1;0.2;
2/2/2017 1:18:05 PM;6005;26.1;27.3;26.0;25.9;0.1;0.1;0.1;0.2;
2/2/2017 1:18:06 PM;6006;26.1;27.3;26.0;25.9;0.1;0.1;0.1;0.2;
2/2/2017 1:18:07 PM;6007;26.1;27.3;26.0;25.9;0.1;0.1;0.1;0.2;
2/2/2017 1:18:08 PM;6008;26.1;27.3;26.0;25.9;0.1;0.1;0.1;0.2;
2/2/2017 1:18:09 PM;6009;26.1;27.3;26.0;25.9;0.1;0.1;0.1;0.2;
2/2/2017 1:18:10 PM;6010;26.1;27.3;26.0;25.9;0.1;0.1;0.1;0.2;
2/2/2017 1:18:11 PM;6011;26.0;27.3;26.0;25.9;0.1;0.1;0.1;0.2;
2/2/2017 1:18:12 PM;6012;26.0;27.3;26.0;25.9;0.1;0.1;0.1;0.2;
2/2/2017 1:18:13 PM;6013;26.0;27.3;26.0;25.9;0.1;0.1;0.1;0.2;
2/2/2017 1:18:14 PM;6014;26.0;27.3;26.0;25.9;0.1;0.1;0.1;0.2;
2/2/2017 1:18:15 PM;6015;26.0;27.3;26.0;25.9;0.1;0.1;0.1;0.2;
2/2/2017 1:18:16 PM;6016;26.1;27.3;26.0;25.9;0.1;0.1;0.1;0.2;
2/2/2017 1:18:17 PM;6017;26.1;27.3;26.0;25.9;0.1;0.1;0.1;0.2;
2/2/2017 1:18:18 PM;6018;26.1;27.2;26.0;25.9;0.1;0.1;0.1;0.2;
2/2/2017 1:18:19 PM;6019;26.1;27.2;26.0;25.9;0.1;0.1;0.1;0.2;
2/2/2017 1:18:20 PM;6020;26.1;27.2;26.0;25.9;0.1;0.1;0.1;0.2;
2/2/2017 1:18:21 PM;6021;26.1;27.2;26.0;25.9;0.1;0.1;0.1;0.2;
2/2/2017 1:18:22 PM;6022;26.1;27.2;26.0;25.9;0.1;0.1;0.1;0.2;
2/2/2017 1:18:23 PM;6023;26.1;27.3;26.0;25.9;0.1;0.1;0.1;0.2;
2/2/2017 1:18:24 PM;6024;26.1;27.3;26.0;25.9;0.1;0.1;0.1;0.2;
2/2/2017 1:18:25 PM;6025;26.1;27.3;26.0;25.9;0.1;0.1;0.1;0.2;
2/2/2017 1:18:26 PM;6026;26.0;27.3;26.0;25.9;0.1;0.1;0.1;0.2;
2/2/2017 1:18:27 PM;6027;26.0;27.2;26.0;25.9;0.1;0.1;0.1;0.2;
2/2/2017 1:18:28 PM;6028;26.0;27.2;26.0;25.9;0.1;0.1;0.1;0.2;
2/2/2017 1:18:29 PM;6029;26.0;27.2;26.0;25.9;0.1;0.1;0.1;0.2;
2/2/2017 1:18:30 PM;6030;26.0;27.2;26.0;25.9;0.1;0.1;0.1;0.2;
2/2/2017 1:18:31 PM;6031;26.1;27.1;26.0;25.9;0.1;0.1;0.1;0.2;
2/2/2017 1:18:32 PM;6032;26.1;27.2;26.0;25.9;0.1;0.1;0.1;0.2;
2/2/2017 1:18:33 PM;6033;26.1;27.2;26.0;25.9;0.1;0.1;0.1;0.2;
2/2/2017 1:18:34 PM;6034;26.1;27.2;26.0;25.9;0.1;0.1;0.1;0.2;
2/2/2017 1:18:35 PM;6035;26.1;27.2;26.0;25.9;0.1;0.1;0.1;0.2;
2/2/2017 1:18:36 PM;6036;26.1;27.3;26.0;25.9;0.1;0.1;0.1;0.2;
2/2/2017 1:18:37 PM;6037;26.1;27.3;26.0;25.9;0.1;0.1;0.1;0.2;
2/2/2017 1:18:38 PM;6038;26.1;27.3;26.0;25.9;0.1;0.1;0.1;0.2;
2/2/2017 1:18:39 PM;6039;26.1;27.3;26.0;25.9;0.1;0.1;0.1;0.2;
2/2/2017 1:18:40 PM;6040;26.1;27.3;26.0;25.9;0.1;0.1;0.1;0.2;
2/2/2017 1:18:41 PM;6041;26.1;27.3;26.0;25.9;0.1;0.1;0.1;0.2;
2/2/2017 1:18:42 PM;6042;26.1;27.3;26.0;25.9;0.1;0.1;0.1;0.2;
2/2/2017 1:18:43 PM;6043;26.1;27.3;26.0;25.9;0.1;0.1;0.1;0.2;
2/2/2017 1:18:44 PM;6044;26.1;27.3;26.0;25.9;0.1;0.1;0.1;0.2;
2/2/2017 1:18:45 PM;6045;26.1;27.3;26.0;25.9;0.1;0.1;0.1;0.2;
2/2/2017 1:18:46 PM;6046;26.1;27.3;26.0;25.9;0.1;0.1;0.1;0.2;
2/2/2017 1:18:47 PM;6047;26.1;27.3;26.0;25.9;0.1;0.1;0.1;0.2;
2/2/2017 1:18:48 PM;6048;26.1;27.3;26.0;25.9;0.1;0.1;0.1;0.2;
2/2/2017 1:18:49 PM;6049;26.1;27.3;26.0;25.9;0.1;0.1;0.1;0.2;
2/2/2017 1:18:50 PM;6050;26.1;27.3;26.0;25.9;0.1;0.1;0.1;0.2;
2/2/2017 1:18:51 PM;6051;26.1;27.3;26.0;25.9;0.1;0.1;0.1;0.2;
2/2/2017 1:18:52 PM;6052;26.1;27.3;26.0;25.9;0.1;0.1;0.1;0.2;
2/2/2017 1:18:53 PM;6053;26.1;27.3;26.0;25.9;0.1;0.1;0.1;0.2;
2/2/2017 1:18:54 PM;6054;26.1;27.3;26.0;25.9;0.1;0.1;0.1;0.2;
2/2/2017 1:18:55 PM;6055;26.1;27.3;26.0;25.9;0.1;0.1;0.1;0.2;
2/2/2017 1:18:56 PM;6056;26.1;27.3;26.0;25.9;0.1;0.1;0.1;0.2;
2/2/2017 1:18:57 PM;6057;26.1;27.2;26.0;25.9;0.1;0.1;0.1;0.2;
2/2/2017 1:18:58 PM;6058;26.1;27.2;26.0;25.9;0.1;0.1;0.1;0.2;
2/2/2017 1:18:59 PM;6059;26.1;27.2;26.0;25.9;0.1;0.1;0.1;0.2;
2/2/2017 1:19:00 PM;6060;26.1;27.2;26.0;25.9;0.1;0.1;0.1;0.2;
2/2/2017 1:19:01 PM;6061;26.1;27.2;26.0;25.9;0.1;0.1;0.1;0.2;
2/2/2017 1:19:02 PM;6062;26.1;27.2;26.0;25.9;0.1;0.1;0.1;0.2;
2/2/2017 1:19:03 PM;6063;26.1;27.2;26.0;25.9;0.1;0.1;0.1;0.2;
2/2/2017 1:19:04 PM;6064;26.1;27.2;26.0;25.9;0.1;0.1;0.1;0.2;
2/2/2017 1:19:05 PM;6065;26.1;27.3;26.0;25.9;0.1;0.1;0.1;0.2;
2/2/2017 1:19:06 PM;6066;26.1;27.3;26.0;25.9;0.1;0.1;0.1;0.2;
2/2/2017 1:19:07 PM;6067;26.1;27.3;26.0;25.9;0.1;0.1;0.1;0.2;
2/2/2017 1:19:08 PM;6068;26.1;27.3;26.0;25.9;0.1;0.1;0.1;0.2;
2/2/2017 1:19:09 PM;6069;26.1;27.3;26.0;25.9;0.1;0.1;0.1;0.2;
2/2/2017 1:19:10 PM;6070;26.1;27.2;26.0;25.9;0.1;0.1;0.1;0.2;
2/2/2017 1:19:11 PM;6071;26.1;27.2;26.0;25.9;0.1;0.1;0.1;0.2;
2/2/2017 1:19:12 PM;6072;26.1;27.2;26.0;25.9;0.1;0.1;0.1;0.2;
2/2/2017 1:19:13 PM;6073;26.1;27.2;26.0;25.9;0.1;0.1;0.1;0.2;
2/2/2017 1:19:14 PM;6074;26.1;27.2;26.0;25.9;0.1;0.1;0.1;0.2;
2/2/2017 1:19:15 PM;6075;26.1;27.2;26.0;25.9;0.1;0.1;0.1;0.2;
2/2/2017 1:19:16 PM;6076;26.1;27.2;26.0;25.9;0.1;0.1;0.1;0.2;
2/2/2017 1:19:17 PM;6077;26.0;27.2;26.0;25.9;0.1;0.1;0.1;0.2;
2/2/2017 1:19:18 PM;6078;26.0;27.3;26.0;25.9;0.1;0.1;0.1;0.2;
2/2/2017 1:19:19 PM;6079;26.0;27.2;26.0;25.9;0.1;0.1;0.1;0.2;
2/2/2017 1:19:20 PM;6080;26.0;27.2;26.0;25.9;0.1;0.1;0.1;0.2;
2/2/2017 1:19:21 PM;6081;26.0;27.2;26.0;25.9;0.1;0.1;0.1;0.2;
2/2/2017 1:19:22 PM;6082;26.1;27.2;26.0;25.9;0.1;0.1;0.1;0.2;
2/2/2017 1:19:23 PM;6083;26.1;27.2;26.0;25.9;0.1;0.1;0.1;0.2;
2/2/2017 1:19:24 PM;6084;26.1;27.2;26.0;25.9;0.1;0.1;0.1;0.2;
2/2/2017 1:19:25 PM;6085;26.1;27.2;26.0;25.9;0.1;0.1;0.1;0.2;
2/2/2017 1:19:26 PM;6086;26.1;27.2;26.0;25.9;0.1;0.1;0.1;0.2;
2/2/2017 1:19:27 PM;6087;26.1;27.3;26.0;25.9;0.1;0.1;0.1;0.2;
2/2/2017 1:19:28 PM;6088;26.1;27.2;26.0;25.9;0.1;0.1;0.1;0.2;
2/2/2017 1:19:29 PM;6089;26.1;27.2;26.0;25.9;0.1;0.1;0.1;0.2;
2/2/2017 1:19:30 PM;6090;26.1;27.2;26.0;25.9;0.1;0.1;0.1;0.2;
2/2/2017 1:19:31 PM;6091;26.1;27.2;26.0;25.9;0.1;0.1;0.1;0.2;
2/2/2017 1:19:32 PM;6092;26.0;27.2;26.0;25.9;0.1;0.1;0.1;0.2;
2/2/2017 1:19:33 PM;6093;26.0;27.3;26.0;25.9;0.1;0.1;0.1;0.2;
2/2/2017 1:19:34 PM;6094;26.0;27.3;26.0;25.9;0.1;0.1;0.1;0.2;
2/2/2017 1:19:35 PM;6095;26.0;27.3;26.0;25.9;0.1;0.1;0.1;0.2;
2/2/2017 1:19:36 PM;6096;26.0;27.3;26.0;25.9;0.1;0.1;0.1;0.2;
2/2/2017 1:19:37 PM;6097;26.1;27.3;26.0;25.9;0.1;0.1;0.1;0.2;
2/2/2017 1:19:38 PM;6098;26.1;27.3;26.0;25.9;0.1;0.1;0.1;0.2;
2/2/2017 1:19:39 PM;6099;26.1;27.3;26.0;25.9;0.1;0.1;0.1;0.2;
2/2/2017 1:19:40 PM;6100;26.1;27.3;26.0;25.9;0.1;0.1;0.1;0.2;
2/2/2017 1:19:41 PM;6101;26.0;27.3;26.0;25.9;0.1;0.1;0.1;0.2;
2/2/2017 1:19:42 PM;6102;26.0;27.2;26.0;25.9;0.1;0.1;0.1;0.2;
2/2/2017 1:19:43 PM;6103;26.0;27.2;26.0;25.9;0.1;0.1;0.1;0.2;
2/2/2017 1:19:44 PM;6104;26.0;27.2;26.0;25.9;0.1;0.1;0.1;0.2;
2/2/2017 1:19:45 PM;6105;26.0;27.1;26.0;25.9;0.1;0.1;0.1;0.2;
2/2/2017 1:19:46 PM;6106;26.1;27.1;26.0;25.9;0.1;0.1;0.1;0.2;
2/2/2017 1:19:47 PM;6107;26.0;27.2;26.0;25.9;0.1;0.1;0.1;0.2;
2/2/2017 1:19:48 PM;6108;26.0;27.2;26.0;25.9;0.1;0.1;0.1;0.2;
2/2/2017 1:19:49 PM;6109;26.0;27.2;26.0;25.9;0.1;0.1;0.1;0.2;
2/2/2017 1:19:50 PM;6110;26.0;27.3;26.0;25.9;0.1;0.1;0.1;0.2;
2/2/2017 1:19:51 PM;6111;26.0;27.2;26.0;25.9;0.1;0.1;0.1;0.2;
2/2/2017 1:19:52 PM;6112;26.1;27.2;26.0;25.9;0.1;0.1;0.1;0.2;
2/2/2017 1:19:53 PM;6113;26.1;27.2;26.0;25.9;0.1;0.1;0.1;0.2;
2/2/2017 1:19:54 PM;6114;26.1;27.2;26.0;25.9;0.1;0.1;0.1;0.2;
2/2/2017 1:19:55 PM;6115;26.1;27.2;26.0;25.9;0.1;0.1;0.1;0.2;
2/2/2017 1:19:56 PM;6116;26.1;27.2;26.0;25.9;0.1;0.1;0.1;0.2;
2/2/2017 1:19:57 PM;6117;26.1;27.3;26.0;25.9;0.1;0.1;0.1;0.2;
2/2/2017 1:19:58 PM;6118;26.1;27.3;26.0;25.9;0.1;0.1;0.1;0.2;
2/2/2017 1:19:59 PM;6119;26.1;27.3;26.0;25.9;0.1;0.1;0.1;0.2;
2/2/2017 1:20:00 PM;6120;26.1;27.3;26.0;25.9;0.1;0.1;0.1;0.2;
2/2/2017 1:20:01 PM;6121;26.1;27.3;26.0;25.9;0.1;0.1;0.1;0.2;
2/2/2017 1:20:02 PM;6122;26.0;27.3;26.0;25.9;0.1;0.1;0.1;0.2;
2/2/2017 1:20:03 PM;6123;26.0;27.2;26.0;25.9;0.1;0.1;0.1;0.2;
2/2/2017 1:20:04 PM;6124;26.0;27.2;26.0;25.9;0.1;0.1;0.1;0.2;
2/2/2017 1:20:05 PM;6125;26.0;27.2;26.0;25.9;0.1;0.1;0.1;0.2;
2/2/2017 1:20:06 PM;6126;26.0;27.2;26.0;25.9;0.1;0.1;0.1;0.2;
2/2/2017 1:20:07 PM;6127;26.0;27.2;26.0;25.9;0.1;0.1;0.1;0.2;
2/2/2017 1:20:08 PM;6128;26.0;27.2;26.0;25.9;0.1;0.1;0.1;0.2;
2/2/2017 1:20:09 PM;6129;26.0;27.2;26.0;25.9;0.1;0.1;0.1;0.2;
2/2/2017 1:20:10 PM;6130;26.1;27.2;26.0;25.9;0.1;0.1;0.1;0.2;
2/2/2017 1:20:11 PM;6131;26.1;27.2;26.0;25.9;0.1;0.1;0.1;0.2;
2/2/2017 1:20:12 PM;6132;26.1;27.2;26.0;25.9;0.1;0.1;0.1;0.2;
2/2/2017 1:20:13 PM;6133;26.1;27.2;26.0;25.9;0.1;0.1;0.1;0.2;
2/2/2017 1:20:14 PM;6134;26.1;27.2;26.0;25.9;0.1;0.1;0.1;0.2;
2/2/2017 1:20:15 PM;6135;26.1;27.2;26.0;25.9;0.1;0.1;0.1;0.2;
2/2/2017 1:20:16 PM;6136;26.1;27.2;26.0;25.9;0.1;0.1;0.1;0.2;
2/2/2017 1:20:17 PM;6137;26.1;27.2;26.0;25.9;0.1;0.1;0.1;0.2;
2/2/2017 1:20:18 PM;6138;26.1;27.2;26.0;25.9;0.1;0.1;0.1;0.2;
2/2/2017 1:20:19 PM;6139;26.1;27.2;26.0;25.9;0.1;0.1;0.1;0.2;
2/2/2017 1:20:20 PM;6140;26.1;27.2;26.0;25.9;0.1;0.1;0.1;0.2;
2/2/2017 1:20:21 PM;6141;26.1;27.2;26.0;25.9;0.1;0.1;0.1;0.2;
2/2/2017 1:20:22 PM;6142;26.1;27.2;26.0;25.9;0.1;0.1;0.1;0.2;
2/2/2017 1:20:23 PM;6143;26.1;27.2;26.0;25.9;0.1;0.1;0.1;0.2;
2/2/2017 1:20:24 PM;6144;26.1;27.3;26.0;25.9;0.1;0.1;0.1;0.2;
2/2/2017 1:20:25 PM;6145;26.1;27.2;26.0;25.9;0.1;0.1;0.1;0.2;
2/2/2017 1:20:26 PM;6146;;;;25.9;;;;0.2;
