Meas Point;Vol.;Conc.;Cond. Q;Temp. Q;Cond. R;Temp. R;
;ml;mg/l;µS/cm;°C;µS/cm;°C;
0;500.0;0.00;10.4;8.0;10.6;8.2;
1;500.5;5.00;21.9;8.1;22.1;8.2;
2;501.0;9.98;32.8;8.1;32.9;8.2;
3;501.5;14.96;43.4;8.1;43.7;8.3;
4;502.0;19.92;54.1;8.1;54.5;8.3;
5;502.5;24.88;64.9;8.1;65.2;8.3;

Date/Time;Meas Point;Cond. Q;Cond. R;Temp. Q;Temp. R;
7/14/2015 12:32:39 PM;0;10.3;10.2;7.8;7.9;
7/14/2015 12:32:40 PM;1;10.2;10.2;7.8;7.9;
7/14/2015 12:32:41 PM;2;10.2;10.2;7.8;7.9;
7/14/2015 12:32:42 PM;3;10.2;10.2;7.8;7.9;
7/14/2015 12:32:43 PM;4;10.2;10.2;7.8;7.9;
7/14/2015 12:32:44 PM;5;10.2;10.2;7.8;7.9;
7/14/2015 12:32:45 PM;6;10.2;10.2;7.8;7.9;
7/14/2015 12:32:46 PM;7;10.2;10.2;7.8;7.9;
7/14/2015 12:32:47 PM;8;10.2;10.2;7.8;7.9;
7/14/2015 12:32:48 PM;9;10.2;10.2;7.8;7.9;
7/14/2015 12:32:49 PM;10;10.2;10.2;7.8;7.9;
7/14/2015 12:32:50 PM;11;10.2;10.2;7.8;7.9;
7/14/2015 12:32:51 PM;12;10.2;10.2;7.8;7.9;
7/14/2015 12:32:52 PM;13;10.2;10.2;7.8;7.9;
7/14/2015 12:32:53 PM;14;10.3;10.2;7.8;7.9;
7/14/2015 12:32:54 PM;15;10.2;10.2;7.8;7.9;
7/14/2015 12:32:55 PM;16;10.2;10.2;7.8;7.9;
7/14/2015 12:32:56 PM;17;10.2;10.2;7.8;7.9;
7/14/2015 12:32:57 PM;18;10.2;10.2;7.8;7.9;
7/14/2015 12:32:58 PM;19;10.2;10.2;7.8;7.9;
7/14/2015 12:32:59 PM;20;10.2;10.2;7.8;7.9;
7/14/2015 12:33:00 PM;21;10.3;10.2;7.8;7.9;
7/14/2015 12:33:01 PM;22;10.2;10.2;7.8;7.9;
7/14/2015 12:33:02 PM;23;10.2;10.2;7.8;7.9;
7/14/2015 12:33:03 PM;24;10.2;10.2;7.8;7.9;
7/14/2015 12:33:04 PM;25;10.2;10.2;7.8;7.9;
7/14/2015 12:33:05 PM;26;10.2;10.2;7.8;7.9;
7/14/2015 12:33:06 PM;27;10.2;10.2;7.8;7.9;
7/14/2015 12:33:07 PM;28;10.2;10.2;7.8;7.9;
7/14/2015 12:33:08 PM;29;10.2;10.2;7.8;7.9;
7/14/2015 12:33:09 PM;30;10.2;10.2;7.8;7.9;
7/14/2015 12:33:10 PM;31;10.2;10.2;7.8;7.9;
7/14/2015 12:33:11 PM;32;10.3;10.2;7.8;7.9;
7/14/2015 12:33:12 PM;33;10.3;10.2;7.8;7.9;
7/14/2015 12:33:13 PM;34;10.3;10.2;7.8;7.9;
7/14/2015 12:33:14 PM;35;10.3;10.2;7.8;7.9;
7/14/2015 12:33:15 PM;36;10.2;10.2;7.8;7.9;
7/14/2015 12:33:16 PM;37;10.2;10.2;7.8;7.9;
7/14/2015 12:33:17 PM;38;10.2;10.2;7.8;7.9;
7/14/2015 12:33:18 PM;39;10.2;10.2;7.8;7.9;
7/14/2015 12:33:19 PM;40;10.2;10.2;7.8;7.9;
7/14/2015 12:33:20 PM;41;10.2;10.2;7.8;7.9;
7/14/2015 12:33:21 PM;42;10.2;10.2;7.8;7.9;
7/14/2015 12:33:22 PM;43;10.2;10.2;7.8;7.9;
7/14/2015 12:33:23 PM;44;10.2;10.2;7.8;7.9;
7/14/2015 12:33:24 PM;45;10.3;10.2;7.8;7.9;
7/14/2015 12:33:25 PM;46;10.3;10.2;7.8;7.9;
7/14/2015 12:33:26 PM;47;10.3;10.2;7.8;7.9;
7/14/2015 12:33:27 PM;48;10.2;10.2;7.8;7.9;
7/14/2015 12:33:28 PM;49;10.2;10.2;7.8;7.9;
7/14/2015 12:33:29 PM;50;10.2;10.2;7.8;7.9;
7/14/2015 12:33:30 PM;51;10.2;10.2;7.8;7.9;
7/14/2015 12:33:31 PM;52;10.2;10.2;7.8;7.9;
7/14/2015 12:33:32 PM;53;10.2;10.2;7.8;7.9;
7/14/2015 12:33:33 PM;54;10.2;10.2;7.8;7.9;
7/14/2015 12:33:34 PM;55;10.1;10.2;7.8;7.9;
7/14/2015 12:33:35 PM;56;10.1;10.2;7.8;7.9;
7/14/2015 12:33:36 PM;57;10.1;10.2;7.8;7.9;
7/14/2015 12:33:37 PM;58;10.1;10.2;7.8;7.9;
7/14/2015 12:33:38 PM;59;10.2;10.2;7.8;7.9;
7/14/2015 12:33:39 PM;60;10.2;10.2;7.8;7.9;
7/14/2015 12:33:40 PM;61;10.1;10.2;7.8;7.9;
7/14/2015 12:33:41 PM;62;10.2;10.2;7.8;7.9;
7/14/2015 12:33:42 PM;63;10.2;10.2;7.8;7.9;
7/14/2015 12:33:43 PM;64;10.2;10.2;7.8;7.9;
7/14/2015 12:33:44 PM;65;10.2;10.2;7.8;7.9;
7/14/2015 12:33:45 PM;66;10.3;10.2;7.8;7.9;
7/14/2015 12:33:46 PM;67;10.2;10.2;7.8;7.9;
7/14/2015 12:33:47 PM;68;10.2;10.2;7.8;7.9;
7/14/2015 12:33:48 PM;69;10.2;10.2;7.8;7.9;
7/14/2015 12:33:49 PM;70;10.2;10.2;7.8;7.9;
7/14/2015 12:33:50 PM;71;10.2;10.2;7.8;7.9;
7/14/2015 12:33:51 PM;72;10.2;10.2;7.8;7.9;
7/14/2015 12:33:52 PM;73;10.2;10.2;7.8;7.9;
7/14/2015 12:33:53 PM;74;10.2;10.2;7.8;7.9;
7/14/2015 12:33:54 PM;75;10.1;10.2;7.8;7.9;
7/14/2015 12:33:55 PM;76;10.1;10.2;7.8;7.9;
7/14/2015 12:33:56 PM;77;10.2;10.2;7.8;7.9;
7/14/2015 12:33:57 PM;78;10.2;10.2;7.8;7.9;
7/14/2015 12:33:58 PM;79;10.2;10.2;7.8;7.9;
7/14/2015 12:33:59 PM;80;10.2;10.2;7.8;7.9;
7/14/2015 12:34:00 PM;81;10.2;10.2;7.8;7.9;
7/14/2015 12:34:01 PM;82;10.1;10.2;7.8;7.9;
7/14/2015 12:34:02 PM;83;10.1;10.2;7.8;7.9;
7/14/2015 12:34:03 PM;84;10.2;10.2;7.8;7.9;
7/14/2015 12:34:04 PM;85;10.2;10.2;7.8;7.9;
7/14/2015 12:34:05 PM;86;10.2;10.2;7.8;7.9;
7/14/2015 12:34:06 PM;87;10.2;10.2;7.8;7.9;
7/14/2015 12:34:07 PM;88;10.2;10.2;7.8;7.9;
7/14/2015 12:34:08 PM;89;10.2;10.2;7.8;7.9;
7/14/2015 12:34:09 PM;90;10.2;10.2;7.8;7.9;
7/14/2015 12:34:10 PM;91;10.2;10.2;7.8;7.9;
7/14/2015 12:34:11 PM;92;10.3;10.2;7.8;7.9;
7/14/2015 12:34:12 PM;93;10.3;10.2;7.8;7.9;
7/14/2015 12:34:13 PM;94;10.3;10.2;7.8;7.9;
7/14/2015 12:34:14 PM;95;10.3;10.2;7.8;7.9;
7/14/2015 12:34:15 PM;96;10.2;10.2;7.8;7.9;
7/14/2015 12:34:16 PM;97;10.2;10.2;7.8;7.9;
7/14/2015 12:34:17 PM;98;10.2;10.2;7.8;7.9;
7/14/2015 12:34:18 PM;99;10.2;10.2;7.8;7.9;
7/14/2015 12:34:19 PM;100;10.2;10.2;7.8;7.9;
7/14/2015 12:34:20 PM;101;10.2;10.2;7.8;7.9;
7/14/2015 12:34:21 PM;102;10.1;10.2;7.8;7.9;
7/14/2015 12:34:22 PM;103;10.1;10.2;7.8;7.9;
7/14/2015 12:34:23 PM;104;10.2;10.2;7.8;7.9;
7/14/2015 12:34:24 PM;105;10.1;10.2;7.8;7.9;
7/14/2015 12:34:25 PM;106;10.1;10.2;7.8;7.9;
7/14/2015 12:34:26 PM;107;10.2;10.2;7.8;7.9;
7/14/2015 12:34:27 PM;108;10.2;10.2;7.8;7.9;
7/14/2015 12:34:28 PM;109;10.2;10.2;7.8;7.9;
7/14/2015 12:34:29 PM;110;10.2;10.2;7.8;7.9;
7/14/2015 12:34:30 PM;111;10.3;10.2;7.8;7.9;
7/14/2015 12:34:31 PM;112;10.2;10.2;7.8;7.9;
7/14/2015 12:34:32 PM;113;10.2;10.2;7.8;7.9;
7/14/2015 12:34:33 PM;114;10.2;10.2;7.8;7.9;
7/14/2015 12:34:34 PM;115;10.1;10.2;7.8;7.9;
7/14/2015 12:34:35 PM;116;10.1;10.2;7.8;7.9;
7/14/2015 12:34:36 PM;117;10.2;10.2;7.8;7.9;
7/14/2015 12:34:37 PM;118;10.2;10.2;7.8;7.9;
7/14/2015 12:34:38 PM;119;10.2;10.2;7.8;7.9;
7/14/2015 12:34:39 PM;120;10.3;10.2;7.8;7.9;
7/14/2015 12:34:40 PM;121;10.3;10.2;7.8;7.9;
7/14/2015 12:34:41 PM;122;10.3;10.2;7.8;7.9;
7/14/2015 12:34:42 PM;123;10.3;10.2;7.8;7.9;
7/14/2015 12:34:43 PM;124;10.2;10.2;7.8;7.9;
7/14/2015 12:34:44 PM;125;10.2;10.2;7.8;7.9;
7/14/2015 12:34:45 PM;126;10.2;10.2;7.8;7.9;
7/14/2015 12:34:46 PM;127;10.2;10.2;7.8;7.9;
7/14/2015 12:34:47 PM;128;10.2;10.2;7.8;7.9;
7/14/2015 12:34:48 PM;129;10.2;10.2;7.8;7.9;
7/14/2015 12:34:49 PM;130;10.2;10.2;7.8;7.9;
7/14/2015 12:34:50 PM;131;10.3;10.2;7.8;7.9;
7/14/2015 12:34:51 PM;132;10.3;10.2;7.8;7.9;
7/14/2015 12:34:52 PM;133;10.3;10.2;7.8;7.9;
7/14/2015 12:34:53 PM;134;10.3;10.2;7.8;7.9;
7/14/2015 12:34:54 PM;135;10.3;10.2;7.8;7.9;
7/14/2015 12:34:55 PM;136;10.3;10.2;7.8;7.9;
7/14/2015 12:34:56 PM;137;10.3;10.2;7.8;7.9;
7/14/2015 12:34:57 PM;138;10.2;10.2;7.8;7.9;
7/14/2015 12:34:58 PM;139;10.2;10.2;7.8;7.9;
7/14/2015 12:34:59 PM;140;10.2;10.2;7.8;7.9;
7/14/2015 12:35:00 PM;141;10.2;10.2;7.8;7.9;
7/14/2015 12:35:01 PM;142;10.2;10.2;7.8;7.9;
7/14/2015 12:35:02 PM;143;10.2;10.2;7.8;7.9;
7/14/2015 12:35:03 PM;144;10.2;10.2;7.8;7.9;
7/14/2015 12:35:04 PM;145;10.2;10.2;7.8;7.9;
7/14/2015 12:35:05 PM;146;10.2;10.2;7.8;7.9;
7/14/2015 12:35:06 PM;147;10.2;10.2;7.8;7.9;
7/14/2015 12:35:07 PM;148;10.1;10.2;7.8;7.9;
7/14/2015 12:35:08 PM;149;10.2;10.2;7.8;7.9;
7/14/2015 12:35:09 PM;150;10.2;10.2;7.8;7.9;
7/14/2015 12:35:10 PM;151;10.2;10.2;7.8;7.9;
7/14/2015 12:35:11 PM;152;10.2;10.2;7.8;7.9;
7/14/2015 12:35:12 PM;153;10.3;10.2;7.8;7.9;
7/14/2015 12:35:13 PM;154;10.3;10.2;7.8;7.9;
7/14/2015 12:35:14 PM;155;10.3;10.2;7.8;7.9;
7/14/2015 12:35:15 PM;156;10.3;10.2;7.8;7.9;
7/14/2015 12:35:16 PM;157;10.2;10.2;7.8;7.9;
7/14/2015 12:35:17 PM;158;10.2;10.2;7.8;7.9;
7/14/2015 12:35:18 PM;159;10.2;10.2;7.8;7.9;
7/14/2015 12:35:19 PM;160;10.2;10.2;7.8;7.9;
7/14/2015 12:35:20 PM;161;10.2;10.2;7.8;7.9;
7/14/2015 12:35:21 PM;162;10.2;10.2;7.8;7.9;
7/14/2015 12:35:22 PM;163;10.2;10.2;7.8;7.9;
7/14/2015 12:35:23 PM;164;10.2;10.2;7.8;7.9;
7/14/2015 12:35:24 PM;165;10.2;10.2;7.8;7.9;
7/14/2015 12:35:25 PM;166;10.2;10.2;7.8;7.9;
7/14/2015 12:35:26 PM;167;10.2;10.2;7.8;7.9;
7/14/2015 12:35:27 PM;168;10.2;10.2;7.8;7.9;
7/14/2015 12:35:28 PM;169;10.1;10.2;7.8;7.9;
7/14/2015 12:35:29 PM;170;10.2;10.2;7.8;7.9;
7/14/2015 12:35:30 PM;171;10.2;10.2;7.8;7.9;
7/14/2015 12:35:31 PM;172;10.2;10.2;7.8;7.9;
7/14/2015 12:35:32 PM;173;10.2;10.2;7.8;7.9;
7/14/2015 12:35:33 PM;174;10.2;10.2;7.8;7.9;
7/14/2015 12:35:34 PM;175;10.1;10.2;7.8;7.9;
7/14/2015 12:35:35 PM;176;10.1;10.2;7.8;7.9;
7/14/2015 12:35:36 PM;177;10.2;10.2;7.8;7.9;
7/14/2015 12:35:37 PM;178;10.1;10.2;7.8;7.9;
7/14/2015 12:35:38 PM;179;10.2;10.2;7.8;7.9;
7/14/2015 12:35:39 PM;180;10.2;10.2;7.8;7.9;
7/14/2015 12:35:40 PM;181;10.2;10.2;7.8;7.9;
7/14/2015 12:35:41 PM;182;10.2;10.2;7.8;7.9;
7/14/2015 12:35:42 PM;183;10.2;10.2;7.8;7.9;
7/14/2015 12:35:43 PM;184;10.2;10.2;7.8;7.9;
7/14/2015 12:35:44 PM;185;10.2;10.2;7.8;7.9;
7/14/2015 12:35:45 PM;186;10.2;10.2;7.8;7.9;
7/14/2015 12:35:46 PM;187;10.2;10.2;7.8;7.9;
7/14/2015 12:35:47 PM;188;10.2;10.2;7.8;7.9;
7/14/2015 12:35:48 PM;189;10.3;10.2;7.8;7.9;
7/14/2015 12:35:49 PM;190;10.3;10.2;7.8;7.9;
7/14/2015 12:35:50 PM;191;10.3;10.2;7.8;7.9;
7/14/2015 12:35:51 PM;192;10.2;10.2;7.8;7.9;
7/14/2015 12:35:52 PM;193;10.2;10.2;7.8;7.9;
7/14/2015 12:35:53 PM;194;10.2;10.2;7.8;7.9;
7/14/2015 12:35:54 PM;195;10.2;10.2;7.8;7.9;
7/14/2015 12:35:55 PM;196;10.2;10.2;7.8;7.9;
7/14/2015 12:35:56 PM;197;10.2;10.2;7.8;7.9;
7/14/2015 12:35:57 PM;198;10.2;10.2;7.8;7.9;
7/14/2015 12:35:58 PM;199;10.2;10.2;7.8;7.9;
7/14/2015 12:35:59 PM;200;10.2;10.2;7.8;7.9;
7/14/2015 12:36:00 PM;201;10.2;10.2;7.8;7.9;
7/14/2015 12:36:01 PM;202;10.2;10.2;7.8;7.9;
7/14/2015 12:36:02 PM;203;10.3;10.2;7.8;7.9;
7/14/2015 12:36:03 PM;204;10.3;10.2;7.8;7.9;
7/14/2015 12:36:04 PM;205;10.2;10.2;7.8;7.9;
7/14/2015 12:36:05 PM;206;10.2;10.2;7.8;7.9;
7/14/2015 12:36:06 PM;207;10.2;10.2;7.8;7.9;
7/14/2015 12:36:07 PM;208;10.2;10.2;7.8;7.9;
7/14/2015 12:36:08 PM;209;10.2;10.2;7.8;7.9;
7/14/2015 12:36:09 PM;210;10.2;10.2;7.8;7.9;
7/14/2015 12:36:10 PM;211;10.2;10.2;7.8;7.9;
7/14/2015 12:36:11 PM;212;10.2;10.2;7.8;7.9;
7/14/2015 12:36:12 PM;213;10.3;10.2;7.8;7.9;
7/14/2015 12:36:13 PM;214;10.3;10.2;7.8;7.9;
7/14/2015 12:36:14 PM;215;10.3;10.2;7.8;7.9;
7/14/2015 12:36:15 PM;216;10.3;10.2;7.8;7.9;
7/14/2015 12:36:16 PM;217;10.3;10.2;7.8;7.9;
7/14/2015 12:36:17 PM;218;10.3;10.2;7.8;7.9;
7/14/2015 12:36:18 PM;219;10.3;10.2;7.8;7.9;
7/14/2015 12:36:19 PM;220;10.2;10.2;7.8;7.9;
7/14/2015 12:36:20 PM;221;10.2;10.2;7.8;7.9;
7/14/2015 12:36:21 PM;222;10.2;10.2;7.8;7.9;
7/14/2015 12:36:22 PM;223;10.2;10.2;7.8;7.9;
7/14/2015 12:36:23 PM;224;10.2;10.2;7.8;7.9;
7/14/2015 12:36:24 PM;225;10.2;10.2;7.8;7.9;
7/14/2015 12:36:25 PM;226;10.2;10.2;7.8;7.9;
7/14/2015 12:36:26 PM;227;10.2;10.2;7.8;7.9;
7/14/2015 12:36:27 PM;228;10.2;10.2;7.8;7.9;
7/14/2015 12:36:28 PM;229;10.2;10.2;7.8;7.9;
7/14/2015 12:36:29 PM;230;10.2;10.2;7.8;7.9;
7/14/2015 12:36:30 PM;231;10.2;10.2;7.8;7.9;
7/14/2015 12:36:31 PM;232;10.2;10.2;7.8;7.9;
7/14/2015 12:36:32 PM;233;10.2;10.2;7.8;7.9;
7/14/2015 12:36:33 PM;234;10.2;10.2;7.8;7.9;
7/14/2015 12:36:34 PM;235;10.2;10.2;7.8;7.9;
7/14/2015 12:36:35 PM;236;10.2;10.2;7.8;7.9;
7/14/2015 12:36:36 PM;237;10.2;10.2;7.8;7.9;
7/14/2015 12:36:37 PM;238;10.2;10.2;7.8;7.9;
7/14/2015 12:36:38 PM;239;10.2;10.2;7.8;7.9;
7/14/2015 12:36:39 PM;240;10.2;10.2;7.8;7.9;
7/14/2015 12:36:40 PM;241;10.2;10.2;7.8;7.9;
7/14/2015 12:36:41 PM;242;10.2;10.2;7.8;7.9;
7/14/2015 12:36:42 PM;243;10.3;10.2;7.8;7.9;
7/14/2015 12:36:43 PM;244;10.3;10.2;7.8;7.9;
7/14/2015 12:36:44 PM;245;10.3;10.2;7.8;7.9;
7/14/2015 12:36:45 PM;246;10.3;10.2;7.8;7.9;
7/14/2015 12:36:46 PM;247;10.3;10.2;7.8;7.9;
7/14/2015 12:36:47 PM;248;10.3;10.2;7.8;7.9;
7/14/2015 12:36:48 PM;249;10.2;10.2;7.8;7.9;
7/14/2015 12:36:49 PM;250;10.2;10.2;7.8;7.9;
7/14/2015 12:36:50 PM;251;10.2;10.2;7.8;7.9;
7/14/2015 12:36:51 PM;252;10.2;10.2;7.8;7.9;
7/14/2015 12:36:52 PM;253;10.2;10.2;7.8;7.9;
7/14/2015 12:36:53 PM;254;10.3;10.2;7.8;7.9;
7/14/2015 12:36:54 PM;255;10.3;10.2;7.8;7.9;
7/14/2015 12:36:55 PM;256;10.3;10.2;7.8;7.9;
7/14/2015 12:36:56 PM;257;10.3;10.2;7.8;7.9;
7/14/2015 12:36:57 PM;258;10.3;10.2;7.8;7.9;
7/14/2015 12:36:58 PM;259;10.3;10.2;7.8;7.9;
7/14/2015 12:36:59 PM;260;10.3;10.2;7.8;7.9;
7/14/2015 12:37:00 PM;261;10.2;10.2;7.8;7.9;
7/14/2015 12:37:01 PM;262;10.2;10.2;7.8;7.9;
7/14/2015 12:37:02 PM;263;10.2;10.2;7.8;7.9;
7/14/2015 12:37:03 PM;264;10.2;10.2;7.8;7.9;
7/14/2015 12:37:04 PM;265;10.2;10.2;7.8;7.9;
7/14/2015 12:37:05 PM;266;10.2;10.2;7.8;7.9;
7/14/2015 12:37:06 PM;267;10.2;10.2;7.8;7.9;
7/14/2015 12:37:07 PM;268;10.2;10.2;7.8;7.9;
7/14/2015 12:37:08 PM;269;10.2;10.2;7.8;7.9;
7/14/2015 12:37:09 PM;270;10.2;10.2;7.8;7.9;
7/14/2015 12:37:10 PM;271;10.3;10.1;7.8;7.9;
7/14/2015 12:37:11 PM;272;10.3;10.1;7.8;7.9;
7/14/2015 12:37:12 PM;273;10.3;10.1;7.8;7.9;
7/14/2015 12:37:13 PM;274;10.3;10.1;7.8;7.9;
7/14/2015 12:37:14 PM;275;10.3;10.1;7.8;7.9;
7/14/2015 12:37:15 PM;276;10.3;10.2;7.8;7.9;
7/14/2015 12:37:16 PM;277;10.3;10.2;7.8;7.9;
7/14/2015 12:37:17 PM;278;10.3;10.2;7.8;7.9;
7/14/2015 12:37:18 PM;279;10.2;10.2;7.8;7.9;
7/14/2015 12:37:19 PM;280;10.2;10.2;7.8;7.9;
7/14/2015 12:37:20 PM;281;10.2;10.2;7.8;7.9;
7/14/2015 12:37:21 PM;282;10.2;10.2;7.8;7.9;
7/14/2015 12:37:22 PM;283;10.2;10.2;7.8;7.9;
7/14/2015 12:37:23 PM;284;10.2;10.2;7.8;7.9;
7/14/2015 12:37:24 PM;285;10.1;10.2;7.8;7.9;
7/14/2015 12:37:25 PM;286;10.1;10.2;7.8;7.9;
7/14/2015 12:37:26 PM;287;10.1;10.2;7.8;7.9;
7/14/2015 12:37:27 PM;288;10.2;10.2;7.8;7.9;
7/14/2015 12:37:28 PM;289;10.2;10.2;7.8;7.9;
7/14/2015 12:37:29 PM;290;10.3;10.2;7.8;7.9;
7/14/2015 12:37:30 PM;291;10.2;10.2;7.8;7.9;
7/14/2015 12:37:31 PM;292;10.2;10.2;7.8;7.9;
7/14/2015 12:37:32 PM;293;10.2;10.2;7.8;7.9;
7/14/2015 12:37:33 PM;294;10.2;10.2;7.8;7.9;
7/14/2015 12:37:34 PM;295;10.2;10.2;7.8;7.9;
7/14/2015 12:37:35 PM;296;10.2;10.2;7.8;7.9;
7/14/2015 12:37:36 PM;297;10.1;10.2;7.8;7.9;
7/14/2015 12:37:37 PM;298;10.2;10.2;7.8;7.9;
7/14/2015 12:37:38 PM;299;10.2;10.2;7.8;7.9;
7/14/2015 12:37:39 PM;300;10.2;10.2;7.8;7.9;
7/14/2015 12:37:40 PM;301;10.2;10.2;7.8;7.9;
7/14/2015 12:37:41 PM;302;10.3;10.2;7.8;7.9;
7/14/2015 12:37:42 PM;303;10.3;10.2;7.8;7.9;
7/14/2015 12:37:43 PM;304;10.3;10.2;7.8;7.9;
7/14/2015 12:37:44 PM;305;10.3;10.2;7.8;7.9;
7/14/2015 12:37:45 PM;306;10.3;10.2;7.8;7.9;
7/14/2015 12:37:46 PM;307;10.3;10.2;7.8;7.9;
7/14/2015 12:37:47 PM;308;10.3;10.2;7.8;7.9;
7/14/2015 12:37:48 PM;309;10.2;10.2;7.8;7.9;
7/14/2015 12:37:49 PM;310;10.2;10.2;7.8;7.9;
7/14/2015 12:37:50 PM;311;10.2;10.2;7.8;7.9;
7/14/2015 12:37:51 PM;312;10.2;10.2;7.8;7.9;
7/14/2015 12:37:52 PM;313;10.2;10.2;7.8;7.9;
7/14/2015 12:37:53 PM;314;10.2;10.2;7.8;7.9;
7/14/2015 12:37:54 PM;315;10.2;10.2;7.8;7.9;
7/14/2015 12:37:55 PM;316;10.2;10.2;7.8;7.9;
7/14/2015 12:37:56 PM;317;10.2;10.2;7.8;7.9;
7/14/2015 12:37:57 PM;318;10.2;10.2;7.8;7.9;
7/14/2015 12:37:58 PM;319;10.2;10.2;7.8;7.9;
7/14/2015 12:37:59 PM;320;10.2;10.2;7.8;7.9;
7/14/2015 12:38:00 PM;321;10.2;10.2;7.8;7.9;
7/14/2015 12:38:01 PM;322;10.2;10.2;7.8;7.9;
7/14/2015 12:38:02 PM;323;10.2;10.2;7.8;7.9;
7/14/2015 12:38:03 PM;324;10.2;10.2;7.8;7.9;
7/14/2015 12:38:04 PM;325;10.3;10.2;7.8;7.9;
7/14/2015 12:38:05 PM;326;10.2;10.2;7.8;7.9;
7/14/2015 12:38:06 PM;327;10.2;10.2;7.8;7.9;
7/14/2015 12:38:07 PM;328;10.2;10.2;7.8;7.9;
7/14/2015 12:38:08 PM;329;10.2;10.2;7.8;7.9;
7/14/2015 12:38:09 PM;330;10.2;10.2;7.8;7.9;
7/14/2015 12:38:10 PM;331;10.2;10.2;7.8;7.9;
7/14/2015 12:38:11 PM;332;10.3;10.2;7.8;7.9;
7/14/2015 12:38:12 PM;333;10.3;10.2;7.8;7.9;
7/14/2015 12:38:13 PM;334;10.3;10.2;7.8;7.9;
7/14/2015 12:38:14 PM;335;10.2;10.2;7.8;7.9;
7/14/2015 12:38:15 PM;336;10.2;10.2;7.8;7.9;
7/14/2015 12:38:16 PM;337;10.2;10.2;7.8;7.9;
7/14/2015 12:38:17 PM;338;10.2;10.2;7.8;7.9;
7/14/2015 12:38:18 PM;339;10.2;10.2;7.8;7.9;
7/14/2015 12:38:19 PM;340;10.3;10.2;7.8;7.9;
7/14/2015 12:38:20 PM;341;10.2;10.2;7.8;7.9;
7/14/2015 12:38:21 PM;342;10.2;10.2;7.8;7.9;
7/14/2015 12:38:22 PM;343;10.2;10.2;7.8;7.9;
7/14/2015 12:38:23 PM;344;10.2;10.2;7.8;7.9;
7/14/2015 12:38:24 PM;345;10.2;10.2;7.8;7.9;
7/14/2015 12:38:25 PM;346;10.2;10.2;7.8;7.9;
7/14/2015 12:38:26 PM;347;10.2;10.2;7.8;7.9;
7/14/2015 12:38:27 PM;348;10.1;10.2;7.8;7.9;
7/14/2015 12:38:28 PM;349;10.2;10.2;7.8;7.9;
7/14/2015 12:38:29 PM;350;10.2;10.2;7.8;7.9;
7/14/2015 12:38:30 PM;351;10.2;10.2;7.8;7.9;
7/14/2015 12:38:31 PM;352;10.2;10.2;7.8;7.9;
7/14/2015 12:38:32 PM;353;10.2;10.2;7.8;7.9;
7/14/2015 12:38:33 PM;354;10.2;10.2;7.8;7.9;
7/14/2015 12:38:34 PM;355;10.2;10.2;7.8;7.9;
7/14/2015 12:38:35 PM;356;10.2;10.2;7.8;7.9;
7/14/2015 12:38:36 PM;357;10.2;10.2;7.8;7.9;
7/14/2015 12:38:37 PM;358;10.2;10.2;7.8;7.9;
7/14/2015 12:38:38 PM;359;10.2;10.2;7.8;7.9;
7/14/2015 12:38:39 PM;360;10.2;10.2;7.8;7.9;
7/14/2015 12:38:40 PM;361;10.2;10.2;7.8;7.9;
7/14/2015 12:38:41 PM;362;10.2;10.2;7.8;7.9;
7/14/2015 12:38:42 PM;363;10.2;10.2;7.8;7.9;
7/14/2015 12:38:43 PM;364;10.2;10.2;7.8;7.9;
7/14/2015 12:38:44 PM;365;10.3;10.2;7.8;7.9;
7/14/2015 12:38:45 PM;366;10.3;10.2;7.8;7.9;
7/14/2015 12:38:46 PM;367;10.3;10.2;7.8;7.9;
7/14/2015 12:38:47 PM;368;10.3;10.2;7.8;7.9;
7/14/2015 12:38:48 PM;369;10.2;10.2;7.8;7.9;
7/14/2015 12:38:49 PM;370;10.2;10.2;7.8;7.9;
7/14/2015 12:38:50 PM;371;10.2;10.2;7.8;7.9;
7/14/2015 12:38:51 PM;372;10.2;10.2;7.8;7.9;
7/14/2015 12:38:52 PM;373;10.2;10.2;7.8;7.9;
7/14/2015 12:38:53 PM;374;10.2;10.2;7.8;7.9;
7/14/2015 12:38:54 PM;375;10.2;10.2;7.8;7.9;
7/14/2015 12:38:55 PM;376;10.3;10.2;7.8;7.9;
7/14/2015 12:38:56 PM;377;10.3;10.2;7.8;7.9;
7/14/2015 12:38:57 PM;378;10.2;10.2;7.8;7.9;
7/14/2015 12:38:58 PM;379;10.2;10.2;7.8;7.9;
7/14/2015 12:38:59 PM;380;10.2;10.2;7.8;7.9;
7/14/2015 12:39:00 PM;381;10.2;10.2;7.8;7.9;
7/14/2015 12:39:01 PM;382;10.2;10.2;7.8;7.9;
7/14/2015 12:39:02 PM;383;10.2;10.2;7.8;7.9;
7/14/2015 12:39:03 PM;384;10.2;10.2;7.8;7.9;
7/14/2015 12:39:04 PM;385;10.2;10.2;7.8;7.9;
7/14/2015 12:39:05 PM;386;10.2;10.2;7.8;7.9;
7/14/2015 12:39:06 PM;387;10.2;10.2;7.8;7.9;
7/14/2015 12:39:07 PM;388;10.2;10.2;7.8;7.9;
7/14/2015 12:39:08 PM;389;10.2;10.2;7.8;7.9;
7/14/2015 12:39:09 PM;390;10.2;10.2;7.8;7.9;
7/14/2015 12:39:10 PM;391;10.2;10.2;7.8;7.9;
7/14/2015 12:39:11 PM;392;10.2;10.2;7.8;7.9;
7/14/2015 12:39:12 PM;393;10.1;10.2;7.8;7.9;
7/14/2015 12:39:13 PM;394;10.2;10.2;7.8;7.9;
7/14/2015 12:39:14 PM;395;10.2;10.2;7.8;7.9;
7/14/2015 12:39:15 PM;396;10.2;10.2;7.8;7.9;
7/14/2015 12:39:16 PM;397;10.2;10.2;7.8;7.9;
7/14/2015 12:39:17 PM;398;10.3;10.2;7.8;7.9;
7/14/2015 12:39:18 PM;399;10.2;10.2;7.8;7.9;
7/14/2015 12:39:19 PM;400;10.2;10.2;7.8;7.9;
7/14/2015 12:39:20 PM;401;10.2;10.2;7.8;7.9;
7/14/2015 12:39:21 PM;402;10.2;10.2;7.8;7.9;
7/14/2015 12:39:22 PM;403;10.2;10.2;7.8;7.9;
7/14/2015 12:39:23 PM;404;10.2;10.2;7.8;7.9;
7/14/2015 12:39:24 PM;405;10.2;10.2;7.8;7.9;
7/14/2015 12:39:25 PM;406;10.3;10.2;7.8;7.9;
7/14/2015 12:39:26 PM;407;10.2;10.2;7.8;7.9;
7/14/2015 12:39:27 PM;408;10.2;10.2;7.8;7.9;
7/14/2015 12:39:28 PM;409;10.2;10.2;7.8;7.9;
7/14/2015 12:39:29 PM;410;10.1;10.2;7.8;7.9;
7/14/2015 12:39:30 PM;411;10.1;10.2;7.8;7.9;
7/14/2015 12:39:31 PM;412;10.1;10.2;7.8;7.9;
7/14/2015 12:39:32 PM;413;10.2;10.2;7.8;7.9;
7/14/2015 12:39:33 PM;414;10.2;10.2;7.8;7.9;
7/14/2015 12:39:34 PM;415;10.2;10.2;7.8;7.9;
7/14/2015 12:39:35 PM;416;10.2;10.2;7.8;7.9;
7/14/2015 12:39:36 PM;417;10.2;10.2;7.8;7.9;
7/14/2015 12:39:37 PM;418;10.2;10.2;7.8;7.9;
7/14/2015 12:39:38 PM;419;10.2;10.2;7.8;7.9;
7/14/2015 12:39:39 PM;420;10.2;10.2;7.8;7.9;
7/14/2015 12:39:40 PM;421;10.3;10.2;7.8;7.9;
7/14/2015 12:39:41 PM;422;10.3;10.2;7.8;7.9;
7/14/2015 12:39:42 PM;423;10.3;10.2;7.8;7.9;
7/14/2015 12:39:43 PM;424;10.3;10.2;7.8;7.9;
7/14/2015 12:39:44 PM;425;10.3;10.2;7.8;7.9;
7/14/2015 12:39:45 PM;426;10.2;10.2;7.8;7.9;
7/14/2015 12:39:46 PM;427;10.2;10.2;7.8;7.9;
7/14/2015 12:39:47 PM;428;10.2;10.2;7.8;7.9;
7/14/2015 12:39:48 PM;429;10.2;10.2;7.8;7.9;
7/14/2015 12:39:49 PM;430;10.2;10.2;7.8;7.9;
7/14/2015 12:39:50 PM;431;10.3;10.2;7.8;7.9;
7/14/2015 12:39:51 PM;432;10.2;10.2;7.8;7.9;
7/14/2015 12:39:52 PM;433;10.2;10.2;7.8;7.9;
7/14/2015 12:39:53 PM;434;10.2;10.2;7.8;7.9;
7/14/2015 12:39:54 PM;435;10.2;10.2;7.8;7.9;
7/14/2015 12:39:55 PM;436;10.2;10.2;7.8;7.9;
7/14/2015 12:39:56 PM;437;10.3;10.2;7.8;7.9;
7/14/2015 12:39:57 PM;438;10.3;10.2;7.8;7.9;
7/14/2015 12:39:58 PM;439;10.3;10.2;7.8;7.9;
7/14/2015 12:39:59 PM;440;10.3;10.2;7.8;7.9;
7/14/2015 12:40:00 PM;441;10.3;10.2;7.8;7.9;
7/14/2015 12:40:01 PM;442;10.2;10.2;7.8;7.9;
7/14/2015 12:40:02 PM;443;10.2;10.2;7.8;7.9;
7/14/2015 12:40:03 PM;444;10.2;10.2;7.8;7.9;
7/14/2015 12:40:04 PM;445;10.2;10.2;7.8;7.9;
7/14/2015 12:40:05 PM;446;10.2;10.2;7.8;7.9;
7/14/2015 12:40:06 PM;447;10.2;10.2;7.8;7.9;
7/14/2015 12:40:07 PM;448;10.2;10.2;7.8;7.9;
7/14/2015 12:40:08 PM;449;10.2;10.2;7.8;7.9;
7/14/2015 12:40:09 PM;450;10.2;10.2;7.8;7.9;
7/14/2015 12:40:10 PM;451;10.3;10.2;7.8;7.9;
7/14/2015 12:40:11 PM;452;10.3;10.2;7.8;7.9;
7/14/2015 12:40:12 PM;453;10.3;10.2;7.8;7.9;
7/14/2015 12:40:13 PM;454;10.3;10.2;7.8;7.9;
7/14/2015 12:40:14 PM;455;10.3;10.2;7.8;7.9;
7/14/2015 12:40:15 PM;456;10.3;10.2;7.8;7.9;
7/14/2015 12:40:16 PM;457;10.3;10.2;7.8;7.9;
7/14/2015 12:40:17 PM;458;10.2;10.2;7.8;7.9;
7/14/2015 12:40:18 PM;459;10.2;10.2;7.8;7.9;
7/14/2015 12:40:19 PM;460;10.2;10.2;7.8;7.9;
7/14/2015 12:40:20 PM;461;10.2;10.2;7.8;7.9;
7/14/2015 12:40:21 PM;462;10.2;10.2;7.8;7.9;
7/14/2015 12:40:22 PM;463;10.2;10.2;7.8;7.9;
7/14/2015 12:40:23 PM;464;10.2;10.2;7.8;7.9;
7/14/2015 12:40:24 PM;465;10.2;10.2;7.8;7.9;
7/14/2015 12:40:25 PM;466;10.2;10.2;7.8;7.9;
7/14/2015 12:40:26 PM;467;10.2;10.2;7.8;7.9;
7/14/2015 12:40:27 PM;468;10.2;10.2;7.8;7.9;
7/14/2015 12:40:28 PM;469;10.2;10.2;7.8;7.9;
7/14/2015 12:40:29 PM;470;10.3;10.2;7.8;7.9;
7/14/2015 12:40:30 PM;471;10.3;10.2;7.8;7.9;
7/14/2015 12:40:31 PM;472;10.3;10.2;7.8;7.9;
7/14/2015 12:40:32 PM;473;10.2;10.2;7.8;7.9;
7/14/2015 12:40:33 PM;474;10.2;10.2;7.8;7.9;
7/14/2015 12:40:34 PM;475;10.2;10.2;7.8;7.9;
7/14/2015 12:40:35 PM;476;10.2;10.2;7.8;7.9;
7/14/2015 12:40:36 PM;477;10.2;10.2;7.8;7.9;
7/14/2015 12:40:37 PM;478;10.2;10.2;7.8;7.9;
7/14/2015 12:40:38 PM;479;10.2;10.2;7.8;7.9;
7/14/2015 12:40:39 PM;480;10.3;10.2;7.8;7.9;
7/14/2015 12:40:40 PM;481;10.3;10.2;7.8;7.9;
7/14/2015 12:40:41 PM;482;10.3;10.2;7.8;7.9;
7/14/2015 12:40:42 PM;483;10.3;10.2;7.8;7.9;
7/14/2015 12:40:43 PM;484;10.3;10.2;7.8;7.9;
7/14/2015 12:40:44 PM;485;10.3;10.2;7.8;7.9;
7/14/2015 12:40:45 PM;486;10.3;10.2;7.8;7.9;
7/14/2015 12:40:46 PM;487;10.3;10.2;7.8;7.9;
7/14/2015 12:40:47 PM;488;10.3;10.2;7.8;7.9;
7/14/2015 12:40:48 PM;489;10.3;10.2;7.8;7.9;
7/14/2015 12:40:49 PM;490;10.3;10.2;7.8;7.9;
7/14/2015 12:40:50 PM;491;10.3;10.2;7.8;7.9;
7/14/2015 12:40:51 PM;492;10.3;10.2;7.8;7.9;
7/14/2015 12:40:52 PM;493;10.3;10.2;7.8;7.9;
7/14/2015 12:40:53 PM;494;10.3;10.2;7.8;7.9;
7/14/2015 12:40:54 PM;495;10.3;10.2;7.8;7.9;
7/14/2015 12:40:55 PM;496;10.3;10.2;7.8;7.9;
7/14/2015 12:40:56 PM;497;10.2;10.2;7.8;7.9;
7/14/2015 12:40:57 PM;498;10.2;10.2;7.8;7.9;
7/14/2015 12:40:58 PM;499;10.2;10.2;7.8;7.9;
7/14/2015 12:40:59 PM;500;10.2;10.2;7.8;7.9;
7/14/2015 12:41:00 PM;501;10.2;10.2;7.8;7.9;
7/14/2015 12:41:01 PM;502;10.2;10.2;7.8;7.9;
7/14/2015 12:41:02 PM;503;10.2;10.2;7.8;7.9;
7/14/2015 12:41:03 PM;504;10.2;10.2;7.8;7.9;
7/14/2015 12:41:04 PM;505;10.2;10.2;7.8;7.9;
7/14/2015 12:41:05 PM;506;10.2;10.2;7.8;7.9;
7/14/2015 12:41:06 PM;507;10.2;10.2;7.8;7.9;
7/14/2015 12:41:07 PM;508;10.3;10.2;7.8;7.9;
7/14/2015 12:41:08 PM;509;10.2;10.2;7.8;7.9;
7/14/2015 12:41:09 PM;510;10.2;10.2;7.8;7.9;
7/14/2015 12:41:10 PM;511;10.2;10.2;7.8;7.9;
7/14/2015 12:41:11 PM;512;10.2;10.2;7.8;7.9;
7/14/2015 12:41:12 PM;513;10.2;10.2;7.8;7.9;
7/14/2015 12:41:13 PM;514;10.2;10.2;7.8;7.9;
7/14/2015 12:41:14 PM;515;10.3;10.2;7.8;7.9;
7/14/2015 12:41:15 PM;516;10.2;10.2;7.8;7.9;
7/14/2015 12:41:16 PM;517;10.2;10.2;7.8;7.9;
7/14/2015 12:41:17 PM;518;10.2;10.2;7.8;7.9;
7/14/2015 12:41:18 PM;519;10.2;10.2;7.8;7.9;
7/14/2015 12:41:19 PM;520;10.2;10.2;7.8;7.9;
7/14/2015 12:41:20 PM;521;10.3;10.2;7.8;7.9;
7/14/2015 12:41:21 PM;522;10.3;10.2;7.8;7.9;
7/14/2015 12:41:22 PM;523;10.3;10.2;7.8;7.9;
7/14/2015 12:41:23 PM;524;10.2;10.2;7.8;7.9;
7/14/2015 12:41:24 PM;525;10.2;10.2;7.8;7.9;
7/14/2015 12:41:25 PM;526;10.2;10.2;7.8;7.9;
7/14/2015 12:41:26 PM;527;10.2;10.2;7.8;7.9;
7/14/2015 12:41:27 PM;528;10.2;10.2;7.8;7.9;
7/14/2015 12:41:28 PM;529;10.2;10.2;7.8;7.9;
7/14/2015 12:41:29 PM;530;10.2;10.2;7.8;7.9;
7/14/2015 12:41:30 PM;531;10.2;10.2;7.8;7.9;
7/14/2015 12:41:31 PM;532;10.3;10.2;7.8;7.9;
7/14/2015 12:41:32 PM;533;10.2;10.2;7.8;7.9;
7/14/2015 12:41:33 PM;534;10.2;10.2;7.8;7.9;
7/14/2015 12:41:34 PM;535;10.2;10.2;7.8;7.9;
7/14/2015 12:41:35 PM;536;10.2;10.2;7.8;7.9;
7/14/2015 12:41:36 PM;537;10.2;10.2;7.8;7.9;
7/14/2015 12:41:37 PM;538;10.3;10.2;7.8;7.9;
7/14/2015 12:41:38 PM;539;10.3;10.1;7.8;7.9;
7/14/2015 12:41:39 PM;540;10.2;10.1;7.8;7.9;
7/14/2015 12:41:40 PM;541;10.2;10.1;7.8;7.9;
7/14/2015 12:41:41 PM;542;10.2;10.1;7.8;7.9;
7/14/2015 12:41:42 PM;543;10.2;10.1;7.8;7.9;
7/14/2015 12:41:43 PM;544;10.2;10.2;7.8;7.9;
7/14/2015 12:41:44 PM;545;10.2;10.2;7.8;7.9;
7/14/2015 12:41:45 PM;546;10.2;10.2;7.8;7.9;
7/14/2015 12:41:46 PM;547;10.2;10.2;7.8;7.9;
7/14/2015 12:41:47 PM;548;10.1;10.2;7.8;7.9;
7/14/2015 12:41:48 PM;549;10.1;10.2;7.8;7.9;
7/14/2015 12:41:49 PM;550;10.2;10.2;7.8;7.9;
7/14/2015 12:41:50 PM;551;10.2;10.2;7.8;7.9;
7/14/2015 12:41:51 PM;552;10.2;10.2;7.8;7.9;
7/14/2015 12:41:52 PM;553;10.2;10.2;7.8;7.9;
7/14/2015 12:41:53 PM;554;10.2;10.2;7.8;7.9;
7/14/2015 12:41:54 PM;555;10.2;10.2;7.8;7.9;
7/14/2015 12:41:55 PM;556;10.3;10.2;7.8;7.9;
7/14/2015 12:41:56 PM;557;10.2;10.2;7.8;7.9;
7/14/2015 12:41:57 PM;558;10.2;10.2;7.8;7.9;
7/14/2015 12:41:58 PM;559;10.2;10.2;7.8;7.9;
7/14/2015 12:41:59 PM;560;10.2;10.2;7.8;7.9;
7/14/2015 12:42:00 PM;561;10.2;10.2;7.8;7.9;
7/14/2015 12:42:01 PM;562;10.2;10.2;7.8;7.9;
7/14/2015 12:42:02 PM;563;10.2;10.2;7.8;7.9;
7/14/2015 12:42:03 PM;564;10.1;10.2;7.8;7.9;
7/14/2015 12:42:04 PM;565;10.1;10.2;7.8;7.9;
7/14/2015 12:42:05 PM;566;10.1;10.2;7.8;7.9;
7/14/2015 12:42:06 PM;567;10.1;10.2;7.8;7.9;
7/14/2015 12:42:07 PM;568;10.2;10.2;7.8;7.9;
7/14/2015 12:42:08 PM;569;10.2;10.2;7.8;7.9;
7/14/2015 12:42:09 PM;570;10.1;10.2;7.8;7.9;
7/14/2015 12:42:10 PM;571;10.2;10.2;7.8;7.9;
7/14/2015 12:42:11 PM;572;10.2;10.2;7.8;7.9;
7/14/2015 12:42:12 PM;573;10.2;10.2;7.8;7.9;
7/14/2015 12:42:13 PM;574;10.2;10.2;7.8;7.9;
7/14/2015 12:42:14 PM;575;10.2;10.2;7.8;7.9;
7/14/2015 12:42:15 PM;576;10.2;10.2;7.8;7.9;
7/14/2015 12:42:16 PM;577;10.2;10.2;7.8;7.9;
7/14/2015 12:42:17 PM;578;10.1;10.2;7.8;7.9;
7/14/2015 12:42:18 PM;579;10.1;10.2;7.8;7.9;
7/14/2015 12:42:19 PM;580;10.2;10.2;7.8;7.9;
7/14/2015 12:42:20 PM;581;10.2;10.2;7.8;7.9;
7/14/2015 12:42:21 PM;582;10.2;10.2;7.8;7.9;
7/14/2015 12:42:22 PM;583;10.2;10.2;7.8;7.9;
7/14/2015 12:42:23 PM;584;10.2;10.2;7.8;7.9;
7/14/2015 12:42:24 PM;585;10.2;10.2;7.8;7.9;
7/14/2015 12:42:25 PM;586;10.2;10.2;7.8;7.9;
7/14/2015 12:42:26 PM;587;10.2;10.2;7.8;7.9;
7/14/2015 12:42:27 PM;588;10.2;10.2;7.8;7.9;
7/14/2015 12:42:28 PM;589;10.2;10.2;7.8;7.9;
7/14/2015 12:42:29 PM;590;10.2;10.2;7.8;7.9;
7/14/2015 12:42:30 PM;591;10.2;10.2;7.8;7.9;
7/14/2015 12:42:31 PM;592;10.2;10.2;7.8;7.9;
7/14/2015 12:42:32 PM;593;10.2;10.2;7.8;7.9;
7/14/2015 12:42:33 PM;594;10.2;10.2;7.8;7.9;
7/14/2015 12:42:34 PM;595;10.2;10.2;7.8;7.9;
7/14/2015 12:42:35 PM;596;10.2;10.2;7.8;7.9;
7/14/2015 12:42:36 PM;597;10.2;10.2;7.8;7.9;
7/14/2015 12:42:37 PM;598;10.2;10.2;7.8;7.9;
7/14/2015 12:42:38 PM;599;10.2;10.2;7.8;7.9;
7/14/2015 12:42:39 PM;600;10.2;10.2;7.8;7.9;
7/14/2015 12:42:40 PM;601;10.2;10.2;7.8;7.9;
7/14/2015 12:42:41 PM;602;10.2;10.2;7.8;7.9;
7/14/2015 12:42:42 PM;603;10.1;10.2;7.8;7.9;
7/14/2015 12:42:43 PM;604;10.2;10.2;7.8;7.9;
7/14/2015 12:42:44 PM;605;10.2;10.2;7.8;7.9;
7/14/2015 12:42:45 PM;606;10.1;10.2;7.8;7.9;
7/14/2015 12:42:46 PM;607;10.1;10.2;7.8;7.9;
7/14/2015 12:42:47 PM;608;10.2;10.2;7.8;7.9;
7/14/2015 12:42:48 PM;609;10.2;10.2;7.8;7.9;
7/14/2015 12:42:49 PM;610;10.2;10.2;7.8;7.9;
7/14/2015 12:42:50 PM;611;10.3;10.2;7.8;7.9;
7/14/2015 12:42:51 PM;612;10.3;10.2;7.8;7.9;
7/14/2015 12:42:52 PM;613;10.3;10.2;7.8;7.9;
7/14/2015 12:42:53 PM;614;10.2;10.2;7.8;7.9;
7/14/2015 12:42:54 PM;615;10.2;10.2;7.8;7.9;
7/14/2015 12:42:55 PM;616;10.2;10.2;7.8;7.9;
7/14/2015 12:42:56 PM;617;10.2;10.2;7.8;7.9;
7/14/2015 12:42:57 PM;618;10.2;10.2;7.8;7.9;
7/14/2015 12:42:58 PM;619;10.2;10.2;7.8;7.9;
7/14/2015 12:42:59 PM;620;10.2;10.2;7.8;7.9;
7/14/2015 12:43:00 PM;621;10.2;10.2;7.8;7.9;
7/14/2015 12:43:01 PM;622;10.2;10.2;7.8;7.9;
7/14/2015 12:43:02 PM;623;10.2;10.2;7.8;7.9;
7/14/2015 12:43:03 PM;624;10.2;10.2;7.8;7.9;
7/14/2015 12:43:04 PM;625;10.2;10.2;7.8;7.9;
7/14/2015 12:43:05 PM;626;10.3;10.2;7.8;7.9;
7/14/2015 12:43:06 PM;627;10.3;10.2;7.8;7.9;
7/14/2015 12:43:07 PM;628;10.3;10.2;7.8;7.9;
7/14/2015 12:43:08 PM;629;10.2;10.2;7.8;7.9;
7/14/2015 12:43:09 PM;630;10.2;10.2;7.8;7.9;
7/14/2015 12:43:10 PM;631;10.2;10.2;7.8;7.9;
7/14/2015 12:43:11 PM;632;10.2;10.2;7.8;7.9;
7/14/2015 12:43:12 PM;633;10.1;10.2;7.8;7.9;
7/14/2015 12:43:13 PM;634;10.2;10.2;7.8;7.9;
7/14/2015 12:43:14 PM;635;10.2;10.2;7.8;7.9;
7/14/2015 12:43:15 PM;636;10.1;10.2;7.8;7.9;
7/14/2015 12:43:16 PM;637;10.1;10.2;7.8;7.9;
7/14/2015 12:43:17 PM;638;10.2;10.2;7.8;7.9;
7/14/2015 12:43:18 PM;639;10.2;10.2;7.8;7.9;
7/14/2015 12:43:19 PM;640;10.2;10.2;7.8;7.9;
7/14/2015 12:43:20 PM;641;10.2;10.2;7.8;7.9;
7/14/2015 12:43:21 PM;642;10.2;10.2;7.8;7.9;
7/14/2015 12:43:22 PM;643;10.2;10.2;7.8;7.9;
7/14/2015 12:43:23 PM;644;10.2;10.2;7.8;7.9;
7/14/2015 12:43:24 PM;645;10.3;10.2;7.8;7.9;
7/14/2015 12:43:25 PM;646;10.3;10.2;7.8;7.9;
7/14/2015 12:43:26 PM;647;10.2;10.2;7.8;7.9;
7/14/2015 12:43:27 PM;648;10.2;10.2;7.8;7.9;
7/14/2015 12:43:28 PM;649;10.2;10.2;7.8;7.9;
7/14/2015 12:43:29 PM;650;10.2;10.2;7.8;7.9;
7/14/2015 12:43:30 PM;651;10.2;10.2;7.8;7.9;
7/14/2015 12:43:31 PM;652;10.3;10.2;7.8;7.9;
7/14/2015 12:43:32 PM;653;10.2;10.2;7.8;7.9;
7/14/2015 12:43:33 PM;654;10.2;10.2;7.8;7.9;
7/14/2015 12:43:34 PM;655;10.2;10.2;7.8;7.9;
7/14/2015 12:43:35 PM;656;10.2;10.2;7.8;7.9;
7/14/2015 12:43:36 PM;657;10.2;10.2;7.8;7.9;
7/14/2015 12:43:37 PM;658;10.3;10.2;7.8;7.9;
7/14/2015 12:43:38 PM;659;10.2;10.2;7.8;7.9;
7/14/2015 12:43:39 PM;660;10.2;10.2;7.8;7.9;
7/14/2015 12:43:40 PM;661;10.2;10.2;7.8;7.9;
7/14/2015 12:43:41 PM;662;10.2;10.2;7.8;7.9;
7/14/2015 12:43:42 PM;663;10.2;10.2;7.8;7.9;
7/14/2015 12:43:43 PM;664;10.2;10.2;7.8;7.9;
7/14/2015 12:43:44 PM;665;10.2;10.2;7.8;7.9;
7/14/2015 12:43:45 PM;666;10.2;10.2;7.8;7.9;
7/14/2015 12:43:46 PM;667;10.2;10.2;7.8;7.9;
7/14/2015 12:43:47 PM;668;10.2;10.2;7.8;7.9;
7/14/2015 12:43:48 PM;669;10.1;10.2;7.8;7.9;
7/14/2015 12:43:49 PM;670;10.2;10.2;7.8;7.9;
7/14/2015 12:43:50 PM;671;10.2;10.2;7.8;7.9;
7/14/2015 12:43:51 PM;672;10.2;10.2;7.8;7.9;
7/14/2015 12:43:52 PM;673;10.2;10.2;7.8;7.9;
7/14/2015 12:43:53 PM;674;10.3;10.2;7.8;7.9;
7/14/2015 12:43:54 PM;675;10.3;10.2;7.8;7.9;
7/14/2015 12:43:55 PM;676;10.3;10.2;7.8;7.9;
7/14/2015 12:43:56 PM;677;10.2;10.2;7.8;7.9;
7/14/2015 12:43:57 PM;678;10.2;10.2;7.8;7.9;
7/14/2015 12:43:58 PM;679;10.2;10.2;7.8;7.9;
7/14/2015 12:43:59 PM;680;10.2;10.2;7.8;7.9;
7/14/2015 12:44:00 PM;681;10.2;10.2;7.8;7.9;
7/14/2015 12:44:01 PM;682;10.2;10.2;7.8;7.9;
7/14/2015 12:44:02 PM;683;10.2;10.2;7.8;7.9;
7/14/2015 12:44:03 PM;684;10.2;10.2;7.8;7.9;
7/14/2015 12:44:04 PM;685;10.2;10.2;7.8;7.9;
7/14/2015 12:44:05 PM;686;10.2;10.2;7.8;7.9;
7/14/2015 12:44:06 PM;687;10.2;10.2;7.8;7.9;
7/14/2015 12:44:07 PM;688;10.2;10.2;7.8;7.9;
7/14/2015 12:44:08 PM;689;10.2;10.2;7.8;7.9;
7/14/2015 12:44:09 PM;690;10.2;10.2;7.8;7.9;
7/14/2015 12:44:10 PM;691;10.2;10.2;7.8;7.9;
7/14/2015 12:44:11 PM;692;10.3;10.2;7.8;7.9;
7/14/2015 12:44:12 PM;693;10.3;10.2;7.8;7.9;
7/14/2015 12:44:13 PM;694;10.3;10.2;7.8;7.9;
7/14/2015 12:44:14 PM;695;10.3;10.2;7.8;7.9;
7/14/2015 12:44:15 PM;696;10.3;10.2;7.8;7.9;
7/14/2015 12:44:16 PM;697;10.3;10.2;7.8;7.9;
7/14/2015 12:44:17 PM;698;10.2;10.2;7.8;7.9;
7/14/2015 12:44:18 PM;699;10.2;10.2;7.8;7.9;
7/14/2015 12:44:19 PM;700;10.2;10.2;7.8;7.9;
7/14/2015 12:44:20 PM;701;10.2;10.2;7.8;7.9;
7/14/2015 12:44:21 PM;702;10.2;10.2;7.8;7.9;
7/14/2015 12:44:22 PM;703;10.2;10.2;7.8;7.9;
7/14/2015 12:44:23 PM;704;10.2;10.2;7.8;7.9;
7/14/2015 12:44:24 PM;705;10.2;10.2;7.8;7.9;
7/14/2015 12:44:25 PM;706;10.2;10.2;7.8;7.9;
7/14/2015 12:44:26 PM;707;10.2;10.2;7.8;7.9;
7/14/2015 12:44:27 PM;708;10.2;10.2;7.8;7.9;
7/14/2015 12:44:28 PM;709;10.2;10.2;7.8;7.9;
7/14/2015 12:44:29 PM;710;10.2;10.2;7.8;7.9;
7/14/2015 12:44:30 PM;711;10.2;10.2;7.8;7.9;
7/14/2015 12:44:31 PM;712;10.2;10.2;7.8;7.9;
7/14/2015 12:44:32 PM;713;10.2;10.2;7.8;7.9;
7/14/2015 12:44:33 PM;714;10.1;10.2;7.8;7.9;
7/14/2015 12:44:34 PM;715;10.2;10.2;7.8;7.9;
7/14/2015 12:44:35 PM;716;10.2;10.2;7.8;7.9;
7/14/2015 12:44:36 PM;717;10.2;10.2;7.8;7.9;
7/14/2015 12:44:37 PM;718;10.2;10.2;7.8;7.9;
7/14/2015 12:44:38 PM;719;10.3;10.2;7.8;7.9;
7/14/2015 12:44:39 PM;720;10.3;10.2;7.8;7.9;
7/14/2015 12:44:40 PM;721;10.3;10.2;7.8;7.9;
7/14/2015 12:44:41 PM;722;10.3;10.2;7.8;7.9;
7/14/2015 12:44:42 PM;723;10.3;10.2;7.8;7.9;
7/14/2015 12:44:43 PM;724;10.3;10.2;7.8;7.9;
7/14/2015 12:44:44 PM;725;10.2;10.2;7.8;7.9;
7/14/2015 12:44:45 PM;726;10.2;10.2;7.8;7.9;
7/14/2015 12:44:46 PM;727;10.2;10.2;7.8;7.9;
7/14/2015 12:44:47 PM;728;10.2;10.2;7.8;7.9;
7/14/2015 12:44:48 PM;729;10.2;10.2;7.8;7.9;
7/14/2015 12:44:49 PM;730;10.3;10.2;7.8;7.9;
7/14/2015 12:44:50 PM;731;10.3;10.2;7.8;7.9;
7/14/2015 12:44:51 PM;732;10.3;10.2;7.8;7.9;
7/14/2015 12:44:52 PM;733;10.3;10.2;7.8;7.9;
7/14/2015 12:44:53 PM;734;10.3;10.2;7.8;7.9;
7/14/2015 12:44:54 PM;735;10.2;10.2;7.8;7.9;
7/14/2015 12:44:55 PM;736;10.2;10.2;7.8;7.9;
7/14/2015 12:44:56 PM;737;10.2;10.2;7.8;7.9;
7/14/2015 12:44:57 PM;738;10.2;10.2;7.8;7.9;
7/14/2015 12:44:58 PM;739;10.2;10.2;7.8;7.9;
7/14/2015 12:44:59 PM;740;10.3;10.2;7.8;7.9;
7/14/2015 12:45:00 PM;741;10.2;10.2;7.8;7.9;
7/14/2015 12:45:01 PM;742;10.2;10.2;7.8;7.9;
7/14/2015 12:45:02 PM;743;10.2;10.2;7.8;7.9;
7/14/2015 12:45:03 PM;744;10.2;10.2;7.8;7.9;
7/14/2015 12:45:04 PM;745;10.2;10.2;7.8;7.9;
7/14/2015 12:45:05 PM;746;10.2;10.2;7.8;7.9;
7/14/2015 12:45:06 PM;747;10.2;10.2;7.8;7.9;
7/14/2015 12:45:07 PM;748;10.2;10.2;7.8;7.9;
7/14/2015 12:45:08 PM;749;10.2;10.2;7.8;7.9;
7/14/2015 12:45:09 PM;750;10.2;10.2;7.8;7.9;
7/14/2015 12:45:10 PM;751;10.2;10.2;7.8;7.9;
7/14/2015 12:45:11 PM;752;10.3;10.2;7.8;7.9;
7/14/2015 12:45:12 PM;753;10.2;10.2;7.8;7.9;
7/14/2015 12:45:13 PM;754;10.2;10.2;7.8;7.9;
7/14/2015 12:45:14 PM;755;10.2;10.2;7.8;7.9;
7/14/2015 12:45:15 PM;756;10.2;10.2;7.8;7.9;
7/14/2015 12:45:16 PM;757;10.2;10.2;7.8;7.9;
7/14/2015 12:45:17 PM;758;10.3;10.2;7.8;7.9;
7/14/2015 12:45:18 PM;759;10.2;10.2;7.8;7.9;
7/14/2015 12:45:19 PM;760;10.2;10.2;7.8;7.9;
7/14/2015 12:45:20 PM;761;10.2;10.2;7.8;7.9;
7/14/2015 12:45:21 PM;762;10.2;10.2;7.8;7.9;
7/14/2015 12:45:22 PM;763;10.2;10.2;7.8;7.9;
7/14/2015 12:45:23 PM;764;10.3;10.2;7.8;7.9;
7/14/2015 12:45:24 PM;765;10.2;10.2;7.8;7.9;
7/14/2015 12:45:25 PM;766;10.2;10.2;7.8;7.9;
7/14/2015 12:45:26 PM;767;10.2;10.2;7.8;7.9;
7/14/2015 12:45:27 PM;768;10.2;10.2;7.8;7.9;
7/14/2015 12:45:28 PM;769;10.2;10.2;7.8;7.9;
7/14/2015 12:45:29 PM;770;10.2;10.2;7.8;7.9;
7/14/2015 12:45:30 PM;771;10.2;10.2;7.8;7.9;
7/14/2015 12:45:31 PM;772;10.2;10.2;7.8;7.9;
7/14/2015 12:45:32 PM;773;10.2;10.2;7.8;7.9;
7/14/2015 12:45:33 PM;774;10.2;10.2;7.8;7.9;
7/14/2015 12:45:34 PM;775;10.2;10.2;7.8;7.9;
7/14/2015 12:45:35 PM;776;10.2;10.2;7.8;7.9;
7/14/2015 12:45:36 PM;777;10.2;10.2;7.8;7.9;
7/14/2015 12:45:37 PM;778;10.3;10.2;7.8;7.9;
7/14/2015 12:45:38 PM;779;10.2;10.2;7.8;7.9;
7/14/2015 12:45:39 PM;780;10.2;10.2;7.8;7.9;
7/14/2015 12:45:40 PM;781;10.2;10.2;7.8;7.9;
7/14/2015 12:45:41 PM;782;10.2;10.2;7.8;7.9;
7/14/2015 12:45:42 PM;783;10.2;10.2;7.8;7.9;
7/14/2015 12:45:43 PM;784;10.3;10.2;7.8;7.9;
7/14/2015 12:45:44 PM;785;10.2;10.2;7.8;7.9;
7/14/2015 12:45:45 PM;786;10.2;10.2;7.8;7.9;
7/14/2015 12:45:46 PM;787;10.2;10.2;7.8;7.9;
7/14/2015 12:45:47 PM;788;10.2;10.2;7.8;7.9;
7/14/2015 12:45:48 PM;789;10.2;10.2;7.8;7.9;
7/14/2015 12:45:49 PM;790;10.2;10.2;7.8;7.9;
7/14/2015 12:45:50 PM;791;10.2;10.2;7.8;7.9;
7/14/2015 12:45:51 PM;792;10.2;10.2;7.8;7.9;
7/14/2015 12:45:52 PM;793;10.2;10.2;7.8;7.9;
7/14/2015 12:45:53 PM;794;10.2;10.2;7.8;7.9;
7/14/2015 12:45:54 PM;795;10.2;10.2;7.8;7.9;
7/14/2015 12:45:55 PM;796;10.2;10.2;7.8;7.9;
7/14/2015 12:45:56 PM;797;10.2;10.2;7.8;7.9;
7/14/2015 12:45:57 PM;798;10.2;10.2;7.8;7.9;
7/14/2015 12:45:58 PM;799;10.3;10.2;7.8;7.9;
7/14/2015 12:45:59 PM;800;10.3;10.2;7.8;7.9;
7/14/2015 12:46:00 PM;801;10.3;10.2;7.8;7.9;
7/14/2015 12:46:01 PM;802;10.3;10.2;7.8;7.9;
7/14/2015 12:46:02 PM;803;10.2;10.2;7.8;7.9;
7/14/2015 12:46:03 PM;804;10.2;10.2;7.8;7.9;
7/14/2015 12:46:04 PM;805;10.2;10.2;7.8;7.9;
7/14/2015 12:46:05 PM;806;10.2;10.2;7.8;7.9;
7/14/2015 12:46:06 PM;807;10.2;10.2;7.8;7.9;
7/14/2015 12:46:07 PM;808;10.2;10.2;7.8;7.9;
7/14/2015 12:46:08 PM;809;10.2;10.2;7.8;7.9;
7/14/2015 12:46:09 PM;810;10.1;10.2;7.8;7.9;
7/14/2015 12:46:10 PM;811;10.2;10.2;7.8;7.9;
7/14/2015 12:46:11 PM;812;10.1;10.2;7.8;7.9;
7/14/2015 12:46:12 PM;813;10.1;10.2;7.8;7.9;
7/14/2015 12:46:13 PM;814;10.2;10.2;7.8;7.9;
7/14/2015 12:46:14 PM;815;10.2;10.2;7.8;7.9;
7/14/2015 12:46:15 PM;816;10.2;10.2;7.8;7.9;
7/14/2015 12:46:16 PM;817;10.3;10.2;7.8;7.9;
7/14/2015 12:46:17 PM;818;10.3;10.2;7.8;7.9;
7/14/2015 12:46:18 PM;819;10.3;10.2;7.8;7.9;
7/14/2015 12:46:19 PM;820;10.3;10.2;7.8;7.9;
7/14/2015 12:46:20 PM;821;10.2;10.2;7.8;7.9;
7/14/2015 12:46:21 PM;822;10.2;10.2;7.8;7.9;
7/14/2015 12:46:22 PM;823;10.2;10.2;7.8;7.9;
7/14/2015 12:46:23 PM;824;10.2;10.2;7.8;7.9;
7/14/2015 12:46:24 PM;825;10.2;10.2;7.8;7.9;
7/14/2015 12:46:25 PM;826;10.3;10.2;7.8;7.9;
7/14/2015 12:46:26 PM;827;10.2;10.2;7.8;7.9;
7/14/2015 12:46:27 PM;828;10.2;10.2;7.8;7.9;
7/14/2015 12:46:28 PM;829;10.2;10.2;7.8;7.9;
7/14/2015 12:46:29 PM;830;10.2;10.2;7.8;7.9;
7/14/2015 12:46:30 PM;831;10.2;10.2;7.8;7.9;
7/14/2015 12:46:31 PM;832;10.3;10.2;7.8;7.9;
7/14/2015 12:46:32 PM;833;10.3;10.2;7.8;7.9;
7/14/2015 12:46:33 PM;834;10.3;10.2;7.8;7.9;
7/14/2015 12:46:34 PM;835;10.3;10.2;7.8;7.9;
7/14/2015 12:46:35 PM;836;10.3;10.2;7.8;7.9;
7/14/2015 12:46:36 PM;837;10.3;10.2;7.8;7.9;
7/14/2015 12:46:37 PM;838;10.2;10.2;7.8;7.9;
7/14/2015 12:46:38 PM;839;10.2;10.2;7.8;7.9;
7/14/2015 12:46:39 PM;840;10.2;10.2;7.8;7.9;
7/14/2015 12:46:40 PM;841;10.2;10.2;7.8;7.9;
7/14/2015 12:46:41 PM;842;10.2;10.2;7.8;7.9;
7/14/2015 12:46:42 PM;843;10.2;10.2;7.8;7.9;
7/14/2015 12:46:43 PM;844;10.2;10.2;7.8;7.9;
7/14/2015 12:46:44 PM;845;10.3;10.2;7.8;7.9;
7/14/2015 12:46:45 PM;846;10.3;10.2;7.8;7.9;
7/14/2015 12:46:46 PM;847;10.3;10.2;7.8;7.9;
7/14/2015 12:46:47 PM;848;10.3;10.2;7.8;7.9;
7/14/2015 12:46:48 PM;849;10.3;10.2;7.8;7.9;
7/14/2015 12:46:49 PM;850;10.3;10.2;7.8;7.9;
7/14/2015 12:46:50 PM;851;10.3;10.2;7.8;7.9;
7/14/2015 12:46:51 PM;852;10.3;10.2;7.8;7.9;
7/14/2015 12:46:52 PM;853;10.3;10.2;7.8;7.9;
7/14/2015 12:46:53 PM;854;10.3;10.2;7.8;7.9;
7/14/2015 12:46:54 PM;855;10.3;10.2;7.8;7.9;
7/14/2015 12:46:55 PM;856;10.3;10.2;7.8;7.9;
7/14/2015 12:46:56 PM;857;10.3;10.2;7.8;7.9;
7/14/2015 12:46:57 PM;858;10.3;10.2;7.8;7.9;
7/14/2015 12:46:58 PM;859;10.3;10.2;7.8;7.9;
7/14/2015 12:46:59 PM;860;10.3;10.2;7.8;7.9;
7/14/2015 12:47:00 PM;861;10.3;10.2;7.8;7.9;
7/14/2015 12:47:01 PM;862;10.3;10.2;7.8;7.9;
7/14/2015 12:47:02 PM;863;10.2;10.2;7.8;7.9;
7/14/2015 12:47:03 PM;864;10.2;10.2;7.8;7.9;
7/14/2015 12:47:04 PM;865;10.2;10.2;7.8;7.9;
7/14/2015 12:47:05 PM;866;10.2;10.2;7.8;7.9;
7/14/2015 12:47:06 PM;867;10.2;10.2;7.8;7.9;
7/14/2015 12:47:07 PM;868;10.2;10.2;7.8;7.9;
7/14/2015 12:47:08 PM;869;10.2;10.2;7.8;7.9;
7/14/2015 12:47:09 PM;870;10.2;10.2;7.8;7.9;
7/14/2015 12:47:10 PM;871;10.2;10.2;7.8;7.9;
7/14/2015 12:47:11 PM;872;10.3;10.2;7.8;7.9;
7/14/2015 12:47:12 PM;873;10.2;10.2;7.8;7.9;
7/14/2015 12:47:13 PM;874;10.2;10.2;7.8;7.9;
7/14/2015 12:47:14 PM;875;10.2;10.2;7.8;7.9;
7/14/2015 12:47:15 PM;876;10.2;10.2;7.8;7.9;
7/14/2015 12:47:16 PM;877;10.2;10.2;7.8;7.9;
7/14/2015 12:47:17 PM;878;10.2;10.2;7.8;7.9;
7/14/2015 12:47:18 PM;879;10.2;10.2;7.8;7.9;
7/14/2015 12:47:19 PM;880;10.3;10.2;7.8;7.9;
7/14/2015 12:47:20 PM;881;10.2;10.2;7.8;7.9;
7/14/2015 12:47:21 PM;882;10.2;10.2;7.8;7.9;
7/14/2015 12:47:22 PM;883;10.2;10.2;7.8;7.9;
7/14/2015 12:47:23 PM;884;10.2;10.2;7.8;7.9;
7/14/2015 12:47:24 PM;885;10.2;10.2;7.8;7.9;
7/14/2015 12:47:25 PM;886;10.3;10.2;7.8;7.9;
7/14/2015 12:47:26 PM;887;10.3;10.2;7.8;7.9;
7/14/2015 12:47:27 PM;888;10.3;10.2;7.8;7.9;
7/14/2015 12:47:28 PM;889;10.3;10.2;7.8;7.9;
7/14/2015 12:47:29 PM;890;10.3;10.2;7.8;7.9;
7/14/2015 12:47:30 PM;891;10.3;10.2;7.8;7.9;
7/14/2015 12:47:31 PM;892;10.3;10.2;7.8;7.9;
7/14/2015 12:47:32 PM;893;10.3;10.2;7.8;7.9;
7/14/2015 12:47:33 PM;894;10.3;10.2;7.8;7.9;
7/14/2015 12:47:34 PM;895;10.3;10.2;7.8;7.9;
7/14/2015 12:47:35 PM;896;10.3;10.2;7.8;7.9;
7/14/2015 12:47:36 PM;897;10.2;10.2;7.8;7.9;
7/14/2015 12:47:37 PM;898;10.2;10.2;7.8;7.9;
7/14/2015 12:47:38 PM;899;10.2;10.2;7.8;7.9;
7/14/2015 12:47:39 PM;900;10.2;10.2;7.8;7.9;
7/14/2015 12:47:40 PM;901;10.2;10.2;7.8;7.9;
7/14/2015 12:47:41 PM;902;10.3;10.2;7.8;7.9;
7/14/2015 12:47:42 PM;903;10.3;10.2;7.8;7.9;
7/14/2015 12:47:43 PM;904;10.3;10.2;7.8;7.9;
7/14/2015 12:47:44 PM;905;10.3;10.2;7.8;7.9;
7/14/2015 12:47:45 PM;906;10.3;10.2;7.8;7.9;
7/14/2015 12:47:46 PM;907;10.3;10.2;7.8;7.9;
7/14/2015 12:47:47 PM;908;10.3;10.2;7.8;7.9;
7/14/2015 12:47:48 PM;909;10.3;10.2;7.8;7.9;
7/14/2015 12:47:49 PM;910;10.3;10.2;7.8;7.9;
7/14/2015 12:47:50 PM;911;10.3;10.2;7.8;7.9;
7/14/2015 12:47:51 PM;912;10.3;10.2;7.8;7.9;
7/14/2015 12:47:52 PM;913;10.3;10.2;7.8;7.9;
7/14/2015 12:47:53 PM;914;10.3;10.2;7.8;7.9;
7/14/2015 12:47:54 PM;915;10.3;10.2;7.8;7.9;
7/14/2015 12:47:55 PM;916;10.3;10.2;7.8;7.9;
7/14/2015 12:47:56 PM;917;10.2;10.2;7.8;7.9;
7/14/2015 12:47:57 PM;918;10.2;10.2;7.8;7.9;
7/14/2015 12:47:58 PM;919;10.2;10.2;7.8;7.9;
7/14/2015 12:47:59 PM;920;10.2;10.2;7.8;7.9;
7/14/2015 12:48:00 PM;921;10.2;10.2;7.8;7.9;
7/14/2015 12:48:01 PM;922;10.3;10.2;7.8;7.9;
7/14/2015 12:48:02 PM;923;10.2;10.2;7.8;7.9;
7/14/2015 12:48:03 PM;924;10.2;10.2;7.8;7.9;
7/14/2015 12:48:04 PM;925;10.2;10.2;7.8;7.9;
7/14/2015 12:48:05 PM;926;10.2;10.2;7.8;7.9;
7/14/2015 12:48:06 PM;927;10.2;10.2;7.8;7.9;
7/14/2015 12:48:07 PM;928;10.2;10.2;7.8;7.9;
7/14/2015 12:48:08 PM;929;10.2;10.2;7.8;7.9;
7/14/2015 12:48:09 PM;930;10.2;10.2;7.8;7.9;
7/14/2015 12:48:10 PM;931;10.3;10.2;7.8;7.9;
7/14/2015 12:48:11 PM;932;10.3;10.2;7.8;7.9;
7/14/2015 12:48:12 PM;933;10.2;10.2;7.8;7.9;
7/14/2015 12:48:13 PM;934;10.2;10.2;7.8;7.9;
7/14/2015 12:48:14 PM;935;10.2;10.2;7.8;7.9;
7/14/2015 12:48:15 PM;936;10.2;10.2;7.8;7.9;
7/14/2015 12:48:16 PM;937;10.2;10.2;7.8;7.9;
7/14/2015 12:48:17 PM;938;10.2;10.2;7.8;7.9;
7/14/2015 12:48:18 PM;939;10.2;10.2;7.8;7.9;
7/14/2015 12:48:19 PM;940;10.2;10.2;7.8;7.9;
7/14/2015 12:48:20 PM;941;10.2;10.2;7.8;7.9;
7/14/2015 12:48:21 PM;942;10.3;10.2;7.8;7.9;
7/14/2015 12:48:22 PM;943;10.3;10.2;7.8;7.9;
7/14/2015 12:48:23 PM;944;10.3;10.2;7.8;7.9;
7/14/2015 12:48:24 PM;945;10.3;10.2;7.8;7.9;
7/14/2015 12:48:25 PM;946;10.3;10.2;7.8;7.9;
7/14/2015 12:48:26 PM;947;10.2;10.2;7.8;7.9;
7/14/2015 12:48:27 PM;948;10.2;10.2;7.8;7.9;
7/14/2015 12:48:28 PM;949;10.2;10.2;7.8;7.9;
7/14/2015 12:48:29 PM;950;10.2;10.2;7.8;7.9;
7/14/2015 12:48:30 PM;951;10.2;10.2;7.8;7.9;
7/14/2015 12:48:31 PM;952;10.2;10.2;7.8;7.9;
7/14/2015 12:48:32 PM;953;10.2;10.2;7.8;7.9;
7/14/2015 12:48:33 PM;954;10.2;10.2;7.8;7.9;
7/14/2015 12:48:34 PM;955;10.2;10.2;7.8;7.9;
7/14/2015 12:48:35 PM;956;10.2;10.2;7.8;7.9;
7/14/2015 12:48:36 PM;957;10.1;10.2;7.8;7.9;
7/14/2015 12:48:37 PM;958;10.2;10.2;7.8;7.9;
7/14/2015 12:48:38 PM;959;10.1;10.2;7.8;7.9;
7/14/2015 12:48:39 PM;960;10.1;10.2;7.8;7.9;
7/14/2015 12:48:40 PM;961;10.2;10.2;7.8;7.9;
7/14/2015 12:48:41 PM;962;10.2;10.2;7.8;7.9;
7/14/2015 12:48:42 PM;963;10.2;10.2;7.8;7.9;
7/14/2015 12:48:43 PM;964;10.3;10.2;7.8;7.9;
7/14/2015 12:48:44 PM;965;10.2;10.2;7.8;7.9;
7/14/2015 12:48:45 PM;966;10.2;10.2;7.8;7.9;
7/14/2015 12:48:46 PM;967;10.2;10.2;7.8;7.9;
7/14/2015 12:48:47 PM;968;10.2;10.2;7.8;7.9;
7/14/2015 12:48:48 PM;969;10.2;10.2;7.8;7.9;
7/14/2015 12:48:49 PM;970;10.2;10.2;7.8;7.9;
7/14/2015 12:48:50 PM;971;10.2;10.2;7.8;7.9;
7/14/2015 12:48:51 PM;972;10.2;10.2;7.8;7.9;
7/14/2015 12:48:52 PM;973;10.2;10.2;7.8;7.9;
7/14/2015 12:48:53 PM;974;10.1;10.2;7.8;7.9;
7/14/2015 12:48:54 PM;975;10.1;10.2;7.8;7.9;
7/14/2015 12:48:55 PM;976;10.2;10.2;7.8;7.9;
7/14/2015 12:48:56 PM;977;10.2;10.2;7.8;7.9;
7/14/2015 12:48:57 PM;978;10.2;10.2;7.8;7.9;
7/14/2015 12:48:58 PM;979;10.2;10.2;7.8;7.9;
7/14/2015 12:48:59 PM;980;10.3;10.2;7.8;7.9;
7/14/2015 12:49:00 PM;981;10.3;10.2;7.8;7.9;
7/14/2015 12:49:01 PM;982;10.3;10.2;7.8;7.9;
7/14/2015 12:49:02 PM;983;10.3;10.2;7.8;7.9;
7/14/2015 12:49:03 PM;984;10.3;10.2;7.8;7.9;
7/14/2015 12:49:04 PM;985;10.3;10.2;7.8;7.9;
7/14/2015 12:49:05 PM;986;10.2;10.2;7.8;7.9;
7/14/2015 12:49:06 PM;987;10.2;10.2;7.8;7.9;
7/14/2015 12:49:07 PM;988;10.2;10.2;7.8;7.9;
7/14/2015 12:49:08 PM;989;10.2;10.2;7.8;7.9;
7/14/2015 12:49:09 PM;990;10.1;10.2;7.8;7.9;
7/14/2015 12:49:10 PM;991;10.2;10.2;7.8;7.9;
7/14/2015 12:49:11 PM;992;10.2;10.2;7.8;7.9;
7/14/2015 12:49:12 PM;993;10.2;10.2;7.8;7.9;
7/14/2015 12:49:13 PM;994;10.2;10.2;7.8;7.9;
7/14/2015 12:49:14 PM;995;10.2;10.2;7.8;7.9;
7/14/2015 12:49:15 PM;996;10.2;10.2;7.8;7.9;
7/14/2015 12:49:16 PM;997;10.2;10.2;7.8;7.9;
7/14/2015 12:49:17 PM;998;10.2;10.2;7.8;7.9;
7/14/2015 12:49:18 PM;999;10.2;10.2;7.8;7.9;
7/14/2015 12:49:19 PM;1000;10.2;10.2;7.8;7.9;
7/14/2015 12:49:20 PM;1001;10.3;10.2;7.8;7.9;
7/14/2015 12:49:21 PM;1002;10.3;10.2;7.8;7.9;
7/14/2015 12:49:22 PM;1003;10.3;10.2;7.8;7.9;
7/14/2015 12:49:23 PM;1004;10.3;10.2;7.8;7.9;
7/14/2015 12:49:24 PM;1005;10.3;10.2;7.8;7.9;
7/14/2015 12:49:25 PM;1006;10.3;10.2;7.8;7.9;
7/14/2015 12:49:26 PM;1007;10.3;10.2;7.8;7.9;
7/14/2015 12:49:27 PM;1008;10.3;10.2;7.8;7.9;
7/14/2015 12:49:28 PM;1009;10.3;10.2;7.8;7.9;
7/14/2015 12:49:29 PM;1010;10.3;10.2;7.8;7.9;
7/14/2015 12:49:30 PM;1011;10.3;10.2;7.8;7.9;
7/14/2015 12:49:31 PM;1012;10.3;10.2;7.8;7.9;
7/14/2015 12:49:32 PM;1013;10.3;10.2;7.8;7.9;
7/14/2015 12:49:33 PM;1014;10.3;10.2;7.8;7.9;
7/14/2015 12:49:34 PM;1015;10.3;10.2;7.8;7.9;
7/14/2015 12:49:35 PM;1016;10.2;10.2;7.8;7.9;
7/14/2015 12:49:36 PM;1017;10.2;10.2;7.8;7.9;
7/14/2015 12:49:37 PM;1018;10.2;10.2;7.8;7.9;
7/14/2015 12:49:38 PM;1019;10.2;10.2;7.8;7.9;
7/14/2015 12:49:39 PM;1020;10.2;10.2;7.8;7.9;
7/14/2015 12:49:40 PM;1021;10.3;10.2;7.8;7.9;
7/14/2015 12:49:41 PM;1022;10.3;10.2;7.8;7.9;
7/14/2015 12:49:42 PM;1023;10.3;10.2;7.8;7.9;
7/14/2015 12:49:43 PM;1024;10.3;10.2;7.8;7.9;
7/14/2015 12:49:44 PM;1025;10.2;10.2;7.8;7.9;
7/14/2015 12:49:45 PM;1026;10.2;10.2;7.8;7.9;
7/14/2015 12:49:46 PM;1027;10.2;10.2;7.8;7.9;
7/14/2015 12:49:47 PM;1028;10.2;10.2;7.8;7.9;
7/14/2015 12:49:48 PM;1029;10.2;10.2;7.8;7.9;
7/14/2015 12:49:49 PM;1030;10.3;10.2;7.8;7.9;
7/14/2015 12:49:50 PM;1031;10.3;10.2;7.8;7.9;
7/14/2015 12:49:51 PM;1032;10.3;10.2;7.8;7.9;
7/14/2015 12:49:52 PM;1033;10.3;10.2;7.8;7.9;
7/14/2015 12:49:53 PM;1034;10.3;10.2;7.8;7.9;
7/14/2015 12:49:54 PM;1035;10.3;10.2;7.8;7.9;
7/14/2015 12:49:55 PM;1036;10.3;10.2;7.8;7.9;
7/14/2015 12:49:56 PM;1037;10.3;10.2;7.8;7.9;
7/14/2015 12:49:57 PM;1038;10.3;10.2;7.8;7.9;
7/14/2015 12:49:58 PM;1039;10.3;10.2;7.8;7.9;
7/14/2015 12:49:59 PM;1040;10.2;10.2;7.8;7.9;
7/14/2015 12:50:00 PM;1041;10.2;10.2;7.8;7.9;
7/14/2015 12:50:01 PM;1042;10.2;10.2;7.8;7.9;
7/14/2015 12:50:02 PM;1043;10.2;10.2;7.8;7.9;
7/14/2015 12:50:03 PM;1044;10.2;10.2;7.8;7.9;
7/14/2015 12:50:04 PM;1045;10.2;10.2;7.8;7.9;
7/14/2015 12:50:05 PM;1046;10.3;10.2;7.8;7.9;
7/14/2015 12:50:06 PM;1047;10.3;10.2;7.8;7.9;
7/14/2015 12:50:07 PM;1048;10.3;10.2;7.8;7.9;
7/14/2015 12:50:08 PM;1049;10.3;10.2;7.8;7.9;
7/14/2015 12:50:09 PM;1050;10.3;10.2;7.8;7.9;
7/14/2015 12:50:10 PM;1051;10.3;10.2;7.8;7.9;
7/14/2015 12:50:11 PM;1052;10.3;10.2;7.8;7.9;
7/14/2015 12:50:12 PM;1053;10.2;10.2;7.8;7.9;
7/14/2015 12:50:13 PM;1054;10.2;10.2;7.8;7.9;
7/14/2015 12:50:14 PM;1055;10.2;10.2;7.8;7.9;
7/14/2015 12:50:15 PM;1056;10.2;10.2;7.8;7.9;
7/14/2015 12:50:16 PM;1057;10.2;10.2;7.8;7.9;
7/14/2015 12:50:17 PM;1058;10.2;10.2;7.8;7.9;
7/14/2015 12:50:18 PM;1059;10.2;10.2;7.8;7.9;
7/14/2015 12:50:19 PM;1060;10.3;10.2;7.8;7.9;
7/14/2015 12:50:20 PM;1061;10.3;10.2;7.8;7.9;
7/14/2015 12:50:21 PM;1062;10.3;10.2;7.8;7.9;
7/14/2015 12:50:22 PM;1063;10.3;10.2;7.8;7.9;
7/14/2015 12:50:23 PM;1064;10.3;10.2;7.8;7.9;
7/14/2015 12:50:24 PM;1065;10.3;10.2;7.8;7.9;
7/14/2015 12:50:25 PM;1066;10.3;10.2;7.8;7.9;
7/14/2015 12:50:26 PM;1067;10.3;10.2;7.8;7.9;
7/14/2015 12:50:27 PM;1068;10.3;10.2;7.8;7.9;
7/14/2015 12:50:28 PM;1069;10.2;10.2;7.8;7.9;
7/14/2015 12:50:29 PM;1070;10.2;10.2;7.8;7.9;
7/14/2015 12:50:30 PM;1071;10.2;10.2;7.8;7.9;
7/14/2015 12:50:31 PM;1072;10.2;10.2;7.8;7.9;
7/14/2015 12:50:32 PM;1073;10.2;10.2;7.8;7.9;
7/14/2015 12:50:33 PM;1074;10.3;10.2;7.8;7.9;
7/14/2015 12:50:34 PM;1075;10.3;10.2;7.8;7.9;
7/14/2015 12:50:35 PM;1076;10.2;10.2;7.8;7.9;
7/14/2015 12:50:36 PM;1077;10.2;10.2;7.8;7.9;
7/14/2015 12:50:37 PM;1078;10.2;10.2;7.8;7.9;
7/14/2015 12:50:38 PM;1079;10.2;10.2;7.8;7.9;
7/14/2015 12:50:39 PM;1080;10.2;10.2;7.8;7.9;
7/14/2015 12:50:40 PM;1081;10.3;10.2;7.8;7.9;
7/14/2015 12:50:41 PM;1082;10.2;10.2;7.8;7.9;
7/14/2015 12:50:42 PM;1083;10.2;10.2;7.8;7.9;
7/14/2015 12:50:43 PM;1084;10.2;10.2;7.8;7.9;
7/14/2015 12:50:44 PM;1085;10.2;10.2;7.8;7.9;
7/14/2015 12:50:45 PM;1086;10.2;10.2;7.8;7.9;
7/14/2015 12:50:46 PM;1087;10.2;10.2;7.8;7.9;
7/14/2015 12:50:47 PM;1088;10.2;10.2;7.8;7.9;
7/14/2015 12:50:48 PM;1089;10.2;10.2;7.8;7.9;
7/14/2015 12:50:49 PM;1090;10.2;10.2;7.8;7.9;
7/14/2015 12:50:50 PM;1091;10.3;10.2;7.8;7.9;
7/14/2015 12:50:51 PM;1092;10.3;10.2;7.8;7.9;
7/14/2015 12:50:52 PM;1093;10.3;10.2;7.8;7.9;
7/14/2015 12:50:53 PM;1094;10.2;10.2;7.8;7.9;
7/14/2015 12:50:54 PM;1095;10.2;10.2;7.8;7.9;
7/14/2015 12:50:55 PM;1096;10.2;10.2;7.8;7.9;
7/14/2015 12:50:56 PM;1097;10.2;10.2;7.8;7.9;
7/14/2015 12:50:57 PM;1098;10.2;10.2;7.8;7.9;
7/14/2015 12:50:58 PM;1099;10.3;10.2;7.8;7.9;
7/14/2015 12:50:59 PM;1100;10.3;10.2;7.8;7.9;
7/14/2015 12:51:00 PM;1101;10.2;10.2;7.8;7.9;
7/14/2015 12:51:01 PM;1102;10.2;10.2;7.8;7.9;
7/14/2015 12:51:02 PM;1103;10.2;10.2;7.8;7.9;
7/14/2015 12:51:03 PM;1104;10.2;10.2;7.8;7.9;
7/14/2015 12:51:04 PM;1105;10.2;10.2;7.8;7.9;
7/14/2015 12:51:05 PM;1106;10.2;10.2;7.8;7.9;
7/14/2015 12:51:06 PM;1107;10.2;10.2;7.8;7.9;
7/14/2015 12:51:07 PM;1108;10.2;10.2;7.8;7.9;
7/14/2015 12:51:08 PM;1109;10.2;10.2;7.8;7.9;
7/14/2015 12:51:09 PM;1110;10.2;10.2;7.8;7.9;
7/14/2015 12:51:10 PM;1111;10.3;10.2;7.8;7.9;
7/14/2015 12:51:11 PM;1112;10.2;10.2;7.8;7.9;
7/14/2015 12:51:12 PM;1113;10.2;10.2;7.8;7.9;
7/14/2015 12:51:13 PM;1114;10.2;10.2;7.8;7.9;
7/14/2015 12:51:14 PM;1115;10.2;10.2;7.8;7.9;
7/14/2015 12:51:15 PM;1116;10.2;10.2;7.8;7.9;
7/14/2015 12:51:16 PM;1117;10.2;10.2;7.8;7.9;
7/14/2015 12:51:17 PM;1118;10.2;10.2;7.8;7.9;
7/14/2015 12:51:18 PM;1119;10.2;10.2;7.8;7.9;
7/14/2015 12:51:19 PM;1120;10.2;10.2;7.8;7.9;
7/14/2015 12:51:20 PM;1121;10.3;10.2;7.8;7.9;
7/14/2015 12:51:21 PM;1122;10.2;10.2;7.8;7.9;
7/14/2015 12:51:22 PM;1123;10.2;10.2;7.8;7.9;
7/14/2015 12:51:23 PM;1124;10.2;10.2;7.8;7.9;
7/14/2015 12:51:24 PM;1125;10.2;10.2;7.8;7.9;
7/14/2015 12:51:25 PM;1126;10.2;10.2;7.8;7.9;
7/14/2015 12:51:26 PM;1127;10.3;10.2;7.8;7.9;
7/14/2015 12:51:27 PM;1128;10.3;10.2;7.8;7.9;
7/14/2015 12:51:28 PM;1129;10.3;10.2;7.8;7.9;
7/14/2015 12:51:29 PM;1130;10.3;10.2;7.8;7.9;
7/14/2015 12:51:30 PM;1131;10.3;10.2;7.8;7.9;
7/14/2015 12:51:31 PM;1132;10.3;10.2;7.8;7.9;
7/14/2015 12:51:32 PM;1133;10.2;10.2;7.8;7.9;
7/14/2015 12:51:33 PM;1134;10.2;10.2;7.8;7.9;
7/14/2015 12:51:34 PM;1135;10.2;10.2;7.8;7.9;
7/14/2015 12:51:35 PM;1136;10.1;10.2;7.8;7.9;
7/14/2015 12:51:36 PM;1137;10.1;10.2;7.8;7.9;
7/14/2015 12:51:37 PM;1138;10.2;10.2;7.8;7.9;
7/14/2015 12:51:38 PM;1139;10.2;10.2;7.8;7.9;
7/14/2015 12:51:39 PM;1140;10.2;10.2;7.8;7.9;
7/14/2015 12:51:40 PM;1141;10.2;10.2;7.8;7.9;
7/14/2015 12:51:41 PM;1142;10.2;10.2;7.8;7.9;
7/14/2015 12:51:42 PM;1143;10.2;10.2;7.8;7.9;
7/14/2015 12:51:43 PM;1144;10.2;10.2;7.8;7.9;
7/14/2015 12:51:44 PM;1145;10.3;10.2;7.8;7.9;
7/14/2015 12:51:45 PM;1146;10.3;10.2;7.8;7.9;
7/14/2015 12:51:46 PM;1147;10.3;10.2;7.8;7.9;
7/14/2015 12:51:47 PM;1148;10.3;10.2;7.8;7.9;
7/14/2015 12:51:48 PM;1149;10.2;10.2;7.8;7.9;
7/14/2015 12:51:49 PM;1150;10.2;10.2;7.8;7.9;
7/14/2015 12:51:50 PM;1151;10.2;10.2;7.8;7.9;
7/14/2015 12:51:51 PM;1152;10.2;10.2;7.8;7.9;
7/14/2015 12:51:52 PM;1153;10.2;10.2;7.8;7.9;
7/14/2015 12:51:53 PM;1154;10.2;10.2;7.8;7.9;
7/14/2015 12:51:54 PM;1155;10.2;10.2;7.8;7.9;
7/14/2015 12:51:55 PM;1156;10.3;10.2;7.8;7.9;
7/14/2015 12:51:56 PM;1157;10.3;10.2;7.8;7.9;
7/14/2015 12:51:57 PM;1158;10.3;10.2;7.8;7.9;
7/14/2015 12:51:58 PM;1159;10.3;10.2;7.8;7.9;
7/14/2015 12:51:59 PM;1160;10.3;10.2;7.8;7.9;
7/14/2015 12:52:00 PM;1161;10.3;10.2;7.8;7.9;
7/14/2015 12:52:01 PM;1162;10.3;10.2;7.8;7.9;
7/14/2015 12:52:02 PM;1163;10.3;10.2;7.8;7.9;
7/14/2015 12:52:03 PM;1164;10.3;10.2;7.8;7.9;
7/14/2015 12:52:04 PM;1165;10.3;10.2;7.8;7.9;
7/14/2015 12:52:05 PM;1166;10.3;10.2;7.8;7.9;
7/14/2015 12:52:06 PM;1167;10.3;10.2;7.8;7.9;
7/14/2015 12:52:07 PM;1168;10.3;10.2;7.8;7.9;
7/14/2015 12:52:08 PM;1169;10.3;10.2;7.8;7.9;
7/14/2015 12:52:09 PM;1170;10.3;10.2;7.8;7.9;
7/14/2015 12:52:10 PM;1171;10.3;10.2;7.8;7.9;
7/14/2015 12:52:11 PM;1172;10.3;10.2;7.8;7.9;
7/14/2015 12:52:12 PM;1173;10.3;10.2;7.8;7.9;
7/14/2015 12:52:13 PM;1174;10.3;10.2;7.8;7.9;
7/14/2015 12:52:14 PM;1175;10.2;10.2;7.8;7.9;
7/14/2015 12:52:15 PM;1176;10.2;10.2;7.8;7.9;
7/14/2015 12:52:16 PM;1177;10.2;10.2;7.8;7.9;
7/14/2015 12:52:17 PM;1178;10.1;10.2;7.8;7.9;
7/14/2015 12:52:18 PM;1179;10.1;10.2;7.8;7.9;
7/14/2015 12:52:19 PM;1180;10.2;10.2;7.8;7.9;
7/14/2015 12:52:20 PM;1181;10.2;10.2;7.8;7.9;
7/14/2015 12:52:21 PM;1182;10.2;10.2;7.8;7.9;
7/14/2015 12:52:22 PM;1183;10.3;10.2;7.8;7.9;
7/14/2015 12:52:23 PM;1184;10.3;10.2;7.8;7.9;
7/14/2015 12:52:24 PM;1185;10.3;10.2;7.8;7.9;
7/14/2015 12:52:25 PM;1186;10.3;10.2;7.8;7.9;
7/14/2015 12:52:26 PM;1187;10.3;10.2;7.8;7.9;
7/14/2015 12:52:27 PM;1188;10.3;10.2;7.8;7.9;
7/14/2015 12:52:28 PM;1189;10.3;10.2;7.8;7.9;
7/14/2015 12:52:29 PM;1190;10.3;10.2;7.8;7.9;
7/14/2015 12:52:30 PM;1191;10.3;10.2;7.8;7.9;
7/14/2015 12:52:31 PM;1192;10.3;10.2;7.8;7.9;
7/14/2015 12:52:32 PM;1193;10.3;10.2;7.8;7.9;
7/14/2015 12:52:33 PM;1194;10.3;10.2;7.8;7.9;
7/14/2015 12:52:34 PM;1195;10.3;10.2;7.8;7.9;
7/14/2015 12:52:35 PM;1196;10.3;10.2;7.8;7.9;
7/14/2015 12:52:36 PM;1197;10.3;10.2;7.8;7.9;
7/14/2015 12:52:37 PM;1198;10.3;10.2;7.8;7.9;
7/14/2015 12:52:38 PM;1199;10.2;10.2;7.8;7.9;
7/14/2015 12:52:39 PM;1200;10.2;10.2;7.8;7.9;
7/14/2015 12:52:40 PM;1201;10.2;10.2;7.8;7.9;
7/14/2015 12:52:41 PM;1202;10.2;10.2;7.8;7.9;
7/14/2015 12:52:42 PM;1203;10.2;10.2;7.8;7.9;
7/14/2015 12:52:43 PM;1204;10.3;10.2;7.8;7.9;
7/14/2015 12:52:44 PM;1205;10.3;10.2;7.8;7.9;
7/14/2015 12:52:45 PM;1206;10.3;10.2;7.8;7.9;
7/14/2015 12:52:46 PM;1207;10.3;10.2;7.8;7.9;
7/14/2015 12:52:47 PM;1208;10.2;10.2;7.8;7.9;
7/14/2015 12:52:48 PM;1209;10.2;10.2;7.8;7.9;
7/14/2015 12:52:49 PM;1210;10.2;10.2;7.8;7.9;
7/14/2015 12:52:50 PM;1211;10.2;10.2;7.8;7.9;
7/14/2015 12:52:51 PM;1212;10.2;10.2;7.8;7.9;
7/14/2015 12:52:52 PM;1213;10.2;10.2;7.8;7.9;
7/14/2015 12:52:53 PM;1214;10.2;10.2;7.8;7.9;
7/14/2015 12:52:54 PM;1215;10.2;10.2;7.8;7.9;
7/14/2015 12:52:55 PM;1216;10.3;10.2;7.8;7.9;
7/14/2015 12:52:56 PM;1217;10.3;10.2;7.8;7.9;
7/14/2015 12:52:57 PM;1218;10.3;10.2;7.8;7.9;
7/14/2015 12:52:58 PM;1219;10.3;10.2;7.8;7.9;
7/14/2015 12:52:59 PM;1220;10.3;10.2;7.8;7.9;
7/14/2015 12:53:00 PM;1221;10.3;10.2;7.8;7.9;
7/14/2015 12:53:01 PM;1222;10.3;10.2;7.8;7.9;
7/14/2015 12:53:02 PM;1223;10.3;10.2;7.8;7.9;
7/14/2015 12:53:03 PM;1224;10.3;10.2;7.8;7.9;
7/14/2015 12:53:04 PM;1225;10.3;10.2;7.8;7.9;
7/14/2015 12:53:05 PM;1226;10.2;10.2;7.8;7.9;
7/14/2015 12:53:06 PM;1227;10.2;10.2;7.8;7.9;
7/14/2015 12:53:07 PM;1228;10.2;10.2;7.8;7.9;
7/14/2015 12:53:08 PM;1229;10.2;10.2;7.8;7.9;
7/14/2015 12:53:09 PM;1230;10.2;10.2;7.8;7.9;
7/14/2015 12:53:10 PM;1231;10.3;10.2;7.8;7.9;
7/14/2015 12:53:11 PM;1232;10.3;10.2;7.8;7.9;
7/14/2015 12:53:12 PM;1233;10.3;10.2;7.8;7.9;
7/14/2015 12:53:13 PM;1234;10.2;10.2;7.8;7.9;
7/14/2015 12:53:14 PM;1235;10.2;10.2;7.8;7.9;
7/14/2015 12:53:15 PM;1236;10.2;10.2;7.8;7.9;
7/14/2015 12:53:16 PM;1237;10.2;10.2;7.8;7.9;
7/14/2015 12:53:17 PM;1238;10.2;10.2;7.8;7.9;
7/14/2015 12:53:18 PM;1239;10.2;10.2;7.8;7.9;
7/14/2015 12:53:19 PM;1240;10.2;10.2;7.8;7.9;
7/14/2015 12:53:20 PM;1241;10.2;10.2;7.8;7.9;
7/14/2015 12:53:21 PM;1242;10.2;10.2;7.8;7.9;
7/14/2015 12:53:22 PM;1243;10.2;10.2;7.8;7.9;
7/14/2015 12:53:23 PM;1244;10.2;10.2;7.8;7.9;
7/14/2015 12:53:24 PM;1245;10.2;10.2;7.8;7.9;
7/14/2015 12:53:25 PM;1246;10.2;10.2;7.8;7.9;
7/14/2015 12:53:26 PM;1247;10.2;10.2;7.8;7.9;
7/14/2015 12:53:27 PM;1248;10.2;10.2;7.8;7.9;
7/14/2015 12:53:28 PM;1249;10.3;10.2;7.8;7.9;
7/14/2015 12:53:29 PM;1250;10.2;10.2;7.8;7.9;
7/14/2015 12:53:30 PM;1251;10.2;10.2;7.8;7.9;
7/14/2015 12:53:31 PM;1252;10.2;10.2;7.8;7.9;
7/14/2015 12:53:32 PM;1253;10.2;10.2;7.8;7.9;
7/14/2015 12:53:33 PM;1254;10.2;10.2;7.8;7.9;
7/14/2015 12:53:34 PM;1255;10.3;10.2;7.8;7.9;
7/14/2015 12:53:35 PM;1256;10.3;10.2;7.8;7.9;
7/14/2015 12:53:36 PM;1257;10.2;10.2;7.8;7.9;
7/14/2015 12:53:37 PM;1258;10.2;10.2;7.8;7.9;
7/14/2015 12:53:38 PM;1259;10.2;10.2;7.8;7.9;
7/14/2015 12:53:39 PM;1260;10.2;10.2;7.8;7.9;
7/14/2015 12:53:40 PM;1261;10.2;10.2;7.8;7.9;
7/14/2015 12:53:41 PM;1262;10.3;10.2;7.8;7.9;
7/14/2015 12:53:42 PM;1263;10.3;10.2;7.8;7.9;
7/14/2015 12:53:43 PM;1264;10.3;10.2;7.8;7.9;
7/14/2015 12:53:44 PM;1265;10.2;10.2;7.8;7.9;
7/14/2015 12:53:45 PM;1266;10.2;10.2;7.8;7.9;
7/14/2015 12:53:46 PM;1267;10.2;10.2;7.8;7.9;
7/14/2015 12:53:47 PM;1268;10.1;10.2;7.8;7.9;
7/14/2015 12:53:48 PM;1269;10.1;10.2;7.8;7.9;
7/14/2015 12:53:49 PM;1270;10.2;10.2;7.8;7.9;
7/14/2015 12:53:50 PM;1271;10.2;10.2;7.8;7.9;
7/14/2015 12:53:51 PM;1272;10.2;10.2;7.8;7.9;
7/14/2015 12:53:52 PM;1273;10.3;10.2;7.8;7.9;
7/14/2015 12:53:53 PM;1274;10.2;10.2;7.8;7.9;
7/14/2015 12:53:54 PM;1275;10.2;10.2;7.8;7.9;
7/14/2015 12:53:55 PM;1276;10.2;10.2;7.8;7.9;
7/14/2015 12:53:56 PM;1277;10.2;10.2;7.8;7.9;
7/14/2015 12:53:57 PM;1278;10.2;10.2;7.8;7.9;
7/14/2015 12:53:58 PM;1279;10.3;10.2;7.8;7.9;
7/14/2015 12:53:59 PM;1280;10.3;10.2;7.8;7.9;
7/14/2015 12:54:00 PM;1281;10.3;10.2;7.8;7.9;
7/14/2015 12:54:01 PM;1282;10.3;10.2;7.8;7.9;
7/14/2015 12:54:02 PM;1283;10.3;10.2;7.8;7.9;
7/14/2015 12:54:03 PM;1284;10.3;10.2;7.8;7.9;
7/14/2015 12:54:04 PM;1285;10.3;10.2;7.8;7.9;
7/14/2015 12:54:05 PM;1286;10.3;10.2;7.8;7.9;
7/14/2015 12:54:06 PM;1287;10.3;10.2;7.8;7.9;
7/14/2015 12:54:07 PM;1288;10.3;10.2;7.8;7.9;
7/14/2015 12:54:08 PM;1289;10.2;10.2;7.8;7.9;
7/14/2015 12:54:09 PM;1290;10.2;10.2;7.8;7.9;
7/14/2015 12:54:10 PM;1291;10.2;10.2;7.8;7.9;
7/14/2015 12:54:11 PM;1292;10.2;10.2;7.8;7.9;
7/14/2015 12:54:12 PM;1293;10.2;10.2;7.8;7.9;
7/14/2015 12:54:13 PM;1294;10.2;10.2;7.8;7.9;
7/14/2015 12:54:14 PM;1295;10.3;10.2;7.8;7.9;
7/14/2015 12:54:15 PM;1296;10.3;10.2;7.8;7.9;
7/14/2015 12:54:16 PM;1297;10.3;10.2;7.8;7.9;
7/14/2015 12:54:17 PM;1298;10.3;10.2;7.8;7.9;
7/14/2015 12:54:18 PM;1299;10.3;10.2;7.8;7.9;
7/14/2015 12:54:19 PM;1300;10.3;10.2;7.8;7.9;
7/14/2015 12:54:20 PM;1301;10.3;10.2;7.8;7.9;
7/14/2015 12:54:21 PM;1302;10.3;10.2;7.8;7.9;
7/14/2015 12:54:22 PM;1303;10.3;10.2;7.8;7.9;
7/14/2015 12:54:23 PM;1304;10.3;10.2;7.8;7.9;
7/14/2015 12:54:24 PM;1305;10.3;10.2;7.8;7.9;
7/14/2015 12:54:25 PM;1306;10.3;10.2;7.8;7.9;
7/14/2015 12:54:26 PM;1307;10.2;10.2;7.8;7.9;
7/14/2015 12:54:27 PM;1308;10.2;10.2;7.8;7.9;
7/14/2015 12:54:28 PM;1309;10.2;10.2;7.8;7.9;
7/14/2015 12:54:29 PM;1310;10.2;10.2;7.8;7.9;
7/14/2015 12:54:30 PM;1311;10.2;10.2;7.8;7.9;
7/14/2015 12:54:31 PM;1312;10.2;10.2;7.8;7.9;
7/14/2015 12:54:32 PM;1313;10.2;10.2;7.8;7.9;
7/14/2015 12:54:33 PM;1314;10.2;10.2;7.8;7.9;
7/14/2015 12:54:34 PM;1315;10.2;10.2;7.8;7.9;
7/14/2015 12:54:35 PM;1316;10.2;10.2;7.8;7.9;
7/14/2015 12:54:36 PM;1317;10.2;10.2;7.8;7.9;
7/14/2015 12:54:37 PM;1318;10.2;10.2;7.8;7.9;
7/14/2015 12:54:38 PM;1319;10.2;10.2;7.8;7.9;
7/14/2015 12:54:39 PM;1320;10.2;10.2;7.8;7.9;
7/14/2015 12:54:40 PM;1321;10.2;10.2;7.8;7.9;
7/14/2015 12:54:41 PM;1322;10.2;10.2;7.8;7.9;
7/14/2015 12:54:42 PM;1323;10.2;10.2;7.8;7.9;
7/14/2015 12:54:43 PM;1324;10.3;10.2;7.8;7.9;
7/14/2015 12:54:44 PM;1325;10.3;10.2;7.8;7.9;
7/14/2015 12:54:45 PM;1326;10.3;10.2;7.8;7.9;
7/14/2015 12:54:46 PM;1327;10.3;10.2;7.8;7.9;
7/14/2015 12:54:47 PM;1328;10.3;10.2;7.8;7.9;
7/14/2015 12:54:48 PM;1329;10.3;10.2;7.8;7.9;
7/14/2015 12:54:49 PM;1330;10.3;10.2;7.8;7.9;
7/14/2015 12:54:50 PM;1331;10.3;10.2;7.8;7.9;
7/14/2015 12:54:51 PM;1332;10.3;10.2;7.8;7.9;
7/14/2015 12:54:52 PM;1333;10.3;10.2;7.8;7.9;
7/14/2015 12:54:53 PM;1334;10.3;10.2;7.8;7.9;
7/14/2015 12:54:54 PM;1335;10.3;10.2;7.8;7.9;
7/14/2015 12:54:55 PM;1336;10.3;10.2;7.8;7.9;
7/14/2015 12:54:56 PM;1337;10.2;10.2;7.8;7.9;
7/14/2015 12:54:57 PM;1338;10.2;10.2;7.8;7.9;
7/14/2015 12:54:58 PM;1339;10.2;10.2;7.8;7.9;
7/14/2015 12:54:59 PM;1340;10.2;10.2;7.8;7.9;
7/14/2015 12:55:00 PM;1341;10.2;10.2;7.8;7.9;
7/14/2015 12:55:01 PM;1342;10.2;10.2;7.8;7.9;
7/14/2015 12:55:02 PM;1343;10.2;10.2;7.8;7.9;
7/14/2015 12:55:03 PM;1344;10.2;10.2;7.8;7.9;
7/14/2015 12:55:04 PM;1345;10.2;10.2;7.8;7.9;
7/14/2015 12:55:05 PM;1346;10.2;10.2;7.8;7.9;
7/14/2015 12:55:06 PM;1347;10.2;10.2;7.8;7.9;
7/14/2015 12:55:07 PM;1348;10.2;10.2;7.8;7.9;
7/14/2015 12:55:08 PM;1349;10.2;10.2;7.8;7.9;
7/14/2015 12:55:09 PM;1350;10.2;10.2;7.8;7.9;
7/14/2015 12:55:10 PM;1351;10.3;10.2;7.8;7.9;
7/14/2015 12:55:11 PM;1352;10.3;10.2;7.8;7.9;
7/14/2015 12:55:12 PM;1353;10.2;10.2;7.8;7.9;
7/14/2015 12:55:13 PM;1354;10.2;10.2;7.8;7.9;
7/14/2015 12:55:14 PM;1355;10.2;10.2;7.8;7.9;
7/14/2015 12:55:15 PM;1356;10.2;10.2;7.8;7.9;
7/14/2015 12:55:16 PM;1357;10.2;10.2;7.8;7.9;
7/14/2015 12:55:17 PM;1358;10.2;10.2;7.8;7.9;
7/14/2015 12:55:18 PM;1359;10.2;10.2;7.8;7.9;
7/14/2015 12:55:19 PM;1360;10.2;10.2;7.8;7.9;
7/14/2015 12:55:20 PM;1361;10.2;10.2;7.8;7.9;
7/14/2015 12:55:21 PM;1362;10.2;10.2;7.8;7.9;
7/14/2015 12:55:22 PM;1363;10.2;10.2;7.8;7.9;
7/14/2015 12:55:23 PM;1364;10.2;10.2;7.8;7.9;
7/14/2015 12:55:24 PM;1365;10.2;10.2;7.8;7.9;
7/14/2015 12:55:25 PM;1366;10.3;10.2;7.8;7.9;
7/14/2015 12:55:26 PM;1367;10.3;10.2;7.8;7.9;
7/14/2015 12:55:27 PM;1368;10.3;10.2;7.8;7.9;
7/14/2015 12:55:28 PM;1369;10.3;10.2;7.8;7.9;
7/14/2015 12:55:29 PM;1370;10.3;10.2;7.8;7.9;
7/14/2015 12:55:30 PM;1371;10.3;10.2;7.8;7.9;
7/14/2015 12:55:31 PM;1372;10.3;10.2;7.8;7.9;
7/14/2015 12:55:32 PM;1373;10.3;10.2;7.8;7.9;
7/14/2015 12:55:33 PM;1374;10.2;10.2;7.8;7.9;
7/14/2015 12:55:34 PM;1375;10.2;10.2;7.8;7.9;
7/14/2015 12:55:35 PM;1376;10.2;10.2;7.8;7.9;
7/14/2015 12:55:36 PM;1377;10.2;10.2;7.8;7.9;
7/14/2015 12:55:37 PM;1378;10.2;10.2;7.8;7.9;
7/14/2015 12:55:38 PM;1379;10.2;10.2;7.8;7.9;
7/14/2015 12:55:39 PM;1380;10.2;10.2;7.8;7.9;
7/14/2015 12:55:40 PM;1381;10.3;10.2;7.8;7.9;
7/14/2015 12:55:41 PM;1382;10.3;10.2;7.8;7.9;
7/14/2015 12:55:42 PM;1383;10.3;10.2;7.8;7.9;
7/14/2015 12:55:43 PM;1384;10.3;10.2;7.8;7.9;
7/14/2015 12:55:44 PM;1385;10.3;10.2;7.8;7.9;
7/14/2015 12:55:45 PM;1386;10.3;10.2;7.8;7.9;
7/14/2015 12:55:46 PM;1387;10.3;10.2;7.8;7.9;
7/14/2015 12:55:47 PM;1388;10.3;10.2;7.8;7.9;
7/14/2015 12:55:48 PM;1389;10.2;10.2;7.8;7.9;
7/14/2015 12:55:49 PM;1390;10.2;10.2;7.8;7.9;
7/14/2015 12:55:50 PM;1391;10.2;10.2;7.8;7.9;
7/14/2015 12:55:51 PM;1392;10.2;10.2;7.8;7.9;
7/14/2015 12:55:52 PM;1393;10.2;10.2;7.8;7.9;
7/14/2015 12:55:53 PM;1394;10.2;10.2;7.8;7.9;
7/14/2015 12:55:54 PM;1395;10.2;10.2;7.8;7.9;
7/14/2015 12:55:55 PM;1396;10.2;10.2;7.8;7.9;
7/14/2015 12:55:56 PM;1397;10.2;10.2;7.8;7.9;
7/14/2015 12:55:57 PM;1398;10.2;10.2;7.8;7.9;
7/14/2015 12:55:58 PM;1399;10.3;10.2;7.8;7.9;
7/14/2015 12:55:59 PM;1400;10.3;10.2;7.8;7.9;
7/14/2015 12:56:00 PM;1401;10.3;10.2;7.8;7.9;
7/14/2015 12:56:01 PM;1402;10.3;10.2;7.8;7.9;
7/14/2015 12:56:02 PM;1403;10.3;10.2;7.8;7.9;
7/14/2015 12:56:03 PM;1404;10.3;10.2;7.8;7.9;
7/14/2015 12:56:04 PM;1405;10.3;10.2;7.8;7.9;
7/14/2015 12:56:05 PM;1406;10.3;10.2;7.8;7.9;
7/14/2015 12:56:06 PM;1407;10.3;10.2;7.8;7.9;
7/14/2015 12:56:07 PM;1408;10.3;10.2;7.8;7.9;
7/14/2015 12:56:08 PM;1409;10.3;10.2;7.8;7.9;
7/14/2015 12:56:09 PM;1410;10.3;10.2;7.8;7.9;
7/14/2015 12:56:10 PM;1411;10.3;10.2;7.8;7.9;
7/14/2015 12:56:11 PM;1412;10.3;10.2;7.8;7.9;
7/14/2015 12:56:12 PM;1413;10.3;10.2;7.8;7.9;
7/14/2015 12:56:13 PM;1414;10.3;10.2;7.8;7.9;
7/14/2015 12:56:14 PM;1415;10.3;10.2;7.8;7.9;
7/14/2015 12:56:15 PM;1416;10.3;10.2;7.8;7.9;
7/14/2015 12:56:16 PM;1417;10.3;10.2;7.8;7.9;
7/14/2015 12:56:17 PM;1418;10.3;10.2;7.8;7.9;
7/14/2015 12:56:18 PM;1419;10.3;10.2;7.8;7.9;
7/14/2015 12:56:19 PM;1420;10.3;10.2;7.8;7.9;
7/14/2015 12:56:20 PM;1421;10.3;10.2;7.8;7.9;
7/14/2015 12:56:21 PM;1422;10.3;10.2;7.8;7.9;
7/14/2015 12:56:22 PM;1423;10.3;10.2;7.8;7.9;
7/14/2015 12:56:23 PM;1424;10.3;10.2;7.8;7.9;
7/14/2015 12:56:24 PM;1425;10.3;10.2;7.8;7.9;
7/14/2015 12:56:25 PM;1426;10.3;10.2;7.8;7.9;
7/14/2015 12:56:26 PM;1427;10.3;10.2;7.8;7.9;
7/14/2015 12:56:27 PM;1428;10.3;10.2;7.8;7.9;
7/14/2015 12:56:28 PM;1429;10.3;10.2;7.8;7.9;
7/14/2015 12:56:29 PM;1430;10.3;10.2;7.8;7.9;
7/14/2015 12:56:30 PM;1431;10.3;10.2;7.8;7.9;
7/14/2015 12:56:31 PM;1432;10.3;10.2;7.8;7.9;
7/14/2015 12:56:32 PM;1433;10.3;10.2;7.8;7.9;
7/14/2015 12:56:33 PM;1434;10.3;10.2;7.8;7.9;
7/14/2015 12:56:34 PM;1435;10.3;10.2;7.8;7.9;
7/14/2015 12:56:35 PM;1436;10.3;10.2;7.8;7.9;
7/14/2015 12:56:36 PM;1437;10.3;10.2;7.8;7.9;
7/14/2015 12:56:37 PM;1438;10.3;10.2;7.8;7.9;
7/14/2015 12:56:38 PM;1439;10.3;10.2;7.8;7.9;
7/14/2015 12:56:39 PM;1440;10.3;10.2;7.8;7.9;
7/14/2015 12:56:40 PM;1441;10.3;10.2;7.8;7.9;
7/14/2015 12:56:41 PM;1442;10.3;10.2;7.8;7.9;
7/14/2015 12:56:42 PM;1443;10.3;10.2;7.8;7.9;
7/14/2015 12:56:43 PM;1444;10.3;10.2;7.8;7.9;
7/14/2015 12:56:44 PM;1445;10.3;10.2;7.8;7.9;
7/14/2015 12:56:45 PM;1446;10.3;10.2;7.8;7.9;
7/14/2015 12:56:46 PM;1447;10.3;10.2;7.8;7.9;
7/14/2015 12:56:47 PM;1448;10.2;10.2;7.8;7.9;
7/14/2015 12:56:48 PM;1449;10.2;10.2;7.8;7.9;
7/14/2015 12:56:49 PM;1450;10.2;10.2;7.8;7.9;
7/14/2015 12:56:50 PM;1451;10.2;10.2;7.8;7.9;
7/14/2015 12:56:51 PM;1452;10.2;10.2;7.8;7.9;
7/14/2015 12:56:52 PM;1453;10.2;10.2;7.8;7.9;
7/14/2015 12:56:53 PM;1454;10.2;10.2;7.8;7.9;
7/14/2015 12:56:54 PM;1455;10.2;10.2;7.8;7.9;
7/14/2015 12:56:55 PM;1456;10.3;10.2;7.8;7.9;
7/14/2015 12:56:56 PM;1457;10.3;10.2;7.8;7.9;
7/14/2015 12:56:57 PM;1458;10.3;10.2;7.8;7.9;
7/14/2015 12:56:58 PM;1459;10.3;10.2;7.8;7.9;
7/14/2015 12:56:59 PM;1460;10.3;10.2;7.8;7.9;
7/14/2015 12:57:00 PM;1461;10.3;10.2;7.8;7.9;
7/14/2015 12:57:01 PM;1462;10.3;10.2;7.8;7.9;
7/14/2015 12:57:02 PM;1463;10.3;10.2;7.8;7.9;
7/14/2015 12:57:03 PM;1464;10.2;10.2;7.8;7.9;
7/14/2015 12:57:04 PM;1465;10.2;10.2;7.8;7.9;
7/14/2015 12:57:05 PM;1466;10.2;10.2;7.8;7.9;
7/14/2015 12:57:06 PM;1467;10.2;10.2;7.8;7.9;
7/14/2015 12:57:07 PM;1468;10.2;10.2;7.8;7.9;
7/14/2015 12:57:08 PM;1469;10.2;10.2;7.8;7.9;
7/14/2015 12:57:09 PM;1470;10.2;10.2;7.8;7.9;
7/14/2015 12:57:10 PM;1471;10.2;10.2;7.8;7.9;
7/14/2015 12:57:11 PM;1472;10.2;10.2;7.8;7.9;
7/14/2015 12:57:12 PM;1473;10.2;10.2;7.8;7.9;
7/14/2015 12:57:13 PM;1474;10.2;10.2;7.8;7.9;
7/14/2015 12:57:14 PM;1475;10.2;10.2;7.8;7.9;
7/14/2015 12:57:15 PM;1476;10.2;10.2;7.8;7.9;
7/14/2015 12:57:16 PM;1477;10.3;10.2;7.8;7.9;
7/14/2015 12:57:17 PM;1478;10.3;10.2;7.8;7.9;
7/14/2015 12:57:18 PM;1479;10.3;10.2;7.8;7.9;
7/14/2015 12:57:19 PM;1480;10.3;10.2;7.8;7.9;
7/14/2015 12:57:20 PM;1481;10.3;10.2;7.8;7.9;
7/14/2015 12:57:21 PM;1482;10.3;10.2;7.8;7.9;
7/14/2015 12:57:22 PM;1483;10.3;10.2;7.8;7.9;
7/14/2015 12:57:23 PM;1484;10.2;10.2;7.8;7.9;
7/14/2015 12:57:24 PM;1485;10.2;10.2;7.8;7.9;
7/14/2015 12:57:25 PM;1486;10.2;10.2;7.8;7.9;
7/14/2015 12:57:26 PM;1487;10.2;10.2;7.8;7.9;
7/14/2015 12:57:27 PM;1488;10.2;10.2;7.8;7.9;
7/14/2015 12:57:28 PM;1489;10.3;10.2;7.8;7.9;
7/14/2015 12:57:29 PM;1490;10.3;10.2;7.8;7.9;
7/14/2015 12:57:30 PM;1491;10.3;10.2;7.8;7.9;
7/14/2015 12:57:31 PM;1492;10.3;10.2;7.8;7.9;
7/14/2015 12:57:32 PM;1493;10.2;10.2;7.8;7.9;
7/14/2015 12:57:33 PM;1494;10.2;10.2;7.8;7.9;
7/14/2015 12:57:34 PM;1495;10.2;10.2;7.8;7.9;
7/14/2015 12:57:35 PM;1496;10.2;10.2;7.8;7.9;
7/14/2015 12:57:36 PM;1497;10.2;10.2;7.8;7.9;
7/14/2015 12:57:37 PM;1498;10.2;10.2;7.8;7.9;
7/14/2015 12:57:38 PM;1499;10.2;10.2;7.8;7.9;
7/14/2015 12:57:39 PM;1500;10.2;10.2;7.8;7.9;
7/14/2015 12:57:40 PM;1501;10.3;10.2;7.8;7.9;
7/14/2015 12:57:41 PM;1502;10.3;10.2;7.8;7.9;
7/14/2015 12:57:42 PM;1503;10.3;10.2;7.8;7.9;
7/14/2015 12:57:43 PM;1504;10.3;10.2;7.8;7.9;
7/14/2015 12:57:44 PM;1505;10.3;10.2;7.8;7.9;
7/14/2015 12:57:45 PM;1506;10.3;10.2;7.8;7.9;
7/14/2015 12:57:46 PM;1507;10.3;10.2;7.8;7.9;
7/14/2015 12:57:47 PM;1508;10.3;10.2;7.8;7.9;
7/14/2015 12:57:48 PM;1509;10.3;10.2;7.8;7.9;
7/14/2015 12:57:49 PM;1510;10.3;10.2;7.8;7.9;
7/14/2015 12:57:50 PM;1511;10.2;10.2;7.8;7.9;
7/14/2015 12:57:51 PM;1512;10.2;10.2;7.8;7.9;
7/14/2015 12:57:52 PM;1513;10.2;10.2;7.8;7.9;
7/14/2015 12:57:53 PM;1514;10.1;10.2;7.8;7.9;
7/14/2015 12:57:54 PM;1515;10.1;10.2;7.8;7.9;
7/14/2015 12:57:55 PM;1516;10.2;10.2;7.8;7.9;
7/14/2015 12:57:56 PM;1517;10.2;10.2;7.8;7.9;
7/14/2015 12:57:57 PM;1518;10.2;10.2;7.8;7.9;
7/14/2015 12:57:58 PM;1519;10.3;10.2;7.8;7.9;
7/14/2015 12:57:59 PM;1520;10.3;10.2;7.8;7.9;
7/14/2015 12:58:00 PM;1521;10.3;10.2;7.8;7.9;
7/14/2015 12:58:01 PM;1522;10.3;10.2;7.8;7.9;
7/14/2015 12:58:02 PM;1523;10.2;10.2;7.8;7.9;
7/14/2015 12:58:03 PM;1524;10.2;10.2;7.8;7.9;
7/14/2015 12:58:04 PM;1525;10.2;10.2;7.8;7.9;
7/14/2015 12:58:05 PM;1526;10.2;10.2;7.8;7.9;
7/14/2015 12:58:06 PM;1527;10.2;10.2;7.8;7.9;
7/14/2015 12:58:07 PM;1528;10.2;10.2;7.8;7.9;
7/14/2015 12:58:08 PM;1529;10.2;10.2;7.8;7.9;
7/14/2015 12:58:09 PM;1530;10.2;10.2;7.8;7.9;
7/14/2015 12:58:10 PM;1531;10.2;10.2;7.8;7.9;
7/14/2015 12:58:11 PM;1532;10.2;10.2;7.8;7.9;
7/14/2015 12:58:12 PM;1533;10.2;10.2;7.8;7.9;
7/14/2015 12:58:13 PM;1534;10.2;10.2;7.8;7.9;
7/14/2015 12:58:14 PM;1535;10.1;10.2;7.8;7.9;
7/14/2015 12:58:15 PM;1536;10.2;10.2;7.8;7.9;
7/14/2015 12:58:16 PM;1537;10.2;10.2;7.8;7.9;
7/14/2015 12:58:17 PM;1538;10.2;10.2;7.8;7.9;
7/14/2015 12:58:18 PM;1539;10.2;10.2;7.8;7.9;
7/14/2015 12:58:19 PM;1540;10.3;10.2;7.8;7.9;
7/14/2015 12:58:20 PM;1541;10.3;10.2;7.8;7.9;
7/14/2015 12:58:21 PM;1542;10.3;10.2;7.8;7.9;
7/14/2015 12:58:22 PM;1543;10.3;10.2;7.8;7.9;
7/14/2015 12:58:23 PM;1544;10.3;10.2;7.8;7.9;
7/14/2015 12:58:24 PM;1545;10.3;10.2;7.8;7.9;
7/14/2015 12:58:25 PM;1546;10.3;10.2;7.8;7.9;
7/14/2015 12:58:26 PM;1547;10.3;10.2;7.8;7.9;
7/14/2015 12:58:27 PM;1548;10.2;10.2;7.8;7.9;
7/14/2015 12:58:28 PM;1549;10.2;10.2;7.8;7.9;
7/14/2015 12:58:29 PM;1550;10.2;10.2;7.8;7.9;
7/14/2015 12:58:30 PM;1551;10.2;10.2;7.8;7.9;
7/14/2015 12:58:31 PM;1552;10.2;10.2;7.8;7.9;
7/14/2015 12:58:32 PM;1553;10.2;10.2;7.8;7.9;
7/14/2015 12:58:33 PM;1554;10.2;10.2;7.8;7.9;
7/14/2015 12:58:34 PM;1555;10.3;10.2;7.8;7.9;
7/14/2015 12:58:35 PM;1556;10.3;10.2;7.8;7.9;
7/14/2015 12:58:36 PM;1557;10.3;10.2;7.8;7.9;
7/14/2015 12:58:37 PM;1558;10.3;10.2;7.8;7.9;
7/14/2015 12:58:38 PM;1559;10.2;10.2;7.8;7.9;
7/14/2015 12:58:39 PM;1560;10.2;10.2;7.8;7.9;
7/14/2015 12:58:40 PM;1561;10.2;10.2;7.8;7.9;
7/14/2015 12:58:41 PM;1562;10.2;10.2;7.8;7.9;
7/14/2015 12:58:42 PM;1563;10.2;10.2;7.8;7.9;
7/14/2015 12:58:43 PM;1564;10.3;10.2;7.8;7.9;
7/14/2015 12:58:44 PM;1565;10.3;10.2;7.8;7.9;
7/14/2015 12:58:45 PM;1566;10.3;10.2;7.8;7.9;
7/14/2015 12:58:46 PM;1567;10.3;10.2;7.8;7.9;
7/14/2015 12:58:47 PM;1568;10.3;10.2;7.8;7.9;
7/14/2015 12:58:48 PM;1569;10.3;10.2;7.8;7.9;
7/14/2015 12:58:49 PM;1570;10.3;10.2;7.8;7.9;
7/14/2015 12:58:50 PM;1571;10.3;10.2;7.8;7.9;
7/14/2015 12:58:51 PM;1572;10.3;10.2;7.8;7.9;
7/14/2015 12:58:52 PM;1573;10.3;10.2;7.8;7.9;
7/14/2015 12:58:53 PM;1574;10.3;10.2;7.8;7.9;
7/14/2015 12:58:54 PM;1575;10.3;10.2;7.8;7.9;
7/14/2015 12:58:55 PM;1576;10.3;10.2;7.8;7.9;
7/14/2015 12:58:56 PM;1577;10.3;10.2;7.8;7.9;
7/14/2015 12:58:57 PM;1578;10.3;10.2;7.8;7.9;
7/14/2015 12:58:58 PM;1579;10.3;10.2;7.8;7.9;
7/14/2015 12:58:59 PM;1580;10.3;10.2;7.8;7.9;
7/14/2015 12:59:00 PM;1581;10.3;10.2;7.8;7.9;
7/14/2015 12:59:01 PM;1582;10.3;10.2;7.8;7.9;
7/14/2015 12:59:02 PM;1583;10.3;10.2;7.8;7.9;
7/14/2015 12:59:03 PM;1584;10.3;10.2;7.8;7.9;
7/14/2015 12:59:04 PM;1585;10.3;10.2;7.8;7.9;
7/14/2015 12:59:05 PM;1586;10.3;10.2;7.8;7.9;
7/14/2015 12:59:06 PM;1587;10.3;10.2;7.8;7.9;
7/14/2015 12:59:07 PM;1588;10.3;10.2;7.8;7.9;
7/14/2015 12:59:08 PM;1589;10.3;10.2;7.8;7.9;
7/14/2015 12:59:09 PM;1590;10.3;10.2;7.8;7.9;
7/14/2015 12:59:10 PM;1591;10.3;10.2;7.8;7.9;
7/14/2015 12:59:11 PM;1592;10.2;10.2;7.8;7.9;
7/14/2015 12:59:12 PM;1593;10.2;10.2;7.8;7.9;
7/14/2015 12:59:13 PM;1594;10.2;10.2;7.8;7.9;
7/14/2015 12:59:14 PM;1595;10.2;10.2;7.8;7.9;
7/14/2015 12:59:15 PM;1596;10.2;10.2;7.8;7.9;
7/14/2015 12:59:16 PM;1597;10.3;10.2;7.8;7.9;
7/14/2015 12:59:17 PM;1598;10.3;10.2;7.8;7.9;
7/14/2015 12:59:18 PM;1599;10.3;10.2;7.8;7.9;
7/14/2015 12:59:19 PM;1600;10.3;10.2;7.8;7.9;
7/14/2015 12:59:20 PM;1601;10.3;10.2;7.8;7.9;
7/14/2015 12:59:21 PM;1602;10.3;10.2;7.8;7.9;
7/14/2015 12:59:22 PM;1603;10.3;10.2;7.8;7.9;
7/14/2015 12:59:23 PM;1604;10.3;10.2;7.8;7.9;
7/14/2015 12:59:24 PM;1605;10.3;10.2;7.8;7.9;
7/14/2015 12:59:25 PM;1606;10.3;10.2;7.8;7.9;
7/14/2015 12:59:26 PM;1607;10.2;10.2;7.8;7.9;
7/14/2015 12:59:27 PM;1608;10.2;10.2;7.8;7.9;
7/14/2015 12:59:28 PM;1609;10.2;10.2;7.8;7.9;
7/14/2015 12:59:29 PM;1610;10.2;10.2;7.8;7.9;
7/14/2015 12:59:30 PM;1611;10.2;10.2;7.8;7.9;
7/14/2015 12:59:31 PM;1612;10.3;10.2;7.8;7.9;
7/14/2015 12:59:32 PM;1613;10.2;10.2;7.8;7.9;
7/14/2015 12:59:33 PM;1614;10.2;10.2;7.8;7.9;
7/14/2015 12:59:34 PM;1615;10.2;10.2;7.8;7.9;
7/14/2015 12:59:35 PM;1616;10.2;10.2;7.8;7.9;
7/14/2015 12:59:36 PM;1617;10.2;10.2;7.8;7.9;
7/14/2015 12:59:37 PM;1618;10.2;10.2;7.8;7.9;
7/14/2015 12:59:38 PM;1619;10.2;10.2;7.8;7.9;
7/14/2015 12:59:39 PM;1620;10.2;10.2;7.8;7.9;
7/14/2015 12:59:40 PM;1621;10.3;10.2;7.8;7.9;
7/14/2015 12:59:41 PM;1622;10.2;10.2;7.8;7.9;
7/14/2015 12:59:42 PM;1623;10.2;10.2;7.8;7.9;
7/14/2015 12:59:43 PM;1624;10.2;10.2;7.8;7.9;
7/14/2015 12:59:44 PM;1625;10.2;10.2;7.8;7.9;
7/14/2015 12:59:45 PM;1626;10.2;10.2;7.8;7.9;
7/14/2015 12:59:46 PM;1627;10.3;10.2;7.8;7.9;
7/14/2015 12:59:47 PM;1628;10.2;10.2;7.8;7.9;
7/14/2015 12:59:48 PM;1629;10.2;10.2;7.8;7.9;
7/14/2015 12:59:49 PM;1630;10.2;10.2;7.8;7.9;
7/14/2015 12:59:50 PM;1631;10.2;10.2;7.8;7.9;
7/14/2015 12:59:51 PM;1632;10.2;10.2;7.8;7.9;
7/14/2015 12:59:52 PM;1633;10.3;10.2;7.8;7.9;
7/14/2015 12:59:53 PM;1634;10.3;10.2;7.8;7.9;
7/14/2015 12:59:54 PM;1635;10.3;10.2;7.8;7.9;
7/14/2015 12:59:55 PM;1636;10.3;10.2;7.8;7.9;
7/14/2015 12:59:56 PM;1637;10.3;10.2;7.8;7.9;
7/14/2015 12:59:57 PM;1638;10.3;10.2;7.8;7.9;
7/14/2015 12:59:58 PM;1639;10.3;10.2;7.8;7.9;
7/14/2015 12:59:59 PM;1640;10.2;10.2;7.8;7.9;
7/14/2015 1:00:00 PM;1641;10.2;10.2;7.8;7.9;
7/14/2015 1:00:01 PM;1642;10.2;10.2;7.8;7.9;
7/14/2015 1:00:02 PM;1643;10.2;10.2;7.8;7.9;
7/14/2015 1:00:03 PM;1644;10.2;10.2;7.8;7.9;
7/14/2015 1:00:04 PM;1645;10.3;10.2;7.8;7.9;
7/14/2015 1:00:05 PM;1646;10.3;10.2;7.8;7.9;
7/14/2015 1:00:06 PM;1647;10.3;10.2;7.8;7.9;
7/14/2015 1:00:07 PM;1648;10.3;10.2;7.8;7.9;
7/14/2015 1:00:08 PM;1649;10.2;10.2;7.8;7.9;
7/14/2015 1:00:09 PM;1650;10.2;10.2;7.8;7.9;
7/14/2015 1:00:10 PM;1651;10.2;10.2;7.8;7.9;
7/14/2015 1:00:11 PM;1652;10.2;10.2;7.8;7.9;
7/14/2015 1:00:12 PM;1653;10.2;10.2;7.8;7.9;
7/14/2015 1:00:13 PM;1654;10.3;10.2;7.8;7.9;
7/14/2015 1:00:14 PM;1655;10.3;10.2;7.8;7.9;
7/14/2015 1:00:15 PM;1656;10.3;10.2;7.8;7.9;
7/14/2015 1:00:16 PM;1657;10.3;10.2;7.8;7.9;
7/14/2015 1:00:17 PM;1658;10.3;10.2;7.8;7.9;
7/14/2015 1:00:18 PM;1659;10.3;10.2;7.8;7.9;
7/14/2015 1:00:19 PM;1660;10.3;10.2;7.8;7.9;
7/14/2015 1:00:20 PM;1661;10.3;10.2;7.8;7.9;
7/14/2015 1:00:21 PM;1662;10.3;10.2;7.8;7.9;
7/14/2015 1:00:22 PM;1663;10.3;10.2;7.8;7.9;
7/14/2015 1:00:23 PM;1664;10.3;10.2;7.8;7.9;
7/14/2015 1:00:24 PM;1665;10.3;10.2;7.8;7.9;
7/14/2015 1:00:25 PM;1666;10.3;10.2;7.8;7.9;
7/14/2015 1:00:26 PM;1667;10.3;10.2;7.8;7.9;
7/14/2015 1:00:27 PM;1668;10.3;10.2;7.8;7.9;
7/14/2015 1:00:28 PM;1669;10.3;10.2;7.8;7.9;
7/14/2015 1:00:29 PM;1670;10.3;10.2;7.8;7.9;
7/14/2015 1:00:30 PM;1671;10.3;10.2;7.8;7.9;
7/14/2015 1:00:31 PM;1672;10.3;10.2;7.8;7.9;
7/14/2015 1:00:32 PM;1673;10.3;10.2;7.8;7.9;
7/14/2015 1:00:33 PM;1674;10.3;10.2;7.8;7.9;
7/14/2015 1:00:34 PM;1675;10.3;10.2;7.8;7.9;
7/14/2015 1:00:35 PM;1676;10.3;10.2;7.8;7.9;
7/14/2015 1:00:36 PM;1677;10.3;10.2;7.8;7.9;
7/14/2015 1:00:37 PM;1678;10.3;10.2;7.8;7.9;
7/14/2015 1:00:38 PM;1679;10.3;10.2;7.8;7.9;
7/14/2015 1:00:39 PM;1680;10.3;10.2;7.8;7.9;
7/14/2015 1:00:40 PM;1681;10.3;10.2;7.8;7.9;
7/14/2015 1:00:41 PM;1682;10.3;10.2;7.8;7.9;
7/14/2015 1:00:42 PM;1683;10.3;10.2;7.8;7.9;
7/14/2015 1:00:43 PM;1684;10.3;10.2;7.8;7.9;
7/14/2015 1:00:44 PM;1685;10.3;10.2;7.8;7.9;
7/14/2015 1:00:45 PM;1686;10.3;10.2;7.8;7.9;
7/14/2015 1:00:46 PM;1687;10.3;10.2;7.8;7.9;
7/14/2015 1:00:47 PM;1688;10.3;10.2;7.8;7.9;
7/14/2015 1:00:48 PM;1689;10.3;10.2;7.8;7.9;
7/14/2015 1:00:49 PM;1690;10.3;10.2;7.8;7.9;
7/14/2015 1:00:50 PM;1691;10.3;10.2;7.8;7.9;
7/14/2015 1:00:51 PM;1692;10.3;10.2;7.8;7.9;
7/14/2015 1:00:52 PM;1693;10.3;10.2;7.8;7.9;
7/14/2015 1:00:53 PM;1694;10.3;10.2;7.8;7.9;
7/14/2015 1:00:54 PM;1695;10.3;10.2;7.8;7.9;
7/14/2015 1:00:55 PM;1696;10.3;10.2;7.8;7.9;
7/14/2015 1:00:56 PM;1697;10.3;10.2;7.8;7.9;
7/14/2015 1:00:57 PM;1698;10.3;10.2;7.8;7.9;
7/14/2015 1:00:58 PM;1699;10.3;10.2;7.8;7.9;
7/14/2015 1:00:59 PM;1700;10.3;10.2;7.8;7.9;
7/14/2015 1:01:00 PM;1701;10.3;10.2;7.8;7.9;
7/14/2015 1:01:01 PM;1702;10.3;10.2;7.8;7.9;
7/14/2015 1:01:02 PM;1703;10.3;10.2;7.8;7.9;
7/14/2015 1:01:03 PM;1704;10.3;10.2;7.8;7.9;
7/14/2015 1:01:04 PM;1705;10.3;10.2;7.8;7.9;
7/14/2015 1:01:05 PM;1706;10.3;10.2;7.8;7.9;
7/14/2015 1:01:06 PM;1707;10.3;10.2;7.8;7.9;
7/14/2015 1:01:07 PM;1708;10.3;10.2;7.8;7.9;
7/14/2015 1:01:08 PM;1709;10.3;10.2;7.8;7.9;
7/14/2015 1:01:09 PM;1710;10.3;10.2;7.8;7.9;
7/14/2015 1:01:10 PM;1711;10.3;10.2;7.8;7.9;
7/14/2015 1:01:11 PM;1712;10.3;10.2;7.8;7.9;
7/14/2015 1:01:12 PM;1713;10.3;10.2;7.8;7.9;
7/14/2015 1:01:13 PM;1714;10.3;10.2;7.8;7.9;
7/14/2015 1:01:14 PM;1715;10.3;10.2;7.8;7.9;
7/14/2015 1:01:15 PM;1716;10.3;10.2;7.8;7.9;
7/14/2015 1:01:16 PM;1717;10.3;10.2;7.8;7.9;
7/14/2015 1:01:17 PM;1718;10.3;10.2;7.8;7.9;
7/14/2015 1:01:18 PM;1719;10.3;10.2;7.8;7.9;
7/14/2015 1:01:19 PM;1720;10.3;10.2;7.8;7.9;
7/14/2015 1:01:20 PM;1721;10.3;10.2;7.8;7.9;
7/14/2015 1:01:21 PM;1722;10.3;10.2;7.8;7.9;
7/14/2015 1:01:22 PM;1723;10.3;10.2;7.8;7.9;
7/14/2015 1:01:23 PM;1724;10.3;10.2;7.8;7.9;
7/14/2015 1:01:24 PM;1725;10.3;10.2;7.8;7.9;
7/14/2015 1:01:25 PM;1726;10.3;10.2;7.8;7.9;
7/14/2015 1:01:26 PM;1727;10.3;10.2;7.8;7.9;
7/14/2015 1:01:27 PM;1728;10.3;10.2;7.8;7.9;
7/14/2015 1:01:28 PM;1729;10.3;10.2;7.8;7.9;
7/14/2015 1:01:29 PM;1730;10.3;10.2;7.8;7.9;
7/14/2015 1:01:30 PM;1731;10.3;10.2;7.8;7.9;
7/14/2015 1:01:31 PM;1732;10.3;10.2;7.8;7.9;
7/14/2015 1:01:32 PM;1733;10.3;10.2;7.8;7.9;
7/14/2015 1:01:33 PM;1734;10.2;10.2;7.8;7.9;
7/14/2015 1:01:34 PM;1735;10.2;10.2;7.8;7.9;
7/14/2015 1:01:35 PM;1736;10.2;10.2;7.8;7.9;
7/14/2015 1:01:36 PM;1737;10.2;10.2;7.8;7.9;
7/14/2015 1:01:37 PM;1738;10.2;10.2;7.8;7.9;
7/14/2015 1:01:38 PM;1739;10.3;10.2;7.8;7.9;
7/14/2015 1:01:39 PM;1740;10.3;10.2;7.8;7.9;
7/14/2015 1:01:40 PM;1741;10.3;10.2;7.8;7.9;
7/14/2015 1:01:41 PM;1742;10.3;10.2;7.8;7.9;
7/14/2015 1:01:42 PM;1743;10.3;10.2;7.8;7.9;
7/14/2015 1:01:43 PM;1744;10.3;10.2;7.8;7.9;
7/14/2015 1:01:44 PM;1745;10.3;10.2;7.8;7.9;
7/14/2015 1:01:45 PM;1746;10.3;10.2;7.8;7.9;
7/14/2015 1:01:46 PM;1747;10.3;10.2;7.8;7.9;
7/14/2015 1:01:47 PM;1748;10.3;10.2;7.8;7.9;
7/14/2015 1:01:48 PM;1749;10.3;10.2;7.8;7.9;
7/14/2015 1:01:49 PM;1750;10.3;10.2;7.8;7.9;
7/14/2015 1:01:50 PM;1751;10.3;10.2;7.8;7.9;
7/14/2015 1:01:51 PM;1752;10.3;10.2;7.8;7.9;
7/14/2015 1:01:52 PM;1753;10.3;10.2;7.8;7.9;
7/14/2015 1:01:53 PM;1754;10.2;10.2;7.8;7.9;
7/14/2015 1:01:54 PM;1755;10.2;10.2;7.8;7.9;
7/14/2015 1:01:55 PM;1756;10.2;10.2;7.8;7.9;
7/14/2015 1:01:56 PM;1757;10.2;10.2;7.8;7.9;
7/14/2015 1:01:57 PM;1758;10.2;10.2;7.8;7.9;
7/14/2015 1:01:58 PM;1759;10.2;10.2;7.8;7.9;
7/14/2015 1:01:59 PM;1760;10.3;10.2;7.8;7.9;
7/14/2015 1:02:00 PM;1761;10.3;10.2;7.8;7.9;
7/14/2015 1:02:01 PM;1762;10.2;10.2;7.8;7.9;
7/14/2015 1:02:02 PM;1763;10.2;10.2;7.8;7.9;
7/14/2015 1:02:03 PM;1764;10.2;10.2;7.8;7.9;
7/14/2015 1:02:04 PM;1765;10.2;10.2;7.8;7.9;
7/14/2015 1:02:05 PM;1766;10.2;10.2;7.8;7.9;
7/14/2015 1:02:06 PM;1767;10.3;10.2;7.8;7.9;
7/14/2015 1:02:07 PM;1768;10.3;10.2;7.8;7.9;
7/14/2015 1:02:08 PM;1769;10.3;10.2;7.8;7.9;
7/14/2015 1:02:09 PM;1770;10.3;10.2;7.8;7.9;
7/14/2015 1:02:10 PM;1771;10.3;10.2;7.8;7.9;
7/14/2015 1:02:11 PM;1772;10.3;10.2;7.8;7.9;
7/14/2015 1:02:12 PM;1773;10.3;10.2;7.8;7.9;
7/14/2015 1:02:13 PM;1774;10.3;10.2;7.8;7.9;
7/14/2015 1:02:14 PM;1775;10.3;10.2;7.8;7.9;
7/14/2015 1:02:15 PM;1776;10.3;10.2;7.8;7.9;
7/14/2015 1:02:16 PM;1777;10.3;10.2;7.8;7.9;
7/14/2015 1:02:17 PM;1778;10.3;10.2;7.8;7.9;
7/14/2015 1:02:18 PM;1779;10.3;10.2;7.8;7.9;
7/14/2015 1:02:19 PM;1780;10.3;10.2;7.8;7.9;
7/14/2015 1:02:20 PM;1781;10.3;10.2;7.8;7.9;
7/14/2015 1:02:21 PM;1782;10.3;10.2;7.8;7.9;
7/14/2015 1:02:22 PM;1783;10.3;10.2;7.8;7.9;
7/14/2015 1:02:23 PM;1784;10.3;10.2;7.8;7.9;
7/14/2015 1:02:24 PM;1785;10.3;10.2;7.8;7.9;
7/14/2015 1:02:25 PM;1786;10.3;10.2;7.8;7.9;
7/14/2015 1:02:26 PM;1787;10.3;10.2;7.8;7.9;
7/14/2015 1:02:27 PM;1788;10.3;10.2;7.8;7.9;
7/14/2015 1:02:28 PM;1789;10.3;10.2;7.8;7.9;
7/14/2015 1:02:29 PM;1790;10.2;10.2;7.8;7.9;
7/14/2015 1:02:30 PM;1791;10.2;10.2;7.8;7.9;
7/14/2015 1:02:31 PM;1792;10.2;10.2;7.8;7.9;
7/14/2015 1:02:32 PM;1793;10.2;10.2;7.8;7.9;
7/14/2015 1:02:33 PM;1794;10.2;10.2;7.8;7.9;
7/14/2015 1:02:34 PM;1795;10.3;10.2;7.8;7.9;
7/14/2015 1:02:35 PM;1796;10.3;10.2;7.8;7.9;
7/14/2015 1:02:36 PM;1797;10.3;10.2;7.8;7.9;
7/14/2015 1:02:37 PM;1798;10.3;10.2;7.8;7.9;
7/14/2015 1:02:38 PM;1799;10.3;10.2;7.8;7.9;
7/14/2015 1:02:39 PM;1800;10.3;10.2;7.8;7.9;
7/14/2015 1:02:40 PM;1801;10.3;10.2;7.8;7.9;
7/14/2015 1:02:41 PM;1802;10.3;10.2;7.8;7.9;
7/14/2015 1:02:42 PM;1803;10.3;10.2;7.8;7.9;
7/14/2015 1:02:43 PM;1804;10.3;10.2;7.8;7.9;
7/14/2015 1:02:44 PM;1805;10.3;10.2;7.8;7.9;
7/14/2015 1:02:45 PM;1806;10.3;10.2;7.8;7.9;
7/14/2015 1:02:46 PM;1807;10.3;10.2;7.8;7.9;
7/14/2015 1:02:47 PM;1808;10.2;10.2;7.8;7.9;
7/14/2015 1:02:48 PM;1809;10.2;10.2;7.8;7.9;
7/14/2015 1:02:49 PM;1810;10.2;10.2;7.8;7.9;
7/14/2015 1:02:50 PM;1811;10.2;10.2;7.8;7.9;
7/14/2015 1:02:51 PM;1812;10.2;10.2;7.8;7.9;
7/14/2015 1:02:52 PM;1813;10.3;10.2;7.8;7.9;
7/14/2015 1:02:53 PM;1814;10.3;10.2;7.8;7.9;
7/14/2015 1:02:54 PM;1815;10.3;10.2;7.8;7.9;
7/14/2015 1:02:55 PM;1816;10.3;10.2;7.8;7.9;
7/14/2015 1:02:56 PM;1817;10.3;10.2;7.8;7.9;
7/14/2015 1:02:57 PM;1818;10.3;10.2;7.8;7.9;
7/14/2015 1:02:58 PM;1819;10.3;10.2;7.8;7.9;
7/14/2015 1:02:59 PM;1820;10.3;10.2;7.8;7.9;
7/14/2015 1:03:00 PM;1821;10.3;10.2;7.8;7.9;
7/14/2015 1:03:01 PM;1822;10.3;10.2;7.8;7.9;
7/14/2015 1:03:02 PM;1823;10.3;10.2;7.8;7.9;
7/14/2015 1:03:03 PM;1824;10.3;10.2;7.8;7.9;
7/14/2015 1:03:04 PM;1825;10.3;10.2;7.8;7.9;
7/14/2015 1:03:05 PM;1826;10.3;10.2;7.8;7.9;
7/14/2015 1:03:06 PM;1827;10.3;10.2;7.8;7.9;
7/14/2015 1:03:07 PM;1828;10.3;10.2;7.8;7.9;
7/14/2015 1:03:08 PM;1829;10.3;10.2;7.8;7.9;
7/14/2015 1:03:09 PM;1830;10.3;10.2;7.8;7.9;
7/14/2015 1:03:10 PM;1831;10.3;10.2;7.8;7.9;
7/14/2015 1:03:11 PM;1832;10.3;10.2;7.8;7.9;
7/14/2015 1:03:12 PM;1833;10.3;10.2;7.8;7.9;
7/14/2015 1:03:13 PM;1834;10.3;10.2;7.8;7.9;
7/14/2015 1:03:14 PM;1835;10.3;10.2;7.8;7.9;
7/14/2015 1:03:15 PM;1836;10.3;10.2;7.8;7.9;
7/14/2015 1:03:16 PM;1837;10.3;10.2;7.8;7.9;
7/14/2015 1:03:17 PM;1838;10.3;10.2;7.8;7.9;
7/14/2015 1:03:18 PM;1839;10.3;10.2;7.8;7.9;
7/14/2015 1:03:19 PM;1840;10.3;10.2;7.8;7.9;
7/14/2015 1:03:20 PM;1841;10.3;10.2;7.8;7.9;
7/14/2015 1:03:21 PM;1842;10.3;10.2;7.8;7.9;
7/14/2015 1:03:22 PM;1843;10.3;10.2;7.8;7.9;
7/14/2015 1:03:23 PM;1844;10.3;10.2;7.8;7.9;
7/14/2015 1:03:24 PM;1845;10.3;10.2;7.8;7.9;
7/14/2015 1:03:25 PM;1846;10.3;10.2;7.8;7.9;
7/14/2015 1:03:26 PM;1847;10.3;10.2;7.8;7.9;
7/14/2015 1:03:27 PM;1848;10.3;10.2;7.8;7.9;
7/14/2015 1:03:28 PM;1849;10.3;10.2;7.8;7.9;
7/14/2015 1:03:29 PM;1850;10.3;10.2;7.8;7.9;
7/14/2015 1:03:30 PM;1851;10.3;10.2;7.8;7.9;
7/14/2015 1:03:31 PM;1852;10.3;10.2;7.8;7.9;
7/14/2015 1:03:32 PM;1853;10.2;10.2;7.8;7.9;
7/14/2015 1:03:33 PM;1854;10.2;10.2;7.8;7.9;
7/14/2015 1:03:34 PM;1855;10.2;10.2;7.8;7.9;
7/14/2015 1:03:35 PM;1856;10.2;10.2;7.8;7.9;
7/14/2015 1:03:36 PM;1857;10.2;10.2;7.8;7.9;
7/14/2015 1:03:37 PM;1858;10.3;10.2;7.8;7.9;
7/14/2015 1:03:38 PM;1859;10.3;10.2;7.8;7.9;
7/14/2015 1:03:39 PM;1860;10.3;10.2;7.8;7.9;
7/14/2015 1:03:40 PM;1861;10.3;10.2;7.8;7.9;
7/14/2015 1:03:41 PM;1862;10.3;10.2;7.8;7.9;
7/14/2015 1:03:42 PM;1863;10.3;10.2;7.8;7.9;
7/14/2015 1:03:43 PM;1864;10.3;10.2;7.8;7.9;
7/14/2015 1:03:44 PM;1865;10.3;10.2;7.8;7.9;
7/14/2015 1:03:45 PM;1866;10.3;10.2;7.8;7.9;
7/14/2015 1:03:46 PM;1867;10.3;10.2;7.8;7.9;
7/14/2015 1:03:47 PM;1868;10.3;10.2;7.8;7.9;
7/14/2015 1:03:48 PM;1869;10.3;10.2;7.8;7.9;
7/14/2015 1:03:49 PM;1870;10.3;10.2;7.8;7.9;
7/14/2015 1:03:50 PM;1871;10.3;10.2;7.8;7.9;
7/14/2015 1:03:51 PM;1872;10.3;10.2;7.8;7.9;
7/14/2015 1:03:52 PM;1873;10.3;10.2;7.8;7.9;
7/14/2015 1:03:53 PM;1874;10.3;10.2;7.8;7.9;
7/14/2015 1:03:54 PM;1875;10.3;10.2;7.8;7.9;
7/14/2015 1:03:55 PM;1876;10.3;10.2;7.8;7.9;
7/14/2015 1:03:56 PM;1877;10.3;10.2;7.8;7.9;
7/14/2015 1:03:57 PM;1878;10.3;10.2;7.8;7.9;
7/14/2015 1:03:58 PM;1879;10.3;10.2;7.8;7.9;
7/14/2015 1:03:59 PM;1880;10.3;10.2;7.8;7.9;
7/14/2015 1:04:00 PM;1881;10.3;10.2;7.8;7.9;
7/14/2015 1:04:01 PM;1882;10.3;10.2;7.8;7.9;
7/14/2015 1:04:02 PM;1883;10.3;10.2;7.8;7.9;
7/14/2015 1:04:03 PM;1884;10.3;10.2;7.8;7.9;
7/14/2015 1:04:04 PM;1885;10.3;10.2;7.8;7.9;
7/14/2015 1:04:05 PM;1886;10.3;10.2;7.8;7.9;
7/14/2015 1:04:06 PM;1887;10.3;10.2;7.8;7.9;
7/14/2015 1:04:07 PM;1888;10.3;10.2;7.8;7.9;
7/14/2015 1:04:08 PM;1889;10.3;10.2;7.8;7.9;
7/14/2015 1:04:09 PM;1890;10.3;10.2;7.8;7.9;
7/14/2015 1:04:10 PM;1891;10.3;10.2;7.8;7.9;
7/14/2015 1:04:11 PM;1892;10.3;10.2;7.8;7.9;
7/14/2015 1:04:12 PM;1893;10.3;10.2;7.8;7.9;
7/14/2015 1:04:13 PM;1894;10.3;10.2;7.8;7.9;
7/14/2015 1:04:14 PM;1895;10.3;10.2;7.8;7.9;
7/14/2015 1:04:15 PM;1896;10.3;10.2;7.8;7.9;
7/14/2015 1:04:16 PM;1897;10.3;10.2;7.8;7.9;
7/14/2015 1:04:17 PM;1898;10.3;10.2;7.8;7.9;
7/14/2015 1:04:18 PM;1899;10.3;10.2;7.8;7.9;
7/14/2015 1:04:19 PM;1900;10.3;10.2;7.8;7.9;
7/14/2015 1:04:20 PM;1901;10.3;10.2;7.8;7.9;
7/14/2015 1:04:21 PM;1902;10.3;10.2;7.8;7.9;
7/14/2015 1:04:22 PM;1903;10.3;10.2;7.8;7.9;
7/14/2015 1:04:23 PM;1904;10.3;10.2;7.8;7.9;
7/14/2015 1:04:24 PM;1905;10.3;10.2;7.8;7.9;
7/14/2015 1:04:25 PM;1906;10.3;10.2;7.8;7.9;
7/14/2015 1:04:26 PM;1907;10.3;10.2;7.8;7.9;
7/14/2015 1:04:27 PM;1908;10.3;10.2;7.8;7.9;
7/14/2015 1:04:28 PM;1909;10.4;10.2;7.8;7.9;
7/14/2015 1:04:29 PM;1910;10.4;10.2;7.8;7.9;
7/14/2015 1:04:30 PM;1911;10.4;10.2;7.8;7.9;
7/14/2015 1:04:31 PM;1912;10.4;10.2;7.8;7.9;
7/14/2015 1:04:32 PM;1913;10.4;10.2;7.8;7.9;
7/14/2015 1:04:33 PM;1914;10.4;10.2;7.8;7.9;
7/14/2015 1:04:34 PM;1915;10.5;10.2;7.8;7.9;
7/14/2015 1:04:35 PM;1916;10.6;10.2;7.8;7.9;
7/14/2015 1:04:36 PM;1917;10.7;10.2;7.8;7.9;
7/14/2015 1:04:37 PM;1918;10.7;10.2;7.8;7.9;
7/14/2015 1:04:38 PM;1919;10.7;10.2;7.8;7.9;
7/14/2015 1:04:39 PM;1920;10.7;10.2;7.8;7.9;
7/14/2015 1:04:40 PM;1921;10.7;10.2;7.8;7.9;
7/14/2015 1:04:41 PM;1922;11.0;10.2;7.8;7.9;
7/14/2015 1:04:42 PM;1923;11.3;10.2;7.8;7.9;
7/14/2015 1:04:43 PM;1924;11.4;10.3;7.8;7.9;
7/14/2015 1:04:44 PM;1925;11.7;10.3;7.8;7.9;
7/14/2015 1:04:45 PM;1926;11.8;10.4;7.8;7.9;
7/14/2015 1:04:46 PM;1927;11.8;10.4;7.8;7.9;
7/14/2015 1:04:47 PM;1928;11.9;10.4;7.8;7.9;
7/14/2015 1:04:48 PM;1929;12.3;10.4;7.8;7.9;
7/14/2015 1:04:49 PM;1930;12.5;10.4;7.8;7.9;
7/14/2015 1:04:50 PM;1931;12.8;10.4;7.8;7.9;
7/14/2015 1:04:51 PM;1932;12.9;10.4;7.8;7.9;
7/14/2015 1:04:52 PM;1933;13.3;10.4;7.8;7.9;
7/14/2015 1:04:53 PM;1934;13.5;10.4;7.8;7.9;
7/14/2015 1:04:54 PM;1935;13.5;10.4;7.8;7.9;
7/14/2015 1:04:55 PM;1936;13.4;10.4;7.8;7.9;
7/14/2015 1:04:56 PM;1937;13.4;10.4;7.8;7.9;
7/14/2015 1:04:57 PM;1938;13.9;10.4;7.8;7.9;
7/14/2015 1:04:58 PM;1939;14.2;10.4;7.8;7.9;
7/14/2015 1:04:59 PM;1940;14.5;10.5;7.8;7.9;
7/14/2015 1:05:00 PM;1941;14.9;10.5;7.8;7.9;
7/14/2015 1:05:01 PM;1942;15.3;10.5;7.8;7.9;
7/14/2015 1:05:02 PM;1943;15.3;10.6;7.8;7.9;
7/14/2015 1:05:03 PM;1944;15.2;10.6;7.8;7.9;
7/14/2015 1:05:04 PM;1945;15.5;10.6;7.8;7.9;
7/14/2015 1:05:05 PM;1946;15.9;10.7;7.8;7.9;
7/14/2015 1:05:06 PM;1947;16.5;10.8;7.8;7.9;
7/14/2015 1:05:07 PM;1948;17.0;10.8;7.8;7.9;
7/14/2015 1:05:08 PM;1949;17.4;10.9;7.8;7.9;
7/14/2015 1:05:09 PM;1950;17.8;11.0;7.8;7.9;
7/14/2015 1:05:10 PM;1951;17.9;11.1;7.8;7.9;
7/14/2015 1:05:11 PM;1952;17.3;11.2;7.8;7.9;
7/14/2015 1:05:12 PM;1953;17.2;11.3;7.8;7.9;
7/14/2015 1:05:13 PM;1954;17.3;11.4;7.8;7.9;
7/14/2015 1:05:14 PM;1955;17.5;11.5;7.8;7.9;
7/14/2015 1:05:15 PM;1956;17.8;11.5;7.8;7.9;
7/14/2015 1:05:16 PM;1957;18.2;11.6;7.8;7.9;
7/14/2015 1:05:17 PM;1958;18.5;11.6;7.8;7.9;
7/14/2015 1:05:18 PM;1959;19.0;11.7;7.8;7.9;
7/14/2015 1:05:19 PM;1960;19.7;11.8;7.8;7.9;
7/14/2015 1:05:20 PM;1961;20.5;11.9;7.8;7.9;
7/14/2015 1:05:21 PM;1962;21.2;12.0;7.8;7.9;
7/14/2015 1:05:22 PM;1963;20.9;12.0;7.8;7.9;
7/14/2015 1:05:23 PM;1964;20.2;12.1;7.8;7.9;
7/14/2015 1:05:24 PM;1965;20.0;12.2;7.8;7.9;
7/14/2015 1:05:25 PM;1966;19.8;12.2;7.8;7.9;
7/14/2015 1:05:26 PM;1967;19.4;12.3;7.8;7.9;
7/14/2015 1:05:27 PM;1968;19.0;12.4;7.8;7.9;
7/14/2015 1:05:28 PM;1969;19.3;12.5;7.8;7.9;
7/14/2015 1:05:29 PM;1970;19.3;12.5;7.8;7.9;
7/14/2015 1:05:30 PM;1971;19.3;12.6;7.8;7.9;
7/14/2015 1:05:31 PM;1972;19.7;12.6;7.8;7.9;
7/14/2015 1:05:32 PM;1973;20.6;12.7;7.8;7.9;
7/14/2015 1:05:33 PM;1974;21.0;12.7;7.8;7.9;
7/14/2015 1:05:34 PM;1975;20.5;12.9;7.8;7.9;
7/14/2015 1:05:35 PM;1976;20.7;13.0;7.8;7.9;
7/14/2015 1:05:36 PM;1977;21.1;13.0;7.8;7.9;
7/14/2015 1:05:37 PM;1978;21.2;13.2;7.8;7.9;
7/14/2015 1:05:38 PM;1979;21.4;13.5;7.8;7.9;
7/14/2015 1:05:39 PM;1980;22.0;13.6;7.8;7.9;
7/14/2015 1:05:40 PM;1981;21.9;13.8;7.8;7.9;
7/14/2015 1:05:41 PM;1982;21.6;13.9;7.8;7.9;
7/14/2015 1:05:42 PM;1983;21.5;14.1;7.8;7.9;
7/14/2015 1:05:43 PM;1984;21.8;14.2;7.8;7.9;
7/14/2015 1:05:44 PM;1985;21.9;14.3;7.8;7.9;
7/14/2015 1:05:45 PM;1986;21.5;14.5;7.8;7.9;
7/14/2015 1:05:46 PM;1987;21.6;14.7;7.8;7.9;
7/14/2015 1:05:47 PM;1988;22.1;14.8;7.8;7.9;
7/14/2015 1:05:48 PM;1989;21.6;14.7;7.8;7.9;
7/14/2015 1:05:49 PM;1990;21.1;14.8;7.8;7.9;
7/14/2015 1:05:50 PM;1991;21.5;14.9;7.8;7.9;
7/14/2015 1:05:51 PM;1992;21.5;15.1;7.8;7.9;
7/14/2015 1:05:52 PM;1993;21.3;15.3;7.8;7.9;
7/14/2015 1:05:53 PM;1994;21.8;15.6;7.8;7.9;
7/14/2015 1:05:54 PM;1995;22.4;15.9;7.8;7.9;
7/14/2015 1:05:55 PM;1996;22.6;16.0;7.8;7.9;
7/14/2015 1:05:56 PM;1997;22.3;15.9;7.8;7.9;
7/14/2015 1:05:57 PM;1998;21.8;16.0;7.8;7.9;
7/14/2015 1:05:58 PM;1999;21.4;15.9;7.8;7.9;
7/14/2015 1:05:59 PM;2000;21.4;15.9;7.8;7.9;
7/14/2015 1:06:00 PM;2001;21.3;15.9;7.8;7.9;
7/14/2015 1:06:01 PM;2002;21.6;16.1;7.8;7.9;
7/14/2015 1:06:02 PM;2003;21.9;16.2;7.8;7.9;
7/14/2015 1:06:03 PM;2004;21.9;16.3;7.8;7.9;
7/14/2015 1:06:04 PM;2005;21.5;16.4;7.8;7.9;
7/14/2015 1:06:05 PM;2006;21.2;16.3;7.8;7.9;
7/14/2015 1:06:06 PM;2007;20.8;16.3;7.8;7.9;
7/14/2015 1:06:07 PM;2008;20.6;16.6;7.8;7.9;
7/14/2015 1:06:08 PM;2009;20.5;16.7;7.8;7.9;
7/14/2015 1:06:09 PM;2010;20.6;16.8;7.8;7.9;
7/14/2015 1:06:10 PM;2011;20.5;17.1;7.8;7.9;
7/14/2015 1:06:11 PM;2012;20.2;17.2;7.8;7.9;
7/14/2015 1:06:12 PM;2013;20.3;17.2;7.8;7.9;
7/14/2015 1:06:13 PM;2014;20.6;17.3;7.8;7.9;
7/14/2015 1:06:14 PM;2015;20.8;17.6;7.8;7.9;
7/14/2015 1:06:15 PM;2016;21.0;17.7;7.8;7.9;
7/14/2015 1:06:16 PM;2017;21.3;17.8;7.8;7.9;
7/14/2015 1:06:17 PM;2018;21.4;17.9;7.8;7.9;
7/14/2015 1:06:18 PM;2019;21.2;17.9;7.8;7.9;
7/14/2015 1:06:19 PM;2020;21.1;17.8;7.8;7.9;
7/14/2015 1:06:20 PM;2021;21.0;17.7;7.8;7.9;
7/14/2015 1:06:21 PM;2022;21.0;17.7;7.8;7.9;
7/14/2015 1:06:22 PM;2023;20.9;17.6;7.8;7.9;
7/14/2015 1:06:23 PM;2024;20.9;17.7;7.8;7.9;
7/14/2015 1:06:24 PM;2025;20.9;17.7;7.8;7.9;
7/14/2015 1:06:25 PM;2026;20.9;17.8;7.8;7.9;
7/14/2015 1:06:26 PM;2027;20.8;17.8;7.8;7.9;
7/14/2015 1:06:27 PM;2028;20.7;17.7;7.8;7.9;
7/14/2015 1:06:28 PM;2029;20.6;17.7;7.8;7.9;
7/14/2015 1:06:29 PM;2030;20.5;17.8;7.8;7.9;
7/14/2015 1:06:30 PM;2031;20.4;17.7;7.8;7.9;
7/14/2015 1:06:31 PM;2032;20.4;17.7;7.8;7.9;
7/14/2015 1:06:32 PM;2033;20.4;17.7;7.8;7.9;
7/14/2015 1:06:33 PM;2034;20.4;17.8;7.8;7.9;
7/14/2015 1:06:34 PM;2035;20.5;17.7;7.8;7.9;
7/14/2015 1:06:35 PM;2036;20.5;17.8;7.8;7.9;
7/14/2015 1:06:36 PM;2037;20.6;17.8;7.8;7.9;
7/14/2015 1:06:37 PM;2038;20.7;17.8;7.8;7.9;
7/14/2015 1:06:38 PM;2039;20.7;17.9;7.8;7.9;
7/14/2015 1:06:39 PM;2040;20.7;18.1;7.8;7.9;
7/14/2015 1:06:40 PM;2041;20.5;18.2;7.8;7.9;
7/14/2015 1:06:41 PM;2042;20.2;18.1;7.8;7.9;
7/14/2015 1:06:42 PM;2043;19.8;18.2;7.8;7.9;
7/14/2015 1:06:43 PM;2044;19.3;18.1;7.8;7.9;
7/14/2015 1:06:44 PM;2045;18.8;18.0;7.8;7.9;
7/14/2015 1:06:45 PM;2046;18.8;18.0;7.8;7.9;
7/14/2015 1:06:46 PM;2047;18.9;18.1;7.8;7.9;
7/14/2015 1:06:47 PM;2048;18.9;18.1;7.8;7.9;
7/14/2015 1:06:48 PM;2049;18.9;18.1;7.8;7.9;
7/14/2015 1:06:49 PM;2050;19.0;18.1;7.8;7.9;
7/14/2015 1:06:50 PM;2051;19.0;18.1;7.8;7.9;
7/14/2015 1:06:51 PM;2052;18.8;18.1;7.8;7.9;
7/14/2015 1:06:52 PM;2053;18.6;18.0;7.8;7.9;
7/14/2015 1:06:53 PM;2054;18.5;17.8;7.8;7.9;
7/14/2015 1:06:54 PM;2055;18.3;17.8;7.8;7.9;
7/14/2015 1:06:55 PM;2056;18.4;17.9;7.8;7.9;
7/14/2015 1:06:56 PM;2057;18.7;17.9;7.8;7.9;
7/14/2015 1:06:57 PM;2058;18.9;18.1;7.8;7.9;
7/14/2015 1:06:58 PM;2059;18.9;18.3;7.8;7.9;
7/14/2015 1:06:59 PM;2060;19.0;18.3;7.8;7.9;
7/14/2015 1:07:00 PM;2061;18.6;18.2;7.8;7.9;
7/14/2015 1:07:01 PM;2062;18.3;18.2;7.8;7.9;
7/14/2015 1:07:02 PM;2063;18.2;18.1;7.8;7.9;
7/14/2015 1:07:03 PM;2064;18.4;18.0;7.8;7.9;
7/14/2015 1:07:04 PM;2065;18.5;18.0;7.8;7.9;
7/14/2015 1:07:05 PM;2066;18.6;18.0;7.8;7.9;
7/14/2015 1:07:06 PM;2067;18.6;17.9;7.8;7.9;
7/14/2015 1:07:07 PM;2068;18.6;17.9;7.8;7.9;
7/14/2015 1:07:08 PM;2069;18.7;17.9;7.8;7.9;
7/14/2015 1:07:09 PM;2070;18.5;17.9;7.8;7.9;
7/14/2015 1:07:10 PM;2071;18.3;17.9;7.8;7.9;
7/14/2015 1:07:11 PM;2072;18.0;17.9;7.8;7.9;
7/14/2015 1:07:12 PM;2073;17.9;17.9;7.8;7.9;
7/14/2015 1:07:13 PM;2074;17.3;18.0;7.8;7.9;
7/14/2015 1:07:14 PM;2075;17.1;17.9;7.8;7.9;
7/14/2015 1:07:15 PM;2076;16.9;17.9;7.8;7.9;
7/14/2015 1:07:16 PM;2077;16.9;17.9;7.8;7.9;
7/14/2015 1:07:17 PM;2078;16.6;17.9;7.8;7.9;
7/14/2015 1:07:18 PM;2079;16.4;17.9;7.8;7.9;
7/14/2015 1:07:19 PM;2080;16.2;17.8;7.8;7.9;
7/14/2015 1:07:20 PM;2081;16.2;17.8;7.8;7.9;
7/14/2015 1:07:21 PM;2082;16.0;17.8;7.8;7.9;
7/14/2015 1:07:22 PM;2083;16.1;17.8;7.8;7.9;
7/14/2015 1:07:23 PM;2084;16.2;17.8;7.8;7.9;
7/14/2015 1:07:24 PM;2085;16.2;17.8;7.8;7.9;
7/14/2015 1:07:25 PM;2086;15.9;17.7;7.8;7.9;
7/14/2015 1:07:26 PM;2087;15.6;17.7;7.8;7.9;
7/14/2015 1:07:27 PM;2088;15.3;17.6;7.8;7.9;
7/14/2015 1:07:28 PM;2089;15.1;17.5;7.8;7.9;
7/14/2015 1:07:29 PM;2090;15.3;17.5;7.8;7.9;
7/14/2015 1:07:30 PM;2091;15.7;17.4;7.8;7.9;
7/14/2015 1:07:31 PM;2092;16.4;17.4;7.8;7.9;
7/14/2015 1:07:32 PM;2093;17.0;17.4;7.8;7.9;
7/14/2015 1:07:33 PM;2094;16.8;17.3;7.8;7.9;
7/14/2015 1:07:34 PM;2095;16.5;17.3;7.8;7.9;
7/14/2015 1:07:35 PM;2096;16.4;17.2;7.8;7.9;
7/14/2015 1:07:36 PM;2097;15.7;17.2;7.8;7.9;
7/14/2015 1:07:37 PM;2098;15.1;17.2;7.8;7.9;
7/14/2015 1:07:38 PM;2099;15.1;17.2;7.8;7.9;
7/14/2015 1:07:39 PM;2100;15.1;17.1;7.8;7.9;
7/14/2015 1:07:40 PM;2101;14.9;17.1;7.8;7.9;
7/14/2015 1:07:41 PM;2102;14.9;17.1;7.8;7.9;
7/14/2015 1:07:42 PM;2103;14.9;17.1;7.8;7.9;
7/14/2015 1:07:43 PM;2104;15.2;17.0;7.8;7.9;
7/14/2015 1:07:44 PM;2105;15.3;17.0;7.8;7.9;
7/14/2015 1:07:45 PM;2106;15.1;17.0;7.8;7.9;
7/14/2015 1:07:46 PM;2107;15.0;16.9;7.8;7.9;
7/14/2015 1:07:47 PM;2108;15.0;16.9;7.8;7.9;
7/14/2015 1:07:48 PM;2109;14.8;16.9;7.8;7.9;
7/14/2015 1:07:49 PM;2110;14.7;16.9;7.8;7.9;
7/14/2015 1:07:50 PM;2111;14.7;16.9;7.8;7.9;
7/14/2015 1:07:51 PM;2112;15.3;16.9;7.8;7.9;
7/14/2015 1:07:52 PM;2113;15.5;16.9;7.8;7.9;
7/14/2015 1:07:53 PM;2114;15.2;16.8;7.8;7.9;
7/14/2015 1:07:54 PM;2115;14.9;16.7;7.8;7.9;
7/14/2015 1:07:55 PM;2116;14.9;16.7;7.8;7.9;
7/14/2015 1:07:56 PM;2117;14.5;16.7;7.8;7.9;
7/14/2015 1:07:57 PM;2118;14.1;16.6;7.8;7.9;
7/14/2015 1:07:58 PM;2119;14.3;16.6;7.8;7.9;
7/14/2015 1:07:59 PM;2120;14.5;16.6;7.8;7.9;
7/14/2015 1:08:00 PM;2121;14.4;16.5;7.8;7.9;
7/14/2015 1:08:01 PM;2122;14.1;16.4;7.8;7.9;
7/14/2015 1:08:02 PM;2123;14.1;16.4;7.8;7.9;
7/14/2015 1:08:03 PM;2124;14.1;16.3;7.8;7.9;
7/14/2015 1:08:04 PM;2125;14.1;16.3;7.8;7.9;
7/14/2015 1:08:05 PM;2126;14.3;16.3;7.8;7.9;
7/14/2015 1:08:06 PM;2127;14.7;16.3;7.8;7.9;
7/14/2015 1:08:07 PM;2128;15.1;16.3;7.8;7.9;
7/14/2015 1:08:08 PM;2129;15.3;16.2;7.8;7.9;
7/14/2015 1:08:09 PM;2130;15.5;16.2;7.8;7.9;
7/14/2015 1:08:10 PM;2131;15.3;16.1;7.8;7.9;
7/14/2015 1:08:11 PM;2132;15.2;16.1;7.8;7.9;
7/14/2015 1:08:12 PM;2133;14.8;16.1;7.8;7.9;
7/14/2015 1:08:13 PM;2134;14.6;16.2;7.8;7.9;
7/14/2015 1:08:14 PM;2135;14.1;16.2;7.8;7.9;
7/14/2015 1:08:15 PM;2136;14.0;16.2;7.8;7.9;
7/14/2015 1:08:16 PM;2137;13.7;16.1;7.8;7.9;
7/14/2015 1:08:17 PM;2138;13.5;16.1;7.8;7.9;
7/14/2015 1:08:18 PM;2139;13.3;16.1;7.8;7.9;
7/14/2015 1:08:19 PM;2140;13.6;16.1;7.8;7.9;
7/14/2015 1:08:20 PM;2141;13.8;16.1;7.8;7.9;
7/14/2015 1:08:21 PM;2142;13.8;16.0;7.8;7.9;
7/14/2015 1:08:22 PM;2143;13.6;16.0;7.8;7.9;
7/14/2015 1:08:23 PM;2144;13.5;15.9;7.8;7.9;
7/14/2015 1:08:24 PM;2145;13.2;15.9;7.8;7.9;
7/14/2015 1:08:25 PM;2146;13.0;15.8;7.8;7.9;
7/14/2015 1:08:26 PM;2147;13.2;15.7;7.8;7.9;
7/14/2015 1:08:27 PM;2148;13.4;15.7;7.8;7.9;
7/14/2015 1:08:28 PM;2149;13.7;15.7;7.8;7.9;
7/14/2015 1:08:29 PM;2150;13.9;15.7;7.8;7.9;
7/14/2015 1:08:30 PM;2151;14.1;15.7;7.8;7.9;
7/14/2015 1:08:31 PM;2152;14.2;15.6;7.8;7.9;
7/14/2015 1:08:32 PM;2153;14.1;15.6;7.8;7.9;
7/14/2015 1:08:33 PM;2154;14.1;15.6;7.8;7.9;
7/14/2015 1:08:34 PM;2155;14.1;15.5;7.8;7.9;
7/14/2015 1:08:35 PM;2156;13.8;15.4;7.8;7.9;
7/14/2015 1:08:36 PM;2157;13.3;15.4;7.8;7.9;
7/14/2015 1:08:37 PM;2158;13.2;15.4;7.8;7.9;
7/14/2015 1:08:38 PM;2159;12.9;15.4;7.8;7.9;
7/14/2015 1:08:39 PM;2160;12.5;15.4;7.8;7.9;
7/14/2015 1:08:40 PM;2161;12.4;15.4;7.8;7.9;
7/14/2015 1:08:41 PM;2162;12.4;15.3;7.8;7.9;
7/14/2015 1:08:42 PM;2163;12.3;15.3;7.8;7.9;
7/14/2015 1:08:43 PM;2164;12.2;15.2;7.8;7.9;
7/14/2015 1:08:44 PM;2165;12.2;15.2;7.8;7.9;
7/14/2015 1:08:45 PM;2166;12.2;15.1;7.8;7.9;
7/14/2015 1:08:46 PM;2167;12.3;15.0;7.8;7.9;
7/14/2015 1:08:47 PM;2168;12.3;14.9;7.8;7.9;
7/14/2015 1:08:48 PM;2169;12.2;14.9;7.8;7.9;
7/14/2015 1:08:49 PM;2170;12.3;14.8;7.8;7.9;
7/14/2015 1:08:50 PM;2171;12.5;14.8;7.8;7.9;
7/14/2015 1:08:51 PM;2172;12.3;14.8;7.8;7.9;
7/14/2015 1:08:52 PM;2173;12.3;14.8;7.8;7.9;
7/14/2015 1:08:53 PM;2174;12.4;14.7;7.8;7.9;
7/14/2015 1:08:54 PM;2175;12.3;14.7;7.8;7.9;
7/14/2015 1:08:55 PM;2176;12.2;14.7;7.8;7.9;
7/14/2015 1:08:56 PM;2177;12.2;14.6;7.8;7.9;
7/14/2015 1:08:57 PM;2178;12.2;14.6;7.8;7.9;
7/14/2015 1:08:58 PM;2179;12.1;14.6;7.8;7.9;
7/14/2015 1:08:59 PM;2180;12.1;14.5;7.8;7.9;
7/14/2015 1:09:00 PM;2181;12.1;14.5;7.8;7.9;
7/14/2015 1:09:01 PM;2182;12.1;14.4;7.8;7.9;
7/14/2015 1:09:02 PM;2183;12.3;14.4;7.8;7.9;
7/14/2015 1:09:03 PM;2184;12.5;14.3;7.8;7.9;
7/14/2015 1:09:04 PM;2185;12.5;14.3;7.8;7.9;
7/14/2015 1:09:05 PM;2186;12.6;14.3;7.8;7.9;
7/14/2015 1:09:06 PM;2187;12.7;14.3;7.8;7.9;
7/14/2015 1:09:07 PM;2188;12.8;14.3;7.8;7.9;
7/14/2015 1:09:08 PM;2189;12.9;14.3;7.8;7.9;
7/14/2015 1:09:09 PM;2190;13.0;14.3;7.8;7.9;
7/14/2015 1:09:10 PM;2191;13.0;14.3;7.8;7.9;
7/14/2015 1:09:11 PM;2192;12.7;14.2;7.8;7.9;
7/14/2015 1:09:12 PM;2193;12.5;14.2;7.8;7.9;
7/14/2015 1:09:13 PM;2194;12.3;14.2;7.8;7.9;
7/14/2015 1:09:14 PM;2195;11.9;14.1;7.8;7.9;
7/14/2015 1:09:15 PM;2196;12.0;14.1;7.8;7.9;
7/14/2015 1:09:16 PM;2197;12.2;14.0;7.8;7.9;
7/14/2015 1:09:17 PM;2198;12.1;14.0;7.8;7.9;
7/14/2015 1:09:18 PM;2199;12.0;14.0;7.8;7.9;
7/14/2015 1:09:19 PM;2200;12.0;14.0;7.8;7.9;
7/14/2015 1:09:20 PM;2201;11.7;14.0;7.8;7.9;
7/14/2015 1:09:21 PM;2202;11.5;14.0;7.8;7.9;
7/14/2015 1:09:22 PM;2203;11.3;14.0;7.8;7.9;
7/14/2015 1:09:23 PM;2204;11.3;14.0;7.8;7.9;
7/14/2015 1:09:24 PM;2205;11.3;13.9;7.8;7.9;
7/14/2015 1:09:25 PM;2206;11.3;13.8;7.8;7.9;
7/14/2015 1:09:26 PM;2207;11.3;13.8;7.8;7.9;
7/14/2015 1:09:27 PM;2208;11.4;13.7;7.8;7.9;
7/14/2015 1:09:28 PM;2209;11.3;13.6;7.8;7.9;
7/14/2015 1:09:29 PM;2210;11.3;13.6;7.8;7.9;
7/14/2015 1:09:30 PM;2211;11.3;13.6;7.8;7.9;
7/14/2015 1:09:31 PM;2212;11.3;13.6;7.8;7.9;
7/14/2015 1:09:32 PM;2213;11.4;13.5;7.8;7.9;
7/14/2015 1:09:33 PM;2214;11.5;13.4;7.8;7.9;
7/14/2015 1:09:34 PM;2215;11.4;13.4;7.8;7.9;
7/14/2015 1:09:35 PM;2216;11.4;13.3;7.8;7.9;
7/14/2015 1:09:36 PM;2217;11.4;13.3;7.8;7.9;
7/14/2015 1:09:37 PM;2218;11.3;13.3;7.8;7.9;
7/14/2015 1:09:38 PM;2219;11.3;13.4;7.8;7.9;
7/14/2015 1:09:39 PM;2220;11.4;13.4;7.8;7.9;
7/14/2015 1:09:40 PM;2221;11.3;13.4;7.8;7.9;
7/14/2015 1:09:41 PM;2222;11.3;13.4;7.8;7.9;
7/14/2015 1:09:42 PM;2223;11.2;13.4;7.8;7.9;
7/14/2015 1:09:43 PM;2224;11.1;13.3;7.8;7.9;
7/14/2015 1:09:44 PM;2225;11.1;13.2;7.8;7.9;
7/14/2015 1:09:45 PM;2226;11.1;13.2;7.8;7.9;
7/14/2015 1:09:46 PM;2227;11.0;13.2;7.8;7.9;
7/14/2015 1:09:47 PM;2228;10.9;13.1;7.8;7.9;
7/14/2015 1:09:48 PM;2229;10.8;13.1;7.8;7.9;
7/14/2015 1:09:49 PM;2230;10.7;13.0;7.8;7.9;
7/14/2015 1:09:50 PM;2231;10.8;12.9;7.8;7.9;
7/14/2015 1:09:51 PM;2232;10.8;12.9;7.8;7.9;
7/14/2015 1:09:52 PM;2233;10.8;12.9;7.8;7.9;
7/14/2015 1:09:53 PM;2234;10.8;12.8;7.8;7.9;
7/14/2015 1:09:54 PM;2235;10.9;12.8;7.8;7.9;
7/14/2015 1:09:55 PM;2236;10.9;12.8;7.8;7.9;
7/14/2015 1:09:56 PM;2237;10.9;12.8;7.8;7.9;
7/14/2015 1:09:57 PM;2238;10.9;12.7;7.8;7.9;
7/14/2015 1:09:58 PM;2239;10.9;12.7;7.8;7.9;
7/14/2015 1:09:59 PM;2240;10.9;12.7;7.8;7.9;
7/14/2015 1:10:00 PM;2241;10.8;12.8;7.8;7.9;
7/14/2015 1:10:01 PM;2242;10.9;12.8;7.8;7.9;
7/14/2015 1:10:02 PM;2243;11.0;12.8;7.8;7.9;
7/14/2015 1:10:03 PM;2244;11.0;12.8;7.8;7.9;
7/14/2015 1:10:04 PM;2245;11.0;12.8;7.8;7.9;
7/14/2015 1:10:05 PM;2246;10.9;12.8;7.8;7.9;
7/14/2015 1:10:06 PM;2247;10.9;12.8;7.8;7.9;
7/14/2015 1:10:07 PM;2248;10.8;12.8;7.8;7.9;
7/14/2015 1:10:08 PM;2249;10.9;12.8;7.8;7.9;
7/14/2015 1:10:09 PM;2250;10.9;12.8;7.8;7.9;
7/14/2015 1:10:10 PM;2251;11.0;12.8;7.8;7.9;
7/14/2015 1:10:11 PM;2252;11.0;12.7;7.8;7.9;
7/14/2015 1:10:12 PM;2253;11.0;12.6;7.8;7.9;
7/14/2015 1:10:13 PM;2254;10.9;12.6;7.8;7.9;
7/14/2015 1:10:14 PM;2255;10.9;12.5;7.8;7.9;
7/14/2015 1:10:15 PM;2256;10.9;12.5;7.8;7.9;
7/14/2015 1:10:16 PM;2257;10.8;12.5;7.8;7.9;
7/14/2015 1:10:17 PM;2258;10.8;12.4;7.8;7.9;
7/14/2015 1:10:18 PM;2259;10.8;12.4;7.8;7.9;
7/14/2015 1:10:19 PM;2260;10.8;12.4;7.8;7.9;
7/14/2015 1:10:20 PM;2261;10.9;12.3;7.8;7.9;
7/14/2015 1:10:21 PM;2262;10.9;12.4;7.8;7.9;
7/14/2015 1:10:22 PM;2263;10.8;12.4;7.8;7.9;
7/14/2015 1:10:23 PM;2264;10.8;12.4;7.8;7.9;
7/14/2015 1:10:24 PM;2265;10.7;12.4;7.8;7.9;
7/14/2015 1:10:25 PM;2266;10.7;12.4;7.8;7.9;
7/14/2015 1:10:26 PM;2267;10.8;12.4;7.8;7.9;
7/14/2015 1:10:27 PM;2268;10.7;12.4;7.8;7.9;
7/14/2015 1:10:28 PM;2269;10.7;12.3;7.8;7.9;
7/14/2015 1:10:29 PM;2270;10.8;12.3;7.8;7.9;
7/14/2015 1:10:30 PM;2271;10.7;12.2;7.8;7.9;
7/14/2015 1:10:31 PM;2272;10.6;12.2;7.8;7.9;
7/14/2015 1:10:32 PM;2273;10.7;12.2;7.8;7.9;
7/14/2015 1:10:33 PM;2274;10.7;12.2;7.8;7.9;
7/14/2015 1:10:34 PM;2275;10.7;12.2;7.8;7.9;
7/14/2015 1:10:35 PM;2276;10.8;12.2;7.8;7.9;
7/14/2015 1:10:36 PM;2277;10.8;12.2;7.8;7.9;
7/14/2015 1:10:37 PM;2278;10.8;12.2;7.8;7.9;
7/14/2015 1:10:38 PM;2279;10.8;12.2;7.8;7.9;
7/14/2015 1:10:39 PM;2280;10.8;12.2;7.8;7.9;
7/14/2015 1:10:40 PM;2281;10.8;12.1;7.8;7.9;
7/14/2015 1:10:41 PM;2282;10.9;12.2;7.8;7.9;
7/14/2015 1:10:42 PM;2283;10.9;12.2;7.8;7.9;
7/14/2015 1:10:43 PM;2284;10.8;12.1;7.8;7.9;
7/14/2015 1:10:44 PM;2285;10.7;12.1;7.8;7.9;
7/14/2015 1:10:45 PM;2286;10.7;12.1;7.8;7.9;
7/14/2015 1:10:46 PM;2287;10.5;12.0;7.8;7.9;
7/14/2015 1:10:47 PM;2288;10.5;12.0;7.8;7.9;
7/14/2015 1:10:48 PM;2289;10.5;11.9;7.8;7.9;
7/14/2015 1:10:49 PM;2290;10.6;11.9;7.8;7.9;
7/14/2015 1:10:50 PM;2291;10.6;11.9;7.8;7.9;
7/14/2015 1:10:51 PM;2292;10.6;11.9;7.8;7.9;
7/14/2015 1:10:52 PM;2293;10.6;11.9;7.8;7.9;
7/14/2015 1:10:53 PM;2294;10.6;11.9;7.8;7.9;
7/14/2015 1:10:54 PM;2295;10.6;11.8;7.8;7.9;
7/14/2015 1:10:55 PM;2296;10.5;11.8;7.8;7.9;
7/14/2015 1:10:56 PM;2297;10.5;11.7;7.8;7.9;
7/14/2015 1:10:57 PM;2298;10.5;11.7;7.8;7.9;
7/14/2015 1:10:58 PM;2299;10.6;11.7;7.8;7.9;
7/14/2015 1:10:59 PM;2300;10.6;11.7;7.8;7.9;
7/14/2015 1:11:00 PM;2301;10.6;11.7;7.8;7.9;
7/14/2015 1:11:01 PM;2302;10.6;11.7;7.8;7.9;
7/14/2015 1:11:02 PM;2303;10.6;11.7;7.8;7.9;
7/14/2015 1:11:03 PM;2304;10.5;11.7;7.8;7.9;
7/14/2015 1:11:04 PM;2305;10.5;11.7;7.8;7.9;
7/14/2015 1:11:05 PM;2306;10.5;11.7;7.8;7.9;
7/14/2015 1:11:06 PM;2307;10.5;11.7;7.8;7.9;
7/14/2015 1:11:07 PM;2308;10.5;11.7;7.8;7.9;
7/14/2015 1:11:08 PM;2309;10.6;11.7;7.8;7.9;
7/14/2015 1:11:09 PM;2310;10.6;11.7;7.8;7.9;
7/14/2015 1:11:10 PM;2311;10.6;11.6;7.8;7.9;
7/14/2015 1:11:11 PM;2312;10.6;11.6;7.8;7.9;
7/14/2015 1:11:12 PM;2313;10.5;11.6;7.8;7.9;
7/14/2015 1:11:13 PM;2314;10.5;11.5;7.8;7.9;
7/14/2015 1:11:14 PM;2315;10.4;11.5;7.8;7.9;
7/14/2015 1:11:15 PM;2316;10.4;11.5;7.8;7.9;
7/14/2015 1:11:16 PM;2317;10.4;11.5;7.8;7.9;
7/14/2015 1:11:17 PM;2318;10.4;11.5;7.8;7.9;
7/14/2015 1:11:18 PM;2319;10.5;11.5;7.8;7.9;
7/14/2015 1:11:19 PM;2320;10.5;11.5;7.8;7.9;
7/14/2015 1:11:20 PM;2321;10.6;11.5;7.8;7.9;
7/14/2015 1:11:21 PM;2322;10.6;11.5;7.8;7.9;
7/14/2015 1:11:22 PM;2323;10.5;11.5;7.8;7.9;
7/14/2015 1:11:23 PM;2324;10.5;11.5;7.8;7.9;
7/14/2015 1:11:24 PM;2325;10.5;11.4;7.8;7.9;
7/14/2015 1:11:25 PM;2326;10.5;11.4;7.8;7.9;
7/14/2015 1:11:26 PM;2327;10.5;11.4;7.8;7.9;
7/14/2015 1:11:27 PM;2328;10.5;11.4;7.8;7.9;
7/14/2015 1:11:28 PM;2329;10.5;11.4;7.8;7.9;
7/14/2015 1:11:29 PM;2330;10.5;11.4;7.8;7.9;
7/14/2015 1:11:30 PM;2331;10.5;11.4;7.8;7.9;
7/14/2015 1:11:31 PM;2332;10.5;11.4;7.8;7.9;
7/14/2015 1:11:32 PM;2333;10.5;11.4;7.8;7.9;
7/14/2015 1:11:33 PM;2334;10.5;11.3;7.8;7.9;
7/14/2015 1:11:34 PM;2335;10.5;11.3;7.8;7.9;
7/14/2015 1:11:35 PM;2336;10.6;11.3;7.8;7.9;
7/14/2015 1:11:36 PM;2337;10.6;11.3;7.8;7.9;
7/14/2015 1:11:37 PM;2338;10.6;11.3;7.8;7.9;
7/14/2015 1:11:38 PM;2339;10.5;11.3;7.8;7.9;
7/14/2015 1:11:39 PM;2340;10.5;11.3;7.8;7.9;
7/14/2015 1:11:40 PM;2341;10.4;11.3;7.8;7.9;
7/14/2015 1:11:41 PM;2342;10.4;11.3;7.8;7.9;
7/14/2015 1:11:42 PM;2343;10.4;11.3;7.8;7.9;
7/14/2015 1:11:43 PM;2344;10.4;11.3;7.8;7.9;
7/14/2015 1:11:44 PM;2345;10.4;11.3;7.8;7.9;
7/14/2015 1:11:45 PM;2346;10.4;11.3;7.8;7.9;
7/14/2015 1:11:46 PM;2347;10.4;11.2;7.8;7.9;
7/14/2015 1:11:47 PM;2348;10.4;11.2;7.8;7.9;
7/14/2015 1:11:48 PM;2349;10.4;11.2;7.8;7.9;
7/14/2015 1:11:49 PM;2350;10.4;11.1;7.8;7.9;
7/14/2015 1:11:50 PM;2351;10.4;11.1;7.8;7.9;
7/14/2015 1:11:51 PM;2352;10.4;11.1;7.8;7.9;
7/14/2015 1:11:52 PM;2353;10.4;11.1;7.8;7.9;
7/14/2015 1:11:53 PM;2354;10.4;11.1;7.8;7.9;
7/14/2015 1:11:54 PM;2355;10.4;11.1;7.8;7.9;
7/14/2015 1:11:55 PM;2356;10.4;11.1;7.8;7.9;
7/14/2015 1:11:56 PM;2357;10.3;11.1;7.8;7.9;
7/14/2015 1:11:57 PM;2358;10.3;11.0;7.8;7.9;
7/14/2015 1:11:58 PM;2359;10.3;11.0;7.8;7.9;
7/14/2015 1:11:59 PM;2360;10.3;11.1;7.8;7.9;
7/14/2015 1:12:00 PM;2361;10.3;11.1;7.8;7.9;
7/14/2015 1:12:01 PM;2362;10.4;11.1;7.8;7.9;
7/14/2015 1:12:02 PM;2363;10.4;11.1;7.8;7.9;
7/14/2015 1:12:03 PM;2364;10.4;11.1;7.8;7.9;
7/14/2015 1:12:04 PM;2365;10.4;11.0;7.8;7.9;
7/14/2015 1:12:05 PM;2366;10.4;11.0;7.8;7.9;
7/14/2015 1:12:06 PM;2367;10.3;11.0;7.8;7.9;
7/14/2015 1:12:07 PM;2368;10.3;11.0;7.8;7.9;
7/14/2015 1:12:08 PM;2369;10.3;11.1;7.8;7.9;
7/14/2015 1:12:09 PM;2370;10.3;11.1;7.8;7.9;
7/14/2015 1:12:10 PM;2371;10.3;11.1;7.8;7.9;
7/14/2015 1:12:11 PM;2372;10.3;11.1;7.8;7.9;
7/14/2015 1:12:12 PM;2373;10.3;11.1;7.8;7.9;
7/14/2015 1:12:13 PM;2374;10.3;11.0;7.8;7.9;
7/14/2015 1:12:14 PM;2375;10.3;11.0;7.8;7.9;
7/14/2015 1:12:15 PM;2376;10.3;11.0;7.8;7.9;
7/14/2015 1:12:16 PM;2377;10.3;11.0;7.8;7.9;
7/14/2015 1:12:17 PM;2378;10.3;11.0;7.8;7.9;
7/14/2015 1:12:18 PM;2379;10.4;11.0;7.8;7.9;
7/14/2015 1:12:19 PM;2380;10.3;11.0;7.8;7.9;
7/14/2015 1:12:20 PM;2381;10.3;10.9;7.8;7.9;
7/14/2015 1:12:21 PM;2382;10.3;10.9;7.8;7.9;
7/14/2015 1:12:22 PM;2383;10.3;10.9;7.8;7.9;
7/14/2015 1:12:23 PM;2384;10.3;10.9;7.8;7.9;
7/14/2015 1:12:24 PM;2385;10.3;10.9;7.8;7.9;
7/14/2015 1:12:25 PM;2386;10.3;10.9;7.8;7.9;
7/14/2015 1:12:26 PM;2387;10.3;10.9;7.8;7.9;
7/14/2015 1:12:27 PM;2388;10.3;10.9;7.8;7.9;
7/14/2015 1:12:28 PM;2389;10.3;10.9;7.8;7.9;
7/14/2015 1:12:29 PM;2390;10.3;10.9;7.8;7.9;
7/14/2015 1:12:30 PM;2391;10.3;10.9;7.8;7.9;
7/14/2015 1:12:31 PM;2392;10.3;10.8;7.8;7.9;
7/14/2015 1:12:32 PM;2393;10.3;10.8;7.8;7.9;
7/14/2015 1:12:33 PM;2394;10.3;10.8;7.8;7.9;
7/14/2015 1:12:34 PM;2395;10.3;10.8;7.8;7.9;
7/14/2015 1:12:35 PM;2396;10.3;10.8;7.8;7.9;
7/14/2015 1:12:36 PM;2397;10.3;10.8;7.8;7.9;
7/14/2015 1:12:37 PM;2398;10.3;10.8;7.8;7.9;
7/14/2015 1:12:38 PM;2399;10.3;10.8;7.8;7.9;
7/14/2015 1:12:39 PM;2400;10.3;10.8;7.8;7.9;
7/14/2015 1:12:40 PM;2401;10.3;10.8;7.8;7.9;
7/14/2015 1:12:41 PM;2402;10.3;10.8;7.8;7.9;
7/14/2015 1:12:42 PM;2403;10.3;10.8;7.8;7.9;
7/14/2015 1:12:43 PM;2404;10.3;10.8;7.8;7.9;
7/14/2015 1:12:44 PM;2405;10.3;10.8;7.8;7.9;
7/14/2015 1:12:45 PM;2406;10.3;10.8;7.8;7.9;
7/14/2015 1:12:46 PM;2407;10.3;10.8;7.8;7.9;
7/14/2015 1:12:47 PM;2408;10.3;10.8;7.8;7.9;
7/14/2015 1:12:48 PM;2409;10.3;10.8;7.8;7.9;
7/14/2015 1:12:49 PM;2410;10.3;10.8;7.8;7.9;
7/14/2015 1:12:50 PM;2411;10.3;10.8;7.8;7.9;
7/14/2015 1:12:51 PM;2412;10.3;10.8;7.8;7.9;
7/14/2015 1:12:52 PM;2413;10.3;10.8;7.8;7.9;
7/14/2015 1:12:53 PM;2414;10.3;10.8;7.8;7.9;
7/14/2015 1:12:54 PM;2415;10.3;10.8;7.8;7.9;
7/14/2015 1:12:55 PM;2416;10.3;10.8;7.8;7.9;
7/14/2015 1:12:56 PM;2417;10.3;10.8;7.8;7.9;
7/14/2015 1:12:57 PM;2418;10.3;10.7;7.8;7.9;
7/14/2015 1:12:58 PM;2419;10.3;10.7;7.8;7.9;
7/14/2015 1:12:59 PM;2420;10.3;10.7;7.8;7.9;
7/14/2015 1:13:00 PM;2421;10.3;10.7;7.8;7.9;
7/14/2015 1:13:01 PM;2422;10.3;10.7;7.8;7.9;
7/14/2015 1:13:02 PM;2423;10.3;10.7;7.8;7.9;
7/14/2015 1:13:03 PM;2424;10.3;10.7;7.8;7.9;
7/14/2015 1:13:04 PM;2425;10.3;10.7;7.8;8.0;
7/14/2015 1:13:05 PM;2426;10.3;10.7;7.8;8.0;
7/14/2015 1:13:06 PM;2427;10.3;10.7;7.8;7.9;
7/14/2015 1:13:07 PM;2428;10.3;10.7;7.8;7.9;
7/14/2015 1:13:08 PM;2429;10.3;10.7;7.8;7.9;
7/14/2015 1:13:09 PM;2430;10.3;10.7;7.8;7.9;
7/14/2015 1:13:10 PM;2431;10.3;10.7;7.8;7.9;
7/14/2015 1:13:11 PM;2432;10.3;10.7;7.8;7.9;
7/14/2015 1:13:12 PM;2433;10.3;10.7;7.8;7.9;
7/14/2015 1:13:13 PM;2434;10.3;10.7;7.8;8.0;
7/14/2015 1:13:14 PM;2435;10.3;10.7;7.8;7.9;
7/14/2015 1:13:15 PM;2436;10.3;10.7;7.8;7.9;
7/14/2015 1:13:16 PM;2437;10.3;10.7;7.8;7.9;
7/14/2015 1:13:17 PM;2438;10.3;10.7;7.8;7.9;
7/14/2015 1:13:18 PM;2439;10.3;10.6;7.8;7.9;
7/14/2015 1:13:19 PM;2440;10.3;10.6;7.8;7.9;
7/14/2015 1:13:20 PM;2441;10.3;10.6;7.8;7.9;
7/14/2015 1:13:21 PM;2442;10.3;10.6;7.8;7.9;
7/14/2015 1:13:22 PM;2443;10.3;10.6;7.8;7.9;
7/14/2015 1:13:23 PM;2444;10.3;10.7;7.8;7.9;
7/14/2015 1:13:24 PM;2445;10.3;10.6;7.8;7.9;
7/14/2015 1:13:25 PM;2446;10.3;10.6;7.8;7.9;
7/14/2015 1:13:26 PM;2447;10.3;10.6;7.8;7.9;
7/14/2015 1:13:27 PM;2448;10.3;10.6;7.8;7.9;
7/14/2015 1:13:28 PM;2449;10.3;10.6;7.8;7.9;
7/14/2015 1:13:29 PM;2450;10.3;10.6;7.8;7.9;
7/14/2015 1:13:30 PM;2451;10.3;10.6;7.8;7.9;
7/14/2015 1:13:31 PM;2452;10.3;10.6;7.8;7.9;
7/14/2015 1:13:32 PM;2453;10.3;10.6;7.8;7.9;
7/14/2015 1:13:33 PM;2454;10.3;10.6;7.8;8.0;
7/14/2015 1:13:34 PM;2455;10.3;10.6;7.8;8.0;
7/14/2015 1:13:35 PM;2456;10.3;10.6;7.8;8.0;
7/14/2015 1:13:36 PM;2457;10.3;10.7;7.8;8.0;
7/14/2015 1:13:37 PM;2458;10.3;10.7;7.8;7.9;
7/14/2015 1:13:38 PM;2459;10.3;10.6;7.8;7.9;
7/14/2015 1:13:39 PM;2460;10.3;10.6;7.8;7.9;
7/14/2015 1:13:40 PM;2461;10.3;10.6;7.8;7.9;
7/14/2015 1:13:41 PM;2462;10.3;10.5;7.8;7.9;
7/14/2015 1:13:42 PM;2463;10.3;10.5;7.8;7.9;
7/14/2015 1:13:43 PM;2464;10.3;10.6;7.8;7.9;
7/14/2015 1:13:44 PM;2465;10.3;10.5;7.8;7.9;
7/14/2015 1:13:45 PM;2466;10.3;10.5;7.8;7.9;
7/14/2015 1:13:46 PM;2467;10.3;10.5;7.8;7.9;
7/14/2015 1:13:47 PM;2468;10.3;10.5;7.8;7.9;
7/14/2015 1:13:48 PM;2469;10.3;10.5;7.8;7.9;
7/14/2015 1:13:49 PM;2470;10.3;10.5;7.8;7.9;
7/14/2015 1:13:50 PM;2471;10.3;10.5;7.8;7.9;
7/14/2015 1:13:51 PM;2472;10.3;10.5;7.8;7.9;
7/14/2015 1:13:52 PM;2473;10.3;10.5;7.8;8.0;
7/14/2015 1:13:53 PM;2474;10.3;10.5;7.8;8.0;
7/14/2015 1:13:54 PM;2475;10.3;10.5;7.8;8.0;
7/14/2015 1:13:55 PM;2476;10.3;10.5;7.8;7.9;
7/14/2015 1:13:56 PM;2477;10.3;10.5;7.8;7.9;
7/14/2015 1:13:57 PM;2478;10.3;10.5;7.8;7.9;
7/14/2015 1:13:58 PM;2479;10.3;10.5;7.8;7.9;
7/14/2015 1:13:59 PM;2480;10.3;10.5;7.8;7.9;
7/14/2015 1:14:00 PM;2481;10.3;10.5;7.8;7.9;
7/14/2015 1:14:01 PM;2482;10.3;10.5;7.8;7.9;
7/14/2015 1:14:02 PM;2483;10.3;10.5;7.8;7.9;
7/14/2015 1:14:03 PM;2484;10.3;10.5;7.8;7.9;
7/14/2015 1:14:04 PM;2485;10.3;10.5;7.8;7.9;
7/14/2015 1:14:05 PM;2486;10.3;10.5;7.8;8.0;
7/14/2015 1:14:06 PM;2487;10.3;10.5;7.8;8.0;
7/14/2015 1:14:07 PM;2488;10.3;10.5;7.8;8.0;
7/14/2015 1:14:08 PM;2489;10.3;10.5;7.8;8.0;
7/14/2015 1:14:09 PM;2490;10.3;10.5;7.8;8.0;
7/14/2015 1:14:10 PM;2491;10.3;10.5;7.8;8.0;
7/14/2015 1:14:11 PM;2492;10.3;10.5;7.8;8.0;
7/14/2015 1:14:12 PM;2493;10.3;10.5;7.8;8.0;
7/14/2015 1:14:13 PM;2494;10.3;10.5;7.8;8.0;
7/14/2015 1:14:14 PM;2495;10.3;10.5;7.8;8.0;
7/14/2015 1:14:15 PM;2496;10.3;10.5;7.8;8.0;
7/14/2015 1:14:16 PM;2497;10.3;10.5;7.8;7.9;
7/14/2015 1:14:17 PM;2498;10.3;10.5;7.8;7.9;
7/14/2015 1:14:18 PM;2499;10.3;10.5;7.8;7.9;
7/14/2015 1:14:19 PM;2500;10.3;10.4;7.8;7.9;
7/14/2015 1:14:20 PM;2501;10.3;10.4;7.8;7.9;
7/14/2015 1:14:21 PM;2502;10.3;10.4;7.8;8.0;
7/14/2015 1:14:22 PM;2503;10.3;10.4;7.8;8.0;
7/14/2015 1:14:23 PM;2504;10.3;10.4;7.8;8.0;
7/14/2015 1:14:24 PM;2505;10.3;10.5;7.8;8.0;
7/14/2015 1:14:25 PM;2506;10.3;10.4;7.8;8.0;
7/14/2015 1:14:26 PM;2507;10.3;10.4;7.8;8.0;
7/14/2015 1:14:27 PM;2508;10.3;10.4;7.8;8.0;
7/14/2015 1:14:28 PM;2509;10.3;10.4;7.8;8.0;
7/14/2015 1:14:29 PM;2510;10.3;10.4;7.8;8.0;
7/14/2015 1:14:30 PM;2511;10.3;10.5;7.8;8.0;
7/14/2015 1:14:31 PM;2512;10.3;10.4;7.8;8.0;
7/14/2015 1:14:32 PM;2513;10.3;10.4;7.8;8.0;
7/14/2015 1:14:33 PM;2514;10.3;10.4;7.8;8.0;
7/14/2015 1:14:34 PM;2515;10.3;10.4;7.8;8.0;
7/14/2015 1:14:35 PM;2516;10.3;10.4;7.8;8.0;
7/14/2015 1:14:36 PM;2517;10.3;10.4;7.8;8.0;
7/14/2015 1:14:37 PM;2518;10.3;10.4;7.8;8.0;
7/14/2015 1:14:38 PM;2519;10.3;10.5;7.8;8.0;
7/14/2015 1:14:39 PM;2520;10.3;10.5;7.8;8.0;
7/14/2015 1:14:40 PM;2521;10.3;10.4;7.8;8.0;
7/14/2015 1:14:41 PM;2522;10.3;10.4;7.8;8.0;
7/14/2015 1:14:42 PM;2523;10.3;10.4;7.8;8.0;
7/14/2015 1:14:43 PM;2524;10.3;10.4;7.8;8.0;
7/14/2015 1:14:44 PM;2525;10.3;10.4;7.8;8.0;
7/14/2015 1:14:45 PM;2526;10.3;10.4;7.8;8.0;
7/14/2015 1:14:46 PM;2527;10.3;10.4;7.8;8.0;
7/14/2015 1:14:47 PM;2528;10.3;10.4;7.8;8.0;
7/14/2015 1:14:48 PM;2529;10.3;10.4;7.8;8.0;
7/14/2015 1:14:49 PM;2530;10.3;10.4;7.8;8.0;
7/14/2015 1:14:50 PM;2531;10.3;10.4;7.8;8.0;
7/14/2015 1:14:51 PM;2532;10.3;10.4;7.8;8.0;
7/14/2015 1:14:52 PM;2533;10.3;10.4;7.8;8.0;
7/14/2015 1:14:53 PM;2534;10.3;10.4;7.8;8.0;
7/14/2015 1:14:54 PM;2535;10.3;10.4;7.8;8.0;
7/14/2015 1:14:55 PM;2536;10.3;10.4;7.8;8.0;
7/14/2015 1:14:56 PM;2537;10.3;10.4;7.8;8.0;
7/14/2015 1:14:57 PM;2538;10.3;10.4;7.8;8.0;
7/14/2015 1:14:58 PM;2539;10.3;10.4;7.8;8.0;
7/14/2015 1:14:59 PM;2540;10.3;10.4;7.8;8.0;
7/14/2015 1:15:00 PM;2541;10.3;10.4;7.8;8.0;
7/14/2015 1:15:01 PM;2542;10.3;10.4;7.8;8.0;
7/14/2015 1:15:02 PM;2543;10.3;10.4;7.8;8.0;
7/14/2015 1:15:03 PM;2544;10.3;10.4;7.8;8.0;
7/14/2015 1:15:04 PM;2545;10.3;10.4;7.8;8.0;
7/14/2015 1:15:05 PM;2546;10.3;10.4;7.8;8.0;
7/14/2015 1:15:06 PM;2547;10.3;10.4;7.8;8.0;
7/14/2015 1:15:07 PM;2548;10.3;10.4;7.8;8.0;
7/14/2015 1:15:08 PM;2549;10.3;10.4;7.8;8.0;
7/14/2015 1:15:09 PM;2550;10.3;10.4;7.8;8.0;
7/14/2015 1:15:10 PM;2551;10.3;10.4;7.8;8.0;
7/14/2015 1:15:11 PM;2552;10.3;10.4;7.8;8.0;
7/14/2015 1:15:12 PM;2553;10.3;10.4;7.8;8.0;
7/14/2015 1:15:13 PM;2554;10.3;10.4;7.8;8.0;
7/14/2015 1:15:14 PM;2555;10.3;10.4;7.8;8.0;
7/14/2015 1:15:15 PM;2556;10.3;10.4;7.8;8.0;
7/14/2015 1:15:16 PM;2557;10.3;10.4;7.8;8.0;
7/14/2015 1:15:17 PM;2558;10.3;10.4;7.8;8.0;
7/14/2015 1:15:18 PM;2559;10.3;10.4;7.8;8.0;
7/14/2015 1:15:19 PM;2560;10.3;10.4;7.8;8.0;
7/14/2015 1:15:20 PM;2561;10.3;10.4;7.8;8.0;
7/14/2015 1:15:21 PM;2562;10.3;10.4;7.8;8.0;
7/14/2015 1:15:22 PM;2563;10.3;10.4;7.8;8.0;
7/14/2015 1:15:23 PM;2564;10.3;10.4;7.8;8.0;
7/14/2015 1:15:24 PM;2565;10.3;10.4;7.8;8.0;
7/14/2015 1:15:25 PM;2566;10.3;10.4;7.8;8.0;
7/14/2015 1:15:26 PM;2567;10.3;10.4;7.8;8.0;
7/14/2015 1:15:27 PM;2568;10.3;10.4;7.8;8.0;
7/14/2015 1:15:28 PM;2569;10.3;10.4;7.8;8.0;
7/14/2015 1:15:29 PM;2570;10.3;10.4;7.8;8.0;
7/14/2015 1:15:30 PM;2571;10.3;10.4;7.8;8.0;
7/14/2015 1:15:31 PM;2572;10.3;10.4;7.8;8.0;
7/14/2015 1:15:32 PM;2573;10.3;10.4;7.8;8.0;
7/14/2015 1:15:33 PM;2574;10.3;10.4;7.8;8.0;
7/14/2015 1:15:34 PM;2575;10.3;10.4;7.8;8.0;
7/14/2015 1:15:35 PM;2576;10.3;10.4;7.8;8.0;
7/14/2015 1:15:36 PM;2577;10.3;10.4;7.8;8.0;
7/14/2015 1:15:37 PM;2578;10.3;10.4;7.8;8.0;
7/14/2015 1:15:38 PM;2579;10.3;10.4;7.8;8.0;
7/14/2015 1:15:39 PM;2580;10.3;10.4;7.8;8.0;
7/14/2015 1:15:40 PM;2581;10.3;10.4;7.8;8.0;
7/14/2015 1:15:41 PM;2582;10.3;10.4;7.8;8.0;
7/14/2015 1:15:42 PM;2583;10.3;10.4;7.8;8.0;
7/14/2015 1:15:43 PM;2584;10.3;10.4;7.8;8.0;
7/14/2015 1:15:44 PM;2585;10.3;10.4;7.8;8.0;
7/14/2015 1:15:45 PM;2586;10.3;10.4;7.8;8.0;
7/14/2015 1:15:46 PM;2587;10.3;10.4;7.8;8.0;
7/14/2015 1:15:47 PM;2588;10.3;10.4;7.8;8.0;
7/14/2015 1:15:48 PM;2589;10.3;10.4;7.8;8.0;
7/14/2015 1:15:49 PM;2590;10.3;10.4;7.8;8.0;
7/14/2015 1:15:50 PM;2591;10.3;10.4;7.8;8.0;
7/14/2015 1:15:51 PM;2592;10.3;10.4;7.8;8.0;
7/14/2015 1:15:52 PM;2593;10.3;10.4;7.8;8.0;
7/14/2015 1:15:53 PM;2594;10.3;10.4;7.8;8.0;
7/14/2015 1:15:54 PM;2595;10.3;10.4;7.8;8.0;
7/14/2015 1:15:55 PM;2596;10.3;10.4;7.8;8.0;
7/14/2015 1:15:56 PM;2597;10.3;10.4;7.8;8.0;
7/14/2015 1:15:57 PM;2598;10.3;10.4;7.8;8.0;
7/14/2015 1:15:58 PM;2599;10.3;10.4;7.8;8.0;
7/14/2015 1:15:59 PM;2600;10.3;10.4;7.8;8.0;
7/14/2015 1:16:00 PM;2601;10.3;10.4;7.8;8.0;
7/14/2015 1:16:01 PM;2602;10.3;10.4;7.8;8.0;
7/14/2015 1:16:02 PM;2603;10.3;10.4;7.8;8.0;
7/14/2015 1:16:03 PM;2604;10.3;10.4;7.8;8.0;
7/14/2015 1:16:04 PM;2605;10.3;10.4;7.8;8.0;
7/14/2015 1:16:05 PM;2606;10.3;10.4;7.8;8.0;
7/14/2015 1:16:06 PM;2607;10.3;10.4;7.8;8.0;
7/14/2015 1:16:07 PM;2608;10.3;10.4;7.8;8.0;
7/14/2015 1:16:08 PM;2609;10.3;10.4;7.8;8.0;
7/14/2015 1:16:09 PM;2610;10.3;10.4;7.8;8.0;
7/14/2015 1:16:10 PM;2611;10.3;10.4;7.8;8.0;
7/14/2015 1:16:11 PM;2612;10.3;10.4;7.8;8.0;
7/14/2015 1:16:12 PM;2613;10.3;10.4;7.8;8.0;
7/14/2015 1:16:13 PM;2614;10.3;10.4;7.8;8.0;
7/14/2015 1:16:14 PM;2615;10.3;10.4;7.8;8.0;
7/14/2015 1:16:15 PM;2616;;10.4;;8.0;
7/14/2015 1:16:16 PM;2617;;10.4;;8.0;
7/14/2015 1:16:17 PM;2618;;10.4;;8.0;
7/14/2015 1:16:18 PM;2619;;10.4;;8.0;
7/14/2015 1:16:19 PM;2620;;10.4;;8.0;
7/14/2015 1:16:20 PM;2621;;10.4;;8.0;
7/14/2015 1:16:21 PM;2622;;10.4;;8.0;
7/14/2015 1:16:22 PM;2623;;10.4;;8.0;
7/14/2015 1:16:23 PM;2624;;10.4;;8.0;
7/14/2015 1:16:24 PM;2625;;10.4;;8.0;
7/14/2015 1:16:25 PM;2626;;10.4;;8.0;
7/14/2015 1:16:26 PM;2627;;10.4;;8.0;
7/14/2015 1:16:27 PM;2628;;10.4;;8.0;
7/14/2015 1:16:28 PM;2629;;10.4;;8.0;
7/14/2015 1:16:29 PM;2630;;10.4;;8.0;
7/14/2015 1:16:30 PM;2631;;10.4;;8.0;
7/14/2015 1:16:31 PM;2632;;10.4;;8.0;
7/14/2015 1:16:32 PM;2633;;10.4;;8.0;
7/14/2015 1:16:33 PM;2634;;10.4;;8.0;
7/14/2015 1:16:34 PM;2635;;10.4;;8.0;
7/14/2015 1:16:35 PM;2636;;10.4;;8.0;
7/14/2015 1:16:36 PM;2637;;10.4;;8.0;
7/14/2015 1:16:37 PM;2638;;10.4;;8.0;
7/14/2015 1:16:38 PM;2639;;10.4;;8.0;
7/14/2015 1:16:39 PM;2640;;10.4;;8.0;
7/14/2015 1:16:40 PM;2641;;10.4;;8.0;
7/14/2015 1:16:41 PM;2642;;10.4;;8.0;
7/14/2015 1:16:42 PM;2643;;10.4;;8.0;
7/14/2015 1:16:43 PM;2644;;10.4;;8.0;
7/14/2015 1:16:44 PM;2645;;10.4;;8.0;
7/14/2015 1:16:45 PM;2646;;10.4;;8.0;
7/14/2015 1:16:46 PM;2647;;10.4;;8.0;
7/14/2015 1:16:47 PM;2648;;10.4;;8.0;
7/14/2015 1:16:48 PM;2649;;10.4;;8.0;
7/14/2015 1:16:49 PM;2650;;10.4;;8.0;
7/14/2015 1:16:50 PM;2651;;10.4;;8.0;
7/14/2015 1:16:51 PM;2652;;10.4;;8.0;
7/14/2015 1:16:52 PM;2653;;10.4;;8.0;
7/14/2015 1:16:53 PM;2654;;10.4;;8.0;
7/14/2015 1:16:54 PM;2655;;10.4;;8.0;
7/14/2015 1:16:55 PM;2656;;10.4;;8.0;
7/14/2015 1:16:56 PM;2657;;10.4;;8.0;
7/14/2015 1:16:57 PM;2658;;10.4;;8.0;
7/14/2015 1:16:58 PM;2659;;10.4;;8.0;
7/14/2015 1:16:59 PM;2660;;10.4;;8.0;
7/14/2015 1:17:00 PM;2661;;10.4;;8.0;
7/14/2015 1:17:01 PM;2662;;10.4;;8.0;
7/14/2015 1:17:02 PM;2663;;10.4;;8.0;
7/14/2015 1:17:03 PM;2664;;10.4;;8.0;
7/14/2015 1:17:04 PM;2665;;10.4;;8.0;
7/14/2015 1:17:05 PM;2666;;10.4;;8.0;
7/14/2015 1:17:06 PM;2667;;10.4;;8.0;
7/14/2015 1:17:07 PM;2668;;10.4;;8.0;
7/14/2015 1:17:08 PM;2669;;10.4;;8.0;
7/14/2015 1:17:09 PM;2670;;10.4;;8.0;
7/14/2015 1:17:10 PM;2671;;10.4;;8.0;
7/14/2015 1:17:11 PM;2672;;10.4;;8.0;
7/14/2015 1:17:12 PM;2673;;10.4;;8.0;
7/14/2015 1:17:13 PM;2674;;10.4;;8.0;
7/14/2015 1:17:14 PM;2675;;10.4;;8.0;
7/14/2015 1:17:15 PM;2676;;10.4;;8.0;
7/14/2015 1:17:16 PM;2677;;10.4;;8.0;
7/14/2015 1:17:17 PM;2678;;10.4;;8.0;
7/14/2015 1:17:18 PM;2679;;10.4;;8.0;
7/14/2015 1:17:19 PM;2680;;10.4;;8.0;
7/14/2015 1:17:20 PM;2681;;10.4;;8.0;
7/14/2015 1:17:21 PM;2682;;10.4;;8.0;
7/14/2015 1:17:22 PM;2683;;10.4;;8.0;
7/14/2015 1:17:23 PM;2684;;10.4;;8.0;
7/14/2015 1:17:24 PM;2685;;10.4;;8.0;
7/14/2015 1:17:25 PM;2686;;10.4;;8.0;
7/14/2015 1:17:26 PM;2687;;10.4;;8.0;
7/14/2015 1:17:27 PM;2688;;10.4;;8.0;
7/14/2015 1:17:28 PM;2689;;10.4;;8.0;
7/14/2015 1:17:29 PM;2690;;10.4;;8.0;
7/14/2015 1:17:30 PM;2691;;10.4;;8.0;
7/14/2015 1:17:31 PM;2692;;10.4;;8.0;
7/14/2015 1:17:32 PM;2693;;10.4;;8.0;
7/14/2015 1:17:33 PM;2694;;10.4;;8.0;
7/14/2015 1:17:34 PM;2695;;10.4;;8.0;
7/14/2015 1:17:35 PM;2696;;10.4;;8.0;
7/14/2015 1:17:36 PM;2697;;10.4;;8.0;
7/14/2015 1:17:37 PM;2698;;10.4;;8.0;
7/14/2015 1:17:38 PM;2699;;10.4;;8.0;
7/14/2015 1:17:39 PM;2700;;10.4;;8.0;
7/14/2015 1:17:40 PM;2701;;10.4;;8.0;
7/14/2015 1:17:41 PM;2702;;10.4;;8.0;
7/14/2015 1:17:42 PM;2703;;10.4;;8.0;
7/14/2015 1:17:43 PM;2704;;10.4;;8.0;
7/14/2015 1:17:44 PM;2705;;10.4;;8.0;
7/14/2015 1:17:45 PM;2706;;10.3;;8.0;
7/14/2015 1:17:46 PM;2707;;10.3;;8.0;
7/14/2015 1:17:47 PM;2708;;10.3;;8.0;
7/14/2015 1:17:48 PM;2709;;10.3;;8.0;
7/14/2015 1:17:49 PM;2710;;10.3;;8.0;
7/14/2015 1:17:50 PM;2711;;10.4;;8.0;
7/14/2015 1:17:51 PM;2712;;10.3;;8.0;
7/14/2015 1:17:52 PM;2713;;10.3;;8.0;
7/14/2015 1:17:53 PM;2714;;10.3;;8.0;
7/14/2015 1:17:54 PM;2715;;10.3;;8.0;
7/14/2015 1:17:55 PM;2716;;10.3;;8.0;
7/14/2015 1:17:56 PM;2717;;10.4;;8.0;
