Meas Point;Vol.;Conc.;Cond. A;Temp. A;Cond. B;Temp. B;Cond. Y;Temp. Y;Cond. Z;Temp. Z;
;ml;mg/l;µS/cm;°C;µS/cm;°C;µS/cm;°C;µS/cm;°C;
0;500.0;0.00;28.5;0.7;29.3;0.6;28.0;0.6;28.1;0.7;
1;500.5;5.00;39.7;0.7;40.9;0.7;39.6;0.7;39.4;0.8;
2;501.0;9.98;50.2;0.8;51.4;0.8;50.1;0.8;50.0;0.9;
3;501.5;14.96;60.8;0.8;62.2;0.8;60.7;0.8;60.5;0.9;
4;502.0;19.92;71.5;0.9;72.8;0.9;71.4;0.9;71.2;1.0;
5;502.5;24.88;82.2;0.9;83.4;0.9;82.0;0.9;81.7;1.0;

Date/Time;Meas Point;Cond. A;Cond. B;Cond. Y;Cond. Z;Temp. A;Temp. B;Temp. Y;Temp. Z;
2/2/2017 10:29:55 AM;0;26.5;27.8;26.5;26.4;0.1;0.1;0.1;0.2;
2/2/2017 10:29:56 AM;1;26.5;27.8;26.5;26.4;0.1;0.1;0.1;0.2;
2/2/2017 10:29:57 AM;2;26.5;27.7;26.5;26.4;0.1;0.1;0.1;0.2;
2/2/2017 10:29:58 AM;3;26.5;27.7;26.5;26.4;0.1;0.1;0.1;0.2;
2/2/2017 10:29:59 AM;4;26.5;27.7;26.5;26.4;0.1;0.1;0.1;0.2;
2/2/2017 10:30:00 AM;5;26.6;27.7;26.5;26.4;0.1;0.1;0.1;0.2;
2/2/2017 10:30:01 AM;6;26.6;27.7;26.5;26.4;0.1;0.1;0.1;0.2;
2/2/2017 10:30:02 AM;7;26.5;27.7;26.5;26.4;0.1;0.1;0.1;0.2;
2/2/2017 10:30:03 AM;8;26.6;27.7;26.5;26.4;0.1;0.1;0.1;0.2;
2/2/2017 10:30:04 AM;9;26.5;27.7;26.5;26.4;0.1;0.1;0.1;0.2;
2/2/2017 10:30:05 AM;10;26.5;27.7;26.5;26.4;0.1;0.1;0.1;0.2;
2/2/2017 10:30:06 AM;11;26.5;27.7;26.5;26.4;0.1;0.1;0.1;0.2;
2/2/2017 10:30:07 AM;12;26.5;27.7;26.5;26.4;0.1;0.1;0.1;0.2;
2/2/2017 10:30:08 AM;13;26.5;27.7;26.5;26.4;0.1;0.1;0.1;0.2;
2/2/2017 10:30:09 AM;14;26.6;27.7;26.5;26.4;0.1;0.1;0.1;0.2;
2/2/2017 10:30:10 AM;15;26.6;27.7;26.5;26.4;0.1;0.1;0.1;0.2;
2/2/2017 10:30:11 AM;16;26.6;27.7;26.5;26.4;0.1;0.1;0.1;0.2;
2/2/2017 10:30:12 AM;17;26.6;27.7;26.5;26.4;0.1;0.1;0.1;0.2;
2/2/2017 10:30:13 AM;18;26.6;27.7;26.5;26.4;0.1;0.1;0.1;0.2;
2/2/2017 10:30:14 AM;19;26.5;27.7;26.5;26.4;0.1;0.1;0.1;0.2;
2/2/2017 10:30:15 AM;20;26.5;27.7;26.5;26.4;0.1;0.1;0.1;0.2;
2/2/2017 10:30:16 AM;21;26.5;27.7;26.5;26.4;0.1;0.1;0.1;0.2;
2/2/2017 10:30:17 AM;22;26.5;27.7;26.5;26.4;0.1;0.1;0.1;0.2;
2/2/2017 10:30:18 AM;23;26.5;27.7;26.5;26.4;0.1;0.1;0.1;0.2;
2/2/2017 10:30:19 AM;24;26.6;27.8;26.5;26.4;0.1;0.1;0.1;0.2;
2/2/2017 10:30:20 AM;25;26.6;27.8;26.5;26.4;0.1;0.1;0.1;0.2;
2/2/2017 10:30:21 AM;26;26.6;27.8;26.5;26.4;0.1;0.1;0.1;0.2;
2/2/2017 10:30:22 AM;27;26.6;27.8;26.5;26.4;0.1;0.1;0.1;0.2;
2/2/2017 10:30:23 AM;28;26.6;27.7;26.5;26.4;0.1;0.1;0.1;0.2;
2/2/2017 10:30:24 AM;29;26.5;27.7;26.5;26.4;0.1;0.1;0.1;0.2;
2/2/2017 10:30:25 AM;30;26.5;27.7;26.5;26.4;0.1;0.1;0.1;0.2;
2/2/2017 10:30:26 AM;31;26.5;27.7;26.5;26.4;0.1;0.1;0.1;0.2;
2/2/2017 10:30:27 AM;32;26.6;27.7;26.5;26.4;0.1;0.1;0.1;0.2;
2/2/2017 10:30:28 AM;33;26.5;27.7;26.5;26.4;0.1;0.1;0.1;0.2;
2/2/2017 10:30:29 AM;34;26.5;27.7;26.5;26.4;0.1;0.1;0.1;0.2;
2/2/2017 10:30:30 AM;35;26.5;27.7;26.5;26.4;0.1;0.1;0.1;0.2;
2/2/2017 10:30:31 AM;36;26.5;27.7;26.5;26.4;0.1;0.1;0.1;0.2;
2/2/2017 10:30:32 AM;37;26.5;27.7;26.5;26.4;0.1;0.1;0.1;0.2;
2/2/2017 10:30:33 AM;38;26.5;27.7;26.5;26.4;0.1;0.1;0.1;0.2;
2/2/2017 10:30:34 AM;39;26.5;27.7;26.5;26.4;0.1;0.1;0.1;0.2;
2/2/2017 10:30:35 AM;40;26.5;27.7;26.5;26.4;0.1;0.1;0.1;0.2;
2/2/2017 10:30:36 AM;41;26.5;27.7;26.5;26.4;0.1;0.1;0.1;0.2;
2/2/2017 10:30:37 AM;42;26.5;27.7;26.5;26.4;0.1;0.1;0.1;0.2;
2/2/2017 10:30:38 AM;43;26.5;27.7;26.5;26.4;0.1;0.1;0.1;0.2;
2/2/2017 10:30:39 AM;44;26.5;27.7;26.5;26.4;0.1;0.1;0.1;0.2;
2/2/2017 10:30:40 AM;45;26.5;27.7;26.5;26.4;0.1;0.1;0.1;0.2;
2/2/2017 10:30:41 AM;46;26.5;27.7;26.5;26.4;0.1;0.1;0.1;0.2;
2/2/2017 10:30:42 AM;47;26.5;27.7;26.5;26.4;0.1;0.1;0.1;0.2;
2/2/2017 10:30:43 AM;48;26.5;27.7;26.5;26.4;0.1;0.1;0.1;0.2;
2/2/2017 10:30:44 AM;49;26.5;27.7;26.5;26.4;0.1;0.1;0.1;0.2;
2/2/2017 10:30:45 AM;50;26.5;27.8;26.5;26.4;0.1;0.1;0.1;0.2;
2/2/2017 10:30:46 AM;51;26.5;27.7;26.5;26.4;0.1;0.1;0.1;0.2;
2/2/2017 10:30:47 AM;52;26.5;27.7;26.5;26.4;0.1;0.1;0.1;0.2;
2/2/2017 10:30:48 AM;53;26.5;27.7;26.5;26.4;0.1;0.1;0.1;0.2;
2/2/2017 10:30:49 AM;54;26.5;27.7;26.5;26.4;0.1;0.1;0.1;0.2;
2/2/2017 10:30:50 AM;55;26.5;27.7;26.5;26.4;0.1;0.1;0.1;0.2;
2/2/2017 10:30:51 AM;56;26.5;27.7;26.5;26.4;0.1;0.1;0.1;0.2;
2/2/2017 10:30:52 AM;57;26.5;27.7;26.5;26.4;0.1;0.1;0.1;0.2;
2/2/2017 10:30:53 AM;58;26.5;27.7;26.5;26.4;0.1;0.1;0.1;0.2;
2/2/2017 10:30:54 AM;59;26.5;27.7;26.5;26.4;0.1;0.1;0.1;0.2;
2/2/2017 10:30:55 AM;60;26.5;27.7;26.5;26.4;0.1;0.1;0.1;0.2;
2/2/2017 10:30:56 AM;61;26.5;27.7;26.5;26.4;0.1;0.1;0.1;0.2;
2/2/2017 10:30:57 AM;62;26.5;27.7;26.5;26.4;0.1;0.1;0.1;0.2;
2/2/2017 10:30:58 AM;63;26.5;27.7;26.5;26.4;0.1;0.1;0.1;0.2;
2/2/2017 10:30:59 AM;64;26.5;27.7;26.5;26.4;0.1;0.1;0.1;0.2;
2/2/2017 10:31:00 AM;65;26.5;27.7;26.5;26.4;0.1;0.1;0.1;0.2;
2/2/2017 10:31:01 AM;66;26.5;27.7;26.5;26.4;0.1;0.1;0.1;0.2;
2/2/2017 10:31:02 AM;67;26.5;27.7;26.5;26.4;0.1;0.1;0.1;0.2;
2/2/2017 10:31:03 AM;68;26.5;27.7;26.5;26.4;0.1;0.1;0.1;0.2;
2/2/2017 10:31:04 AM;69;26.5;27.7;26.5;26.4;0.1;0.1;0.1;0.2;
2/2/2017 10:31:05 AM;70;26.5;27.7;26.5;26.4;0.1;0.1;0.1;0.2;
2/2/2017 10:31:06 AM;71;26.5;27.7;26.5;26.4;0.1;0.1;0.1;0.2;
2/2/2017 10:31:07 AM;72;26.5;27.7;26.5;26.4;0.1;0.1;0.1;0.2;
2/2/2017 10:31:08 AM;73;26.5;27.7;26.5;26.4;0.1;0.1;0.1;0.2;
2/2/2017 10:31:09 AM;74;26.5;27.7;26.5;26.4;0.1;0.1;0.1;0.2;
2/2/2017 10:31:10 AM;75;26.5;27.7;26.5;26.4;0.1;0.1;0.1;0.2;
2/2/2017 10:31:11 AM;76;26.5;27.7;26.5;26.4;0.1;0.1;0.1;0.2;
2/2/2017 10:31:12 AM;77;26.5;27.8;26.5;26.4;0.1;0.1;0.1;0.2;
2/2/2017 10:31:13 AM;78;26.5;27.8;26.5;26.4;0.1;0.1;0.1;0.2;
2/2/2017 10:31:14 AM;79;26.5;27.8;26.5;26.4;0.1;0.1;0.1;0.2;
2/2/2017 10:31:15 AM;80;26.5;27.8;26.5;26.4;0.1;0.1;0.1;0.2;
2/2/2017 10:31:16 AM;81;26.5;27.7;26.5;26.4;0.1;0.1;0.1;0.2;
2/2/2017 10:31:17 AM;82;26.5;27.7;26.5;26.4;0.1;0.1;0.1;0.2;
2/2/2017 10:31:18 AM;83;26.5;27.7;26.5;26.4;0.1;0.1;0.1;0.2;
2/2/2017 10:31:19 AM;84;26.5;27.7;26.5;26.4;0.1;0.1;0.1;0.2;
2/2/2017 10:31:20 AM;85;26.5;27.7;26.5;26.4;0.1;0.1;0.1;0.2;
2/2/2017 10:31:21 AM;86;26.5;27.7;26.5;26.4;0.1;0.1;0.1;0.2;
2/2/2017 10:31:22 AM;87;26.5;27.7;26.5;26.4;0.1;0.1;0.1;0.2;
2/2/2017 10:31:23 AM;88;26.5;27.8;26.5;26.4;0.1;0.1;0.1;0.2;
2/2/2017 10:31:24 AM;89;26.5;27.8;26.5;26.4;0.1;0.1;0.1;0.2;
2/2/2017 10:31:25 AM;90;26.5;27.7;26.5;26.4;0.1;0.1;0.1;0.2;
2/2/2017 10:31:26 AM;91;26.5;27.7;26.5;26.4;0.1;0.1;0.1;0.2;
2/2/2017 10:31:27 AM;92;26.5;27.7;26.5;26.4;0.1;0.1;0.1;0.2;
2/2/2017 10:31:28 AM;93;26.5;27.7;26.5;26.4;0.1;0.1;0.1;0.2;
2/2/2017 10:31:29 AM;94;26.5;27.7;26.5;26.4;0.1;0.1;0.1;0.2;
2/2/2017 10:31:30 AM;95;26.5;27.7;26.5;26.4;0.1;0.1;0.1;0.2;
2/2/2017 10:31:31 AM;96;26.5;27.7;26.5;26.4;0.1;0.1;0.1;0.2;
2/2/2017 10:31:32 AM;97;26.5;27.7;26.5;26.4;0.1;0.1;0.1;0.2;
2/2/2017 10:31:33 AM;98;26.5;27.7;26.5;26.4;0.1;0.1;0.1;0.2;
2/2/2017 10:31:34 AM;99;26.5;27.7;26.5;26.4;0.1;0.1;0.1;0.2;
2/2/2017 10:31:35 AM;100;26.5;27.7;26.5;26.4;0.1;0.1;0.1;0.2;
2/2/2017 10:31:36 AM;101;26.5;27.7;26.5;26.4;0.1;0.1;0.1;0.2;
2/2/2017 10:31:37 AM;102;26.5;27.7;26.5;26.4;0.1;0.1;0.1;0.2;
2/2/2017 10:31:38 AM;103;26.5;27.7;26.5;26.4;0.1;0.1;0.1;0.2;
2/2/2017 10:31:39 AM;104;26.5;27.7;26.5;26.4;0.1;0.1;0.1;0.2;
2/2/2017 10:31:40 AM;105;26.5;27.7;26.5;26.4;0.1;0.1;0.1;0.2;
2/2/2017 10:31:41 AM;106;26.5;27.7;26.5;26.4;0.1;0.1;0.1;0.2;
2/2/2017 10:31:42 AM;107;26.5;27.7;26.5;26.4;0.1;0.1;0.1;0.2;
2/2/2017 10:31:43 AM;108;26.5;27.7;26.5;26.4;0.1;0.1;0.1;0.2;
2/2/2017 10:31:44 AM;109;26.5;27.7;26.5;26.4;0.1;0.1;0.1;0.2;
2/2/2017 10:31:45 AM;110;26.5;27.7;26.5;26.4;0.1;0.1;0.1;0.2;
2/2/2017 10:31:46 AM;111;26.5;27.7;26.5;26.4;0.1;0.1;0.1;0.2;
2/2/2017 10:31:47 AM;112;26.5;27.7;26.5;26.4;0.1;0.1;0.1;0.2;
2/2/2017 10:31:48 AM;113;26.5;27.7;26.5;26.4;0.1;0.1;0.1;0.2;
2/2/2017 10:31:49 AM;114;26.5;27.7;26.5;26.4;0.1;0.1;0.1;0.2;
2/2/2017 10:31:50 AM;115;26.5;27.7;26.5;26.4;0.1;0.1;0.1;0.2;
2/2/2017 10:31:51 AM;116;26.5;27.7;26.5;26.4;0.1;0.1;0.1;0.2;
2/2/2017 10:31:52 AM;117;26.5;27.7;26.5;26.4;0.1;0.1;0.1;0.2;
2/2/2017 10:31:53 AM;118;26.5;27.7;26.5;26.4;0.1;0.1;0.1;0.2;
2/2/2017 10:31:54 AM;119;26.5;27.7;26.5;26.4;0.1;0.1;0.1;0.2;
2/2/2017 10:31:55 AM;120;26.5;27.7;26.5;26.4;0.1;0.1;0.1;0.2;
2/2/2017 10:31:56 AM;121;26.5;27.7;26.5;26.4;0.1;0.1;0.1;0.2;
2/2/2017 10:31:57 AM;122;26.5;27.7;26.5;26.4;0.1;0.1;0.1;0.2;
2/2/2017 10:31:58 AM;123;26.5;27.7;26.5;26.4;0.1;0.1;0.1;0.2;
2/2/2017 10:31:59 AM;124;26.5;27.7;26.5;26.4;0.1;0.1;0.1;0.2;
2/2/2017 10:32:00 AM;125;26.5;27.7;26.5;26.4;0.1;0.1;0.1;0.2;
2/2/2017 10:32:01 AM;126;26.5;27.7;26.5;26.4;0.1;0.1;0.1;0.2;
2/2/2017 10:32:02 AM;127;26.5;27.8;26.5;26.4;0.1;0.1;0.1;0.2;
2/2/2017 10:32:03 AM;128;26.5;27.8;26.5;26.4;0.1;0.1;0.1;0.2;
2/2/2017 10:32:04 AM;129;26.5;27.8;26.5;26.4;0.1;0.1;0.1;0.2;
2/2/2017 10:32:05 AM;130;26.5;27.7;26.5;26.4;0.1;0.1;0.1;0.2;
2/2/2017 10:32:06 AM;131;26.5;27.7;26.5;26.4;0.1;0.1;0.1;0.2;
2/2/2017 10:32:07 AM;132;26.5;27.7;26.5;26.4;0.1;0.1;0.1;0.2;
2/2/2017 10:32:08 AM;133;26.5;27.7;26.5;26.4;0.1;0.1;0.1;0.2;
2/2/2017 10:32:09 AM;134;26.5;27.7;26.5;26.4;0.1;0.1;0.1;0.2;
2/2/2017 10:32:10 AM;135;26.5;27.7;26.5;26.4;0.1;0.1;0.1;0.2;
2/2/2017 10:32:11 AM;136;26.5;27.7;26.5;26.4;0.1;0.1;0.1;0.2;
2/2/2017 10:32:12 AM;137;26.5;27.7;26.5;26.4;0.1;0.1;0.1;0.2;
2/2/2017 10:32:13 AM;138;26.5;27.7;26.5;26.4;0.1;0.1;0.1;0.2;
2/2/2017 10:32:14 AM;139;26.5;27.7;26.5;26.4;0.1;0.1;0.1;0.2;
2/2/2017 10:32:15 AM;140;26.5;27.7;26.5;26.4;0.1;0.1;0.1;0.2;
2/2/2017 10:32:16 AM;141;26.5;27.7;26.5;26.4;0.1;0.1;0.1;0.2;
2/2/2017 10:32:17 AM;142;26.5;27.7;26.5;26.4;0.1;0.1;0.1;0.2;
2/2/2017 10:32:18 AM;143;26.5;27.7;26.5;26.4;0.1;0.1;0.1;0.2;
2/2/2017 10:32:19 AM;144;26.5;27.7;26.5;26.4;0.1;0.1;0.1;0.2;
2/2/2017 10:32:20 AM;145;26.5;27.7;26.5;26.4;0.1;0.1;0.1;0.2;
2/2/2017 10:32:21 AM;146;26.5;27.7;26.5;26.4;0.1;0.1;0.1;0.2;
2/2/2017 10:32:22 AM;147;26.5;27.7;26.5;26.4;0.1;0.1;0.1;0.2;
2/2/2017 10:32:23 AM;148;26.5;27.7;26.5;26.4;0.1;0.1;0.1;0.2;
2/2/2017 10:32:24 AM;149;26.5;27.7;26.5;26.4;0.1;0.1;0.1;0.2;
2/2/2017 10:32:25 AM;150;26.5;27.7;26.5;26.4;0.1;0.1;0.1;0.2;
2/2/2017 10:32:26 AM;151;26.5;27.7;26.5;26.4;0.1;0.1;0.1;0.2;
2/2/2017 10:32:27 AM;152;26.5;27.7;26.5;26.4;0.1;0.1;0.1;0.2;
2/2/2017 10:32:28 AM;153;26.5;27.7;26.5;26.4;0.1;0.1;0.1;0.2;
2/2/2017 10:32:29 AM;154;26.5;27.7;26.5;26.4;0.1;0.1;0.1;0.2;
2/2/2017 10:32:30 AM;155;26.5;27.7;26.5;26.4;0.1;0.1;0.1;0.2;
2/2/2017 10:32:31 AM;156;26.5;27.7;26.5;26.4;0.1;0.1;0.1;0.2;
2/2/2017 10:32:32 AM;157;26.5;27.7;26.5;26.4;0.1;0.1;0.1;0.2;
2/2/2017 10:32:33 AM;158;26.5;27.7;26.5;26.4;0.1;0.1;0.1;0.2;
2/2/2017 10:32:34 AM;159;26.5;27.7;26.5;26.4;0.1;0.1;0.1;0.2;
2/2/2017 10:32:35 AM;160;26.5;27.7;26.5;26.4;0.1;0.1;0.1;0.2;
2/2/2017 10:32:36 AM;161;26.5;27.7;26.5;26.4;0.1;0.1;0.1;0.2;
2/2/2017 10:32:37 AM;162;26.5;27.7;26.5;26.4;0.1;0.1;0.1;0.2;
2/2/2017 10:32:38 AM;163;26.5;27.7;26.5;26.4;0.1;0.1;0.1;0.2;
2/2/2017 10:32:39 AM;164;26.5;27.7;26.5;26.4;0.1;0.1;0.1;0.2;
2/2/2017 10:32:40 AM;165;26.5;27.7;26.5;26.4;0.1;0.1;0.1;0.2;
2/2/2017 10:32:41 AM;166;26.5;27.7;26.5;26.4;0.1;0.1;0.1;0.2;
2/2/2017 10:32:42 AM;167;26.5;27.7;26.5;26.4;0.1;0.1;0.1;0.2;
2/2/2017 10:32:43 AM;168;26.5;27.7;26.5;26.4;0.1;0.1;0.1;0.2;
2/2/2017 10:32:44 AM;169;26.5;27.7;26.5;26.4;0.1;0.1;0.1;0.2;
2/2/2017 10:32:45 AM;170;26.5;27.7;26.5;26.4;0.1;0.1;0.1;0.2;
2/2/2017 10:32:46 AM;171;26.5;27.7;26.5;26.4;0.1;0.1;0.1;0.2;
2/2/2017 10:32:47 AM;172;26.5;27.7;26.5;26.4;0.1;0.1;0.1;0.2;
2/2/2017 10:32:48 AM;173;26.5;27.7;26.5;26.4;0.1;0.1;0.1;0.2;
2/2/2017 10:32:49 AM;174;26.5;27.7;26.5;26.4;0.1;0.1;0.1;0.2;
2/2/2017 10:32:50 AM;175;26.5;27.7;26.5;26.4;0.1;0.1;0.1;0.2;
2/2/2017 10:32:51 AM;176;26.5;27.7;26.5;26.4;0.1;0.1;0.1;0.2;
2/2/2017 10:32:52 AM;177;26.5;27.7;26.5;26.4;0.1;0.1;0.1;0.2;
2/2/2017 10:32:53 AM;178;26.5;27.7;26.5;26.4;0.1;0.1;0.1;0.2;
2/2/2017 10:32:54 AM;179;26.5;27.7;26.5;26.4;0.1;0.1;0.1;0.2;
2/2/2017 10:32:55 AM;180;26.5;27.7;26.5;26.4;0.1;0.1;0.1;0.2;
2/2/2017 10:32:56 AM;181;26.5;27.7;26.5;26.4;0.1;0.1;0.1;0.2;
2/2/2017 10:32:57 AM;182;26.5;27.7;26.5;26.4;0.1;0.1;0.1;0.2;
2/2/2017 10:32:58 AM;183;26.5;27.7;26.5;26.4;0.1;0.1;0.1;0.2;
2/2/2017 10:32:59 AM;184;26.5;27.7;26.5;26.4;0.1;0.1;0.1;0.2;
2/2/2017 10:33:00 AM;185;26.5;27.7;26.5;26.4;0.1;0.1;0.1;0.2;
2/2/2017 10:33:01 AM;186;26.5;27.7;26.5;26.4;0.1;0.1;0.1;0.2;
2/2/2017 10:33:02 AM;187;26.5;27.7;26.5;26.4;0.1;0.1;0.1;0.2;
2/2/2017 10:33:03 AM;188;26.5;27.7;26.5;26.4;0.1;0.1;0.1;0.2;
2/2/2017 10:33:04 AM;189;26.5;27.7;26.5;26.4;0.1;0.1;0.1;0.2;
2/2/2017 10:33:05 AM;190;26.5;27.7;26.5;26.4;0.1;0.1;0.1;0.2;
2/2/2017 10:33:06 AM;191;26.5;27.7;26.5;26.4;0.1;0.1;0.1;0.2;
2/2/2017 10:33:07 AM;192;26.5;27.7;26.5;26.4;0.1;0.1;0.1;0.2;
2/2/2017 10:33:08 AM;193;26.5;27.7;26.5;26.4;0.1;0.1;0.1;0.2;
2/2/2017 10:33:09 AM;194;26.5;27.7;26.5;26.4;0.1;0.1;0.1;0.2;
2/2/2017 10:33:10 AM;195;26.5;27.7;26.5;26.4;0.1;0.1;0.1;0.2;
2/2/2017 10:33:11 AM;196;26.5;27.7;26.5;26.4;0.1;0.1;0.1;0.2;
2/2/2017 10:33:12 AM;197;26.5;27.7;26.5;26.4;0.1;0.1;0.1;0.2;
2/2/2017 10:33:13 AM;198;26.5;27.7;26.5;26.4;0.1;0.1;0.1;0.2;
2/2/2017 10:33:14 AM;199;26.5;27.7;26.5;26.4;0.1;0.1;0.1;0.2;
2/2/2017 10:33:15 AM;200;26.5;27.7;26.5;26.4;0.1;0.1;0.1;0.2;
2/2/2017 10:33:16 AM;201;26.5;27.7;26.5;26.4;0.1;0.1;0.1;0.2;
2/2/2017 10:33:17 AM;202;26.5;27.7;26.5;26.4;0.1;0.1;0.1;0.2;
2/2/2017 10:33:18 AM;203;26.5;27.7;26.5;26.4;0.1;0.1;0.1;0.2;
2/2/2017 10:33:19 AM;204;26.5;27.7;26.5;26.4;0.1;0.1;0.1;0.2;
2/2/2017 10:33:20 AM;205;26.5;27.7;26.5;26.4;0.1;0.1;0.1;0.2;
2/2/2017 10:33:21 AM;206;26.5;27.7;26.5;26.4;0.1;0.1;0.1;0.2;
2/2/2017 10:33:22 AM;207;26.5;27.7;26.5;26.4;0.1;0.1;0.1;0.2;
2/2/2017 10:33:23 AM;208;26.5;27.7;26.5;26.4;0.1;0.1;0.1;0.2;
2/2/2017 10:33:24 AM;209;26.5;27.7;26.5;26.4;0.1;0.1;0.1;0.2;
2/2/2017 10:33:25 AM;210;26.5;27.7;26.5;26.4;0.1;0.1;0.1;0.2;
2/2/2017 10:33:26 AM;211;26.5;27.7;26.5;26.4;0.1;0.1;0.1;0.2;
2/2/2017 10:33:27 AM;212;26.5;27.7;26.5;26.4;0.1;0.1;0.1;0.2;
2/2/2017 10:33:28 AM;213;26.5;27.7;26.5;26.4;0.1;0.1;0.1;0.2;
2/2/2017 10:33:29 AM;214;26.5;27.7;26.5;26.4;0.1;0.1;0.1;0.2;
2/2/2017 10:33:30 AM;215;26.5;27.7;26.5;26.4;0.1;0.1;0.1;0.2;
2/2/2017 10:33:31 AM;216;26.5;27.7;26.5;26.4;0.1;0.1;0.1;0.2;
2/2/2017 10:33:32 AM;217;26.5;27.7;26.5;26.4;0.1;0.1;0.1;0.2;
2/2/2017 10:33:33 AM;218;26.5;27.7;26.5;26.4;0.1;0.1;0.1;0.2;
2/2/2017 10:33:34 AM;219;26.5;27.7;26.5;26.4;0.1;0.1;0.1;0.2;
2/2/2017 10:33:35 AM;220;26.5;27.7;26.5;26.4;0.1;0.1;0.1;0.2;
2/2/2017 10:33:36 AM;221;26.5;27.7;26.5;26.4;0.1;0.1;0.1;0.2;
2/2/2017 10:33:37 AM;222;26.5;27.7;26.5;26.4;0.1;0.1;0.1;0.2;
2/2/2017 10:33:38 AM;223;26.5;27.7;26.5;26.4;0.1;0.1;0.1;0.2;
2/2/2017 10:33:39 AM;224;26.5;27.7;26.5;26.4;0.1;0.1;0.1;0.2;
2/2/2017 10:33:40 AM;225;26.5;27.7;26.5;26.4;0.1;0.1;0.1;0.2;
2/2/2017 10:33:41 AM;226;26.5;27.7;26.5;26.4;0.1;0.1;0.1;0.2;
2/2/2017 10:33:42 AM;227;26.5;27.7;26.5;26.4;0.1;0.1;0.1;0.2;
2/2/2017 10:33:43 AM;228;26.5;27.7;26.5;26.4;0.1;0.1;0.1;0.2;
2/2/2017 10:33:44 AM;229;26.5;27.7;26.5;26.4;0.1;0.1;0.1;0.2;
2/2/2017 10:33:45 AM;230;26.5;27.7;26.5;26.4;0.1;0.1;0.1;0.2;
2/2/2017 10:33:46 AM;231;26.5;27.7;26.5;26.4;0.1;0.1;0.1;0.2;
2/2/2017 10:33:47 AM;232;26.5;27.7;26.5;26.4;0.1;0.1;0.1;0.2;
2/2/2017 10:33:48 AM;233;26.5;27.7;26.5;26.4;0.1;0.1;0.1;0.2;
2/2/2017 10:33:49 AM;234;26.5;27.7;26.5;26.4;0.1;0.1;0.1;0.2;
2/2/2017 10:33:50 AM;235;26.5;27.7;26.5;26.4;0.1;0.1;0.1;0.2;
2/2/2017 10:33:51 AM;236;26.5;27.7;26.5;26.4;0.1;0.1;0.1;0.2;
2/2/2017 10:33:52 AM;237;26.5;27.7;26.5;26.4;0.1;0.1;0.1;0.2;
2/2/2017 10:33:53 AM;238;26.5;27.7;26.5;26.4;0.1;0.1;0.1;0.2;
2/2/2017 10:33:54 AM;239;26.5;27.7;26.5;26.4;0.1;0.1;0.1;0.2;
2/2/2017 10:33:55 AM;240;26.5;27.7;26.5;26.4;0.1;0.1;0.1;0.2;
2/2/2017 10:33:56 AM;241;26.5;27.7;26.5;26.4;0.1;0.1;0.1;0.2;
2/2/2017 10:33:57 AM;242;26.5;27.7;26.5;26.4;0.1;0.1;0.1;0.2;
2/2/2017 10:33:58 AM;243;26.5;27.7;26.5;26.4;0.1;0.1;0.1;0.2;
2/2/2017 10:33:59 AM;244;26.5;27.7;26.5;26.4;0.1;0.1;0.1;0.2;
2/2/2017 10:34:00 AM;245;26.5;27.7;26.5;26.4;0.1;0.1;0.1;0.2;
2/2/2017 10:34:01 AM;246;26.5;27.7;26.5;26.4;0.1;0.1;0.1;0.2;
2/2/2017 10:34:02 AM;247;26.5;27.7;26.5;26.4;0.1;0.1;0.1;0.2;
2/2/2017 10:34:03 AM;248;26.5;27.7;26.5;26.4;0.1;0.1;0.1;0.2;
2/2/2017 10:34:04 AM;249;26.5;27.7;26.5;26.4;0.1;0.1;0.1;0.2;
2/2/2017 10:34:05 AM;250;26.5;27.7;26.5;26.4;0.1;0.1;0.1;0.2;
2/2/2017 10:34:06 AM;251;26.5;27.7;26.5;26.4;0.1;0.1;0.1;0.2;
2/2/2017 10:34:07 AM;252;26.5;27.7;26.5;26.3;0.1;0.1;0.1;0.2;
2/2/2017 10:34:08 AM;253;26.5;27.7;26.5;26.3;0.1;0.1;0.1;0.2;
2/2/2017 10:34:09 AM;254;26.5;27.7;26.5;26.3;0.1;0.1;0.1;0.2;
2/2/2017 10:34:10 AM;255;26.5;27.7;26.5;26.3;0.1;0.1;0.1;0.2;
2/2/2017 10:34:11 AM;256;26.5;27.7;26.5;26.3;0.1;0.1;0.1;0.2;
2/2/2017 10:34:12 AM;257;26.5;27.7;26.5;26.4;0.1;0.1;0.1;0.2;
2/2/2017 10:34:13 AM;258;26.5;27.7;26.5;26.4;0.1;0.1;0.1;0.2;
2/2/2017 10:34:14 AM;259;26.5;27.7;26.5;26.4;0.1;0.1;0.1;0.2;
2/2/2017 10:34:15 AM;260;26.5;27.7;26.5;26.4;0.1;0.1;0.1;0.2;
2/2/2017 10:34:16 AM;261;26.5;27.7;26.5;26.4;0.1;0.1;0.1;0.2;
2/2/2017 10:34:17 AM;262;26.5;27.7;26.5;26.4;0.1;0.1;0.1;0.2;
2/2/2017 10:34:18 AM;263;26.5;27.7;26.5;26.4;0.1;0.1;0.1;0.2;
2/2/2017 10:34:19 AM;264;26.5;27.7;26.5;26.4;0.1;0.1;0.1;0.2;
2/2/2017 10:34:20 AM;265;26.5;27.7;26.5;26.4;0.1;0.1;0.1;0.2;
2/2/2017 10:34:21 AM;266;26.5;27.7;26.5;26.4;0.1;0.1;0.1;0.2;
2/2/2017 10:34:22 AM;267;26.5;27.7;26.5;26.4;0.1;0.1;0.1;0.2;
2/2/2017 10:34:23 AM;268;26.5;27.7;26.5;26.4;0.1;0.1;0.1;0.2;
2/2/2017 10:34:24 AM;269;26.5;27.7;26.5;26.4;0.1;0.1;0.1;0.2;
2/2/2017 10:34:25 AM;270;26.5;27.7;26.5;26.4;0.1;0.1;0.1;0.2;
2/2/2017 10:34:26 AM;271;26.5;27.7;26.5;26.4;0.1;0.1;0.1;0.2;
2/2/2017 10:34:27 AM;272;26.5;27.7;26.5;26.4;0.1;0.1;0.1;0.2;
2/2/2017 10:34:28 AM;273;26.5;27.7;26.5;26.4;0.1;0.1;0.1;0.2;
2/2/2017 10:34:29 AM;274;26.5;27.7;26.5;26.4;0.1;0.1;0.1;0.2;
2/2/2017 10:34:30 AM;275;26.5;27.7;26.5;26.4;0.1;0.1;0.1;0.2;
2/2/2017 10:34:31 AM;276;26.5;27.7;26.5;26.4;0.1;0.1;0.1;0.2;
2/2/2017 10:34:32 AM;277;26.5;27.7;26.5;26.4;0.1;0.1;0.1;0.2;
2/2/2017 10:34:33 AM;278;26.5;27.7;26.5;26.4;0.1;0.1;0.1;0.2;
2/2/2017 10:34:34 AM;279;26.5;27.7;26.5;26.4;0.1;0.1;0.1;0.2;
2/2/2017 10:34:35 AM;280;26.5;27.7;26.5;26.4;0.1;0.1;0.1;0.2;
2/2/2017 10:34:36 AM;281;26.5;27.7;26.5;26.4;0.1;0.1;0.1;0.2;
2/2/2017 10:34:37 AM;282;26.5;27.7;26.5;26.4;0.1;0.1;0.1;0.2;
2/2/2017 10:34:38 AM;283;26.5;27.7;26.5;26.4;0.1;0.1;0.1;0.2;
2/2/2017 10:34:39 AM;284;26.5;27.7;26.5;26.4;0.1;0.1;0.1;0.2;
2/2/2017 10:34:40 AM;285;26.5;27.7;26.5;26.4;0.1;0.1;0.1;0.2;
2/2/2017 10:34:41 AM;286;26.5;27.7;26.5;26.4;0.1;0.1;0.1;0.2;
2/2/2017 10:34:42 AM;287;26.5;27.7;26.5;26.4;0.1;0.1;0.1;0.2;
2/2/2017 10:34:43 AM;288;26.5;27.7;26.5;26.4;0.1;0.1;0.1;0.2;
2/2/2017 10:34:44 AM;289;26.5;27.7;26.5;26.4;0.1;0.1;0.1;0.2;
2/2/2017 10:34:45 AM;290;26.5;27.7;26.5;26.4;0.1;0.1;0.1;0.2;
2/2/2017 10:34:46 AM;291;26.5;27.7;26.5;26.4;0.1;0.1;0.1;0.2;
2/2/2017 10:34:47 AM;292;26.5;27.7;26.5;26.4;0.1;0.1;0.1;0.2;
2/2/2017 10:34:48 AM;293;26.5;27.7;26.5;26.4;0.1;0.1;0.1;0.2;
2/2/2017 10:34:49 AM;294;26.5;27.7;26.5;26.4;0.1;0.1;0.1;0.2;
2/2/2017 10:34:50 AM;295;26.5;27.7;26.5;26.4;0.1;0.1;0.1;0.2;
2/2/2017 10:34:51 AM;296;26.5;27.7;26.5;26.4;0.1;0.1;0.1;0.2;
2/2/2017 10:34:52 AM;297;26.5;27.7;26.5;26.4;0.1;0.1;0.1;0.2;
2/2/2017 10:34:53 AM;298;26.5;27.7;26.5;26.4;0.1;0.1;0.1;0.2;
2/2/2017 10:34:54 AM;299;26.5;27.7;26.5;26.4;0.1;0.1;0.1;0.2;
2/2/2017 10:34:55 AM;300;26.5;27.7;26.5;26.4;0.1;0.1;0.1;0.2;
2/2/2017 10:34:56 AM;301;26.5;27.7;26.5;26.4;0.1;0.1;0.1;0.2;
2/2/2017 10:34:57 AM;302;26.5;27.7;26.5;26.4;0.1;0.1;0.1;0.2;
2/2/2017 10:34:58 AM;303;26.5;27.7;26.5;26.4;0.1;0.1;0.1;0.2;
2/2/2017 10:34:59 AM;304;26.5;27.7;26.5;26.4;0.1;0.1;0.1;0.2;
2/2/2017 10:35:00 AM;305;26.5;27.7;26.5;26.4;0.1;0.1;0.1;0.2;
2/2/2017 10:35:01 AM;306;26.5;27.7;26.5;26.4;0.1;0.1;0.1;0.2;
2/2/2017 10:35:02 AM;307;26.5;27.7;26.5;26.4;0.1;0.1;0.1;0.2;
2/2/2017 10:35:03 AM;308;26.5;27.7;26.5;26.4;0.1;0.1;0.1;0.2;
2/2/2017 10:35:04 AM;309;26.5;27.7;26.5;26.4;0.1;0.1;0.1;0.2;
2/2/2017 10:35:05 AM;310;26.5;27.7;26.5;26.4;0.1;0.1;0.1;0.2;
2/2/2017 10:35:06 AM;311;26.5;27.7;26.5;26.4;0.1;0.1;0.1;0.2;
2/2/2017 10:35:07 AM;312;26.5;27.7;26.5;26.4;0.1;0.1;0.1;0.2;
2/2/2017 10:35:08 AM;313;26.5;27.7;26.5;26.4;0.1;0.1;0.1;0.2;
2/2/2017 10:35:09 AM;314;26.5;27.7;26.5;26.4;0.1;0.1;0.1;0.2;
2/2/2017 10:35:10 AM;315;26.5;27.7;26.5;26.4;0.1;0.1;0.1;0.2;
2/2/2017 10:35:11 AM;316;26.5;27.7;26.5;26.4;0.1;0.1;0.1;0.2;
2/2/2017 10:35:12 AM;317;26.5;27.7;26.5;26.4;0.1;0.1;0.1;0.2;
2/2/2017 10:35:13 AM;318;26.5;27.7;26.5;26.4;0.1;0.1;0.1;0.2;
2/2/2017 10:35:14 AM;319;26.5;27.7;26.5;26.4;0.1;0.1;0.1;0.2;
2/2/2017 10:35:15 AM;320;26.5;27.7;26.5;26.4;0.1;0.1;0.1;0.2;
2/2/2017 10:35:16 AM;321;26.5;27.7;26.5;26.4;0.1;0.1;0.1;0.2;
2/2/2017 10:35:17 AM;322;26.5;27.7;26.5;26.4;0.1;0.1;0.1;0.2;
2/2/2017 10:35:18 AM;323;26.5;27.7;26.5;26.4;0.1;0.1;0.1;0.2;
2/2/2017 10:35:19 AM;324;26.5;27.7;26.5;26.4;0.1;0.1;0.1;0.2;
2/2/2017 10:35:20 AM;325;26.5;27.7;26.5;26.4;0.1;0.1;0.1;0.2;
2/2/2017 10:35:21 AM;326;26.5;27.7;26.5;26.4;0.1;0.1;0.1;0.2;
2/2/2017 10:35:22 AM;327;26.5;27.7;26.5;26.4;0.1;0.1;0.1;0.2;
2/2/2017 10:35:23 AM;328;26.5;27.7;26.5;26.4;0.1;0.1;0.1;0.2;
2/2/2017 10:35:24 AM;329;26.5;27.7;26.5;26.4;0.1;0.1;0.1;0.2;
2/2/2017 10:35:25 AM;330;26.5;27.7;26.5;26.4;0.1;0.1;0.1;0.2;
2/2/2017 10:35:26 AM;331;26.5;27.7;26.5;26.4;0.1;0.1;0.1;0.2;
2/2/2017 10:35:27 AM;332;26.5;27.7;26.5;26.4;0.1;0.1;0.1;0.2;
2/2/2017 10:35:28 AM;333;26.5;27.7;26.5;26.4;0.1;0.1;0.1;0.2;
2/2/2017 10:35:29 AM;334;26.5;27.7;26.5;26.4;0.1;0.1;0.1;0.2;
2/2/2017 10:35:30 AM;335;26.5;27.7;26.5;26.4;0.1;0.1;0.1;0.2;
2/2/2017 10:35:31 AM;336;26.5;27.7;26.5;26.4;0.1;0.1;0.1;0.2;
2/2/2017 10:35:32 AM;337;26.5;27.7;26.5;26.4;0.1;0.1;0.1;0.2;
2/2/2017 10:35:33 AM;338;26.5;27.7;26.5;26.4;0.1;0.1;0.1;0.2;
2/2/2017 10:35:34 AM;339;26.5;27.7;26.5;26.4;0.1;0.1;0.1;0.2;
2/2/2017 10:35:35 AM;340;26.5;27.7;26.5;26.4;0.1;0.1;0.1;0.2;
2/2/2017 10:35:36 AM;341;26.5;27.7;26.5;26.4;0.1;0.1;0.1;0.2;
2/2/2017 10:35:37 AM;342;26.5;27.7;26.5;26.4;0.1;0.1;0.1;0.2;
2/2/2017 10:35:38 AM;343;26.5;27.7;26.5;26.4;0.1;0.1;0.1;0.2;
2/2/2017 10:35:39 AM;344;26.5;27.7;26.5;26.4;0.1;0.1;0.1;0.2;
2/2/2017 10:35:40 AM;345;26.5;27.7;26.5;26.4;0.1;0.1;0.1;0.2;
2/2/2017 10:35:41 AM;346;26.5;27.7;26.5;26.4;0.1;0.1;0.1;0.2;
2/2/2017 10:35:42 AM;347;26.5;27.7;26.5;26.4;0.1;0.1;0.1;0.2;
2/2/2017 10:35:43 AM;348;26.5;27.7;26.5;26.4;0.1;0.1;0.1;0.2;
2/2/2017 10:35:44 AM;349;26.5;27.7;26.5;26.4;0.1;0.1;0.1;0.2;
2/2/2017 10:35:45 AM;350;26.5;27.7;26.5;26.4;0.1;0.1;0.1;0.2;
2/2/2017 10:35:46 AM;351;26.5;27.7;26.5;26.4;0.1;0.1;0.1;0.2;
2/2/2017 10:35:47 AM;352;26.5;27.7;26.5;26.4;0.1;0.1;0.1;0.2;
2/2/2017 10:35:48 AM;353;26.5;27.7;26.5;26.4;0.1;0.1;0.1;0.2;
2/2/2017 10:35:49 AM;354;26.5;27.7;26.5;26.4;0.1;0.1;0.1;0.2;
2/2/2017 10:35:50 AM;355;26.5;27.7;26.5;26.4;0.1;0.1;0.1;0.2;
2/2/2017 10:35:51 AM;356;26.5;27.7;26.5;26.4;0.1;0.1;0.1;0.2;
2/2/2017 10:35:52 AM;357;26.5;27.7;26.5;26.4;0.1;0.1;0.1;0.2;
2/2/2017 10:35:53 AM;358;26.5;27.7;26.5;26.4;0.1;0.1;0.1;0.2;
2/2/2017 10:35:54 AM;359;26.5;27.7;26.5;26.4;0.1;0.1;0.1;0.2;
2/2/2017 10:35:55 AM;360;26.5;27.7;26.5;26.4;0.1;0.1;0.1;0.2;
2/2/2017 10:35:56 AM;361;26.5;27.7;26.5;26.4;0.1;0.1;0.1;0.2;
2/2/2017 10:35:57 AM;362;26.5;27.7;26.5;26.4;0.1;0.1;0.1;0.2;
2/2/2017 10:35:58 AM;363;26.5;27.7;26.5;26.4;0.1;0.1;0.1;0.2;
2/2/2017 10:35:59 AM;364;26.5;27.7;26.5;26.4;0.1;0.1;0.1;0.2;
2/2/2017 10:36:00 AM;365;26.5;27.7;26.5;26.4;0.1;0.1;0.1;0.2;
2/2/2017 10:36:01 AM;366;26.5;27.7;26.5;26.4;0.1;0.1;0.1;0.2;
2/2/2017 10:36:02 AM;367;26.5;27.7;26.5;26.4;0.1;0.1;0.1;0.2;
2/2/2017 10:36:03 AM;368;26.5;27.7;26.5;26.4;0.1;0.1;0.1;0.2;
2/2/2017 10:36:04 AM;369;26.5;27.7;26.5;26.4;0.1;0.1;0.1;0.2;
2/2/2017 10:36:05 AM;370;26.5;27.7;26.5;26.4;0.1;0.1;0.1;0.2;
2/2/2017 10:36:06 AM;371;26.5;27.7;26.5;26.4;0.1;0.1;0.1;0.2;
2/2/2017 10:36:07 AM;372;26.5;27.7;26.5;26.4;0.1;0.1;0.1;0.2;
2/2/2017 10:36:08 AM;373;26.5;27.7;26.5;26.4;0.1;0.1;0.1;0.2;
2/2/2017 10:36:09 AM;374;26.5;27.7;26.5;26.4;0.1;0.1;0.1;0.2;
2/2/2017 10:36:10 AM;375;26.5;27.7;26.5;26.4;0.1;0.1;0.1;0.2;
2/2/2017 10:36:11 AM;376;26.5;27.7;26.5;26.4;0.1;0.1;0.1;0.2;
2/2/2017 10:36:12 AM;377;26.5;27.7;26.5;26.4;0.1;0.1;0.1;0.2;
2/2/2017 10:36:13 AM;378;26.5;27.7;26.5;26.4;0.1;0.1;0.1;0.2;
2/2/2017 10:36:14 AM;379;26.5;27.7;26.5;26.4;0.1;0.1;0.1;0.2;
2/2/2017 10:36:15 AM;380;26.5;27.7;26.5;26.4;0.1;0.1;0.1;0.2;
2/2/2017 10:36:16 AM;381;26.5;27.7;26.5;26.4;0.1;0.1;0.1;0.2;
2/2/2017 10:36:17 AM;382;26.5;27.7;26.5;26.4;0.1;0.1;0.1;0.2;
2/2/2017 10:36:18 AM;383;26.5;27.7;26.5;26.4;0.1;0.1;0.1;0.2;
2/2/2017 10:36:19 AM;384;26.5;27.7;26.5;26.4;0.1;0.1;0.1;0.2;
2/2/2017 10:36:20 AM;385;26.5;27.7;26.5;26.4;0.1;0.1;0.1;0.2;
2/2/2017 10:36:21 AM;386;26.5;27.7;26.5;26.4;0.1;0.1;0.1;0.2;
2/2/2017 10:36:22 AM;387;26.5;27.7;26.5;26.4;0.1;0.1;0.1;0.2;
2/2/2017 10:36:23 AM;388;26.5;27.7;26.5;26.4;0.1;0.1;0.1;0.2;
2/2/2017 10:36:24 AM;389;26.5;27.7;26.5;26.4;0.1;0.1;0.1;0.2;
2/2/2017 10:36:25 AM;390;26.5;27.7;26.5;26.4;0.1;0.1;0.1;0.2;
2/2/2017 10:36:26 AM;391;26.5;27.7;26.5;26.4;0.1;0.1;0.1;0.2;
2/2/2017 10:36:27 AM;392;26.5;27.7;26.5;26.4;0.1;0.1;0.1;0.2;
2/2/2017 10:36:28 AM;393;26.5;27.7;26.5;26.4;0.1;0.1;0.1;0.2;
2/2/2017 10:36:29 AM;394;26.5;27.7;26.5;26.4;0.1;0.1;0.1;0.2;
2/2/2017 10:36:30 AM;395;26.5;27.7;26.5;26.4;0.1;0.1;0.1;0.2;
2/2/2017 10:36:31 AM;396;26.5;27.7;26.5;26.4;0.1;0.1;0.1;0.2;
2/2/2017 10:36:32 AM;397;26.5;27.7;26.5;26.4;0.1;0.1;0.1;0.2;
2/2/2017 10:36:33 AM;398;26.5;27.7;26.5;26.4;0.1;0.1;0.1;0.2;
2/2/2017 10:36:34 AM;399;26.5;27.7;26.5;26.4;0.1;0.1;0.1;0.2;
2/2/2017 10:36:35 AM;400;26.5;27.7;26.5;26.4;0.1;0.1;0.1;0.2;
2/2/2017 10:36:36 AM;401;26.5;27.7;26.5;26.4;0.1;0.1;0.1;0.2;
2/2/2017 10:36:37 AM;402;26.5;27.7;26.5;26.4;0.1;0.1;0.1;0.2;
2/2/2017 10:36:38 AM;403;26.5;27.7;26.5;26.4;0.1;0.1;0.1;0.2;
2/2/2017 10:36:39 AM;404;26.5;27.7;26.5;26.4;0.1;0.1;0.1;0.2;
2/2/2017 10:36:40 AM;405;26.5;27.7;26.5;26.4;0.1;0.1;0.1;0.2;
2/2/2017 10:36:41 AM;406;26.5;27.7;26.5;26.4;0.1;0.1;0.1;0.2;
2/2/2017 10:36:42 AM;407;26.5;27.7;26.5;26.4;0.1;0.1;0.1;0.2;
2/2/2017 10:36:43 AM;408;26.5;27.7;26.5;26.4;0.1;0.1;0.1;0.2;
2/2/2017 10:36:44 AM;409;26.5;27.7;26.5;26.4;0.1;0.1;0.1;0.2;
2/2/2017 10:36:45 AM;410;26.5;27.7;26.5;26.4;0.1;0.1;0.1;0.2;
2/2/2017 10:36:46 AM;411;26.5;27.7;26.5;26.4;0.1;0.1;0.1;0.2;
2/2/2017 10:36:47 AM;412;26.5;27.7;26.5;26.4;0.1;0.1;0.1;0.2;
2/2/2017 10:36:48 AM;413;26.5;27.7;26.5;26.4;0.1;0.1;0.1;0.2;
2/2/2017 10:36:49 AM;414;26.5;27.7;26.5;26.4;0.1;0.1;0.1;0.2;
2/2/2017 10:36:50 AM;415;26.5;27.7;26.5;26.4;0.1;0.1;0.1;0.2;
2/2/2017 10:36:51 AM;416;26.5;27.7;26.5;26.4;0.1;0.1;0.1;0.2;
2/2/2017 10:36:52 AM;417;26.5;27.7;26.5;26.4;0.1;0.1;0.1;0.2;
2/2/2017 10:36:53 AM;418;26.5;27.7;26.5;26.4;0.1;0.1;0.1;0.2;
2/2/2017 10:36:54 AM;419;26.5;27.7;26.5;26.4;0.1;0.1;0.1;0.2;
2/2/2017 10:36:55 AM;420;26.5;27.7;26.5;26.4;0.1;0.1;0.1;0.2;
2/2/2017 10:36:56 AM;421;26.5;27.7;26.5;26.4;0.1;0.1;0.1;0.2;
2/2/2017 10:36:57 AM;422;26.5;27.7;26.5;26.4;0.1;0.1;0.1;0.2;
2/2/2017 10:36:58 AM;423;26.5;27.7;26.5;26.4;0.1;0.1;0.1;0.2;
2/2/2017 10:36:59 AM;424;26.5;27.7;26.5;26.4;0.1;0.1;0.1;0.2;
2/2/2017 10:37:00 AM;425;26.5;27.7;26.5;26.4;0.1;0.1;0.1;0.2;
2/2/2017 10:37:01 AM;426;26.5;27.7;26.5;26.4;0.1;0.1;0.1;0.2;
2/2/2017 10:37:02 AM;427;26.5;27.7;26.5;26.4;0.1;0.1;0.1;0.2;
2/2/2017 10:37:03 AM;428;26.5;27.7;26.5;26.4;0.1;0.1;0.1;0.2;
2/2/2017 10:37:04 AM;429;26.5;27.7;26.5;26.4;0.1;0.1;0.1;0.2;
2/2/2017 10:37:05 AM;430;26.5;27.7;26.5;26.4;0.1;0.1;0.1;0.2;
2/2/2017 10:37:06 AM;431;26.5;27.7;26.5;26.4;0.1;0.1;0.1;0.2;
2/2/2017 10:37:07 AM;432;26.5;27.7;26.5;26.4;0.1;0.1;0.1;0.2;
2/2/2017 10:37:08 AM;433;26.5;27.7;26.5;26.4;0.1;0.1;0.1;0.2;
2/2/2017 10:37:09 AM;434;26.5;27.7;26.5;26.4;0.1;0.1;0.1;0.2;
2/2/2017 10:37:10 AM;435;26.5;27.7;26.5;26.4;0.1;0.1;0.1;0.2;
2/2/2017 10:37:11 AM;436;26.5;27.7;26.5;26.4;0.1;0.1;0.1;0.2;
2/2/2017 10:37:12 AM;437;26.5;27.7;26.5;26.4;0.1;0.1;0.1;0.2;
2/2/2017 10:37:13 AM;438;26.5;27.7;26.5;26.4;0.1;0.1;0.1;0.2;
2/2/2017 10:37:14 AM;439;26.5;27.7;26.5;26.4;0.1;0.1;0.1;0.2;
2/2/2017 10:37:15 AM;440;26.5;27.7;26.5;26.4;0.1;0.1;0.1;0.2;
2/2/2017 10:37:16 AM;441;26.5;27.7;26.5;26.4;0.1;0.1;0.1;0.2;
2/2/2017 10:37:17 AM;442;26.5;27.7;26.5;26.4;0.1;0.1;0.1;0.2;
2/2/2017 10:37:18 AM;443;26.5;27.7;26.5;26.4;0.1;0.1;0.1;0.2;
2/2/2017 10:37:19 AM;444;26.5;27.7;26.5;26.4;0.1;0.1;0.1;0.2;
2/2/2017 10:37:20 AM;445;26.5;27.7;26.5;26.4;0.1;0.1;0.1;0.2;
2/2/2017 10:37:21 AM;446;26.5;27.7;26.5;26.4;0.1;0.1;0.1;0.2;
2/2/2017 10:37:22 AM;447;26.5;27.7;26.5;26.4;0.1;0.1;0.1;0.2;
2/2/2017 10:37:23 AM;448;26.5;27.7;26.5;26.4;0.1;0.1;0.1;0.2;
2/2/2017 10:37:24 AM;449;26.5;27.7;26.5;26.4;0.1;0.1;0.1;0.2;
2/2/2017 10:37:25 AM;450;26.5;27.7;26.5;26.4;0.1;0.1;0.1;0.2;
2/2/2017 10:37:26 AM;451;26.5;27.7;26.5;26.4;0.1;0.1;0.1;0.2;
2/2/2017 10:37:27 AM;452;26.5;27.7;26.5;26.4;0.1;0.1;0.1;0.2;
2/2/2017 10:37:28 AM;453;26.5;27.7;26.5;26.4;0.1;0.1;0.1;0.2;
2/2/2017 10:37:29 AM;454;26.5;27.7;26.5;26.4;0.1;0.1;0.1;0.2;
2/2/2017 10:37:30 AM;455;26.5;27.7;26.5;26.4;0.1;0.1;0.1;0.2;
2/2/2017 10:37:31 AM;456;26.5;27.7;26.5;26.4;0.1;0.1;0.1;0.2;
2/2/2017 10:37:32 AM;457;26.5;27.7;26.5;26.4;0.1;0.1;0.1;0.2;
2/2/2017 10:37:33 AM;458;26.5;27.7;26.5;26.4;0.1;0.1;0.1;0.2;
2/2/2017 10:37:34 AM;459;26.5;27.7;26.5;26.4;0.1;0.1;0.1;0.2;
2/2/2017 10:37:35 AM;460;26.5;27.7;26.5;26.4;0.1;0.1;0.1;0.2;
2/2/2017 10:37:36 AM;461;26.5;27.7;26.5;26.4;0.1;0.1;0.1;0.2;
2/2/2017 10:37:37 AM;462;26.5;27.7;26.5;26.4;0.1;0.1;0.1;0.2;
2/2/2017 10:37:38 AM;463;26.5;27.7;26.5;26.4;0.1;0.1;0.1;0.2;
2/2/2017 10:37:39 AM;464;26.5;27.7;26.5;26.4;0.1;0.1;0.1;0.2;
2/2/2017 10:37:40 AM;465;26.5;27.7;26.5;26.4;0.1;0.1;0.1;0.2;
2/2/2017 10:37:41 AM;466;26.5;27.7;26.5;26.4;0.1;0.1;0.1;0.2;
2/2/2017 10:37:42 AM;467;26.5;27.7;26.5;26.4;0.1;0.1;0.1;0.2;
2/2/2017 10:37:43 AM;468;26.5;27.7;26.5;26.4;0.1;0.1;0.1;0.2;
2/2/2017 10:37:44 AM;469;26.5;27.7;26.5;26.4;0.1;0.1;0.1;0.2;
2/2/2017 10:37:45 AM;470;26.5;27.7;26.5;26.4;0.1;0.1;0.1;0.2;
2/2/2017 10:37:46 AM;471;26.5;27.7;26.5;26.4;0.1;0.1;0.1;0.2;
2/2/2017 10:37:47 AM;472;26.5;27.7;26.5;26.4;0.1;0.1;0.1;0.2;
2/2/2017 10:37:48 AM;473;26.5;27.7;26.5;26.4;0.1;0.1;0.1;0.2;
2/2/2017 10:37:49 AM;474;26.5;27.7;26.5;26.4;0.1;0.1;0.1;0.2;
2/2/2017 10:37:50 AM;475;26.5;27.7;26.5;26.4;0.1;0.1;0.1;0.2;
2/2/2017 10:37:51 AM;476;26.5;27.7;26.5;26.4;0.1;0.1;0.1;0.2;
2/2/2017 10:37:52 AM;477;26.5;27.7;26.5;26.4;0.1;0.1;0.1;0.2;
2/2/2017 10:37:53 AM;478;26.5;27.7;26.5;26.4;0.1;0.1;0.1;0.2;
2/2/2017 10:37:54 AM;479;26.5;27.7;26.5;26.4;0.1;0.1;0.1;0.2;
2/2/2017 10:37:55 AM;480;26.5;27.7;26.5;26.4;0.1;0.1;0.1;0.2;
2/2/2017 10:37:56 AM;481;26.5;27.7;26.5;26.4;0.1;0.1;0.1;0.2;
2/2/2017 10:37:57 AM;482;26.5;27.7;26.5;26.4;0.1;0.1;0.1;0.2;
2/2/2017 10:37:58 AM;483;26.5;27.7;26.5;26.4;0.1;0.1;0.1;0.2;
2/2/2017 10:37:59 AM;484;26.5;27.7;26.5;26.4;0.1;0.1;0.1;0.2;
2/2/2017 10:38:00 AM;485;26.5;27.7;26.5;26.4;0.1;0.1;0.1;0.2;
2/2/2017 10:38:01 AM;486;26.5;27.7;26.5;26.4;0.1;0.1;0.1;0.2;
2/2/2017 10:38:02 AM;487;26.5;27.7;26.5;26.4;0.1;0.1;0.1;0.2;
2/2/2017 10:38:03 AM;488;26.5;27.7;26.5;26.4;0.1;0.1;0.1;0.2;
2/2/2017 10:38:04 AM;489;26.5;27.7;26.5;26.4;0.1;0.1;0.1;0.2;
2/2/2017 10:38:05 AM;490;26.5;27.7;26.5;26.4;0.1;0.1;0.1;0.2;
2/2/2017 10:38:06 AM;491;26.5;27.7;26.5;26.4;0.1;0.1;0.1;0.2;
2/2/2017 10:38:07 AM;492;26.5;27.7;26.5;26.4;0.1;0.1;0.1;0.2;
2/2/2017 10:38:08 AM;493;26.5;27.7;26.5;26.4;0.1;0.1;0.1;0.2;
2/2/2017 10:38:09 AM;494;26.5;27.7;26.5;26.4;0.1;0.1;0.1;0.2;
2/2/2017 10:38:10 AM;495;26.5;27.7;26.5;26.4;0.1;0.1;0.1;0.2;
2/2/2017 10:38:11 AM;496;26.5;27.7;26.5;26.4;0.1;0.1;0.1;0.2;
2/2/2017 10:38:12 AM;497;26.5;27.7;26.5;26.4;0.1;0.1;0.1;0.2;
2/2/2017 10:38:13 AM;498;26.5;27.7;26.5;26.4;0.1;0.1;0.1;0.2;
2/2/2017 10:38:14 AM;499;26.5;27.7;26.5;26.4;0.1;0.1;0.1;0.2;
2/2/2017 10:38:15 AM;500;26.5;27.7;26.5;26.4;0.1;0.1;0.1;0.2;
2/2/2017 10:38:16 AM;501;26.5;27.7;26.5;26.4;0.1;0.1;0.1;0.2;
2/2/2017 10:38:17 AM;502;26.5;27.7;26.5;26.4;0.1;0.1;0.1;0.2;
2/2/2017 10:38:18 AM;503;26.5;27.7;26.5;26.4;0.1;0.1;0.1;0.2;
2/2/2017 10:38:19 AM;504;26.5;27.7;26.5;26.4;0.1;0.1;0.1;0.2;
2/2/2017 10:38:20 AM;505;26.5;27.7;26.5;26.4;0.1;0.1;0.1;0.2;
2/2/2017 10:38:21 AM;506;26.5;27.7;26.5;26.4;0.1;0.1;0.1;0.2;
2/2/2017 10:38:22 AM;507;26.5;27.7;26.5;26.4;0.1;0.1;0.1;0.2;
2/2/2017 10:38:23 AM;508;26.5;27.7;26.5;26.4;0.1;0.1;0.1;0.2;
2/2/2017 10:38:24 AM;509;26.5;27.7;26.5;26.4;0.1;0.1;0.1;0.2;
2/2/2017 10:38:25 AM;510;26.5;27.7;26.5;26.4;0.1;0.1;0.1;0.2;
2/2/2017 10:38:26 AM;511;26.5;27.7;26.5;26.4;0.1;0.1;0.1;0.2;
2/2/2017 10:38:27 AM;512;26.5;27.7;26.5;26.4;0.1;0.1;0.1;0.2;
2/2/2017 10:38:28 AM;513;26.5;27.7;26.5;26.4;0.1;0.1;0.1;0.2;
2/2/2017 10:38:29 AM;514;26.5;27.7;26.5;26.4;0.1;0.1;0.1;0.2;
2/2/2017 10:38:30 AM;515;26.5;27.7;26.5;26.4;0.1;0.1;0.1;0.2;
2/2/2017 10:38:31 AM;516;26.5;27.7;26.5;26.4;0.1;0.1;0.1;0.2;
2/2/2017 10:38:32 AM;517;26.5;27.7;26.5;26.4;0.1;0.1;0.1;0.2;
2/2/2017 10:38:33 AM;518;26.5;27.7;26.5;26.4;0.1;0.1;0.1;0.2;
2/2/2017 10:38:34 AM;519;26.5;27.7;26.5;26.4;0.1;0.1;0.1;0.2;
2/2/2017 10:38:35 AM;520;26.5;27.7;26.5;26.4;0.1;0.1;0.1;0.2;
2/2/2017 10:38:36 AM;521;26.5;27.7;26.5;26.4;0.1;0.1;0.1;0.2;
2/2/2017 10:38:37 AM;522;26.5;27.7;26.5;26.4;0.1;0.1;0.1;0.2;
2/2/2017 10:38:38 AM;523;26.5;27.7;26.5;26.4;0.1;0.1;0.1;0.2;
2/2/2017 10:38:39 AM;524;26.5;27.7;26.5;26.4;0.1;0.1;0.1;0.2;
2/2/2017 10:38:40 AM;525;26.5;27.7;26.5;26.4;0.1;0.1;0.1;0.2;
2/2/2017 10:38:41 AM;526;26.5;27.7;26.5;26.4;0.1;0.1;0.1;0.2;
2/2/2017 10:38:42 AM;527;26.5;27.7;26.5;26.4;0.1;0.1;0.1;0.2;
2/2/2017 10:38:43 AM;528;26.5;27.7;26.5;26.4;0.1;0.1;0.1;0.2;
2/2/2017 10:38:44 AM;529;26.5;27.7;26.5;26.4;0.1;0.1;0.1;0.2;
2/2/2017 10:38:45 AM;530;26.5;27.7;26.5;26.4;0.1;0.1;0.1;0.2;
2/2/2017 10:38:46 AM;531;26.5;27.7;26.5;26.4;0.1;0.1;0.1;0.2;
2/2/2017 10:38:47 AM;532;26.5;27.7;26.5;26.4;0.1;0.1;0.1;0.2;
2/2/2017 10:38:48 AM;533;26.5;27.7;26.5;26.4;0.1;0.1;0.1;0.2;
2/2/2017 10:38:49 AM;534;26.5;27.7;26.5;26.4;0.1;0.1;0.1;0.2;
2/2/2017 10:38:50 AM;535;26.5;27.7;26.5;26.4;0.1;0.1;0.1;0.2;
2/2/2017 10:38:51 AM;536;26.5;27.7;26.5;26.4;0.1;0.1;0.1;0.2;
2/2/2017 10:38:52 AM;537;26.5;27.7;26.5;26.4;0.1;0.1;0.1;0.2;
2/2/2017 10:38:53 AM;538;26.5;27.7;26.5;26.4;0.1;0.1;0.1;0.2;
2/2/2017 10:38:54 AM;539;26.5;27.7;26.5;26.4;0.1;0.1;0.1;0.2;
2/2/2017 10:38:55 AM;540;26.5;27.7;26.5;26.4;0.1;0.1;0.1;0.2;
2/2/2017 10:38:56 AM;541;26.5;27.7;26.5;26.4;0.1;0.1;0.1;0.2;
2/2/2017 10:38:57 AM;542;26.5;27.7;26.5;26.4;0.1;0.1;0.1;0.2;
2/2/2017 10:38:58 AM;543;26.5;27.7;26.5;26.4;0.1;0.1;0.1;0.2;
2/2/2017 10:38:59 AM;544;26.5;27.7;26.5;26.4;0.1;0.1;0.1;0.2;
2/2/2017 10:39:00 AM;545;26.5;27.7;26.5;26.4;0.1;0.1;0.1;0.2;
2/2/2017 10:39:01 AM;546;26.5;27.7;26.5;26.4;0.1;0.1;0.1;0.2;
2/2/2017 10:39:02 AM;547;26.5;27.7;26.5;26.4;0.1;0.1;0.1;0.2;
2/2/2017 10:39:03 AM;548;26.5;27.7;26.5;26.4;0.1;0.1;0.1;0.2;
2/2/2017 10:39:04 AM;549;26.5;27.7;26.5;26.4;0.1;0.1;0.1;0.2;
2/2/2017 10:39:05 AM;550;26.5;27.7;26.5;26.4;0.1;0.1;0.1;0.2;
2/2/2017 10:39:06 AM;551;26.5;27.7;26.5;26.4;0.1;0.1;0.1;0.2;
2/2/2017 10:39:07 AM;552;26.5;27.7;26.5;26.4;0.1;0.1;0.1;0.2;
2/2/2017 10:39:08 AM;553;26.5;27.7;26.5;26.4;0.1;0.1;0.1;0.2;
2/2/2017 10:39:09 AM;554;26.5;27.7;26.5;26.4;0.1;0.1;0.1;0.2;
2/2/2017 10:39:10 AM;555;26.5;27.7;26.5;26.4;0.1;0.1;0.1;0.2;
2/2/2017 10:39:11 AM;556;26.5;27.7;26.5;26.4;0.1;0.1;0.1;0.2;
2/2/2017 10:39:12 AM;557;26.5;27.7;26.5;26.4;0.1;0.1;0.1;0.2;
2/2/2017 10:39:13 AM;558;26.5;27.7;26.5;26.4;0.1;0.1;0.1;0.2;
2/2/2017 10:39:14 AM;559;26.5;27.7;26.5;26.4;0.1;0.1;0.1;0.2;
2/2/2017 10:39:15 AM;560;26.5;27.7;26.5;26.4;0.1;0.1;0.1;0.2;
2/2/2017 10:39:16 AM;561;26.5;27.7;26.5;26.4;0.1;0.1;0.1;0.2;
2/2/2017 10:39:17 AM;562;26.5;27.7;26.5;26.4;0.1;0.1;0.1;0.2;
2/2/2017 10:39:18 AM;563;26.5;27.7;26.5;26.4;0.1;0.1;0.1;0.2;
2/2/2017 10:39:19 AM;564;26.5;27.7;26.5;26.4;0.1;0.1;0.1;0.2;
2/2/2017 10:39:20 AM;565;26.5;27.7;26.5;26.4;0.1;0.1;0.1;0.2;
2/2/2017 10:39:21 AM;566;26.5;27.7;26.5;26.4;0.1;0.1;0.1;0.2;
2/2/2017 10:39:22 AM;567;26.5;27.7;26.5;26.4;0.1;0.1;0.1;0.2;
2/2/2017 10:39:23 AM;568;26.5;27.7;26.5;26.4;0.1;0.1;0.1;0.2;
2/2/2017 10:39:24 AM;569;26.5;27.7;26.5;26.4;0.1;0.1;0.1;0.2;
2/2/2017 10:39:25 AM;570;26.5;27.7;26.5;26.4;0.1;0.1;0.1;0.2;
2/2/2017 10:39:26 AM;571;26.5;27.7;26.5;26.4;0.1;0.1;0.1;0.2;
2/2/2017 10:39:27 AM;572;26.5;27.7;26.5;26.4;0.1;0.1;0.1;0.2;
2/2/2017 10:39:28 AM;573;26.5;27.7;26.5;26.4;0.1;0.1;0.1;0.2;
2/2/2017 10:39:29 AM;574;26.5;27.7;26.5;26.4;0.1;0.1;0.1;0.2;
2/2/2017 10:39:30 AM;575;26.5;27.7;26.5;26.4;0.1;0.1;0.1;0.2;
2/2/2017 10:39:31 AM;576;26.5;27.7;26.5;26.4;0.1;0.1;0.1;0.2;
2/2/2017 10:39:32 AM;577;26.5;27.7;26.5;26.4;0.1;0.1;0.1;0.2;
2/2/2017 10:39:33 AM;578;26.5;27.7;26.5;26.4;0.1;0.1;0.1;0.2;
2/2/2017 10:39:34 AM;579;26.5;27.7;26.5;26.4;0.1;0.1;0.1;0.2;
2/2/2017 10:39:35 AM;580;26.5;27.7;26.5;26.4;0.1;0.1;0.1;0.2;
2/2/2017 10:39:36 AM;581;26.5;27.7;26.5;26.4;0.1;0.1;0.1;0.2;
2/2/2017 10:39:37 AM;582;26.5;27.7;26.5;26.4;0.1;0.1;0.1;0.2;
2/2/2017 10:39:38 AM;583;26.5;27.7;26.5;26.4;0.1;0.1;0.1;0.2;
2/2/2017 10:39:39 AM;584;26.5;27.7;26.5;26.4;0.1;0.1;0.1;0.2;
2/2/2017 10:39:40 AM;585;26.5;27.7;26.5;26.4;0.1;0.1;0.1;0.2;
2/2/2017 10:39:41 AM;586;26.5;27.7;26.5;26.4;0.1;0.1;0.1;0.2;
2/2/2017 10:39:42 AM;587;26.5;27.7;26.5;26.4;0.1;0.1;0.1;0.2;
2/2/2017 10:39:43 AM;588;26.5;27.7;26.5;26.4;0.1;0.1;0.1;0.2;
2/2/2017 10:39:44 AM;589;26.5;27.7;26.5;26.4;0.1;0.1;0.1;0.2;
2/2/2017 10:39:45 AM;590;26.5;27.7;26.5;26.4;0.1;0.1;0.1;0.2;
2/2/2017 10:39:46 AM;591;26.5;27.7;26.5;26.4;0.1;0.1;0.1;0.2;
2/2/2017 10:39:47 AM;592;26.5;27.7;26.5;26.4;0.1;0.1;0.1;0.2;
2/2/2017 10:39:48 AM;593;26.5;27.7;26.5;26.4;0.1;0.1;0.1;0.2;
2/2/2017 10:39:49 AM;594;26.5;27.7;26.5;26.4;0.1;0.1;0.1;0.2;
2/2/2017 10:39:50 AM;595;26.5;27.7;26.5;26.4;0.1;0.1;0.1;0.2;
2/2/2017 10:39:51 AM;596;26.5;27.7;26.5;26.4;0.1;0.1;0.1;0.2;
2/2/2017 10:39:52 AM;597;26.5;27.7;26.5;26.4;0.1;0.1;0.1;0.2;
2/2/2017 10:39:53 AM;598;26.5;27.7;26.5;26.4;0.1;0.1;0.1;0.2;
2/2/2017 10:39:54 AM;599;26.5;27.7;26.5;26.4;0.1;0.1;0.1;0.2;
2/2/2017 10:39:55 AM;600;26.5;27.7;26.5;26.4;0.1;0.1;0.1;0.2;
2/2/2017 10:39:56 AM;601;26.5;27.7;26.5;26.4;0.1;0.1;0.1;0.2;
2/2/2017 10:39:57 AM;602;26.5;27.7;26.5;26.4;0.1;0.1;0.1;0.2;
2/2/2017 10:39:58 AM;603;26.5;27.7;26.5;26.4;0.1;0.1;0.1;0.2;
2/2/2017 10:39:59 AM;604;26.5;27.7;26.5;26.4;0.1;0.1;0.1;0.2;
2/2/2017 10:40:00 AM;605;26.5;27.7;26.5;26.4;0.1;0.1;0.1;0.2;
2/2/2017 10:40:01 AM;606;26.5;27.7;26.5;26.4;0.1;0.1;0.1;0.2;
2/2/2017 10:40:02 AM;607;26.5;27.7;26.5;26.4;0.1;0.1;0.1;0.2;
2/2/2017 10:40:03 AM;608;26.5;27.7;26.5;26.4;0.1;0.1;0.1;0.2;
2/2/2017 10:40:04 AM;609;26.5;27.7;26.5;26.4;0.1;0.1;0.1;0.2;
2/2/2017 10:40:05 AM;610;26.5;27.7;26.5;26.4;0.1;0.1;0.1;0.2;
2/2/2017 10:40:06 AM;611;26.5;27.7;26.5;26.4;0.1;0.1;0.1;0.2;
2/2/2017 10:40:07 AM;612;26.5;27.7;26.5;26.4;0.1;0.1;0.1;0.2;
2/2/2017 10:40:08 AM;613;26.5;27.7;26.5;26.4;0.1;0.1;0.1;0.2;
2/2/2017 10:40:09 AM;614;26.5;27.7;26.5;26.4;0.1;0.1;0.1;0.2;
2/2/2017 10:40:10 AM;615;26.5;27.7;26.5;26.4;0.1;0.1;0.1;0.2;
2/2/2017 10:40:11 AM;616;26.5;27.7;26.5;26.4;0.1;0.1;0.1;0.2;
2/2/2017 10:40:12 AM;617;26.5;27.7;26.5;26.4;0.1;0.1;0.1;0.2;
2/2/2017 10:40:13 AM;618;26.5;27.7;26.5;26.4;0.1;0.1;0.1;0.2;
2/2/2017 10:40:14 AM;619;26.5;27.7;26.5;26.4;0.1;0.1;0.1;0.2;
2/2/2017 10:40:15 AM;620;26.5;27.7;26.5;26.4;0.1;0.1;0.1;0.2;
2/2/2017 10:40:16 AM;621;26.5;27.7;26.5;26.4;0.1;0.1;0.1;0.2;
2/2/2017 10:40:17 AM;622;26.5;27.7;26.5;26.4;0.1;0.1;0.1;0.2;
2/2/2017 10:40:18 AM;623;26.5;27.7;26.5;26.4;0.1;0.1;0.1;0.2;
2/2/2017 10:40:19 AM;624;26.5;27.7;26.5;26.4;0.1;0.1;0.1;0.2;
2/2/2017 10:40:20 AM;625;26.5;27.7;26.5;26.4;0.1;0.1;0.1;0.2;
2/2/2017 10:40:21 AM;626;26.5;27.7;26.5;26.4;0.1;0.1;0.1;0.2;
2/2/2017 10:40:22 AM;627;26.5;27.7;26.5;26.4;0.1;0.1;0.1;0.2;
2/2/2017 10:40:23 AM;628;26.5;27.7;26.5;26.4;0.1;0.1;0.1;0.2;
2/2/2017 10:40:24 AM;629;26.5;27.7;26.5;26.4;0.1;0.1;0.1;0.2;
2/2/2017 10:40:25 AM;630;26.5;27.7;26.5;26.4;0.1;0.1;0.1;0.2;
2/2/2017 10:40:26 AM;631;26.5;27.7;26.5;26.4;0.1;0.1;0.1;0.2;
2/2/2017 10:40:27 AM;632;26.5;27.7;26.5;26.4;0.1;0.1;0.1;0.2;
2/2/2017 10:40:28 AM;633;26.5;27.7;26.5;26.4;0.1;0.1;0.1;0.2;
2/2/2017 10:40:29 AM;634;26.5;27.7;26.5;26.4;0.1;0.1;0.1;0.2;
2/2/2017 10:40:30 AM;635;26.5;27.7;26.5;26.4;0.1;0.1;0.1;0.2;
2/2/2017 10:40:31 AM;636;26.5;27.7;26.5;26.4;0.1;0.1;0.1;0.2;
2/2/2017 10:40:32 AM;637;26.5;27.7;26.5;26.4;0.1;0.1;0.1;0.2;
2/2/2017 10:40:33 AM;638;26.5;27.7;26.5;26.4;0.1;0.1;0.1;0.2;
2/2/2017 10:40:34 AM;639;26.5;27.7;26.5;26.4;0.1;0.1;0.1;0.2;
2/2/2017 10:40:35 AM;640;26.5;27.7;26.5;26.4;0.1;0.1;0.1;0.2;
2/2/2017 10:40:36 AM;641;26.5;27.7;26.5;26.4;0.1;0.1;0.1;0.2;
2/2/2017 10:40:37 AM;642;26.5;27.7;26.5;26.4;0.1;0.1;0.1;0.2;
2/2/2017 10:40:38 AM;643;26.5;27.7;26.5;26.4;0.1;0.1;0.1;0.2;
2/2/2017 10:40:39 AM;644;26.5;27.7;26.5;26.4;0.1;0.1;0.1;0.2;
2/2/2017 10:40:40 AM;645;26.5;27.7;26.5;26.4;0.1;0.1;0.1;0.2;
2/2/2017 10:40:41 AM;646;26.5;27.7;26.5;26.4;0.1;0.1;0.1;0.2;
2/2/2017 10:40:42 AM;647;26.5;27.7;26.5;26.4;0.1;0.1;0.1;0.2;
2/2/2017 10:40:43 AM;648;26.5;27.7;26.5;26.4;0.1;0.1;0.1;0.2;
2/2/2017 10:40:44 AM;649;26.5;27.7;26.5;26.4;0.1;0.1;0.1;0.2;
2/2/2017 10:40:45 AM;650;26.5;27.7;26.5;26.4;0.1;0.1;0.1;0.2;
2/2/2017 10:40:46 AM;651;26.5;27.7;26.5;26.4;0.1;0.1;0.1;0.2;
2/2/2017 10:40:47 AM;652;26.5;27.7;26.5;26.4;0.1;0.1;0.1;0.2;
2/2/2017 10:40:48 AM;653;26.5;27.7;26.5;26.4;0.1;0.1;0.1;0.2;
2/2/2017 10:40:49 AM;654;26.5;27.7;26.5;26.4;0.1;0.1;0.1;0.2;
2/2/2017 10:40:50 AM;655;26.5;27.7;26.5;26.4;0.1;0.1;0.1;0.2;
2/2/2017 10:40:51 AM;656;26.5;27.7;26.5;26.4;0.1;0.1;0.1;0.2;
2/2/2017 10:40:52 AM;657;26.5;27.7;26.5;26.4;0.1;0.1;0.1;0.2;
2/2/2017 10:40:53 AM;658;26.5;27.7;26.5;26.4;0.1;0.1;0.1;0.2;
2/2/2017 10:40:54 AM;659;26.5;27.7;26.5;26.4;0.1;0.1;0.1;0.2;
2/2/2017 10:40:55 AM;660;26.5;27.7;26.5;26.4;0.1;0.1;0.1;0.2;
2/2/2017 10:40:56 AM;661;26.5;27.7;26.5;26.4;0.1;0.1;0.1;0.2;
2/2/2017 10:40:57 AM;662;26.5;27.7;26.5;26.4;0.1;0.1;0.1;0.2;
2/2/2017 10:40:58 AM;663;26.5;27.7;26.5;26.4;0.1;0.1;0.1;0.2;
2/2/2017 10:40:59 AM;664;26.5;27.7;26.5;26.4;0.1;0.1;0.1;0.2;
2/2/2017 10:41:00 AM;665;26.5;27.7;26.5;26.4;0.1;0.1;0.1;0.2;
2/2/2017 10:41:01 AM;666;26.5;27.7;26.5;26.4;0.1;0.1;0.1;0.2;
2/2/2017 10:41:02 AM;667;26.5;27.7;26.5;26.4;0.1;0.1;0.1;0.2;
2/2/2017 10:41:03 AM;668;26.5;27.7;26.5;26.4;0.1;0.1;0.1;0.2;
2/2/2017 10:41:04 AM;669;26.5;27.7;26.5;26.4;0.1;0.1;0.1;0.2;
2/2/2017 10:41:05 AM;670;26.5;27.7;26.5;26.4;0.1;0.1;0.1;0.2;
2/2/2017 10:41:06 AM;671;26.5;27.7;26.5;26.4;0.1;0.1;0.1;0.2;
2/2/2017 10:41:07 AM;672;26.5;27.7;26.5;26.4;0.1;0.1;0.1;0.2;
2/2/2017 10:41:08 AM;673;26.5;27.7;26.5;26.4;0.1;0.1;0.1;0.2;
2/2/2017 10:41:09 AM;674;26.5;27.7;26.5;26.4;0.1;0.1;0.1;0.2;
2/2/2017 10:41:10 AM;675;26.5;27.7;26.5;26.4;0.1;0.1;0.1;0.2;
2/2/2017 10:41:11 AM;676;26.5;27.7;26.5;26.4;0.1;0.1;0.1;0.2;
2/2/2017 10:41:12 AM;677;26.5;27.7;26.5;26.4;0.1;0.1;0.1;0.2;
2/2/2017 10:41:13 AM;678;26.5;27.7;26.5;26.4;0.1;0.1;0.1;0.2;
2/2/2017 10:41:14 AM;679;26.5;27.7;26.5;26.4;0.1;0.1;0.1;0.2;
2/2/2017 10:41:15 AM;680;26.5;27.7;26.5;26.4;0.1;0.1;0.1;0.2;
2/2/2017 10:41:16 AM;681;26.5;27.7;26.5;26.4;0.1;0.1;0.1;0.2;
2/2/2017 10:41:17 AM;682;26.5;27.7;26.5;26.4;0.1;0.1;0.1;0.2;
2/2/2017 10:41:18 AM;683;26.5;27.7;26.5;26.4;0.1;0.1;0.1;0.2;
2/2/2017 10:41:19 AM;684;26.5;27.7;26.5;26.4;0.1;0.1;0.1;0.2;
2/2/2017 10:41:20 AM;685;26.5;27.7;26.5;26.4;0.1;0.1;0.1;0.2;
2/2/2017 10:41:21 AM;686;26.5;27.7;26.5;26.4;0.1;0.1;0.1;0.2;
2/2/2017 10:41:22 AM;687;26.5;27.7;26.5;26.4;0.1;0.1;0.1;0.2;
2/2/2017 10:41:23 AM;688;26.5;27.7;26.5;26.4;0.1;0.1;0.1;0.2;
2/2/2017 10:41:24 AM;689;26.5;27.7;26.5;26.4;0.1;0.1;0.1;0.2;
2/2/2017 10:41:25 AM;690;26.5;27.7;26.5;26.4;0.1;0.1;0.1;0.2;
2/2/2017 10:41:26 AM;691;26.5;27.7;26.5;26.4;0.1;0.1;0.1;0.2;
2/2/2017 10:41:27 AM;692;26.5;27.7;26.5;26.4;0.1;0.1;0.1;0.2;
2/2/2017 10:41:28 AM;693;26.5;27.7;26.5;26.4;0.1;0.1;0.1;0.2;
2/2/2017 10:41:29 AM;694;26.5;27.7;26.5;26.4;0.1;0.1;0.1;0.2;
2/2/2017 10:41:30 AM;695;26.5;27.7;26.5;26.4;0.1;0.1;0.1;0.2;
2/2/2017 10:41:31 AM;696;26.5;27.7;26.5;26.4;0.1;0.1;0.1;0.2;
2/2/2017 10:41:32 AM;697;26.5;27.7;26.5;26.4;0.1;0.1;0.1;0.2;
2/2/2017 10:41:33 AM;698;26.5;27.7;26.5;26.4;0.1;0.1;0.1;0.2;
2/2/2017 10:41:34 AM;699;26.5;27.7;26.5;26.4;0.1;0.1;0.1;0.2;
2/2/2017 10:41:35 AM;700;26.5;27.7;26.5;26.4;0.1;0.1;0.1;0.2;
2/2/2017 10:41:36 AM;701;26.5;27.7;26.5;26.4;0.1;0.1;0.1;0.2;
2/2/2017 10:41:37 AM;702;26.5;27.7;26.5;26.4;0.1;0.1;0.1;0.2;
2/2/2017 10:41:38 AM;703;26.5;27.7;26.5;26.4;0.1;0.1;0.1;0.2;
2/2/2017 10:41:39 AM;704;26.5;27.7;26.5;26.4;0.1;0.1;0.1;0.2;
2/2/2017 10:41:40 AM;705;26.5;27.7;26.5;26.4;0.1;0.1;0.1;0.2;
2/2/2017 10:41:41 AM;706;26.5;27.7;26.5;26.4;0.1;0.1;0.1;0.2;
2/2/2017 10:41:42 AM;707;26.5;27.7;26.5;26.4;0.1;0.1;0.1;0.2;
2/2/2017 10:41:43 AM;708;26.5;27.7;26.5;26.4;0.1;0.1;0.1;0.2;
2/2/2017 10:41:44 AM;709;26.5;27.7;26.5;26.4;0.1;0.1;0.1;0.2;
2/2/2017 10:41:45 AM;710;26.5;27.7;26.5;26.4;0.1;0.1;0.1;0.2;
2/2/2017 10:41:46 AM;711;26.5;27.7;26.5;26.4;0.1;0.1;0.1;0.2;
2/2/2017 10:41:47 AM;712;26.5;27.7;26.5;26.4;0.1;0.1;0.1;0.2;
2/2/2017 10:41:48 AM;713;26.5;27.7;26.5;26.4;0.1;0.1;0.1;0.2;
2/2/2017 10:41:49 AM;714;26.5;27.7;26.5;26.4;0.1;0.1;0.1;0.2;
2/2/2017 10:41:50 AM;715;26.5;27.7;26.5;26.4;0.1;0.1;0.1;0.2;
2/2/2017 10:41:51 AM;716;26.5;27.7;26.5;26.4;0.1;0.1;0.1;0.2;
2/2/2017 10:41:52 AM;717;26.5;27.7;26.5;26.4;0.1;0.1;0.1;0.2;
2/2/2017 10:41:53 AM;718;26.5;27.7;26.5;26.4;0.1;0.1;0.1;0.2;
2/2/2017 10:41:54 AM;719;26.5;27.7;26.5;26.4;0.1;0.1;0.1;0.2;
2/2/2017 10:41:55 AM;720;26.5;27.7;26.5;26.4;0.1;0.1;0.1;0.2;
2/2/2017 10:41:56 AM;721;26.5;27.7;26.5;26.4;0.1;0.1;0.1;0.2;
2/2/2017 10:41:57 AM;722;26.5;27.7;26.5;26.4;0.1;0.1;0.1;0.2;
2/2/2017 10:41:58 AM;723;26.5;27.7;26.5;26.4;0.1;0.1;0.1;0.2;
2/2/2017 10:41:59 AM;724;26.5;27.7;26.5;26.4;0.1;0.1;0.1;0.2;
2/2/2017 10:42:00 AM;725;26.5;27.7;26.5;26.4;0.1;0.1;0.1;0.2;
2/2/2017 10:42:01 AM;726;26.5;27.7;26.5;26.4;0.1;0.1;0.1;0.2;
2/2/2017 10:42:02 AM;727;26.5;27.7;26.5;26.4;0.1;0.1;0.1;0.2;
2/2/2017 10:42:03 AM;728;26.5;27.7;26.5;26.4;0.1;0.1;0.1;0.2;
2/2/2017 10:42:04 AM;729;26.5;27.7;26.5;26.4;0.1;0.1;0.1;0.2;
2/2/2017 10:42:05 AM;730;26.5;27.7;26.5;26.4;0.1;0.1;0.1;0.2;
2/2/2017 10:42:06 AM;731;26.5;27.7;26.5;26.4;0.1;0.1;0.1;0.2;
2/2/2017 10:42:07 AM;732;26.5;27.7;26.5;26.4;0.1;0.1;0.1;0.2;
2/2/2017 10:42:08 AM;733;26.5;27.7;26.5;26.4;0.1;0.1;0.1;0.2;
2/2/2017 10:42:09 AM;734;26.5;27.7;26.5;26.4;0.1;0.1;0.1;0.2;
2/2/2017 10:42:10 AM;735;26.5;27.7;26.5;26.4;0.1;0.1;0.1;0.2;
2/2/2017 10:42:11 AM;736;26.5;27.7;26.5;26.4;0.1;0.1;0.1;0.2;
2/2/2017 10:42:12 AM;737;26.5;27.7;26.5;26.4;0.1;0.1;0.1;0.2;
2/2/2017 10:42:13 AM;738;26.5;27.7;26.5;26.4;0.1;0.1;0.1;0.2;
2/2/2017 10:42:14 AM;739;26.5;27.7;26.5;26.4;0.1;0.1;0.1;0.2;
2/2/2017 10:42:15 AM;740;26.5;27.7;26.5;26.4;0.1;0.1;0.1;0.2;
2/2/2017 10:42:16 AM;741;26.5;27.7;26.5;26.4;0.1;0.1;0.1;0.2;
2/2/2017 10:42:17 AM;742;26.5;27.7;26.5;26.4;0.1;0.1;0.1;0.2;
2/2/2017 10:42:18 AM;743;26.5;27.7;26.5;26.4;0.1;0.1;0.1;0.2;
2/2/2017 10:42:19 AM;744;26.5;27.7;26.5;26.4;0.1;0.1;0.1;0.2;
2/2/2017 10:42:20 AM;745;26.5;27.7;26.5;26.4;0.1;0.1;0.1;0.2;
2/2/2017 10:42:21 AM;746;26.5;27.7;26.5;26.4;0.1;0.1;0.1;0.2;
2/2/2017 10:42:22 AM;747;26.5;27.7;26.5;26.4;0.1;0.1;0.1;0.2;
2/2/2017 10:42:23 AM;748;26.5;27.7;26.5;26.4;0.1;0.1;0.1;0.2;
2/2/2017 10:42:24 AM;749;26.5;27.7;26.5;26.4;0.1;0.1;0.1;0.2;
2/2/2017 10:42:25 AM;750;26.5;27.7;26.5;26.4;0.1;0.1;0.1;0.2;
2/2/2017 10:42:26 AM;751;26.5;27.7;26.5;26.4;0.1;0.1;0.1;0.2;
2/2/2017 10:42:27 AM;752;26.5;27.7;26.5;26.4;0.1;0.1;0.1;0.2;
2/2/2017 10:42:28 AM;753;26.5;27.7;26.5;26.4;0.1;0.1;0.1;0.2;
2/2/2017 10:42:29 AM;754;26.5;27.7;26.5;26.4;0.1;0.1;0.1;0.2;
2/2/2017 10:42:30 AM;755;26.5;27.7;26.5;26.4;0.1;0.1;0.1;0.2;
2/2/2017 10:42:31 AM;756;26.5;27.7;26.5;26.4;0.1;0.1;0.1;0.2;
2/2/2017 10:42:32 AM;757;26.5;27.7;26.5;26.4;0.1;0.1;0.1;0.2;
2/2/2017 10:42:33 AM;758;26.5;27.7;26.5;26.4;0.1;0.1;0.1;0.2;
2/2/2017 10:42:34 AM;759;26.5;27.7;26.5;26.4;0.1;0.1;0.1;0.2;
2/2/2017 10:42:35 AM;760;26.5;27.7;26.5;26.4;0.1;0.1;0.1;0.2;
2/2/2017 10:42:36 AM;761;26.5;27.7;26.5;26.4;0.1;0.1;0.1;0.2;
2/2/2017 10:42:37 AM;762;26.5;27.7;26.5;26.4;0.1;0.1;0.1;0.2;
2/2/2017 10:42:38 AM;763;26.5;27.7;26.5;26.4;0.1;0.1;0.1;0.2;
2/2/2017 10:42:39 AM;764;26.5;27.7;26.5;26.4;0.1;0.1;0.1;0.2;
2/2/2017 10:42:40 AM;765;26.5;27.7;26.5;26.4;0.1;0.1;0.1;0.2;
2/2/2017 10:42:41 AM;766;26.5;27.7;26.5;26.4;0.1;0.1;0.1;0.2;
2/2/2017 10:42:42 AM;767;26.5;27.7;26.5;26.4;0.1;0.1;0.1;0.2;
2/2/2017 10:42:43 AM;768;26.5;27.7;26.5;26.4;0.1;0.1;0.1;0.2;
2/2/2017 10:42:44 AM;769;26.5;27.7;26.5;26.4;0.1;0.1;0.1;0.2;
2/2/2017 10:42:45 AM;770;26.5;27.7;26.5;26.4;0.1;0.1;0.1;0.2;
2/2/2017 10:42:46 AM;771;26.5;27.7;26.5;26.4;0.1;0.1;0.1;0.2;
2/2/2017 10:42:47 AM;772;26.5;27.7;26.5;26.4;0.1;0.1;0.1;0.2;
2/2/2017 10:42:48 AM;773;26.5;27.7;26.5;26.4;0.1;0.1;0.1;0.2;
2/2/2017 10:42:49 AM;774;26.5;27.7;26.5;26.4;0.1;0.1;0.1;0.2;
2/2/2017 10:42:50 AM;775;26.5;27.7;26.5;26.4;0.1;0.1;0.1;0.2;
2/2/2017 10:42:51 AM;776;26.5;27.7;26.5;26.4;0.1;0.1;0.1;0.2;
2/2/2017 10:42:52 AM;777;26.5;27.7;26.5;26.4;0.1;0.1;0.1;0.2;
2/2/2017 10:42:53 AM;778;26.5;27.7;26.5;26.4;0.1;0.1;0.1;0.2;
2/2/2017 10:42:54 AM;779;26.5;27.7;26.5;26.4;0.1;0.1;0.1;0.2;
2/2/2017 10:42:55 AM;780;26.5;27.7;26.5;26.4;0.1;0.1;0.1;0.2;
2/2/2017 10:42:56 AM;781;26.5;27.7;26.5;26.4;0.1;0.1;0.1;0.2;
2/2/2017 10:42:57 AM;782;26.5;27.7;26.5;26.4;0.1;0.1;0.1;0.2;
2/2/2017 10:42:58 AM;783;26.5;27.7;26.5;26.4;0.1;0.1;0.1;0.2;
2/2/2017 10:42:59 AM;784;26.5;27.7;26.5;26.4;0.1;0.1;0.1;0.2;
2/2/2017 10:43:00 AM;785;26.5;27.7;26.5;26.4;0.1;0.1;0.1;0.2;
2/2/2017 10:43:01 AM;786;26.5;27.7;26.5;26.4;0.1;0.1;0.1;0.2;
2/2/2017 10:43:02 AM;787;26.5;27.7;26.5;26.4;0.1;0.1;0.1;0.2;
2/2/2017 10:43:03 AM;788;26.5;27.7;26.5;26.4;0.1;0.1;0.1;0.2;
2/2/2017 10:43:04 AM;789;26.5;27.7;26.5;26.4;0.1;0.1;0.1;0.2;
2/2/2017 10:43:05 AM;790;26.5;27.7;26.5;26.4;0.1;0.1;0.1;0.2;
2/2/2017 10:43:06 AM;791;26.5;27.7;26.5;26.4;0.1;0.1;0.1;0.2;
2/2/2017 10:43:07 AM;792;26.5;27.7;26.5;26.4;0.1;0.1;0.1;0.2;
2/2/2017 10:43:08 AM;793;26.5;27.7;26.5;26.4;0.1;0.1;0.1;0.2;
2/2/2017 10:43:09 AM;794;26.5;27.7;26.5;26.4;0.1;0.1;0.1;0.2;
2/2/2017 10:43:10 AM;795;26.5;27.7;26.5;26.4;0.1;0.1;0.1;0.2;
2/2/2017 10:43:11 AM;796;26.5;27.7;26.5;26.4;0.1;0.1;0.1;0.2;
2/2/2017 10:43:12 AM;797;26.5;27.7;26.5;26.4;0.1;0.1;0.1;0.2;
2/2/2017 10:43:13 AM;798;26.5;27.7;26.5;26.4;0.1;0.1;0.1;0.2;
2/2/2017 10:43:14 AM;799;26.5;27.7;26.5;26.4;0.1;0.1;0.1;0.2;
2/2/2017 10:43:15 AM;800;26.5;27.7;26.5;26.4;0.1;0.1;0.1;0.2;
2/2/2017 10:43:16 AM;801;26.5;27.7;26.5;26.4;0.1;0.1;0.1;0.2;
2/2/2017 10:43:17 AM;802;26.5;27.7;26.5;26.4;0.1;0.1;0.1;0.2;
2/2/2017 10:43:18 AM;803;26.5;27.7;26.5;26.4;0.1;0.1;0.1;0.2;
2/2/2017 10:43:19 AM;804;26.5;27.7;26.5;26.4;0.1;0.1;0.1;0.2;
2/2/2017 10:43:20 AM;805;26.5;27.7;26.5;26.4;0.1;0.1;0.1;0.2;
2/2/2017 10:43:21 AM;806;26.5;27.7;26.5;26.4;0.1;0.1;0.1;0.2;
2/2/2017 10:43:22 AM;807;26.5;27.7;26.5;26.4;0.1;0.1;0.1;0.2;
2/2/2017 10:43:23 AM;808;26.5;27.7;26.5;26.4;0.1;0.1;0.1;0.2;
2/2/2017 10:43:24 AM;809;26.5;27.7;26.5;26.4;0.1;0.1;0.1;0.2;
2/2/2017 10:43:25 AM;810;26.5;27.7;26.5;26.4;0.1;0.1;0.1;0.2;
2/2/2017 10:43:26 AM;811;26.5;27.7;26.5;26.4;0.1;0.1;0.1;0.2;
2/2/2017 10:43:27 AM;812;26.5;27.7;26.5;26.4;0.1;0.1;0.1;0.2;
2/2/2017 10:43:28 AM;813;26.5;27.7;26.5;26.4;0.1;0.1;0.1;0.2;
2/2/2017 10:43:29 AM;814;26.5;27.7;26.5;26.4;0.1;0.1;0.1;0.2;
2/2/2017 10:43:30 AM;815;26.5;27.7;26.5;26.4;0.1;0.1;0.1;0.2;
2/2/2017 10:43:31 AM;816;26.5;27.7;26.5;26.4;0.1;0.1;0.1;0.2;
2/2/2017 10:43:32 AM;817;26.5;27.7;26.5;26.4;0.1;0.1;0.1;0.2;
2/2/2017 10:43:33 AM;818;26.5;27.7;26.5;26.4;0.1;0.1;0.1;0.2;
2/2/2017 10:43:34 AM;819;26.5;27.7;26.5;26.4;0.1;0.1;0.1;0.2;
2/2/2017 10:43:35 AM;820;26.5;27.7;26.5;26.4;0.1;0.1;0.1;0.2;
2/2/2017 10:43:36 AM;821;26.5;27.7;26.5;26.4;0.1;0.1;0.1;0.2;
2/2/2017 10:43:37 AM;822;26.5;27.7;26.5;26.4;0.1;0.1;0.1;0.2;
2/2/2017 10:43:38 AM;823;26.5;27.7;26.5;26.4;0.1;0.1;0.1;0.2;
2/2/2017 10:43:39 AM;824;26.5;27.7;26.5;26.4;0.1;0.1;0.1;0.2;
2/2/2017 10:43:40 AM;825;26.5;27.7;26.5;26.4;0.1;0.1;0.1;0.2;
2/2/2017 10:43:41 AM;826;26.5;27.7;26.5;26.4;0.1;0.1;0.1;0.2;
2/2/2017 10:43:42 AM;827;26.5;27.7;26.5;26.4;0.1;0.1;0.1;0.2;
2/2/2017 10:43:43 AM;828;26.5;27.7;26.5;26.4;0.1;0.1;0.1;0.2;
2/2/2017 10:43:44 AM;829;26.5;27.7;26.5;26.4;0.1;0.1;0.1;0.2;
2/2/2017 10:43:45 AM;830;26.5;27.7;26.5;26.4;0.1;0.1;0.1;0.2;
2/2/2017 10:43:46 AM;831;26.5;27.7;26.5;26.4;0.1;0.1;0.1;0.2;
2/2/2017 10:43:47 AM;832;26.5;27.7;26.5;26.4;0.1;0.1;0.1;0.2;
2/2/2017 10:43:48 AM;833;26.5;27.7;26.5;26.4;0.1;0.1;0.1;0.2;
2/2/2017 10:43:49 AM;834;26.5;27.7;26.5;26.4;0.1;0.1;0.1;0.2;
2/2/2017 10:43:50 AM;835;26.5;27.7;26.5;26.4;0.1;0.1;0.1;0.2;
2/2/2017 10:43:51 AM;836;26.5;27.7;26.5;26.3;0.1;0.1;0.1;0.2;
2/2/2017 10:43:52 AM;837;26.5;27.7;26.5;26.3;0.1;0.1;0.1;0.2;
2/2/2017 10:43:53 AM;838;26.5;27.7;26.5;26.3;0.1;0.1;0.1;0.2;
2/2/2017 10:43:54 AM;839;26.5;27.7;26.5;26.3;0.1;0.1;0.1;0.2;
2/2/2017 10:43:55 AM;840;26.5;27.7;26.5;26.3;0.1;0.1;0.1;0.2;
2/2/2017 10:43:56 AM;841;26.5;27.7;26.5;26.4;0.1;0.1;0.1;0.2;
2/2/2017 10:43:57 AM;842;26.5;27.7;26.5;26.4;0.1;0.1;0.1;0.2;
2/2/2017 10:43:58 AM;843;26.5;27.7;26.5;26.4;0.1;0.1;0.1;0.2;
2/2/2017 10:43:59 AM;844;26.5;27.7;26.5;26.4;0.1;0.1;0.1;0.2;
2/2/2017 10:44:00 AM;845;26.5;27.7;26.5;26.4;0.1;0.1;0.1;0.2;
2/2/2017 10:44:01 AM;846;26.5;27.7;26.5;26.4;0.1;0.1;0.1;0.2;
2/2/2017 10:44:02 AM;847;26.5;27.7;26.5;26.4;0.1;0.1;0.1;0.2;
2/2/2017 10:44:03 AM;848;26.5;27.7;26.5;26.4;0.1;0.1;0.1;0.2;
2/2/2017 10:44:04 AM;849;26.5;27.7;26.5;26.4;0.1;0.1;0.1;0.2;
2/2/2017 10:44:05 AM;850;26.5;27.7;26.5;26.4;0.1;0.1;0.1;0.2;
2/2/2017 10:44:06 AM;851;26.5;27.7;26.5;26.4;0.1;0.1;0.1;0.2;
2/2/2017 10:44:07 AM;852;26.5;27.7;26.5;26.4;0.1;0.1;0.1;0.2;
2/2/2017 10:44:08 AM;853;26.5;27.7;26.5;26.4;0.1;0.1;0.1;0.2;
2/2/2017 10:44:09 AM;854;26.5;27.7;26.5;26.4;0.1;0.1;0.1;0.2;
2/2/2017 10:44:10 AM;855;26.5;27.7;26.5;26.4;0.1;0.1;0.1;0.2;
2/2/2017 10:44:11 AM;856;26.5;27.7;26.5;26.4;0.1;0.1;0.1;0.2;
2/2/2017 10:44:12 AM;857;26.5;27.7;26.5;26.4;0.1;0.1;0.1;0.2;
2/2/2017 10:44:13 AM;858;26.5;27.7;26.5;26.4;0.1;0.1;0.1;0.2;
2/2/2017 10:44:14 AM;859;26.5;27.7;26.5;26.4;0.1;0.1;0.1;0.2;
2/2/2017 10:44:15 AM;860;26.5;27.7;26.5;26.4;0.1;0.1;0.1;0.2;
2/2/2017 10:44:16 AM;861;26.5;27.7;26.5;26.4;0.1;0.1;0.1;0.2;
2/2/2017 10:44:17 AM;862;26.5;27.7;26.5;26.4;0.1;0.1;0.1;0.2;
2/2/2017 10:44:18 AM;863;26.5;27.7;26.5;26.4;0.1;0.1;0.1;0.2;
2/2/2017 10:44:19 AM;864;26.5;27.7;26.5;26.4;0.1;0.1;0.1;0.2;
2/2/2017 10:44:20 AM;865;26.5;27.7;26.5;26.4;0.1;0.1;0.1;0.2;
2/2/2017 10:44:21 AM;866;26.5;27.7;26.5;26.4;0.1;0.1;0.1;0.2;
2/2/2017 10:44:22 AM;867;26.5;27.7;26.5;26.4;0.1;0.1;0.1;0.2;
2/2/2017 10:44:23 AM;868;26.5;27.7;26.5;26.4;0.1;0.1;0.1;0.2;
2/2/2017 10:44:24 AM;869;26.5;27.7;26.5;26.4;0.1;0.1;0.1;0.2;
2/2/2017 10:44:25 AM;870;26.5;27.7;26.5;26.4;0.1;0.1;0.1;0.2;
2/2/2017 10:44:26 AM;871;26.5;27.7;26.5;26.4;0.1;0.1;0.1;0.2;
2/2/2017 10:44:27 AM;872;26.5;27.7;26.5;26.4;0.1;0.1;0.1;0.2;
2/2/2017 10:44:28 AM;873;26.5;27.7;26.5;26.4;0.1;0.1;0.1;0.2;
2/2/2017 10:44:29 AM;874;26.5;27.7;26.5;26.4;0.1;0.1;0.1;0.2;
2/2/2017 10:44:30 AM;875;26.5;27.7;26.5;26.4;0.1;0.1;0.1;0.2;
2/2/2017 10:44:31 AM;876;26.5;27.7;26.5;26.4;0.1;0.1;0.1;0.2;
2/2/2017 10:44:32 AM;877;26.5;27.7;26.5;26.4;0.1;0.1;0.1;0.2;
2/2/2017 10:44:33 AM;878;26.5;27.7;26.5;26.4;0.1;0.1;0.1;0.2;
2/2/2017 10:44:34 AM;879;26.5;27.7;26.5;26.4;0.1;0.1;0.1;0.2;
2/2/2017 10:44:35 AM;880;26.5;27.7;26.5;26.4;0.1;0.1;0.1;0.2;
2/2/2017 10:44:36 AM;881;26.5;27.7;26.5;26.3;0.1;0.1;0.1;0.2;
2/2/2017 10:44:37 AM;882;26.5;27.7;26.5;26.3;0.1;0.1;0.1;0.2;
2/2/2017 10:44:38 AM;883;26.5;27.7;26.5;26.3;0.1;0.1;0.1;0.2;
2/2/2017 10:44:39 AM;884;26.5;27.7;26.5;26.3;0.1;0.1;0.1;0.2;
2/2/2017 10:44:40 AM;885;26.5;27.7;26.5;26.3;0.1;0.1;0.1;0.2;
2/2/2017 10:44:41 AM;886;26.5;27.7;26.5;26.3;0.1;0.1;0.1;0.2;
2/2/2017 10:44:42 AM;887;26.5;27.7;26.5;26.3;0.1;0.1;0.1;0.2;
2/2/2017 10:44:43 AM;888;26.5;27.7;26.5;26.3;0.1;0.1;0.1;0.2;
2/2/2017 10:44:44 AM;889;26.5;27.7;26.5;26.3;0.1;0.1;0.1;0.2;
2/2/2017 10:44:45 AM;890;26.5;27.7;26.5;26.4;0.1;0.1;0.1;0.2;
2/2/2017 10:44:46 AM;891;26.5;27.7;26.5;26.4;0.1;0.1;0.1;0.2;
2/2/2017 10:44:47 AM;892;26.5;27.7;26.5;26.4;0.1;0.1;0.1;0.2;
2/2/2017 10:44:48 AM;893;26.5;27.7;26.5;26.4;0.1;0.1;0.1;0.2;
2/2/2017 10:44:49 AM;894;26.5;27.7;26.5;26.4;0.1;0.1;0.1;0.2;
2/2/2017 10:44:50 AM;895;26.5;27.7;26.5;26.4;0.1;0.1;0.1;0.2;
2/2/2017 10:44:51 AM;896;26.5;27.7;26.5;26.4;0.1;0.1;0.1;0.2;
2/2/2017 10:44:52 AM;897;26.5;27.7;26.5;26.4;0.1;0.1;0.1;0.2;
2/2/2017 10:44:53 AM;898;26.5;27.7;26.5;26.4;0.1;0.1;0.1;0.2;
2/2/2017 10:44:54 AM;899;26.5;27.7;26.5;26.4;0.1;0.1;0.1;0.2;
2/2/2017 10:44:55 AM;900;26.5;27.7;26.5;26.4;0.1;0.1;0.1;0.2;
2/2/2017 10:44:56 AM;901;26.5;27.7;26.5;26.4;0.1;0.1;0.1;0.2;
2/2/2017 10:44:57 AM;902;26.5;27.7;26.5;26.4;0.1;0.1;0.1;0.2;
2/2/2017 10:44:58 AM;903;26.5;27.7;26.5;26.4;0.1;0.1;0.1;0.2;
2/2/2017 10:44:59 AM;904;26.5;27.7;26.5;26.4;0.1;0.1;0.1;0.2;
2/2/2017 10:45:00 AM;905;26.5;27.7;26.5;26.4;0.1;0.1;0.1;0.2;
2/2/2017 10:45:01 AM;906;26.5;27.7;26.5;26.4;0.1;0.1;0.1;0.2;
2/2/2017 10:45:02 AM;907;26.5;27.7;26.5;26.4;0.1;0.1;0.1;0.2;
2/2/2017 10:45:03 AM;908;26.5;27.7;26.5;26.4;0.1;0.1;0.1;0.2;
2/2/2017 10:45:04 AM;909;26.5;27.7;26.5;26.4;0.1;0.1;0.1;0.2;
2/2/2017 10:45:05 AM;910;26.5;27.7;26.5;26.4;0.1;0.1;0.1;0.2;
2/2/2017 10:45:06 AM;911;26.5;27.7;26.5;26.4;0.1;0.1;0.1;0.2;
2/2/2017 10:45:07 AM;912;26.5;27.7;26.5;26.4;0.1;0.1;0.1;0.2;
2/2/2017 10:45:08 AM;913;26.5;27.7;26.5;26.4;0.1;0.1;0.1;0.2;
2/2/2017 10:45:09 AM;914;26.5;27.7;26.5;26.4;0.1;0.1;0.1;0.2;
2/2/2017 10:45:10 AM;915;26.5;27.7;26.5;26.4;0.1;0.1;0.1;0.2;
2/2/2017 10:45:11 AM;916;26.5;27.7;26.5;26.4;0.1;0.1;0.1;0.2;
2/2/2017 10:45:12 AM;917;26.5;27.7;26.5;26.4;0.1;0.1;0.1;0.2;
2/2/2017 10:45:13 AM;918;26.5;27.7;26.5;26.4;0.1;0.1;0.1;0.2;
2/2/2017 10:45:14 AM;919;26.5;27.7;26.5;26.4;0.1;0.1;0.1;0.2;
2/2/2017 10:45:15 AM;920;26.5;27.7;26.5;26.4;0.1;0.1;0.1;0.2;
2/2/2017 10:45:16 AM;921;26.5;27.7;26.5;26.4;0.1;0.1;0.1;0.2;
2/2/2017 10:45:17 AM;922;26.5;27.7;26.5;26.4;0.1;0.1;0.1;0.2;
2/2/2017 10:45:18 AM;923;26.5;27.7;26.5;26.4;0.1;0.1;0.1;0.2;
2/2/2017 10:45:19 AM;924;26.5;27.7;26.5;26.4;0.1;0.1;0.1;0.2;
2/2/2017 10:45:20 AM;925;26.5;27.7;26.5;26.4;0.1;0.1;0.1;0.2;
2/2/2017 10:45:21 AM;926;26.5;27.7;26.5;26.4;0.1;0.1;0.1;0.2;
2/2/2017 10:45:22 AM;927;26.5;27.7;26.5;26.4;0.1;0.1;0.1;0.2;
2/2/2017 10:45:23 AM;928;26.5;27.7;26.5;26.4;0.1;0.1;0.1;0.2;
2/2/2017 10:45:24 AM;929;26.5;27.7;26.5;26.4;0.1;0.1;0.1;0.2;
2/2/2017 10:45:25 AM;930;26.5;27.7;26.5;26.4;0.1;0.1;0.1;0.2;
2/2/2017 10:45:26 AM;931;26.5;27.7;26.5;26.3;0.1;0.1;0.1;0.2;
2/2/2017 10:45:27 AM;932;26.5;27.7;26.5;26.3;0.1;0.1;0.1;0.2;
2/2/2017 10:45:28 AM;933;26.5;27.7;26.5;26.3;0.1;0.1;0.1;0.2;
2/2/2017 10:45:29 AM;934;26.5;27.7;26.5;26.3;0.1;0.1;0.1;0.2;
2/2/2017 10:45:30 AM;935;26.5;27.7;26.5;26.3;0.1;0.1;0.1;0.2;
2/2/2017 10:45:31 AM;936;26.5;27.7;26.5;26.4;0.1;0.1;0.1;0.2;
2/2/2017 10:45:32 AM;937;26.5;27.7;26.5;26.4;0.1;0.1;0.1;0.2;
2/2/2017 10:45:33 AM;938;26.5;27.7;26.5;26.4;0.1;0.1;0.1;0.2;
2/2/2017 10:45:34 AM;939;26.5;27.7;26.5;26.4;0.1;0.1;0.1;0.2;
2/2/2017 10:45:35 AM;940;26.5;27.7;26.5;26.4;0.1;0.1;0.1;0.2;
2/2/2017 10:45:36 AM;941;26.5;27.7;26.5;26.4;0.1;0.1;0.1;0.2;
2/2/2017 10:45:37 AM;942;26.5;27.7;26.5;26.4;0.1;0.1;0.1;0.2;
2/2/2017 10:45:38 AM;943;26.5;27.7;26.5;26.4;0.1;0.1;0.1;0.2;
2/2/2017 10:45:39 AM;944;26.5;27.7;26.5;26.4;0.1;0.1;0.1;0.2;
2/2/2017 10:45:40 AM;945;26.5;27.7;26.5;26.4;0.1;0.1;0.1;0.2;
2/2/2017 10:45:41 AM;946;26.5;27.7;26.5;26.4;0.1;0.1;0.1;0.2;
2/2/2017 10:45:42 AM;947;26.5;27.7;26.5;26.4;0.1;0.1;0.1;0.2;
2/2/2017 10:45:43 AM;948;26.5;27.7;26.5;26.4;0.1;0.1;0.1;0.2;
2/2/2017 10:45:44 AM;949;26.5;27.7;26.5;26.4;0.1;0.1;0.1;0.2;
2/2/2017 10:45:45 AM;950;26.5;27.7;26.5;26.4;0.1;0.1;0.1;0.2;
2/2/2017 10:45:46 AM;951;26.5;27.7;26.5;26.3;0.1;0.1;0.1;0.2;
2/2/2017 10:45:47 AM;952;26.5;27.7;26.5;26.3;0.1;0.1;0.1;0.2;
2/2/2017 10:45:48 AM;953;26.5;27.7;26.5;26.3;0.1;0.1;0.1;0.2;
2/2/2017 10:45:49 AM;954;26.5;27.7;26.5;26.3;0.1;0.1;0.1;0.2;
2/2/2017 10:45:50 AM;955;26.5;27.7;26.5;26.3;0.1;0.1;0.1;0.2;
2/2/2017 10:45:51 AM;956;26.5;27.7;26.5;26.4;0.1;0.1;0.1;0.2;
2/2/2017 10:45:52 AM;957;26.5;27.7;26.5;26.4;0.1;0.1;0.1;0.2;
2/2/2017 10:45:53 AM;958;26.5;27.7;26.5;26.4;0.1;0.1;0.1;0.2;
2/2/2017 10:45:54 AM;959;26.5;27.7;26.5;26.4;0.1;0.1;0.1;0.2;
2/2/2017 10:45:55 AM;960;26.5;27.7;26.5;26.4;0.1;0.1;0.1;0.2;
2/2/2017 10:45:56 AM;961;26.5;27.7;26.5;26.4;0.1;0.1;0.1;0.2;
2/2/2017 10:45:57 AM;962;26.5;27.7;26.5;26.4;0.1;0.1;0.1;0.2;
2/2/2017 10:45:58 AM;963;26.5;27.7;26.5;26.3;0.1;0.1;0.1;0.2;
2/2/2017 10:45:59 AM;964;26.5;27.7;26.5;26.3;0.1;0.1;0.1;0.2;
2/2/2017 10:46:00 AM;965;26.5;27.7;26.5;26.3;0.1;0.1;0.1;0.2;
2/2/2017 10:46:01 AM;966;26.5;27.7;26.5;26.3;0.1;0.1;0.1;0.2;
2/2/2017 10:46:02 AM;967;26.5;27.7;26.5;26.3;0.1;0.1;0.1;0.2;
2/2/2017 10:46:03 AM;968;26.5;27.7;26.5;26.4;0.1;0.1;0.1;0.2;
2/2/2017 10:46:04 AM;969;26.5;27.7;26.5;26.4;0.1;0.1;0.1;0.2;
2/2/2017 10:46:05 AM;970;26.5;27.7;26.5;26.4;0.1;0.1;0.1;0.2;
2/2/2017 10:46:06 AM;971;26.5;27.7;26.4;26.4;0.1;0.1;0.1;0.2;
2/2/2017 10:46:07 AM;972;26.5;27.7;26.4;26.4;0.1;0.1;0.1;0.2;
2/2/2017 10:46:08 AM;973;26.5;27.7;26.4;26.4;0.1;0.1;0.1;0.2;
2/2/2017 10:46:09 AM;974;26.5;27.7;26.4;26.4;0.1;0.1;0.1;0.2;
2/2/2017 10:46:10 AM;975;26.5;27.7;26.4;26.3;0.1;0.1;0.1;0.2;
2/2/2017 10:46:11 AM;976;26.5;27.7;26.5;26.3;0.1;0.1;0.1;0.2;
2/2/2017 10:46:12 AM;977;26.5;27.7;26.5;26.3;0.1;0.1;0.1;0.2;
2/2/2017 10:46:13 AM;978;26.5;27.7;26.5;26.3;0.1;0.1;0.1;0.2;
2/2/2017 10:46:14 AM;979;26.5;27.7;26.5;26.3;0.1;0.1;0.1;0.2;
2/2/2017 10:46:15 AM;980;26.5;27.7;26.5;26.3;0.1;0.1;0.1;0.2;
2/2/2017 10:46:16 AM;981;26.5;27.7;26.5;26.3;0.1;0.1;0.1;0.2;
2/2/2017 10:46:17 AM;982;26.5;27.7;26.5;26.3;0.1;0.1;0.1;0.2;
2/2/2017 10:46:18 AM;983;26.5;27.7;26.5;26.4;0.1;0.1;0.1;0.2;
2/2/2017 10:46:19 AM;984;26.5;27.7;26.5;26.4;0.1;0.1;0.1;0.2;
2/2/2017 10:46:20 AM;985;26.5;27.7;26.5;26.4;0.1;0.1;0.1;0.2;
2/2/2017 10:46:21 AM;986;26.5;27.7;26.4;26.4;0.1;0.1;0.1;0.2;
2/2/2017 10:46:22 AM;987;26.5;27.7;26.4;26.4;0.1;0.1;0.1;0.2;
2/2/2017 10:46:23 AM;988;26.5;27.7;26.4;26.4;0.1;0.1;0.1;0.2;
2/2/2017 10:46:24 AM;989;26.5;27.7;26.4;26.4;0.1;0.1;0.1;0.2;
2/2/2017 10:46:25 AM;990;26.5;27.7;26.4;26.4;0.1;0.1;0.1;0.2;
2/2/2017 10:46:26 AM;991;26.5;27.7;26.5;26.3;0.1;0.1;0.1;0.2;
2/2/2017 10:46:27 AM;992;26.5;27.7;26.5;26.3;0.1;0.1;0.1;0.2;
2/2/2017 10:46:28 AM;993;26.5;27.7;26.5;26.3;0.1;0.1;0.1;0.2;
2/2/2017 10:46:29 AM;994;26.5;27.7;26.5;26.3;0.1;0.1;0.1;0.2;
2/2/2017 10:46:30 AM;995;26.5;27.7;26.5;26.3;0.1;0.1;0.1;0.2;
2/2/2017 10:46:31 AM;996;26.5;27.7;26.5;26.4;0.1;0.1;0.1;0.2;
2/2/2017 10:46:32 AM;997;26.5;27.7;26.5;26.4;0.1;0.1;0.1;0.2;
2/2/2017 10:46:33 AM;998;26.5;27.7;26.5;26.4;0.1;0.1;0.1;0.2;
2/2/2017 10:46:34 AM;999;26.5;27.7;26.5;26.4;0.1;0.1;0.1;0.2;
2/2/2017 10:46:35 AM;1000;26.5;27.7;26.5;26.3;0.1;0.1;0.1;0.2;
2/2/2017 10:46:36 AM;1001;26.5;27.7;26.5;26.3;0.1;0.1;0.1;0.2;
2/2/2017 10:46:37 AM;1002;26.5;27.7;26.5;26.3;0.1;0.1;0.1;0.2;
2/2/2017 10:46:38 AM;1003;26.5;27.7;26.5;26.3;0.1;0.1;0.1;0.2;
2/2/2017 10:46:39 AM;1004;26.5;27.7;26.5;26.3;0.1;0.1;0.1;0.2;
2/2/2017 10:46:40 AM;1005;26.5;27.7;26.5;26.4;0.1;0.1;0.1;0.2;
2/2/2017 10:46:41 AM;1006;26.5;27.7;26.5;26.3;0.1;0.1;0.1;0.2;
2/2/2017 10:46:42 AM;1007;26.5;27.7;26.5;26.3;0.1;0.1;0.1;0.2;
2/2/2017 10:46:43 AM;1008;26.5;27.7;26.5;26.3;0.1;0.1;0.1;0.2;
2/2/2017 10:46:44 AM;1009;26.5;27.7;26.5;26.3;0.1;0.1;0.1;0.2;
2/2/2017 10:46:45 AM;1010;26.5;27.7;26.5;26.3;0.1;0.1;0.1;0.2;
2/2/2017 10:46:46 AM;1011;26.5;27.7;26.5;26.4;0.1;0.1;0.1;0.2;
2/2/2017 10:46:47 AM;1012;26.5;27.7;26.5;26.4;0.1;0.1;0.1;0.2;
2/2/2017 10:46:48 AM;1013;26.5;27.7;26.5;26.4;0.1;0.1;0.1;0.2;
2/2/2017 10:46:49 AM;1014;26.5;27.7;26.5;26.3;0.1;0.1;0.1;0.2;
2/2/2017 10:46:50 AM;1015;26.5;27.7;26.5;26.3;0.1;0.1;0.1;0.2;
2/2/2017 10:46:51 AM;1016;26.5;27.7;26.5;26.3;0.1;0.1;0.1;0.2;
2/2/2017 10:46:52 AM;1017;26.5;27.7;26.5;26.3;0.1;0.1;0.1;0.2;
2/2/2017 10:46:53 AM;1018;26.5;27.7;26.5;26.3;0.1;0.1;0.1;0.2;
2/2/2017 10:46:54 AM;1019;26.5;27.7;26.5;26.4;0.1;0.1;0.1;0.2;
2/2/2017 10:46:55 AM;1020;26.5;27.7;26.5;26.4;0.1;0.1;0.1;0.2;
2/2/2017 10:46:56 AM;1021;26.5;27.7;26.5;26.3;0.1;0.1;0.1;0.2;
2/2/2017 10:46:57 AM;1022;26.5;27.7;26.4;26.3;0.1;0.1;0.1;0.2;
2/2/2017 10:46:58 AM;1023;26.5;27.7;26.4;26.3;0.1;0.1;0.1;0.2;
2/2/2017 10:46:59 AM;1024;26.5;27.7;26.4;26.3;0.1;0.1;0.1;0.2;
2/2/2017 10:47:00 AM;1025;26.5;27.7;26.4;26.3;0.1;0.1;0.1;0.2;
2/2/2017 10:47:01 AM;1026;26.5;27.7;26.4;26.4;0.1;0.1;0.1;0.2;
2/2/2017 10:47:02 AM;1027;26.5;27.7;26.5;26.4;0.1;0.1;0.1;0.2;
2/2/2017 10:47:03 AM;1028;26.5;27.7;26.5;26.4;0.1;0.1;0.1;0.2;
2/2/2017 10:47:04 AM;1029;26.5;27.7;26.5;26.4;0.1;0.1;0.1;0.2;
2/2/2017 10:47:05 AM;1030;26.5;27.7;26.5;26.4;0.1;0.1;0.1;0.2;
2/2/2017 10:47:06 AM;1031;26.5;27.7;26.5;26.4;0.1;0.1;0.1;0.2;
2/2/2017 10:47:07 AM;1032;26.5;27.7;26.5;26.3;0.1;0.1;0.1;0.2;
2/2/2017 10:47:08 AM;1033;26.5;27.7;26.5;26.3;0.1;0.1;0.1;0.2;
2/2/2017 10:47:09 AM;1034;26.5;27.7;26.5;26.3;0.1;0.1;0.1;0.2;
2/2/2017 10:47:10 AM;1035;26.5;27.7;26.5;26.3;0.1;0.1;0.1;0.2;
2/2/2017 10:47:11 AM;1036;26.5;27.7;26.5;26.3;0.1;0.1;0.1;0.2;
2/2/2017 10:47:12 AM;1037;26.5;27.7;26.5;26.3;0.1;0.1;0.1;0.2;
2/2/2017 10:47:13 AM;1038;26.5;27.7;26.5;26.3;0.1;0.1;0.1;0.2;
2/2/2017 10:47:14 AM;1039;26.5;27.7;26.5;26.3;0.1;0.1;0.1;0.2;
2/2/2017 10:47:15 AM;1040;26.5;27.7;26.5;26.3;0.1;0.1;0.1;0.2;
2/2/2017 10:47:16 AM;1041;26.5;27.7;26.5;26.4;0.1;0.1;0.1;0.2;
2/2/2017 10:47:17 AM;1042;26.5;27.7;26.5;26.4;0.1;0.1;0.1;0.2;
2/2/2017 10:47:18 AM;1043;26.5;27.7;26.5;26.4;0.1;0.1;0.1;0.2;
2/2/2017 10:47:19 AM;1044;26.5;27.7;26.4;26.4;0.1;0.1;0.1;0.2;
2/2/2017 10:47:20 AM;1045;26.5;27.7;26.4;26.4;0.1;0.1;0.1;0.2;
2/2/2017 10:47:21 AM;1046;26.5;27.7;26.4;26.4;0.1;0.1;0.1;0.2;
2/2/2017 10:47:22 AM;1047;26.5;27.7;26.4;26.4;0.1;0.1;0.1;0.2;
2/2/2017 10:47:23 AM;1048;26.5;27.7;26.4;26.4;0.1;0.1;0.1;0.2;
2/2/2017 10:47:24 AM;1049;26.5;27.7;26.5;26.4;0.1;0.1;0.1;0.2;
2/2/2017 10:47:25 AM;1050;26.5;27.7;26.5;26.4;0.1;0.1;0.1;0.2;
2/2/2017 10:47:26 AM;1051;26.5;27.7;26.5;26.4;0.1;0.1;0.1;0.2;
2/2/2017 10:47:27 AM;1052;26.5;27.7;26.5;26.4;0.1;0.1;0.1;0.2;
2/2/2017 10:47:28 AM;1053;26.5;27.7;26.5;26.4;0.1;0.1;0.1;0.2;
2/2/2017 10:47:29 AM;1054;26.5;27.8;26.5;26.4;0.1;0.1;0.1;0.2;
2/2/2017 10:47:30 AM;1055;26.5;27.8;26.4;26.4;0.1;0.1;0.1;0.2;
2/2/2017 10:47:31 AM;1056;26.5;27.8;26.4;26.4;0.1;0.1;0.1;0.2;
2/2/2017 10:47:32 AM;1057;26.5;27.8;26.4;26.4;0.1;0.1;0.1;0.2;
2/2/2017 10:47:33 AM;1058;26.5;27.8;26.4;26.4;0.1;0.1;0.1;0.2;
2/2/2017 10:47:34 AM;1059;26.5;27.7;26.4;26.3;0.1;0.1;0.1;0.2;
2/2/2017 10:47:35 AM;1060;26.5;27.7;26.4;26.3;0.1;0.1;0.1;0.2;
2/2/2017 10:47:36 AM;1061;26.5;27.8;26.4;26.3;0.1;0.1;0.1;0.2;
2/2/2017 10:47:37 AM;1062;26.5;27.8;26.4;26.3;0.1;0.1;0.1;0.2;
2/2/2017 10:47:38 AM;1063;26.6;27.8;26.4;26.3;0.1;0.1;0.1;0.2;
2/2/2017 10:47:39 AM;1064;26.6;27.9;26.4;26.4;0.1;0.1;0.1;0.2;
2/2/2017 10:47:40 AM;1065;26.6;27.9;26.4;26.4;0.1;0.1;0.1;0.2;
2/2/2017 10:47:41 AM;1066;26.7;27.9;26.5;26.4;0.1;0.1;0.1;0.2;
2/2/2017 10:47:42 AM;1067;26.7;27.9;26.5;26.4;0.1;0.1;0.1;0.2;
2/2/2017 10:47:43 AM;1068;26.7;27.9;26.5;26.4;0.1;0.1;0.1;0.2;
2/2/2017 10:47:44 AM;1069;26.7;27.9;26.5;26.4;0.1;0.1;0.1;0.2;
2/2/2017 10:47:45 AM;1070;26.7;27.9;26.4;26.4;0.1;0.1;0.1;0.2;
2/2/2017 10:47:46 AM;1071;26.7;27.9;26.4;26.4;0.1;0.1;0.1;0.2;
2/2/2017 10:47:47 AM;1072;26.7;27.9;26.4;26.4;0.1;0.1;0.1;0.2;
2/2/2017 10:47:48 AM;1073;26.7;27.9;26.4;26.4;0.1;0.1;0.1;0.2;
2/2/2017 10:47:49 AM;1074;26.7;27.9;26.4;26.4;0.1;0.1;0.1;0.2;
2/2/2017 10:47:50 AM;1075;26.7;27.9;26.5;26.4;0.1;0.1;0.1;0.2;
2/2/2017 10:47:51 AM;1076;26.7;27.9;26.5;26.4;0.1;0.1;0.1;0.2;
2/2/2017 10:47:52 AM;1077;26.7;27.9;26.5;26.4;0.1;0.1;0.1;0.2;
2/2/2017 10:47:53 AM;1078;26.7;27.9;26.5;26.4;0.1;0.1;0.1;0.2;
2/2/2017 10:47:54 AM;1079;26.7;27.9;26.5;26.4;0.1;0.1;0.1;0.2;
2/2/2017 10:47:55 AM;1080;26.7;27.9;26.5;26.4;0.1;0.1;0.1;0.2;
2/2/2017 10:47:56 AM;1081;26.7;27.9;26.5;26.4;0.1;0.1;0.1;0.2;
2/2/2017 10:47:57 AM;1082;26.7;27.9;26.5;26.4;0.1;0.1;0.1;0.2;
2/2/2017 10:47:58 AM;1083;26.7;27.9;26.5;26.4;0.1;0.1;0.1;0.2;
2/2/2017 10:47:59 AM;1084;26.7;28.0;26.5;26.4;0.1;0.1;0.1;0.2;
2/2/2017 10:48:00 AM;1085;26.7;28.0;26.5;26.4;0.1;0.1;0.1;0.2;
2/2/2017 10:48:01 AM;1086;26.7;28.0;26.5;26.4;0.1;0.1;0.1;0.2;
2/2/2017 10:48:02 AM;1087;26.7;28.0;26.5;26.4;0.1;0.1;0.1;0.2;
2/2/2017 10:48:03 AM;1088;26.7;28.1;26.5;26.4;0.1;0.1;0.1;0.2;
2/2/2017 10:48:04 AM;1089;26.7;28.1;26.5;26.4;0.1;0.1;0.1;0.2;
2/2/2017 10:48:05 AM;1090;26.7;28.1;26.5;26.4;0.1;0.1;0.1;0.2;
2/2/2017 10:48:06 AM;1091;26.8;28.1;26.5;26.4;0.1;0.1;0.1;0.2;
2/2/2017 10:48:07 AM;1092;26.8;28.1;26.5;26.4;0.1;0.1;0.1;0.2;
2/2/2017 10:48:08 AM;1093;26.9;28.1;26.5;26.4;0.1;0.1;0.1;0.2;
2/2/2017 10:48:09 AM;1094;26.9;28.1;26.5;26.4;0.1;0.1;0.1;0.2;
2/2/2017 10:48:10 AM;1095;26.9;28.1;26.5;26.4;0.1;0.1;0.1;0.2;
2/2/2017 10:48:11 AM;1096;26.9;28.1;26.5;26.4;0.1;0.1;0.1;0.2;
2/2/2017 10:48:12 AM;1097;26.9;28.1;26.5;26.4;0.1;0.1;0.1;0.2;
2/2/2017 10:48:13 AM;1098;26.9;28.1;26.5;26.4;0.1;0.1;0.1;0.2;
2/2/2017 10:48:14 AM;1099;26.9;28.1;26.5;26.4;0.1;0.1;0.1;0.2;
2/2/2017 10:48:15 AM;1100;26.9;28.1;26.5;26.4;0.1;0.1;0.1;0.2;
2/2/2017 10:48:16 AM;1101;26.9;28.1;26.5;26.4;0.1;0.1;0.1;0.2;
2/2/2017 10:48:17 AM;1102;26.9;28.1;26.5;26.4;0.1;0.1;0.1;0.2;
2/2/2017 10:48:18 AM;1103;26.9;28.1;26.5;26.4;0.1;0.1;0.1;0.2;
2/2/2017 10:48:19 AM;1104;26.9;28.1;26.5;26.4;0.1;0.1;0.1;0.2;
2/2/2017 10:48:20 AM;1105;26.9;28.1;26.5;26.4;0.1;0.1;0.1;0.2;
2/2/2017 10:48:21 AM;1106;26.9;28.2;26.5;26.4;0.1;0.1;0.1;0.2;
2/2/2017 10:48:22 AM;1107;27.0;28.2;26.5;26.4;0.1;0.1;0.1;0.2;
2/2/2017 10:48:23 AM;1108;27.0;28.2;26.5;26.4;0.1;0.1;0.1;0.2;
2/2/2017 10:48:24 AM;1109;27.0;28.2;26.5;26.4;0.1;0.1;0.1;0.2;
2/2/2017 10:48:25 AM;1110;27.0;28.2;26.5;26.4;0.1;0.1;0.1;0.2;
2/2/2017 10:48:26 AM;1111;27.0;28.2;26.5;26.4;0.1;0.1;0.1;0.2;
2/2/2017 10:48:27 AM;1112;27.0;28.3;26.5;26.4;0.1;0.1;0.1;0.2;
2/2/2017 10:48:28 AM;1113;27.0;28.3;26.5;26.4;0.1;0.1;0.1;0.2;
2/2/2017 10:48:29 AM;1114;27.1;28.3;26.5;26.4;0.1;0.1;0.1;0.2;
2/2/2017 10:48:30 AM;1115;27.1;28.3;26.5;26.4;0.1;0.1;0.1;0.2;
2/2/2017 10:48:31 AM;1116;27.1;28.3;26.5;26.4;0.1;0.1;0.1;0.2;
2/2/2017 10:48:32 AM;1117;27.2;28.3;26.5;26.4;0.1;0.1;0.1;0.2;
2/2/2017 10:48:33 AM;1118;27.2;28.3;26.5;26.4;0.1;0.1;0.1;0.2;
2/2/2017 10:48:34 AM;1119;27.3;28.3;26.5;26.4;0.1;0.1;0.1;0.2;
2/2/2017 10:48:35 AM;1120;27.3;28.4;26.5;26.4;0.1;0.1;0.1;0.2;
2/2/2017 10:48:36 AM;1121;27.3;28.4;26.5;26.4;0.1;0.1;0.1;0.2;
2/2/2017 10:48:37 AM;1122;27.3;28.4;26.5;26.4;0.1;0.1;0.1;0.2;
2/2/2017 10:48:38 AM;1123;27.3;28.4;26.5;26.4;0.1;0.1;0.1;0.2;
2/2/2017 10:48:39 AM;1124;27.3;28.4;26.5;26.4;0.1;0.1;0.1;0.2;
2/2/2017 10:48:40 AM;1125;27.3;28.5;26.5;26.5;0.1;0.1;0.1;0.2;
2/2/2017 10:48:41 AM;1126;27.3;28.5;26.5;26.5;0.1;0.1;0.1;0.2;
2/2/2017 10:48:42 AM;1127;27.3;28.6;26.5;26.6;0.1;0.1;0.1;0.2;
2/2/2017 10:48:43 AM;1128;27.4;28.6;26.5;26.6;0.1;0.1;0.1;0.2;
2/2/2017 10:48:44 AM;1129;27.4;28.6;26.5;26.6;0.1;0.1;0.1;0.2;
2/2/2017 10:48:45 AM;1130;27.4;28.6;26.5;26.6;0.1;0.1;0.1;0.2;
2/2/2017 10:48:46 AM;1131;27.5;28.6;26.5;26.6;0.1;0.1;0.1;0.2;
2/2/2017 10:48:47 AM;1132;27.5;28.6;26.5;26.6;0.1;0.1;0.1;0.2;
2/2/2017 10:48:48 AM;1133;27.5;28.6;26.5;26.6;0.1;0.1;0.1;0.2;
2/2/2017 10:48:49 AM;1134;27.5;28.6;26.5;26.6;0.1;0.1;0.1;0.2;
2/2/2017 10:48:50 AM;1135;27.5;28.6;26.5;26.6;0.1;0.1;0.1;0.2;
2/2/2017 10:48:51 AM;1136;27.5;28.7;26.5;26.6;0.1;0.1;0.1;0.2;
2/2/2017 10:48:52 AM;1137;27.5;28.8;26.5;26.6;0.1;0.1;0.1;0.2;
2/2/2017 10:48:53 AM;1138;27.5;28.8;26.5;26.6;0.1;0.1;0.1;0.2;
2/2/2017 10:48:54 AM;1139;27.6;28.9;26.5;26.6;0.1;0.1;0.1;0.2;
2/2/2017 10:48:55 AM;1140;27.6;28.9;26.5;26.6;0.1;0.1;0.1;0.2;
2/2/2017 10:48:56 AM;1141;27.6;28.9;26.5;26.6;0.1;0.1;0.1;0.2;
2/2/2017 10:48:57 AM;1142;27.6;28.9;26.5;26.6;0.1;0.1;0.1;0.2;
2/2/2017 10:48:58 AM;1143;27.7;29.0;26.5;26.6;0.1;0.1;0.1;0.2;
2/2/2017 10:48:59 AM;1144;27.7;29.0;26.5;26.6;0.1;0.1;0.1;0.2;
2/2/2017 10:49:00 AM;1145;27.7;29.0;26.5;26.6;0.1;0.1;0.1;0.2;
2/2/2017 10:49:01 AM;1146;27.7;29.1;26.5;26.6;0.1;0.1;0.1;0.2;
2/2/2017 10:49:02 AM;1147;27.8;29.1;26.5;26.6;0.1;0.1;0.1;0.2;
2/2/2017 10:49:03 AM;1148;27.8;29.2;26.5;26.6;0.1;0.1;0.1;0.2;
2/2/2017 10:49:04 AM;1149;27.9;29.2;26.5;26.6;0.1;0.1;0.1;0.2;
2/2/2017 10:49:05 AM;1150;27.9;29.2;26.5;26.7;0.1;0.1;0.1;0.2;
2/2/2017 10:49:06 AM;1151;27.9;29.2;26.5;26.7;0.1;0.1;0.1;0.2;
2/2/2017 10:49:07 AM;1152;27.9;29.2;26.5;26.8;0.1;0.1;0.1;0.2;
2/2/2017 10:49:08 AM;1153;27.9;29.3;26.5;26.8;0.1;0.1;0.1;0.2;
2/2/2017 10:49:09 AM;1154;27.9;29.3;26.5;26.8;0.1;0.1;0.1;0.2;
2/2/2017 10:49:10 AM;1155;27.9;29.4;26.5;26.8;0.1;0.1;0.1;0.2;
2/2/2017 10:49:11 AM;1156;28.0;29.4;26.5;26.8;0.1;0.1;0.1;0.2;
2/2/2017 10:49:12 AM;1157;28.0;29.5;26.5;26.8;0.1;0.1;0.1;0.2;
2/2/2017 10:49:13 AM;1158;28.0;29.5;26.5;26.8;0.1;0.1;0.1;0.2;
2/2/2017 10:49:14 AM;1159;28.1;29.6;26.5;26.8;0.1;0.1;0.1;0.2;
2/2/2017 10:49:15 AM;1160;28.2;29.6;26.5;26.8;0.1;0.1;0.1;0.2;
2/2/2017 10:49:16 AM;1161;28.2;29.6;26.5;26.8;0.1;0.1;0.1;0.2;
2/2/2017 10:49:17 AM;1162;28.4;29.6;26.5;26.9;0.1;0.1;0.1;0.2;
2/2/2017 10:49:18 AM;1163;28.5;29.6;26.5;26.9;0.1;0.1;0.1;0.2;
2/2/2017 10:49:19 AM;1164;28.6;29.6;26.5;27.0;0.1;0.1;0.1;0.2;
2/2/2017 10:49:20 AM;1165;28.8;29.6;26.5;27.0;0.1;0.1;0.1;0.2;
2/2/2017 10:49:21 AM;1166;28.8;29.7;26.5;27.0;0.1;0.1;0.1;0.2;
2/2/2017 10:49:22 AM;1167;28.8;29.8;26.5;27.0;0.1;0.1;0.1;0.2;
2/2/2017 10:49:23 AM;1168;28.8;29.9;26.5;27.0;0.1;0.1;0.1;0.2;
2/2/2017 10:49:24 AM;1169;28.8;30.0;26.5;27.0;0.1;0.1;0.1;0.2;
2/2/2017 10:49:25 AM;1170;28.7;30.0;26.5;27.0;0.1;0.1;0.1;0.2;
2/2/2017 10:49:26 AM;1171;28.6;30.1;26.5;27.0;0.1;0.1;0.1;0.2;
2/2/2017 10:49:27 AM;1172;28.6;30.1;26.5;27.0;0.1;0.1;0.1;0.2;
2/2/2017 10:49:28 AM;1173;28.5;30.1;26.5;27.0;0.1;0.1;0.1;0.2;
2/2/2017 10:49:29 AM;1174;28.6;30.1;26.5;27.0;0.1;0.1;0.1;0.2;
2/2/2017 10:49:30 AM;1175;28.6;30.1;26.5;27.0;0.1;0.1;0.1;0.2;
2/2/2017 10:49:31 AM;1176;28.6;30.1;26.5;27.0;0.1;0.1;0.1;0.2;
2/2/2017 10:49:32 AM;1177;28.7;30.1;26.6;27.0;0.1;0.1;0.1;0.2;
2/2/2017 10:49:33 AM;1178;28.7;30.1;26.6;27.1;0.1;0.1;0.1;0.2;
2/2/2017 10:49:34 AM;1179;28.8;30.2;26.6;27.1;0.1;0.1;0.1;0.2;
2/2/2017 10:49:35 AM;1180;28.8;30.2;26.7;27.1;0.1;0.1;0.1;0.2;
2/2/2017 10:49:36 AM;1181;28.9;30.3;26.7;27.2;0.1;0.1;0.1;0.2;
2/2/2017 10:49:37 AM;1182;29.0;30.3;26.7;27.2;0.1;0.1;0.1;0.2;
2/2/2017 10:49:38 AM;1183;29.1;30.4;26.7;27.2;0.1;0.1;0.1;0.2;
2/2/2017 10:49:39 AM;1184;29.2;30.4;26.7;27.2;0.1;0.1;0.1;0.2;
2/2/2017 10:49:40 AM;1185;29.3;30.4;26.8;27.2;0.1;0.1;0.1;0.2;
2/2/2017 10:49:41 AM;1186;29.3;30.4;26.8;27.2;0.1;0.1;0.1;0.2;
2/2/2017 10:49:42 AM;1187;29.4;30.3;26.8;27.2;0.1;0.1;0.1;0.2;
2/2/2017 10:49:43 AM;1188;29.4;30.3;26.8;27.2;0.1;0.1;0.1;0.2;
2/2/2017 10:49:44 AM;1189;29.4;30.2;26.9;27.2;0.1;0.1;0.1;0.2;
2/2/2017 10:49:45 AM;1190;29.4;30.3;26.9;27.3;0.1;0.1;0.1;0.2;
2/2/2017 10:49:46 AM;1191;29.5;30.4;26.9;27.3;0.1;0.1;0.1;0.2;
2/2/2017 10:49:47 AM;1192;29.7;30.5;26.9;27.3;0.1;0.1;0.1;0.2;
2/2/2017 10:49:48 AM;1193;29.8;30.6;26.8;27.4;0.1;0.1;0.1;0.2;
2/2/2017 10:49:49 AM;1194;29.8;30.7;26.8;27.4;0.1;0.1;0.1;0.2;
2/2/2017 10:49:50 AM;1195;29.7;30.8;26.8;27.4;0.1;0.1;0.1;0.2;
2/2/2017 10:49:51 AM;1196;29.7;30.9;26.8;27.4;0.1;0.1;0.1;0.2;
2/2/2017 10:49:52 AM;1197;29.7;30.9;26.8;27.5;0.1;0.1;0.1;0.2;
2/2/2017 10:49:53 AM;1198;29.7;30.9;26.8;27.5;0.1;0.1;0.1;0.2;
2/2/2017 10:49:54 AM;1199;29.9;31.0;26.8;27.6;0.1;0.1;0.1;0.2;
2/2/2017 10:49:55 AM;1200;30.1;31.0;26.8;27.6;0.1;0.1;0.1;0.2;
2/2/2017 10:49:56 AM;1201;30.2;31.0;26.8;27.6;0.1;0.1;0.1;0.2;
2/2/2017 10:49:57 AM;1202;30.2;31.1;26.9;27.6;0.1;0.1;0.1;0.2;
2/2/2017 10:49:58 AM;1203;30.2;31.1;26.9;27.6;0.1;0.1;0.1;0.2;
2/2/2017 10:49:59 AM;1204;30.2;31.2;26.9;27.6;0.1;0.1;0.1;0.2;
2/2/2017 10:50:00 AM;1205;30.2;31.3;27.0;27.6;0.1;0.1;0.1;0.2;
2/2/2017 10:50:01 AM;1206;30.2;31.4;27.0;27.7;0.1;0.1;0.1;0.2;
2/2/2017 10:50:02 AM;1207;30.2;31.5;27.1;27.8;0.1;0.1;0.1;0.2;
2/2/2017 10:50:03 AM;1208;30.3;31.5;27.1;27.9;0.1;0.1;0.1;0.2;
2/2/2017 10:50:04 AM;1209;30.3;31.6;27.1;27.9;0.1;0.1;0.1;0.2;
2/2/2017 10:50:05 AM;1210;30.3;31.7;27.1;28.0;0.1;0.1;0.1;0.2;
2/2/2017 10:50:06 AM;1211;30.3;31.7;27.1;28.0;0.1;0.1;0.1;0.2;
2/2/2017 10:50:07 AM;1212;30.4;31.7;27.1;28.0;0.1;0.1;0.1;0.2;
2/2/2017 10:50:08 AM;1213;30.5;31.7;27.1;28.0;0.1;0.1;0.1;0.2;
2/2/2017 10:50:09 AM;1214;30.6;31.7;27.1;28.0;0.1;0.1;0.1;0.2;
2/2/2017 10:50:10 AM;1215;30.6;31.7;27.0;28.0;0.1;0.1;0.1;0.2;
2/2/2017 10:50:11 AM;1216;30.7;31.8;27.0;28.0;0.1;0.1;0.1;0.2;
2/2/2017 10:50:12 AM;1217;30.7;31.9;27.0;28.0;0.1;0.1;0.1;0.2;
2/2/2017 10:50:13 AM;1218;30.7;31.9;27.0;28.0;0.1;0.1;0.1;0.2;
2/2/2017 10:50:14 AM;1219;30.8;32.0;27.0;28.0;0.1;0.1;0.1;0.2;
2/2/2017 10:50:15 AM;1220;30.8;32.1;27.0;28.1;0.1;0.1;0.1;0.2;
2/2/2017 10:50:16 AM;1221;30.8;32.1;27.1;28.1;0.1;0.1;0.1;0.2;
2/2/2017 10:50:17 AM;1222;30.9;32.2;27.1;28.2;0.1;0.1;0.1;0.2;
2/2/2017 10:50:18 AM;1223;30.9;32.3;27.1;28.2;0.1;0.1;0.1;0.2;
2/2/2017 10:50:19 AM;1224;30.9;32.3;27.1;28.2;0.1;0.1;0.1;0.2;
2/2/2017 10:50:20 AM;1225;30.9;32.4;27.1;28.3;0.1;0.1;0.1;0.2;
2/2/2017 10:50:21 AM;1226;31.1;32.4;27.1;28.3;0.1;0.1;0.1;0.2;
2/2/2017 10:50:22 AM;1227;31.2;32.3;27.1;28.3;0.1;0.1;0.1;0.2;
2/2/2017 10:50:23 AM;1228;31.4;32.3;27.1;28.3;0.1;0.1;0.1;0.2;
2/2/2017 10:50:24 AM;1229;31.5;32.4;27.1;28.3;0.1;0.1;0.1;0.2;
2/2/2017 10:50:25 AM;1230;31.6;32.4;27.1;28.3;0.1;0.1;0.1;0.2;
2/2/2017 10:50:26 AM;1231;31.6;32.4;27.2;28.3;0.1;0.1;0.1;0.2;
2/2/2017 10:50:27 AM;1232;31.5;32.5;27.3;28.3;0.1;0.1;0.1;0.2;
2/2/2017 10:50:28 AM;1233;31.5;32.6;27.3;28.3;0.1;0.1;0.1;0.2;
2/2/2017 10:50:29 AM;1234;31.5;32.7;27.3;28.3;0.1;0.1;0.1;0.2;
2/2/2017 10:50:30 AM;1235;31.5;32.8;27.3;28.4;0.1;0.1;0.1;0.2;
2/2/2017 10:50:31 AM;1236;31.6;32.8;27.3;28.4;0.1;0.1;0.1;0.2;
2/2/2017 10:50:32 AM;1237;31.6;33.0;27.3;28.5;0.1;0.1;0.1;0.2;
2/2/2017 10:50:33 AM;1238;31.7;33.0;27.3;28.5;0.1;0.1;0.1;0.2;
2/2/2017 10:50:34 AM;1239;31.7;33.1;27.3;28.5;0.1;0.1;0.1;0.2;
2/2/2017 10:50:35 AM;1240;31.7;33.1;27.3;28.5;0.1;0.1;0.1;0.2;
2/2/2017 10:50:36 AM;1241;31.8;33.2;27.4;28.6;0.1;0.1;0.1;0.2;
2/2/2017 10:50:37 AM;1242;31.8;33.1;27.4;28.7;0.1;0.1;0.1;0.2;
2/2/2017 10:50:38 AM;1243;31.8;33.1;27.5;28.7;0.1;0.1;0.1;0.2;
2/2/2017 10:50:39 AM;1244;31.8;33.1;27.5;28.8;0.1;0.1;0.1;0.2;
2/2/2017 10:50:40 AM;1245;31.7;33.2;27.5;28.9;0.1;0.1;0.1;0.2;
2/2/2017 10:50:41 AM;1246;31.7;33.4;27.5;28.9;0.1;0.1;0.1;0.2;
2/2/2017 10:50:42 AM;1247;31.8;33.5;27.5;28.9;0.1;0.1;0.1;0.2;
2/2/2017 10:50:43 AM;1248;31.8;33.6;27.6;28.9;0.1;0.1;0.1;0.2;
2/2/2017 10:50:44 AM;1249;32.0;33.5;27.7;28.9;0.1;0.1;0.1;0.2;
2/2/2017 10:50:45 AM;1250;32.1;33.5;27.7;28.9;0.1;0.1;0.1;0.2;
2/2/2017 10:50:46 AM;1251;32.2;33.5;27.7;28.9;0.1;0.1;0.1;0.2;
2/2/2017 10:50:47 AM;1252;32.2;33.4;27.7;28.9;0.1;0.1;0.1;0.2;
2/2/2017 10:50:48 AM;1253;32.2;33.5;27.7;29.0;0.1;0.1;0.1;0.2;
2/2/2017 10:50:49 AM;1254;32.2;33.6;27.7;29.1;0.1;0.1;0.1;0.2;
2/2/2017 10:50:50 AM;1255;32.2;33.6;27.7;29.2;0.1;0.1;0.1;0.2;
2/2/2017 10:50:51 AM;1256;32.3;33.6;27.7;29.3;0.1;0.1;0.1;0.2;
2/2/2017 10:50:52 AM;1257;32.4;33.6;27.8;29.3;0.1;0.1;0.1;0.2;
2/2/2017 10:50:53 AM;1258;32.6;33.7;27.8;29.3;0.1;0.1;0.1;0.2;
2/2/2017 10:50:54 AM;1259;32.6;33.8;27.9;29.3;0.1;0.1;0.1;0.2;
2/2/2017 10:50:55 AM;1260;32.7;33.9;27.9;29.3;0.1;0.1;0.1;0.2;
2/2/2017 10:50:56 AM;1261;32.8;34.0;27.9;29.3;0.1;0.1;0.1;0.2;
2/2/2017 10:50:57 AM;1262;32.9;34.0;27.9;29.3;0.1;0.1;0.1;0.2;
2/2/2017 10:50:58 AM;1263;33.0;34.0;28.0;29.4;0.1;0.1;0.1;0.2;
2/2/2017 10:50:59 AM;1264;33.2;34.0;28.0;29.5;0.1;0.1;0.1;0.2;
2/2/2017 10:51:00 AM;1265;33.2;34.0;28.1;29.5;0.1;0.1;0.1;0.2;
2/2/2017 10:51:01 AM;1266;33.3;33.9;28.2;29.5;0.1;0.1;0.1;0.2;
2/2/2017 10:51:02 AM;1267;33.4;34.0;28.3;29.6;0.1;0.1;0.1;0.2;
2/2/2017 10:51:03 AM;1268;33.4;34.1;28.3;29.6;0.1;0.1;0.1;0.2;
2/2/2017 10:51:04 AM;1269;33.2;34.2;28.3;29.7;0.1;0.1;0.1;0.2;
2/2/2017 10:51:05 AM;1270;33.1;34.2;28.3;29.8;0.1;0.1;0.1;0.2;
2/2/2017 10:51:06 AM;1271;33.1;34.4;28.3;29.9;0.1;0.1;0.1;0.2;
2/2/2017 10:51:07 AM;1272;33.1;34.5;28.3;30.0;0.1;0.1;0.1;0.2;
2/2/2017 10:51:08 AM;1273;33.2;34.6;28.3;30.1;0.1;0.1;0.1;0.2;
2/2/2017 10:51:09 AM;1274;33.4;34.6;28.3;30.1;0.1;0.1;0.1;0.2;
2/2/2017 10:51:10 AM;1275;33.4;34.7;28.3;30.0;0.1;0.1;0.1;0.2;
2/2/2017 10:51:11 AM;1276;33.5;34.7;28.3;30.0;0.1;0.1;0.1;0.2;
2/2/2017 10:51:12 AM;1277;33.5;34.6;28.3;30.0;0.1;0.1;0.1;0.2;
2/2/2017 10:51:13 AM;1278;33.4;34.5;28.3;30.0;0.1;0.1;0.1;0.2;
2/2/2017 10:51:14 AM;1279;33.5;34.4;28.3;30.0;0.1;0.1;0.1;0.2;
2/2/2017 10:51:15 AM;1280;33.6;34.3;28.3;30.1;0.1;0.1;0.1;0.2;
2/2/2017 10:51:16 AM;1281;33.6;34.3;28.3;30.1;0.1;0.1;0.1;0.2;
2/2/2017 10:51:17 AM;1282;33.6;34.4;28.3;30.2;0.1;0.1;0.1;0.2;
2/2/2017 10:51:18 AM;1283;33.6;34.4;28.4;30.2;0.1;0.1;0.1;0.2;
2/2/2017 10:51:19 AM;1284;33.7;34.6;28.4;30.3;0.1;0.1;0.1;0.2;
2/2/2017 10:51:20 AM;1285;33.7;34.7;28.5;30.3;0.1;0.1;0.1;0.2;
2/2/2017 10:51:21 AM;1286;33.9;34.7;28.5;30.3;0.1;0.1;0.1;0.2;
2/2/2017 10:51:22 AM;1287;34.0;34.7;28.5;30.4;0.1;0.1;0.1;0.2;
2/2/2017 10:51:23 AM;1288;34.2;34.8;28.5;30.4;0.1;0.1;0.1;0.2;
2/2/2017 10:51:24 AM;1289;34.2;34.9;28.6;30.5;0.1;0.1;0.1;0.2;
2/2/2017 10:51:25 AM;1290;34.2;35.0;28.6;30.5;0.1;0.1;0.1;0.2;
2/2/2017 10:51:26 AM;1291;34.1;35.1;28.7;30.5;0.1;0.1;0.1;0.2;
2/2/2017 10:51:27 AM;1292;34.1;35.1;28.8;30.5;0.1;0.1;0.1;0.2;
2/2/2017 10:51:28 AM;1293;34.1;35.3;28.9;30.5;0.1;0.1;0.1;0.2;
2/2/2017 10:51:29 AM;1294;34.1;35.3;28.9;30.6;0.1;0.1;0.1;0.2;
2/2/2017 10:51:30 AM;1295;34.2;35.3;29.0;30.6;0.1;0.1;0.1;0.2;
2/2/2017 10:51:31 AM;1296;34.3;35.3;29.0;30.7;0.1;0.1;0.1;0.2;
2/2/2017 10:51:32 AM;1297;34.4;35.3;29.0;30.7;0.1;0.1;0.1;0.2;
2/2/2017 10:51:33 AM;1298;34.4;35.3;29.0;30.8;0.1;0.1;0.1;0.2;
2/2/2017 10:51:34 AM;1299;34.4;35.3;29.0;30.8;0.1;0.1;0.1;0.2;
2/2/2017 10:51:35 AM;1300;34.3;35.3;29.0;30.8;0.1;0.1;0.1;0.2;
2/2/2017 10:51:36 AM;1301;34.3;35.4;29.0;30.8;0.1;0.1;0.1;0.2;
2/2/2017 10:51:37 AM;1302;34.3;35.5;29.0;30.8;0.1;0.1;0.1;0.2;
2/2/2017 10:51:38 AM;1303;34.4;35.6;29.0;30.8;0.1;0.1;0.1;0.2;
2/2/2017 10:51:39 AM;1304;34.5;35.7;29.0;30.9;0.1;0.1;0.1;0.2;
2/2/2017 10:51:40 AM;1305;34.5;35.8;29.0;30.9;0.1;0.1;0.1;0.2;
2/2/2017 10:51:41 AM;1306;34.5;35.9;29.0;30.9;0.1;0.1;0.1;0.2;
2/2/2017 10:51:42 AM;1307;34.5;35.9;29.0;30.9;0.1;0.1;0.1;0.2;
2/2/2017 10:51:43 AM;1308;34.5;35.8;29.0;30.9;0.1;0.1;0.1;0.2;
2/2/2017 10:51:44 AM;1309;34.5;35.8;29.0;31.0;0.1;0.1;0.1;0.2;
2/2/2017 10:51:45 AM;1310;34.6;35.8;29.0;31.0;0.1;0.1;0.1;0.2;
2/2/2017 10:51:46 AM;1311;34.7;35.8;29.0;31.1;0.1;0.1;0.1;0.2;
2/2/2017 10:51:47 AM;1312;34.8;35.7;29.0;31.2;0.1;0.1;0.1;0.2;
2/2/2017 10:51:48 AM;1313;34.9;35.7;29.0;31.3;0.1;0.1;0.1;0.2;
2/2/2017 10:51:49 AM;1314;35.0;35.7;29.0;31.3;0.1;0.1;0.1;0.2;
2/2/2017 10:51:50 AM;1315;35.1;35.7;29.0;31.4;0.1;0.1;0.1;0.2;
2/2/2017 10:51:51 AM;1316;35.1;35.7;29.0;31.4;0.1;0.1;0.1;0.2;
2/2/2017 10:51:52 AM;1317;35.1;35.9;29.1;31.4;0.1;0.1;0.1;0.2;
2/2/2017 10:51:53 AM;1318;35.1;36.0;29.1;31.4;0.1;0.1;0.1;0.2;
2/2/2017 10:51:54 AM;1319;35.1;36.1;29.2;31.5;0.1;0.1;0.1;0.2;
2/2/2017 10:51:55 AM;1320;35.0;36.1;29.3;31.5;0.1;0.1;0.1;0.2;
2/2/2017 10:51:56 AM;1321;35.0;36.2;29.4;31.5;0.1;0.1;0.1;0.2;
2/2/2017 10:51:57 AM;1322;35.1;36.1;29.4;31.4;0.1;0.1;0.1;0.2;
2/2/2017 10:51:58 AM;1323;35.1;36.1;29.4;31.5;0.1;0.1;0.1;0.2;
2/2/2017 10:51:59 AM;1324;35.0;36.1;29.4;31.6;0.1;0.1;0.1;0.2;
2/2/2017 10:52:00 AM;1325;35.1;36.1;29.4;31.7;0.1;0.1;0.1;0.2;
2/2/2017 10:52:01 AM;1326;35.0;36.1;29.4;31.8;0.1;0.1;0.1;0.2;
2/2/2017 10:52:02 AM;1327;34.9;36.1;29.4;32.0;0.1;0.1;0.1;0.2;
2/2/2017 10:52:03 AM;1328;34.9;36.2;29.4;32.0;0.1;0.1;0.1;0.2;
2/2/2017 10:52:04 AM;1329;34.9;36.3;29.4;32.0;0.1;0.1;0.1;0.2;
2/2/2017 10:52:05 AM;1330;34.9;36.3;29.4;31.9;0.1;0.1;0.1;0.2;
2/2/2017 10:52:06 AM;1331;34.9;36.4;29.4;31.9;0.1;0.1;0.1;0.2;
2/2/2017 10:52:07 AM;1332;34.9;36.4;29.5;31.9;0.1;0.1;0.1;0.2;
2/2/2017 10:52:08 AM;1333;34.9;36.5;29.5;32.0;0.1;0.1;0.1;0.2;
2/2/2017 10:52:09 AM;1334;35.0;36.5;29.4;32.0;0.1;0.1;0.1;0.2;
2/2/2017 10:52:10 AM;1335;35.1;36.5;29.4;32.1;0.1;0.1;0.1;0.2;
2/2/2017 10:52:11 AM;1336;35.2;36.5;29.4;32.2;0.1;0.1;0.1;0.2;
2/2/2017 10:52:12 AM;1337;35.2;36.5;29.4;32.1;0.1;0.1;0.1;0.2;
2/2/2017 10:52:13 AM;1338;35.3;36.5;29.5;32.1;0.1;0.1;0.1;0.2;
2/2/2017 10:52:14 AM;1339;35.3;36.4;29.6;32.1;0.1;0.1;0.1;0.2;
2/2/2017 10:52:15 AM;1340;35.3;36.4;29.7;32.1;0.1;0.1;0.1;0.2;
2/2/2017 10:52:16 AM;1341;35.3;36.4;29.9;32.1;0.1;0.1;0.1;0.2;
2/2/2017 10:52:17 AM;1342;35.4;36.3;30.0;32.1;0.1;0.1;0.1;0.2;
2/2/2017 10:52:18 AM;1343;35.5;36.3;30.0;32.2;0.1;0.1;0.1;0.2;
2/2/2017 10:52:19 AM;1344;35.5;36.3;30.0;32.4;0.1;0.1;0.1;0.2;
2/2/2017 10:52:20 AM;1345;35.6;36.2;30.0;32.5;0.1;0.1;0.1;0.2;
2/2/2017 10:52:21 AM;1346;35.5;36.2;30.0;32.5;0.1;0.1;0.1;0.2;
2/2/2017 10:52:22 AM;1347;35.5;36.2;29.9;32.5;0.1;0.1;0.1;0.2;
2/2/2017 10:52:23 AM;1348;35.5;36.3;29.9;32.5;0.1;0.1;0.1;0.2;
2/2/2017 10:52:24 AM;1349;35.4;36.4;29.9;32.4;0.1;0.1;0.1;0.2;
2/2/2017 10:52:25 AM;1350;35.4;36.4;29.9;32.3;0.1;0.1;0.1;0.2;
2/2/2017 10:52:26 AM;1351;35.5;36.5;29.9;32.3;0.1;0.1;0.1;0.2;
2/2/2017 10:52:27 AM;1352;35.5;36.6;30.0;32.4;0.1;0.1;0.1;0.2;
2/2/2017 10:52:28 AM;1353;35.5;36.6;30.0;32.4;0.1;0.1;0.1;0.2;
2/2/2017 10:52:29 AM;1354;35.6;36.6;30.0;32.5;0.1;0.1;0.1;0.2;
2/2/2017 10:52:30 AM;1355;35.6;36.6;30.0;32.5;0.1;0.1;0.1;0.2;
2/2/2017 10:52:31 AM;1356;35.5;36.7;30.1;32.5;0.1;0.1;0.1;0.2;
2/2/2017 10:52:32 AM;1357;35.5;36.7;30.2;32.6;0.1;0.1;0.1;0.2;
2/2/2017 10:52:33 AM;1358;35.5;36.7;30.3;32.7;0.1;0.1;0.1;0.2;
2/2/2017 10:52:34 AM;1359;35.4;36.7;30.5;32.7;0.1;0.1;0.1;0.2;
2/2/2017 10:52:35 AM;1360;35.4;36.7;30.6;32.7;0.1;0.1;0.1;0.2;
2/2/2017 10:52:36 AM;1361;35.4;36.6;30.7;32.7;0.1;0.1;0.1;0.2;
2/2/2017 10:52:37 AM;1362;35.4;36.6;30.8;32.7;0.1;0.1;0.1;0.2;
2/2/2017 10:52:38 AM;1363;35.5;36.6;30.9;32.7;0.1;0.1;0.1;0.2;
2/2/2017 10:52:39 AM;1364;35.5;36.7;30.9;32.7;0.1;0.1;0.1;0.2;
2/2/2017 10:52:40 AM;1365;35.6;36.7;30.9;32.7;0.1;0.1;0.1;0.2;
2/2/2017 10:52:41 AM;1366;35.6;36.7;30.9;32.8;0.1;0.1;0.1;0.2;
2/2/2017 10:52:42 AM;1367;35.6;36.7;30.9;32.8;0.1;0.1;0.1;0.2;
2/2/2017 10:52:43 AM;1368;35.5;36.7;30.9;32.8;0.1;0.1;0.1;0.2;
2/2/2017 10:52:44 AM;1369;35.5;36.7;30.9;32.8;0.1;0.1;0.1;0.2;
2/2/2017 10:52:45 AM;1370;35.5;36.7;30.9;32.8;0.1;0.1;0.1;0.2;
2/2/2017 10:52:46 AM;1371;35.6;36.7;30.9;32.8;0.1;0.1;0.1;0.2;
2/2/2017 10:52:47 AM;1372;35.7;36.6;30.9;32.9;0.1;0.1;0.1;0.2;
2/2/2017 10:52:48 AM;1373;35.8;36.7;30.9;33.0;0.1;0.1;0.1;0.2;
2/2/2017 10:52:49 AM;1374;35.8;36.7;30.9;33.1;0.1;0.1;0.1;0.2;
2/2/2017 10:52:50 AM;1375;35.8;36.7;31.0;33.3;0.1;0.1;0.1;0.2;
2/2/2017 10:52:51 AM;1376;35.7;36.7;31.0;33.4;0.1;0.1;0.1;0.2;
2/2/2017 10:52:52 AM;1377;35.7;36.8;31.0;33.4;0.1;0.1;0.1;0.2;
2/2/2017 10:52:53 AM;1378;35.7;36.7;31.1;33.4;0.1;0.1;0.1;0.2;
2/2/2017 10:52:54 AM;1379;35.6;36.7;31.1;33.3;0.1;0.1;0.1;0.2;
2/2/2017 10:52:55 AM;1380;35.6;36.7;31.0;33.2;0.1;0.1;0.1;0.2;
2/2/2017 10:52:56 AM;1381;35.6;36.7;31.0;33.1;0.1;0.1;0.1;0.2;
2/2/2017 10:52:57 AM;1382;35.6;36.6;30.9;33.1;0.1;0.1;0.1;0.2;
2/2/2017 10:52:58 AM;1383;35.6;36.6;30.9;33.1;0.1;0.1;0.1;0.2;
2/2/2017 10:52:59 AM;1384;35.6;36.7;30.9;33.2;0.1;0.1;0.1;0.2;
2/2/2017 10:53:00 AM;1385;35.7;36.7;30.9;33.3;0.1;0.1;0.1;0.2;
2/2/2017 10:53:01 AM;1386;35.7;36.6;30.9;33.4;0.1;0.1;0.1;0.2;
2/2/2017 10:53:02 AM;1387;35.7;36.7;30.9;33.5;0.1;0.1;0.1;0.2;
2/2/2017 10:53:03 AM;1388;35.6;36.7;30.9;33.6;0.1;0.1;0.1;0.2;
2/2/2017 10:53:04 AM;1389;35.6;36.7;31.0;33.5;0.1;0.1;0.1;0.2;
2/2/2017 10:53:05 AM;1390;35.5;36.7;31.1;33.5;0.1;0.1;0.1;0.2;
2/2/2017 10:53:06 AM;1391;35.5;36.7;31.1;33.4;0.1;0.1;0.1;0.2;
2/2/2017 10:53:07 AM;1392;35.5;36.7;31.1;33.4;0.1;0.1;0.1;0.2;
2/2/2017 10:53:08 AM;1393;35.5;36.7;31.2;33.5;0.1;0.1;0.1;0.2;
2/2/2017 10:53:09 AM;1394;35.5;36.7;31.2;33.5;0.1;0.1;0.1;0.2;
2/2/2017 10:53:10 AM;1395;35.5;36.7;31.3;33.7;0.1;0.1;0.1;0.2;
2/2/2017 10:53:11 AM;1396;35.5;36.7;31.4;33.7;0.1;0.1;0.1;0.2;
2/2/2017 10:53:12 AM;1397;35.6;36.7;31.4;33.8;0.1;0.1;0.1;0.2;
2/2/2017 10:53:13 AM;1398;35.6;36.8;31.5;33.8;0.1;0.1;0.1;0.2;
2/2/2017 10:53:14 AM;1399;35.7;36.8;31.5;33.8;0.1;0.1;0.1;0.2;
2/2/2017 10:53:15 AM;1400;35.7;36.8;31.5;33.8;0.1;0.1;0.1;0.2;
2/2/2017 10:53:16 AM;1401;35.7;36.8;31.5;33.7;0.1;0.1;0.1;0.2;
2/2/2017 10:53:17 AM;1402;35.7;36.7;31.5;33.7;0.1;0.1;0.1;0.2;
2/2/2017 10:53:18 AM;1403;35.7;36.7;31.5;33.6;0.1;0.1;0.1;0.2;
2/2/2017 10:53:19 AM;1404;35.7;36.7;31.5;33.6;0.1;0.1;0.1;0.2;
2/2/2017 10:53:20 AM;1405;35.7;36.7;31.6;33.6;0.1;0.1;0.1;0.2;
2/2/2017 10:53:21 AM;1406;35.7;36.7;31.6;33.6;0.1;0.1;0.1;0.2;
2/2/2017 10:53:22 AM;1407;35.7;36.7;31.7;33.7;0.1;0.1;0.1;0.2;
2/2/2017 10:53:23 AM;1408;35.6;36.7;31.6;33.7;0.1;0.1;0.1;0.2;
2/2/2017 10:53:24 AM;1409;35.6;36.7;31.6;33.8;0.1;0.1;0.1;0.2;
2/2/2017 10:53:25 AM;1410;35.5;36.7;31.6;33.9;0.1;0.1;0.1;0.2;
2/2/2017 10:53:26 AM;1411;35.5;36.6;31.6;33.9;0.1;0.1;0.1;0.2;
2/2/2017 10:53:27 AM;1412;35.5;36.6;31.7;34.0;0.1;0.1;0.1;0.2;
2/2/2017 10:53:28 AM;1413;35.5;36.6;31.8;34.1;0.1;0.1;0.1;0.2;
2/2/2017 10:53:29 AM;1414;35.5;36.6;31.9;34.1;0.1;0.1;0.1;0.2;
2/2/2017 10:53:30 AM;1415;35.5;36.6;32.0;34.2;0.1;0.1;0.1;0.2;
2/2/2017 10:53:31 AM;1416;35.5;36.6;32.1;34.2;0.1;0.1;0.1;0.2;
2/2/2017 10:53:32 AM;1417;35.5;36.7;32.1;34.2;0.1;0.1;0.1;0.2;
2/2/2017 10:53:33 AM;1418;35.5;36.7;32.0;34.1;0.1;0.1;0.1;0.2;
2/2/2017 10:53:34 AM;1419;35.5;36.7;32.1;34.0;0.1;0.1;0.1;0.2;
2/2/2017 10:53:35 AM;1420;35.5;36.7;32.1;33.9;0.1;0.1;0.1;0.2;
2/2/2017 10:53:36 AM;1421;35.5;36.7;32.2;33.9;0.1;0.1;0.1;0.2;
2/2/2017 10:53:37 AM;1422;35.5;36.7;32.3;33.9;0.1;0.1;0.1;0.2;
2/2/2017 10:53:38 AM;1423;35.5;36.6;32.4;33.9;0.1;0.1;0.1;0.2;
2/2/2017 10:53:39 AM;1424;35.5;36.6;32.4;34.0;0.1;0.1;0.1;0.2;
2/2/2017 10:53:40 AM;1425;35.5;36.6;32.5;34.0;0.1;0.1;0.1;0.2;
2/2/2017 10:53:41 AM;1426;35.5;36.6;32.5;34.0;0.1;0.1;0.1;0.2;
2/2/2017 10:53:42 AM;1427;35.4;36.5;32.5;34.0;0.1;0.1;0.1;0.2;
2/2/2017 10:53:43 AM;1428;35.4;36.5;32.6;34.0;0.1;0.1;0.1;0.2;
2/2/2017 10:53:44 AM;1429;35.3;36.5;32.7;34.0;0.1;0.1;0.1;0.2;
2/2/2017 10:53:45 AM;1430;35.3;36.5;32.7;34.0;0.1;0.1;0.1;0.2;
2/2/2017 10:53:46 AM;1431;35.3;36.5;32.7;34.1;0.1;0.1;0.1;0.2;
2/2/2017 10:53:47 AM;1432;35.3;36.5;32.7;34.1;0.1;0.1;0.1;0.2;
2/2/2017 10:53:48 AM;1433;35.3;36.5;32.7;34.1;0.1;0.1;0.1;0.2;
2/2/2017 10:53:49 AM;1434;35.3;36.5;32.7;34.1;0.1;0.1;0.1;0.2;
2/2/2017 10:53:50 AM;1435;35.3;36.5;32.7;34.0;0.1;0.1;0.1;0.2;
2/2/2017 10:53:51 AM;1436;35.3;36.5;32.7;34.1;0.1;0.1;0.1;0.2;
2/2/2017 10:53:52 AM;1437;35.3;36.5;32.8;34.1;0.1;0.1;0.1;0.2;
2/2/2017 10:53:53 AM;1438;35.2;36.5;32.8;34.1;0.1;0.1;0.1;0.2;
2/2/2017 10:53:54 AM;1439;35.2;36.5;32.9;34.1;0.1;0.1;0.1;0.2;
2/2/2017 10:53:55 AM;1440;35.2;36.4;32.9;34.1;0.1;0.1;0.1;0.2;
2/2/2017 10:53:56 AM;1441;35.2;36.4;32.9;34.1;0.1;0.1;0.1;0.2;
2/2/2017 10:53:57 AM;1442;35.1;36.3;32.9;34.1;0.1;0.1;0.1;0.2;
2/2/2017 10:53:58 AM;1443;35.1;36.3;32.9;34.1;0.1;0.1;0.1;0.2;
2/2/2017 10:53:59 AM;1444;35.1;36.3;32.9;34.2;0.1;0.1;0.1;0.2;
2/2/2017 10:54:00 AM;1445;35.1;36.3;33.0;34.2;0.1;0.1;0.1;0.2;
2/2/2017 10:54:01 AM;1446;35.1;36.3;33.0;34.2;0.1;0.1;0.1;0.2;
2/2/2017 10:54:02 AM;1447;35.1;36.3;33.0;34.1;0.1;0.1;0.1;0.2;
2/2/2017 10:54:03 AM;1448;35.1;36.3;33.0;34.1;0.1;0.1;0.1;0.2;
2/2/2017 10:54:04 AM;1449;35.1;36.3;33.0;34.1;0.1;0.1;0.1;0.2;
2/2/2017 10:54:05 AM;1450;35.1;36.3;33.0;34.2;0.1;0.1;0.1;0.2;
2/2/2017 10:54:06 AM;1451;35.1;36.2;33.0;34.2;0.1;0.1;0.1;0.2;
2/2/2017 10:54:07 AM;1452;35.1;36.2;33.1;34.2;0.1;0.1;0.1;0.2;
2/2/2017 10:54:08 AM;1453;35.0;36.1;33.1;34.2;0.1;0.1;0.1;0.2;
2/2/2017 10:54:09 AM;1454;35.0;36.1;33.1;34.2;0.1;0.1;0.1;0.2;
2/2/2017 10:54:10 AM;1455;34.9;36.1;33.1;34.2;0.1;0.1;0.1;0.2;
2/2/2017 10:54:11 AM;1456;34.9;36.1;33.2;34.2;0.1;0.1;0.1;0.2;
2/2/2017 10:54:12 AM;1457;34.9;36.1;33.2;34.2;0.1;0.1;0.1;0.2;
2/2/2017 10:54:13 AM;1458;34.9;36.1;33.2;34.3;0.1;0.1;0.1;0.2;
2/2/2017 10:54:14 AM;1459;34.9;36.1;33.1;34.3;0.1;0.1;0.1;0.2;
2/2/2017 10:54:15 AM;1460;34.9;36.1;33.1;34.3;0.1;0.1;0.1;0.2;
2/2/2017 10:54:16 AM;1461;34.9;36.1;33.1;34.3;0.1;0.1;0.1;0.2;
2/2/2017 10:54:17 AM;1462;34.8;36.0;33.0;34.3;0.1;0.1;0.1;0.2;
2/2/2017 10:54:18 AM;1463;34.8;36.0;33.0;34.2;0.1;0.1;0.1;0.2;
2/2/2017 10:54:19 AM;1464;34.7;35.9;33.0;34.2;0.1;0.1;0.1;0.2;
2/2/2017 10:54:20 AM;1465;34.7;35.9;33.0;34.2;0.1;0.1;0.1;0.2;
2/2/2017 10:54:21 AM;1466;34.7;35.9;32.9;34.2;0.1;0.1;0.1;0.2;
2/2/2017 10:54:22 AM;1467;34.7;35.9;32.9;34.2;0.1;0.1;0.1;0.2;
2/2/2017 10:54:23 AM;1468;34.7;35.9;32.9;34.3;0.1;0.1;0.1;0.2;
2/2/2017 10:54:24 AM;1469;34.7;35.9;32.9;34.3;0.1;0.1;0.1;0.2;
2/2/2017 10:54:25 AM;1470;34.7;35.9;32.9;34.3;0.1;0.1;0.1;0.2;
2/2/2017 10:54:26 AM;1471;34.7;35.8;32.9;34.3;0.1;0.1;0.1;0.2;
2/2/2017 10:54:27 AM;1472;34.6;35.8;32.9;34.3;0.1;0.1;0.1;0.2;
2/2/2017 10:54:28 AM;1473;34.6;35.7;32.9;34.3;0.1;0.1;0.1;0.2;
2/2/2017 10:54:29 AM;1474;34.5;35.7;32.9;34.3;0.1;0.1;0.1;0.2;
2/2/2017 10:54:30 AM;1475;34.5;35.7;32.9;34.3;0.1;0.1;0.1;0.2;
2/2/2017 10:54:31 AM;1476;34.5;35.7;33.0;34.3;0.1;0.1;0.1;0.2;
2/2/2017 10:54:32 AM;1477;34.5;35.7;33.0;34.3;0.1;0.1;0.1;0.2;
2/2/2017 10:54:33 AM;1478;34.5;35.7;33.0;34.3;0.1;0.1;0.1;0.2;
2/2/2017 10:54:34 AM;1479;34.4;35.7;33.0;34.3;0.1;0.1;0.1;0.2;
2/2/2017 10:54:35 AM;1480;34.4;35.7;33.0;34.3;0.1;0.1;0.1;0.2;
2/2/2017 10:54:36 AM;1481;34.4;35.6;33.0;34.3;0.1;0.1;0.1;0.2;
2/2/2017 10:54:37 AM;1482;34.3;35.6;33.1;34.3;0.1;0.1;0.1;0.2;
2/2/2017 10:54:38 AM;1483;34.3;35.5;33.1;34.3;0.1;0.1;0.1;0.2;
2/2/2017 10:54:39 AM;1484;34.3;35.5;33.2;34.3;0.1;0.1;0.1;0.2;
2/2/2017 10:54:40 AM;1485;34.3;35.5;33.2;34.3;0.1;0.1;0.1;0.2;
2/2/2017 10:54:41 AM;1486;34.3;35.5;33.2;34.3;0.1;0.1;0.1;0.2;
2/2/2017 10:54:42 AM;1487;34.3;35.5;33.2;34.3;0.1;0.1;0.1;0.2;
2/2/2017 10:54:43 AM;1488;34.2;35.4;33.2;34.3;0.1;0.1;0.1;0.2;
2/2/2017 10:54:44 AM;1489;34.2;35.4;33.2;34.3;0.1;0.1;0.1;0.2;
2/2/2017 10:54:45 AM;1490;34.1;35.3;33.3;34.3;0.1;0.1;0.1;0.2;
2/2/2017 10:54:46 AM;1491;34.1;35.3;33.4;34.3;0.1;0.1;0.1;0.2;
2/2/2017 10:54:47 AM;1492;34.1;35.3;33.5;34.3;0.1;0.1;0.1;0.2;
2/2/2017 10:54:48 AM;1493;34.1;35.3;33.6;34.2;0.1;0.1;0.1;0.2;
2/2/2017 10:54:49 AM;1494;34.1;35.3;33.6;34.2;0.1;0.1;0.1;0.2;
2/2/2017 10:54:50 AM;1495;34.1;35.3;33.7;34.2;0.1;0.1;0.1;0.2;
2/2/2017 10:54:51 AM;1496;34.1;35.3;33.7;34.2;0.1;0.1;0.1;0.2;
2/2/2017 10:54:52 AM;1497;34.1;35.2;33.8;34.1;0.1;0.1;0.1;0.2;
2/2/2017 10:54:53 AM;1498;34.1;35.2;33.8;34.1;0.1;0.1;0.1;0.2;
2/2/2017 10:54:54 AM;1499;34.1;35.1;33.8;34.1;0.1;0.1;0.1;0.2;
2/2/2017 10:54:55 AM;1500;34.0;35.1;33.8;34.1;0.1;0.1;0.1;0.2;
2/2/2017 10:54:56 AM;1501;34.0;35.1;33.8;34.1;0.1;0.1;0.1;0.2;
2/2/2017 10:54:57 AM;1502;34.0;35.1;33.8;34.1;0.1;0.1;0.1;0.2;
2/2/2017 10:54:58 AM;1503;34.0;35.1;33.8;34.1;0.1;0.1;0.1;0.2;
2/2/2017 10:54:59 AM;1504;33.9;35.1;33.8;34.1;0.1;0.1;0.1;0.2;
2/2/2017 10:55:00 AM;1505;33.9;35.1;33.8;34.1;0.1;0.1;0.1;0.2;
2/2/2017 10:55:01 AM;1506;33.9;35.1;33.8;34.1;0.1;0.1;0.1;0.2;
2/2/2017 10:55:02 AM;1507;33.8;35.0;33.8;34.1;0.1;0.1;0.1;0.2;
2/2/2017 10:55:03 AM;1508;33.8;35.0;33.8;34.1;0.1;0.1;0.1;0.2;
2/2/2017 10:55:04 AM;1509;33.8;34.9;33.8;34.1;0.1;0.1;0.1;0.2;
2/2/2017 10:55:05 AM;1510;33.8;34.9;33.8;34.1;0.1;0.1;0.1;0.2;
2/2/2017 10:55:06 AM;1511;33.8;34.9;33.8;34.1;0.1;0.1;0.1;0.2;
2/2/2017 10:55:07 AM;1512;33.8;34.9;33.8;34.1;0.1;0.1;0.1;0.2;
2/2/2017 10:55:08 AM;1513;33.8;34.8;33.8;34.1;0.1;0.1;0.1;0.2;
2/2/2017 10:55:09 AM;1514;33.7;34.8;33.8;34.1;0.1;0.1;0.1;0.2;
2/2/2017 10:55:10 AM;1515;33.6;34.8;33.8;34.1;0.1;0.1;0.1;0.2;
2/2/2017 10:55:11 AM;1516;33.6;34.8;33.8;34.1;0.1;0.1;0.1;0.2;
2/2/2017 10:55:12 AM;1517;33.6;34.8;33.8;34.1;0.1;0.1;0.1;0.2;
2/2/2017 10:55:13 AM;1518;33.6;34.8;33.8;34.1;0.1;0.1;0.1;0.2;
2/2/2017 10:55:14 AM;1519;33.5;34.8;33.8;34.0;0.1;0.1;0.1;0.2;
2/2/2017 10:55:15 AM;1520;33.5;34.7;33.8;34.0;0.1;0.1;0.1;0.2;
2/2/2017 10:55:16 AM;1521;33.5;34.7;33.8;34.0;0.1;0.1;0.1;0.2;
2/2/2017 10:55:17 AM;1522;33.4;34.6;33.8;34.0;0.1;0.1;0.1;0.2;
2/2/2017 10:55:18 AM;1523;33.4;34.6;33.8;34.0;0.1;0.1;0.1;0.2;
2/2/2017 10:55:19 AM;1524;33.4;34.6;33.8;34.1;0.1;0.1;0.1;0.2;
2/2/2017 10:55:20 AM;1525;33.4;34.5;33.8;34.1;0.1;0.1;0.1;0.2;
2/2/2017 10:55:21 AM;1526;33.4;34.5;33.8;34.0;0.1;0.1;0.1;0.2;
2/2/2017 10:55:22 AM;1527;33.3;34.5;33.8;34.0;0.1;0.1;0.1;0.2;
2/2/2017 10:55:23 AM;1528;33.3;34.5;33.8;33.9;0.1;0.1;0.1;0.2;
2/2/2017 10:55:24 AM;1529;33.2;34.5;33.8;33.9;0.1;0.1;0.1;0.2;
2/2/2017 10:55:25 AM;1530;33.2;34.5;33.8;33.9;0.1;0.1;0.1;0.2;
2/2/2017 10:55:26 AM;1531;33.2;34.4;33.8;33.9;0.1;0.1;0.1;0.2;
2/2/2017 10:55:27 AM;1532;33.2;34.4;33.8;33.9;0.1;0.1;0.1;0.2;
2/2/2017 10:55:28 AM;1533;33.2;34.3;33.8;33.9;0.1;0.1;0.1;0.2;
2/2/2017 10:55:29 AM;1534;33.3;34.3;33.8;33.9;0.1;0.1;0.1;0.2;
2/2/2017 10:55:30 AM;1535;33.2;34.3;33.8;33.9;0.1;0.1;0.1;0.2;
2/2/2017 10:55:31 AM;1536;33.1;34.2;33.8;33.9;0.1;0.1;0.1;0.2;
2/2/2017 10:55:32 AM;1537;33.1;34.2;33.8;33.9;0.1;0.1;0.1;0.2;
2/2/2017 10:55:33 AM;1538;33.1;34.2;33.8;33.9;0.1;0.1;0.1;0.2;
2/2/2017 10:55:34 AM;1539;33.0;34.2;33.8;33.8;0.1;0.1;0.1;0.2;
2/2/2017 10:55:35 AM;1540;33.0;34.2;33.8;33.8;0.1;0.1;0.1;0.2;
2/2/2017 10:55:36 AM;1541;33.0;34.2;33.8;33.8;0.1;0.1;0.1;0.2;
2/2/2017 10:55:37 AM;1542;32.9;34.2;33.8;33.8;0.1;0.1;0.1;0.2;
2/2/2017 10:55:38 AM;1543;32.9;34.2;33.8;33.7;0.1;0.1;0.1;0.2;
2/2/2017 10:55:39 AM;1544;32.9;34.1;33.8;33.7;0.1;0.1;0.1;0.2;
2/2/2017 10:55:40 AM;1545;32.9;34.1;33.8;33.7;0.1;0.1;0.1;0.2;
2/2/2017 10:55:41 AM;1546;32.9;34.0;33.8;33.7;0.1;0.1;0.1;0.2;
2/2/2017 10:55:42 AM;1547;32.9;34.0;33.8;33.7;0.1;0.1;0.1;0.2;
2/2/2017 10:55:43 AM;1548;32.8;34.0;33.8;33.7;0.1;0.1;0.1;0.2;
2/2/2017 10:55:44 AM;1549;32.7;34.0;33.8;33.7;0.1;0.1;0.1;0.2;
2/2/2017 10:55:45 AM;1550;32.7;34.0;33.8;33.7;0.1;0.1;0.1;0.2;
2/2/2017 10:55:46 AM;1551;32.7;34.0;33.8;33.7;0.1;0.1;0.1;0.2;
2/2/2017 10:55:47 AM;1552;32.6;34.0;33.8;33.6;0.1;0.1;0.1;0.2;
2/2/2017 10:55:48 AM;1553;32.6;33.9;33.8;33.6;0.1;0.1;0.1;0.2;
2/2/2017 10:55:49 AM;1554;32.6;33.9;33.8;33.5;0.1;0.1;0.1;0.2;
2/2/2017 10:55:50 AM;1555;32.6;33.9;33.8;33.5;0.1;0.1;0.1;0.2;
2/2/2017 10:55:51 AM;1556;32.5;33.8;33.8;33.5;0.1;0.1;0.1;0.2;
2/2/2017 10:55:52 AM;1557;32.5;33.8;33.8;33.5;0.1;0.1;0.1;0.2;
2/2/2017 10:55:53 AM;1558;32.5;33.8;33.8;33.5;0.1;0.1;0.1;0.2;
2/2/2017 10:55:54 AM;1559;32.5;33.8;33.8;33.5;0.1;0.1;0.1;0.2;
2/2/2017 10:55:55 AM;1560;32.5;33.8;33.8;33.5;0.1;0.1;0.1;0.2;
2/2/2017 10:55:56 AM;1561;32.5;33.8;33.8;33.5;0.1;0.1;0.1;0.2;
2/2/2017 10:55:57 AM;1562;32.5;33.8;33.8;33.5;0.1;0.1;0.1;0.2;
2/2/2017 10:55:58 AM;1563;32.5;33.8;33.8;33.5;0.1;0.1;0.1;0.2;
2/2/2017 10:55:59 AM;1564;32.5;33.7;33.8;33.5;0.1;0.1;0.1;0.2;
2/2/2017 10:56:00 AM;1565;32.5;33.7;33.8;33.5;0.1;0.1;0.1;0.2;
2/2/2017 10:56:01 AM;1566;32.5;33.7;33.8;33.5;0.1;0.1;0.1;0.2;
2/2/2017 10:56:02 AM;1567;32.5;33.7;33.8;33.5;0.1;0.1;0.1;0.2;
2/2/2017 10:56:03 AM;1568;32.4;33.6;33.8;33.4;0.1;0.1;0.1;0.2;
2/2/2017 10:56:04 AM;1569;32.4;33.6;33.8;33.4;0.1;0.1;0.1;0.2;
2/2/2017 10:56:05 AM;1570;32.4;33.6;33.8;33.3;0.1;0.1;0.1;0.2;
2/2/2017 10:56:06 AM;1571;32.3;33.5;33.8;33.3;0.1;0.1;0.1;0.2;
2/2/2017 10:56:07 AM;1572;32.2;33.5;33.8;33.3;0.1;0.1;0.1;0.2;
2/2/2017 10:56:08 AM;1573;32.2;33.4;33.8;33.3;0.1;0.1;0.1;0.2;
2/2/2017 10:56:09 AM;1574;32.2;33.4;33.8;33.3;0.1;0.1;0.1;0.2;
2/2/2017 10:56:10 AM;1575;32.1;33.4;33.8;33.3;0.1;0.1;0.1;0.2;
2/2/2017 10:56:11 AM;1576;32.1;33.4;33.8;33.3;0.1;0.1;0.1;0.2;
2/2/2017 10:56:12 AM;1577;32.1;33.4;33.8;33.3;0.1;0.1;0.1;0.2;
2/2/2017 10:56:13 AM;1578;32.1;33.4;33.8;33.3;0.1;0.1;0.1;0.2;
2/2/2017 10:56:14 AM;1579;32.1;33.4;33.8;33.3;0.1;0.1;0.1;0.2;
2/2/2017 10:56:15 AM;1580;32.0;33.4;33.7;33.2;0.1;0.1;0.1;0.2;
2/2/2017 10:56:16 AM;1581;32.0;33.4;33.7;33.2;0.1;0.1;0.1;0.2;
2/2/2017 10:56:17 AM;1582;32.0;33.3;33.7;33.1;0.1;0.1;0.1;0.2;
2/2/2017 10:56:18 AM;1583;31.9;33.3;33.7;33.1;0.1;0.1;0.1;0.2;
2/2/2017 10:56:19 AM;1584;31.9;33.2;33.6;33.1;0.1;0.1;0.1;0.2;
2/2/2017 10:56:20 AM;1585;31.8;33.2;33.6;33.1;0.1;0.1;0.1;0.2;
2/2/2017 10:56:21 AM;1586;31.8;33.2;33.6;33.1;0.1;0.1;0.1;0.2;
2/2/2017 10:56:22 AM;1587;31.8;33.2;33.6;33.1;0.1;0.1;0.1;0.2;
2/2/2017 10:56:23 AM;1588;31.8;33.1;33.7;33.1;0.1;0.1;0.1;0.2;
2/2/2017 10:56:24 AM;1589;31.8;33.1;33.7;33.1;0.1;0.1;0.1;0.2;
2/2/2017 10:56:25 AM;1590;31.9;33.0;33.7;33.1;0.1;0.1;0.1;0.2;
2/2/2017 10:56:26 AM;1591;31.8;32.9;33.6;33.1;0.1;0.1;0.1;0.2;
2/2/2017 10:56:27 AM;1592;31.8;32.9;33.6;33.1;0.1;0.1;0.1;0.2;
2/2/2017 10:56:28 AM;1593;31.7;32.9;33.6;33.0;0.1;0.1;0.1;0.2;
2/2/2017 10:56:29 AM;1594;31.7;32.9;33.6;33.0;0.1;0.1;0.1;0.2;
2/2/2017 10:56:30 AM;1595;31.7;32.9;33.6;32.9;0.1;0.1;0.1;0.2;
2/2/2017 10:56:31 AM;1596;31.7;32.9;33.6;32.9;0.1;0.1;0.1;0.2;
2/2/2017 10:56:32 AM;1597;31.7;32.8;33.6;32.9;0.1;0.1;0.1;0.2;
2/2/2017 10:56:33 AM;1598;31.6;32.8;33.6;32.9;0.1;0.1;0.1;0.2;
2/2/2017 10:56:34 AM;1599;31.6;32.9;33.6;32.8;0.1;0.1;0.1;0.2;
2/2/2017 10:56:35 AM;1600;31.6;32.9;33.5;32.8;0.1;0.1;0.1;0.2;
2/2/2017 10:56:36 AM;1601;31.6;32.9;33.5;32.8;0.1;0.1;0.1;0.2;
2/2/2017 10:56:37 AM;1602;31.7;32.9;33.5;32.8;0.1;0.1;0.1;0.2;
2/2/2017 10:56:38 AM;1603;31.7;32.9;33.4;32.8;0.1;0.1;0.1;0.2;
2/2/2017 10:56:39 AM;1604;31.7;32.8;33.4;32.8;0.1;0.1;0.1;0.2;
2/2/2017 10:56:40 AM;1605;31.5;32.7;33.4;32.8;0.1;0.1;0.1;0.2;
2/2/2017 10:56:41 AM;1606;31.5;32.7;33.4;32.8;0.1;0.1;0.1;0.2;
2/2/2017 10:56:42 AM;1607;31.3;32.6;33.4;32.7;0.1;0.1;0.1;0.2;
2/2/2017 10:56:43 AM;1608;31.3;32.6;33.4;32.7;0.1;0.1;0.1;0.2;
2/2/2017 10:56:44 AM;1609;31.3;32.6;33.4;32.7;0.1;0.1;0.1;0.2;
2/2/2017 10:56:45 AM;1610;31.3;32.6;33.4;32.7;0.1;0.1;0.1;0.2;
2/2/2017 10:56:46 AM;1611;31.3;32.5;33.4;32.7;0.1;0.1;0.1;0.2;
2/2/2017 10:56:47 AM;1612;31.3;32.5;33.4;32.7;0.1;0.1;0.1;0.2;
2/2/2017 10:56:48 AM;1613;31.3;32.5;33.4;32.7;0.1;0.1;0.1;0.2;
2/2/2017 10:56:49 AM;1614;31.3;32.5;33.4;32.6;0.1;0.1;0.1;0.2;
2/2/2017 10:56:50 AM;1615;31.4;32.5;33.4;32.6;0.1;0.1;0.1;0.2;
2/2/2017 10:56:51 AM;1616;31.4;32.5;33.4;32.5;0.1;0.1;0.1;0.2;
2/2/2017 10:56:52 AM;1617;31.3;32.5;33.4;32.5;0.1;0.1;0.1;0.2;
2/2/2017 10:56:53 AM;1618;31.3;32.5;33.4;32.5;0.1;0.1;0.1;0.2;
2/2/2017 10:56:54 AM;1619;31.2;32.5;33.4;32.5;0.1;0.1;0.1;0.2;
2/2/2017 10:56:55 AM;1620;31.1;32.5;33.4;32.5;0.1;0.1;0.1;0.2;
2/2/2017 10:56:56 AM;1621;31.1;32.5;33.4;32.5;0.1;0.1;0.1;0.2;
2/2/2017 10:56:57 AM;1622;31.1;32.4;33.4;32.4;0.1;0.1;0.1;0.2;
2/2/2017 10:56:58 AM;1623;31.2;32.4;33.4;32.4;0.1;0.1;0.1;0.2;
2/2/2017 10:56:59 AM;1624;31.2;32.4;33.4;32.4;0.1;0.1;0.1;0.2;
2/2/2017 10:57:00 AM;1625;31.2;32.4;33.4;32.3;0.1;0.1;0.1;0.2;
2/2/2017 10:57:01 AM;1626;31.2;32.3;33.4;32.3;0.1;0.1;0.1;0.2;
2/2/2017 10:57:02 AM;1627;31.1;32.4;33.4;32.3;0.1;0.1;0.1;0.2;
2/2/2017 10:57:03 AM;1628;31.1;32.4;33.4;32.3;0.1;0.1;0.1;0.2;
2/2/2017 10:57:04 AM;1629;31.0;32.3;33.4;32.4;0.1;0.1;0.1;0.2;
2/2/2017 10:57:05 AM;1630;31.0;32.3;33.4;32.4;0.1;0.1;0.1;0.2;
2/2/2017 10:57:06 AM;1631;30.9;32.3;33.4;32.4;0.1;0.1;0.1;0.2;
2/2/2017 10:57:07 AM;1632;30.9;32.2;33.3;32.4;0.1;0.1;0.1;0.2;
2/2/2017 10:57:08 AM;1633;30.8;32.2;33.3;32.4;0.1;0.1;0.1;0.2;
2/2/2017 10:57:09 AM;1634;30.9;32.2;33.2;32.3;0.1;0.1;0.1;0.2;
2/2/2017 10:57:10 AM;1635;30.9;32.2;33.2;32.3;0.1;0.1;0.1;0.2;
2/2/2017 10:57:11 AM;1636;30.9;32.2;33.1;32.3;0.1;0.1;0.1;0.2;
2/2/2017 10:57:12 AM;1637;30.8;32.1;33.0;32.2;0.1;0.1;0.1;0.2;
2/2/2017 10:57:13 AM;1638;30.8;32.1;33.0;32.2;0.1;0.1;0.1;0.2;
2/2/2017 10:57:14 AM;1639;30.8;32.1;33.0;32.2;0.1;0.1;0.1;0.2;
2/2/2017 10:57:15 AM;1640;30.8;32.0;33.0;32.2;0.1;0.1;0.1;0.2;
2/2/2017 10:57:16 AM;1641;30.8;32.0;33.0;32.2;0.1;0.1;0.1;0.2;
2/2/2017 10:57:17 AM;1642;30.8;32.0;33.0;32.2;0.1;0.1;0.1;0.2;
2/2/2017 10:57:18 AM;1643;30.8;31.9;33.0;32.2;0.1;0.1;0.1;0.2;
2/2/2017 10:57:19 AM;1644;30.8;31.9;33.0;32.1;0.1;0.1;0.1;0.2;
2/2/2017 10:57:20 AM;1645;30.8;31.9;33.0;32.1;0.1;0.1;0.1;0.2;
2/2/2017 10:57:21 AM;1646;30.8;31.9;33.0;32.1;0.1;0.1;0.1;0.2;
2/2/2017 10:57:22 AM;1647;30.8;31.9;33.0;32.0;0.1;0.1;0.1;0.2;
2/2/2017 10:57:23 AM;1648;30.7;31.9;33.0;32.0;0.1;0.1;0.1;0.2;
2/2/2017 10:57:24 AM;1649;30.7;31.9;33.0;32.0;0.1;0.1;0.1;0.2;
2/2/2017 10:57:25 AM;1650;30.6;31.8;33.0;31.9;0.1;0.1;0.1;0.2;
2/2/2017 10:57:26 AM;1651;30.5;31.8;33.0;31.9;0.1;0.1;0.1;0.2;
2/2/2017 10:57:27 AM;1652;30.5;31.8;33.0;31.9;0.1;0.1;0.1;0.2;
2/2/2017 10:57:28 AM;1653;30.5;31.8;33.0;31.9;0.1;0.1;0.1;0.2;
2/2/2017 10:57:29 AM;1654;30.5;31.8;33.0;32.0;0.1;0.1;0.1;0.2;
2/2/2017 10:57:30 AM;1655;30.5;31.8;33.0;31.9;0.1;0.1;0.1;0.2;
2/2/2017 10:57:31 AM;1656;30.5;31.8;33.0;31.9;0.1;0.1;0.1;0.2;
2/2/2017 10:57:32 AM;1657;30.4;31.7;33.0;31.8;0.1;0.1;0.1;0.2;
2/2/2017 10:57:33 AM;1658;30.4;31.7;33.0;31.8;0.1;0.1;0.1;0.2;
2/2/2017 10:57:34 AM;1659;30.3;31.7;33.0;31.8;0.1;0.1;0.1;0.2;
2/2/2017 10:57:35 AM;1660;30.3;31.7;33.0;31.8;0.1;0.1;0.1;0.2;
2/2/2017 10:57:36 AM;1661;30.3;31.7;33.0;31.8;0.1;0.1;0.1;0.2;
2/2/2017 10:57:37 AM;1662;30.3;31.7;33.0;31.8;0.1;0.1;0.1;0.2;
2/2/2017 10:57:38 AM;1663;30.3;31.7;32.9;31.8;0.1;0.1;0.1;0.2;
2/2/2017 10:57:39 AM;1664;30.3;31.7;32.9;31.8;0.1;0.1;0.1;0.2;
2/2/2017 10:57:40 AM;1665;30.2;31.6;32.9;31.8;0.1;0.1;0.1;0.2;
2/2/2017 10:57:41 AM;1666;30.2;31.6;32.9;31.8;0.1;0.1;0.1;0.2;
2/2/2017 10:57:42 AM;1667;30.1;31.5;32.9;31.8;0.1;0.1;0.1;0.2;
2/2/2017 10:57:43 AM;1668;30.1;31.5;32.8;31.7;0.1;0.1;0.1;0.2;
2/2/2017 10:57:44 AM;1669;30.1;31.4;32.8;31.7;0.1;0.1;0.1;0.2;
2/2/2017 10:57:45 AM;1670;30.1;31.4;32.7;31.6;0.1;0.1;0.1;0.2;
2/2/2017 10:57:46 AM;1671;30.1;31.5;32.7;31.6;0.1;0.1;0.1;0.2;
2/2/2017 10:57:47 AM;1672;30.1;31.5;32.7;31.6;0.1;0.1;0.1;0.2;
2/2/2017 10:57:48 AM;1673;30.0;31.4;32.7;31.6;0.1;0.1;0.1;0.2;
2/2/2017 10:57:49 AM;1674;30.0;31.4;32.7;31.6;0.1;0.1;0.1;0.2;
2/2/2017 10:57:50 AM;1675;30.0;31.3;32.7;31.6;0.1;0.1;0.1;0.2;
2/2/2017 10:57:51 AM;1676;30.0;31.3;32.7;31.6;0.1;0.1;0.1;0.2;
2/2/2017 10:57:52 AM;1677;30.0;31.2;32.7;31.6;0.1;0.1;0.1;0.2;
2/2/2017 10:57:53 AM;1678;30.0;31.3;32.7;31.6;0.1;0.1;0.1;0.2;
2/2/2017 10:57:54 AM;1679;30.0;31.3;32.6;31.6;0.1;0.1;0.1;0.2;
2/2/2017 10:57:55 AM;1680;30.0;31.3;32.6;31.6;0.1;0.1;0.1;0.2;
2/2/2017 10:57:56 AM;1681;30.0;31.3;32.6;31.6;0.1;0.1;0.1;0.2;
2/2/2017 10:57:57 AM;1682;29.9;31.4;32.5;31.6;0.1;0.1;0.1;0.2;
2/2/2017 10:57:58 AM;1683;29.9;31.3;32.5;31.5;0.1;0.1;0.1;0.2;
2/2/2017 10:57:59 AM;1684;29.9;31.3;32.5;31.5;0.1;0.1;0.1;0.2;
2/2/2017 10:58:00 AM;1685;29.9;31.3;32.4;31.4;0.1;0.1;0.1;0.2;
2/2/2017 10:58:01 AM;1686;29.9;31.3;32.4;31.4;0.1;0.1;0.1;0.2;
2/2/2017 10:58:02 AM;1687;29.9;31.2;32.3;31.4;0.1;0.1;0.1;0.2;
2/2/2017 10:58:03 AM;1688;29.9;31.1;32.3;31.4;0.1;0.1;0.1;0.2;
2/2/2017 10:58:04 AM;1689;29.9;31.2;32.3;31.4;0.1;0.1;0.1;0.2;
2/2/2017 10:58:05 AM;1690;29.9;31.2;32.3;31.4;0.1;0.1;0.1;0.2;
2/2/2017 10:58:06 AM;1691;29.8;31.2;32.3;31.4;0.1;0.1;0.1;0.2;
2/2/2017 10:58:07 AM;1692;29.8;31.2;32.3;31.3;0.1;0.1;0.1;0.2;
2/2/2017 10:58:08 AM;1693;29.7;31.2;32.3;31.3;0.1;0.1;0.1;0.2;
2/2/2017 10:58:09 AM;1694;29.7;31.1;32.3;31.2;0.1;0.1;0.1;0.2;
2/2/2017 10:58:10 AM;1695;29.8;31.0;32.3;31.2;0.1;0.1;0.1;0.2;
2/2/2017 10:58:11 AM;1696;29.8;31.0;32.3;31.2;0.1;0.1;0.1;0.2;
2/2/2017 10:58:12 AM;1697;29.8;30.9;32.3;31.2;0.1;0.1;0.1;0.2;
2/2/2017 10:58:13 AM;1698;29.9;30.9;32.3;31.2;0.1;0.1;0.1;0.2;
2/2/2017 10:58:14 AM;1699;29.8;30.9;32.3;31.2;0.1;0.1;0.1;0.2;
2/2/2017 10:58:15 AM;1700;29.7;30.9;32.3;31.2;0.1;0.1;0.1;0.2;
2/2/2017 10:58:16 AM;1701;29.7;30.9;32.3;31.2;0.1;0.1;0.1;0.2;
2/2/2017 10:58:17 AM;1702;29.7;30.9;32.3;31.2;0.1;0.1;0.1;0.2;
2/2/2017 10:58:18 AM;1703;29.6;30.9;32.3;31.2;0.1;0.1;0.1;0.2;
2/2/2017 10:58:19 AM;1704;29.6;30.9;32.3;31.1;0.1;0.1;0.1;0.2;
2/2/2017 10:58:20 AM;1705;29.7;30.9;32.3;31.0;0.1;0.1;0.1;0.2;
2/2/2017 10:58:21 AM;1706;29.7;31.0;32.3;31.0;0.1;0.1;0.1;0.2;
2/2/2017 10:58:22 AM;1707;29.7;31.0;32.3;31.0;0.1;0.1;0.1;0.2;
2/2/2017 10:58:23 AM;1708;29.7;31.0;32.3;31.0;0.1;0.1;0.1;0.2;
2/2/2017 10:58:24 AM;1709;29.7;31.0;32.3;31.0;0.1;0.1;0.1;0.2;
2/2/2017 10:58:25 AM;1710;29.6;30.9;32.3;31.0;0.1;0.1;0.1;0.2;
2/2/2017 10:58:26 AM;1711;29.6;30.9;32.3;31.0;0.1;0.1;0.1;0.2;
2/2/2017 10:58:27 AM;1712;29.5;30.8;32.3;30.9;0.1;0.1;0.1;0.2;
2/2/2017 10:58:28 AM;1713;29.5;30.7;32.3;30.8;0.1;0.1;0.1;0.2;
2/2/2017 10:58:29 AM;1714;29.5;30.7;32.3;30.8;0.1;0.1;0.1;0.2;
2/2/2017 10:58:30 AM;1715;29.4;30.7;32.2;30.7;0.1;0.1;0.1;0.2;
2/2/2017 10:58:31 AM;1716;29.5;30.7;32.2;30.6;0.1;0.1;0.1;0.2;
2/2/2017 10:58:32 AM;1717;29.5;30.7;32.1;30.6;0.1;0.1;0.1;0.2;
2/2/2017 10:58:33 AM;1718;29.5;30.7;32.1;30.6;0.1;0.1;0.1;0.2;
2/2/2017 10:58:34 AM;1719;29.5;30.7;32.1;30.6;0.1;0.1;0.1;0.2;
2/2/2017 10:58:35 AM;1720;29.5;30.7;32.0;30.6;0.1;0.1;0.1;0.2;
2/2/2017 10:58:36 AM;1721;29.4;30.6;32.0;30.6;0.1;0.1;0.1;0.2;
2/2/2017 10:58:37 AM;1722;29.4;30.6;31.9;30.6;0.1;0.1;0.1;0.2;
2/2/2017 10:58:38 AM;1723;29.4;30.5;31.8;30.6;0.1;0.1;0.1;0.2;
2/2/2017 10:58:39 AM;1724;29.4;30.5;31.7;30.7;0.1;0.1;0.1;0.2;
2/2/2017 10:58:40 AM;1725;29.4;30.5;31.7;30.7;0.1;0.1;0.1;0.2;
2/2/2017 10:58:41 AM;1726;29.4;30.5;31.7;30.7;0.1;0.1;0.1;0.2;
2/2/2017 10:58:42 AM;1727;29.4;30.5;31.7;30.6;0.1;0.1;0.1;0.2;
2/2/2017 10:58:43 AM;1728;29.4;30.5;31.7;30.6;0.1;0.1;0.1;0.2;
2/2/2017 10:58:44 AM;1729;29.4;30.5;31.7;30.6;0.1;0.1;0.1;0.2;
2/2/2017 10:58:45 AM;1730;29.3;30.5;31.7;30.6;0.1;0.1;0.1;0.2;
2/2/2017 10:58:46 AM;1731;29.3;30.4;31.7;30.6;0.1;0.1;0.1;0.2;
2/2/2017 10:58:47 AM;1732;29.2;30.4;31.7;30.6;0.1;0.1;0.1;0.2;
2/2/2017 10:58:48 AM;1733;29.2;30.3;31.7;30.6;0.1;0.1;0.1;0.2;
2/2/2017 10:58:49 AM;1734;29.2;30.3;31.7;30.6;0.1;0.1;0.1;0.2;
2/2/2017 10:58:50 AM;1735;29.3;30.3;31.7;30.6;0.1;0.1;0.1;0.2;
2/2/2017 10:58:51 AM;1736;29.3;30.4;31.7;30.6;0.1;0.1;0.1;0.2;
2/2/2017 10:58:52 AM;1737;29.3;30.4;31.7;30.6;0.1;0.1;0.1;0.2;
2/2/2017 10:58:53 AM;1738;29.2;30.4;31.7;30.5;0.1;0.1;0.1;0.2;
2/2/2017 10:58:54 AM;1739;29.1;30.4;31.6;30.5;0.1;0.1;0.1;0.2;
2/2/2017 10:58:55 AM;1740;29.1;30.4;31.6;30.4;0.1;0.1;0.1;0.2;
2/2/2017 10:58:56 AM;1741;29.1;30.3;31.5;30.4;0.1;0.1;0.1;0.2;
2/2/2017 10:58:57 AM;1742;29.1;30.3;31.5;30.4;0.1;0.1;0.1;0.2;
2/2/2017 10:58:58 AM;1743;29.1;30.3;31.5;30.4;0.1;0.1;0.1;0.2;
2/2/2017 10:58:59 AM;1744;29.2;30.3;31.5;30.4;0.1;0.1;0.1;0.2;
2/2/2017 10:59:00 AM;1745;29.2;30.3;31.5;30.4;0.1;0.1;0.1;0.2;
2/2/2017 10:59:01 AM;1746;29.2;30.2;31.5;30.4;0.1;0.1;0.1;0.2;
2/2/2017 10:59:02 AM;1747;29.2;30.2;31.5;30.4;0.1;0.1;0.1;0.2;
2/2/2017 10:59:03 AM;1748;29.2;30.2;31.5;30.3;0.1;0.1;0.1;0.2;
2/2/2017 10:59:04 AM;1749;29.2;30.2;31.5;30.3;0.1;0.1;0.1;0.2;
2/2/2017 10:59:05 AM;1750;29.2;30.2;31.5;30.3;0.1;0.1;0.1;0.2;
2/2/2017 10:59:06 AM;1751;29.1;30.2;31.5;30.3;0.1;0.1;0.1;0.2;
2/2/2017 10:59:07 AM;1752;29.1;30.2;31.5;30.2;0.1;0.1;0.1;0.2;
2/2/2017 10:59:08 AM;1753;29.1;30.1;31.5;30.2;0.1;0.1;0.1;0.2;
2/2/2017 10:59:09 AM;1754;29.1;30.1;31.5;30.2;0.1;0.1;0.1;0.2;
2/2/2017 10:59:10 AM;1755;29.0;30.1;31.4;30.2;0.1;0.1;0.1;0.2;
2/2/2017 10:59:11 AM;1756;29.0;30.1;31.4;30.2;0.1;0.1;0.1;0.2;
2/2/2017 10:59:12 AM;1757;29.0;30.1;31.3;30.2;0.1;0.1;0.1;0.2;
2/2/2017 10:59:13 AM;1758;29.0;30.2;31.3;30.3;0.1;0.1;0.1;0.2;
2/2/2017 10:59:14 AM;1759;29.0;30.2;31.3;30.3;0.1;0.1;0.1;0.2;
2/2/2017 10:59:15 AM;1760;29.0;30.1;31.3;30.3;0.1;0.1;0.1;0.2;
2/2/2017 10:59:16 AM;1761;29.0;30.1;31.3;30.2;0.1;0.1;0.1;0.2;
2/2/2017 10:59:17 AM;1762;29.0;30.1;31.3;30.2;0.1;0.1;0.1;0.2;
2/2/2017 10:59:18 AM;1763;29.0;30.1;31.2;30.1;0.1;0.1;0.1;0.2;
2/2/2017 10:59:19 AM;1764;29.0;30.1;31.2;30.1;0.1;0.1;0.1;0.2;
2/2/2017 10:59:20 AM;1765;28.9;30.1;31.1;30.1;0.1;0.1;0.1;0.2;
2/2/2017 10:59:21 AM;1766;28.9;30.1;31.1;30.1;0.1;0.1;0.1;0.2;
2/2/2017 10:59:22 AM;1767;28.9;30.1;31.1;30.2;0.1;0.1;0.1;0.2;
2/2/2017 10:59:23 AM;1768;28.9;30.2;31.1;30.2;0.1;0.1;0.1;0.2;
2/2/2017 10:59:24 AM;1769;28.8;30.1;31.1;30.2;0.1;0.1;0.1;0.2;
2/2/2017 10:59:25 AM;1770;28.8;30.1;31.1;30.1;0.1;0.1;0.1;0.2;
2/2/2017 10:59:26 AM;1771;28.8;30.0;31.1;30.1;0.1;0.1;0.1;0.2;
2/2/2017 10:59:27 AM;1772;28.8;30.0;31.1;30.0;0.1;0.1;0.1;0.2;
2/2/2017 10:59:28 AM;1773;28.8;30.0;31.0;30.0;0.1;0.1;0.1;0.2;
2/2/2017 10:59:29 AM;1774;28.8;30.0;30.9;29.9;0.1;0.1;0.1;0.2;
2/2/2017 10:59:30 AM;1775;28.8;30.0;30.9;29.9;0.1;0.1;0.1;0.2;
2/2/2017 10:59:31 AM;1776;28.8;29.9;30.9;29.9;0.1;0.1;0.1;0.2;
2/2/2017 10:59:32 AM;1777;28.8;29.9;30.9;29.9;0.1;0.1;0.1;0.2;
2/2/2017 10:59:33 AM;1778;28.8;29.9;30.9;29.9;0.1;0.1;0.1;0.2;
2/2/2017 10:59:34 AM;1779;28.8;29.9;30.9;29.9;0.1;0.1;0.1;0.2;
2/2/2017 10:59:35 AM;1780;28.8;29.9;30.9;29.9;0.1;0.1;0.1;0.2;
2/2/2017 10:59:36 AM;1781;28.8;30.0;30.9;29.9;0.1;0.1;0.1;0.2;
2/2/2017 10:59:37 AM;1782;28.8;30.0;30.9;29.8;0.1;0.1;0.1;0.2;
2/2/2017 10:59:38 AM;1783;28.7;29.9;30.9;29.8;0.1;0.1;0.1;0.2;
2/2/2017 10:59:39 AM;1784;28.7;29.9;30.9;29.8;0.1;0.1;0.1;0.2;
2/2/2017 10:59:40 AM;1785;28.7;29.8;30.9;29.8;0.1;0.1;0.1;0.2;
2/2/2017 10:59:41 AM;1786;28.7;29.8;30.9;29.7;0.1;0.1;0.1;0.2;
2/2/2017 10:59:42 AM;1787;28.7;29.8;30.9;29.7;0.1;0.1;0.1;0.2;
2/2/2017 10:59:43 AM;1788;28.6;29.8;30.9;29.7;0.1;0.1;0.1;0.2;
2/2/2017 10:59:44 AM;1789;28.6;29.8;30.9;29.7;0.1;0.1;0.1;0.2;
2/2/2017 10:59:45 AM;1790;28.6;29.8;30.9;29.7;0.1;0.1;0.1;0.2;
2/2/2017 10:59:46 AM;1791;28.6;29.8;30.9;29.7;0.1;0.1;0.1;0.2;
2/2/2017 10:59:47 AM;1792;28.5;29.8;30.9;29.7;0.1;0.1;0.1;0.2;
2/2/2017 10:59:48 AM;1793;28.6;29.8;30.9;29.7;0.1;0.1;0.1;0.2;
2/2/2017 10:59:49 AM;1794;28.6;29.8;30.9;29.7;0.1;0.1;0.1;0.2;
2/2/2017 10:59:50 AM;1795;28.6;29.8;30.9;29.7;0.1;0.1;0.1;0.2;
2/2/2017 10:59:51 AM;1796;28.6;29.8;30.9;29.7;0.1;0.1;0.1;0.2;
2/2/2017 10:59:52 AM;1797;28.5;29.8;30.9;29.7;0.1;0.1;0.1;0.2;
2/2/2017 10:59:53 AM;1798;28.5;29.8;30.8;29.7;0.1;0.1;0.1;0.2;
2/2/2017 10:59:54 AM;1799;28.5;29.8;30.8;29.7;0.1;0.1;0.1;0.2;
2/2/2017 10:59:55 AM;1800;28.5;29.7;30.8;29.6;0.1;0.1;0.1;0.2;
2/2/2017 10:59:56 AM;1801;28.5;29.7;30.7;29.6;0.1;0.1;0.1;0.2;
2/2/2017 10:59:57 AM;1802;28.5;29.7;30.7;29.6;0.1;0.1;0.1;0.2;
2/2/2017 10:59:58 AM;1803;28.5;29.7;30.7;29.5;0.1;0.1;0.1;0.2;
2/2/2017 10:59:59 AM;1804;28.5;29.7;30.7;29.5;0.1;0.1;0.1;0.2;
2/2/2017 11:00:00 AM;1805;28.5;29.6;30.6;29.5;0.1;0.1;0.1;0.2;
2/2/2017 11:00:01 AM;1806;28.6;29.6;30.6;29.5;0.1;0.1;0.1;0.2;
2/2/2017 11:00:02 AM;1807;28.6;29.6;30.6;29.4;0.1;0.1;0.1;0.2;
2/2/2017 11:00:03 AM;1808;28.6;29.6;30.6;29.4;0.1;0.1;0.1;0.2;
2/2/2017 11:00:04 AM;1809;28.5;29.6;30.6;29.5;0.1;0.1;0.1;0.2;
2/2/2017 11:00:05 AM;1810;28.4;29.6;30.6;29.5;0.1;0.1;0.1;0.2;
2/2/2017 11:00:06 AM;1811;28.4;29.6;30.6;29.5;0.1;0.1;0.1;0.2;
2/2/2017 11:00:07 AM;1812;28.4;29.6;30.6;29.6;0.1;0.1;0.1;0.2;
2/2/2017 11:00:08 AM;1813;28.3;29.6;30.6;29.6;0.1;0.1;0.1;0.2;
2/2/2017 11:00:09 AM;1814;28.3;29.6;30.6;29.5;0.1;0.1;0.1;0.2;
2/2/2017 11:00:10 AM;1815;28.4;29.6;30.6;29.5;0.1;0.1;0.1;0.2;
2/2/2017 11:00:11 AM;1816;28.3;29.6;30.6;29.4;0.1;0.1;0.1;0.2;
2/2/2017 11:00:12 AM;1817;28.3;29.6;30.6;29.3;0.1;0.1;0.1;0.2;
2/2/2017 11:00:13 AM;1818;28.2;29.6;30.6;29.3;0.1;0.1;0.1;0.2;
2/2/2017 11:00:14 AM;1819;28.2;29.6;30.6;29.4;0.1;0.1;0.1;0.2;
2/2/2017 11:00:15 AM;1820;28.2;29.6;30.6;29.4;0.1;0.1;0.1;0.2;
2/2/2017 11:00:16 AM;1821;28.2;29.6;30.6;29.4;0.1;0.1;0.1;0.2;
2/2/2017 11:00:17 AM;1822;28.2;29.6;30.6;29.4;0.1;0.1;0.1;0.2;
2/2/2017 11:00:18 AM;1823;28.2;29.5;30.5;29.3;0.1;0.1;0.1;0.2;
2/2/2017 11:00:19 AM;1824;28.3;29.5;30.5;29.3;0.1;0.1;0.1;0.2;
2/2/2017 11:00:20 AM;1825;28.3;29.4;30.4;29.3;0.1;0.1;0.1;0.2;
2/2/2017 11:00:21 AM;1826;28.4;29.4;30.4;29.3;0.1;0.1;0.1;0.2;
2/2/2017 11:00:22 AM;1827;28.4;29.4;30.4;29.3;0.1;0.1;0.1;0.2;
2/2/2017 11:00:23 AM;1828;28.4;29.4;30.4;29.3;0.1;0.1;0.1;0.2;
2/2/2017 11:00:24 AM;1829;28.3;29.4;30.4;29.3;0.1;0.1;0.1;0.2;
2/2/2017 11:00:25 AM;1830;28.3;29.4;30.4;29.3;0.1;0.1;0.1;0.2;
2/2/2017 11:00:26 AM;1831;28.2;29.4;30.3;29.2;0.1;0.1;0.1;0.2;
2/2/2017 11:00:27 AM;1832;28.2;29.4;30.3;29.2;0.1;0.1;0.1;0.2;
2/2/2017 11:00:28 AM;1833;28.2;29.4;30.3;29.2;0.1;0.1;0.1;0.2;
2/2/2017 11:00:29 AM;1834;28.2;29.4;30.3;29.1;0.1;0.1;0.1;0.2;
2/2/2017 11:00:30 AM;1835;28.3;29.4;30.2;29.1;0.1;0.1;0.1;0.2;
2/2/2017 11:00:31 AM;1836;28.3;29.4;30.2;29.1;0.1;0.1;0.1;0.2;
2/2/2017 11:00:32 AM;1837;28.3;29.4;30.2;29.1;0.1;0.1;0.1;0.2;
2/2/2017 11:00:33 AM;1838;28.2;29.3;30.2;29.0;0.1;0.1;0.1;0.2;
2/2/2017 11:00:34 AM;1839;28.2;29.3;30.2;29.0;0.1;0.1;0.1;0.2;
2/2/2017 11:00:35 AM;1840;28.1;29.2;30.2;29.0;0.1;0.1;0.1;0.2;
2/2/2017 11:00:36 AM;1841;28.1;29.2;30.2;29.0;0.1;0.1;0.1;0.2;
2/2/2017 11:00:37 AM;1842;28.1;29.3;30.2;29.0;0.1;0.1;0.1;0.2;
2/2/2017 11:00:38 AM;1843;28.1;29.3;30.2;29.0;0.1;0.1;0.1;0.2;
2/2/2017 11:00:39 AM;1844;28.1;29.4;30.2;29.1;0.1;0.1;0.1;0.2;
2/2/2017 11:00:40 AM;1845;28.1;29.4;30.2;29.1;0.1;0.1;0.1;0.2;
2/2/2017 11:00:41 AM;1846;28.1;29.4;30.2;29.1;0.1;0.1;0.1;0.2;
2/2/2017 11:00:42 AM;1847;28.1;29.3;30.2;29.1;0.1;0.1;0.1;0.2;
2/2/2017 11:00:43 AM;1848;28.1;29.3;30.2;29.0;0.1;0.1;0.1;0.2;
2/2/2017 11:00:44 AM;1849;28.1;29.3;30.2;29.0;0.1;0.1;0.1;0.2;
2/2/2017 11:00:45 AM;1850;28.1;29.2;30.2;28.9;0.1;0.1;0.1;0.2;
2/2/2017 11:00:46 AM;1851;28.0;29.2;30.1;28.9;0.1;0.1;0.1;0.2;
2/2/2017 11:00:47 AM;1852;28.0;29.2;30.1;28.9;0.1;0.1;0.1;0.2;
2/2/2017 11:00:48 AM;1853;28.0;29.2;30.0;28.9;0.1;0.1;0.1;0.2;
2/2/2017 11:00:49 AM;1854;28.0;29.2;30.0;28.9;0.1;0.1;0.1;0.2;
2/2/2017 11:00:50 AM;1855;28.0;29.2;29.9;28.9;0.1;0.1;0.1;0.2;
2/2/2017 11:00:51 AM;1856;28.0;29.2;29.9;28.9;0.1;0.1;0.1;0.2;
2/2/2017 11:00:52 AM;1857;28.0;29.2;29.9;28.9;0.1;0.1;0.1;0.2;
2/2/2017 11:00:53 AM;1858;28.0;29.2;29.9;28.9;0.1;0.1;0.1;0.2;
2/2/2017 11:00:54 AM;1859;28.0;29.2;29.9;28.9;0.1;0.1;0.1;0.2;
2/2/2017 11:00:55 AM;1860;28.0;29.2;29.9;28.9;0.1;0.1;0.1;0.2;
2/2/2017 11:00:56 AM;1861;28.0;29.2;29.9;28.9;0.1;0.1;0.1;0.2;
2/2/2017 11:00:57 AM;1862;28.0;29.2;29.9;28.8;0.1;0.1;0.1;0.2;
2/2/2017 11:00:58 AM;1863;27.9;29.2;29.8;28.8;0.1;0.1;0.1;0.2;
2/2/2017 11:00:59 AM;1864;27.9;29.2;29.8;28.8;0.1;0.1;0.1;0.2;
2/2/2017 11:01:00 AM;1865;27.9;29.2;29.9;28.8;0.1;0.1;0.1;0.2;
2/2/2017 11:01:01 AM;1866;27.9;29.2;29.9;28.7;0.1;0.1;0.1;0.2;
2/2/2017 11:01:02 AM;1867;27.9;29.2;29.9;28.7;0.1;0.1;0.1;0.2;
2/2/2017 11:01:03 AM;1868;28.0;29.2;29.9;28.7;0.1;0.1;0.1;0.2;
2/2/2017 11:01:04 AM;1869;28.0;29.2;29.9;28.7;0.1;0.1;0.1;0.2;
2/2/2017 11:01:05 AM;1870;28.0;29.1;29.9;28.7;0.1;0.1;0.1;0.2;
2/2/2017 11:01:06 AM;1871;28.0;29.1;30.0;28.7;0.1;0.1;0.1;0.2;
2/2/2017 11:01:07 AM;1872;28.0;29.1;30.0;28.7;0.1;0.1;0.1;0.2;
2/2/2017 11:01:08 AM;1873;28.0;29.1;29.9;28.8;0.1;0.1;0.1;0.2;
2/2/2017 11:01:09 AM;1874;28.0;29.1;29.9;28.8;0.1;0.1;0.1;0.2;
2/2/2017 11:01:10 AM;1875;27.9;29.2;29.8;28.8;0.1;0.1;0.1;0.2;
2/2/2017 11:01:11 AM;1876;27.9;29.2;29.8;28.8;0.1;0.1;0.1;0.2;
2/2/2017 11:01:12 AM;1877;27.8;29.1;29.8;28.7;0.1;0.1;0.1;0.2;
2/2/2017 11:01:13 AM;1878;27.8;29.1;29.8;28.7;0.1;0.1;0.1;0.2;
2/2/2017 11:01:14 AM;1879;27.8;29.1;29.8;28.7;0.1;0.1;0.1;0.2;
2/2/2017 11:01:15 AM;1880;27.8;29.1;29.8;28.7;0.1;0.1;0.1;0.2;
2/2/2017 11:01:16 AM;1881;27.8;29.0;29.7;28.7;0.1;0.1;0.1;0.2;
2/2/2017 11:01:17 AM;1882;27.8;29.0;29.7;28.7;0.1;0.1;0.1;0.2;
2/2/2017 11:01:18 AM;1883;27.8;29.0;29.7;28.7;0.1;0.1;0.1;0.2;
2/2/2017 11:01:19 AM;1884;27.8;29.0;29.6;28.7;0.1;0.1;0.1;0.2;
2/2/2017 11:01:20 AM;1885;27.8;29.0;29.6;28.7;0.1;0.1;0.1;0.2;
2/2/2017 11:01:21 AM;1886;27.8;29.1;29.6;28.8;0.1;0.1;0.1;0.2;
2/2/2017 11:01:22 AM;1887;27.8;29.1;29.5;28.7;0.1;0.1;0.1;0.2;
2/2/2017 11:01:23 AM;1888;27.8;29.1;29.5;28.7;0.1;0.1;0.1;0.2;
2/2/2017 11:01:24 AM;1889;27.8;29.0;29.5;28.7;0.1;0.1;0.1;0.2;
2/2/2017 11:01:25 AM;1890;27.8;29.0;29.4;28.6;0.1;0.1;0.1;0.2;
2/2/2017 11:01:26 AM;1891;27.8;29.0;29.4;28.5;0.1;0.1;0.1;0.2;
2/2/2017 11:01:27 AM;1892;27.8;29.0;29.4;28.5;0.1;0.1;0.1;0.2;
2/2/2017 11:01:28 AM;1893;27.8;29.0;29.4;28.5;0.1;0.1;0.1;0.2;
2/2/2017 11:01:29 AM;1894;27.8;29.0;29.4;28.5;0.1;0.1;0.1;0.2;
2/2/2017 11:01:30 AM;1895;27.8;29.0;29.4;28.5;0.1;0.1;0.1;0.2;
2/2/2017 11:01:31 AM;1896;27.8;29.0;29.4;28.5;0.1;0.1;0.1;0.2;
2/2/2017 11:01:32 AM;1897;27.8;29.0;29.4;28.5;0.1;0.1;0.1;0.2;
2/2/2017 11:01:33 AM;1898;27.8;29.0;29.4;28.5;0.1;0.1;0.1;0.2;
2/2/2017 11:01:34 AM;1899;27.8;29.0;29.4;28.5;0.1;0.1;0.1;0.2;
2/2/2017 11:01:35 AM;1900;27.7;29.0;29.4;28.5;0.1;0.1;0.1;0.2;
2/2/2017 11:01:36 AM;1901;27.6;29.0;29.4;28.5;0.1;0.1;0.1;0.2;
2/2/2017 11:01:37 AM;1902;27.7;29.0;29.4;28.5;0.1;0.1;0.1;0.2;
2/2/2017 11:01:38 AM;1903;27.7;28.9;29.4;28.4;0.1;0.1;0.1;0.2;
2/2/2017 11:01:39 AM;1904;27.7;28.9;29.4;28.4;0.1;0.1;0.1;0.2;
2/2/2017 11:01:40 AM;1905;27.7;28.8;29.4;28.4;0.1;0.1;0.1;0.2;
2/2/2017 11:01:41 AM;1906;27.7;28.8;29.4;28.4;0.1;0.1;0.1;0.2;
2/2/2017 11:01:42 AM;1907;27.6;28.8;29.4;28.4;0.1;0.1;0.1;0.2;
2/2/2017 11:01:43 AM;1908;27.6;28.8;29.4;28.4;0.1;0.1;0.1;0.2;
2/2/2017 11:01:44 AM;1909;27.6;28.8;29.4;28.5;0.1;0.1;0.1;0.2;
2/2/2017 11:01:45 AM;1910;27.6;28.8;29.4;28.4;0.1;0.1;0.1;0.2;
2/2/2017 11:01:46 AM;1911;27.6;28.8;29.4;28.4;0.1;0.1;0.1;0.2;
2/2/2017 11:01:47 AM;1912;27.6;28.8;29.4;28.4;0.1;0.1;0.1;0.2;
2/2/2017 11:01:48 AM;1913;27.6;28.8;29.4;28.4;0.1;0.1;0.1;0.2;
2/2/2017 11:01:49 AM;1914;27.7;28.8;29.4;28.3;0.1;0.1;0.1;0.2;
2/2/2017 11:01:50 AM;1915;27.7;28.8;29.4;28.4;0.1;0.1;0.1;0.2;
2/2/2017 11:01:51 AM;1916;27.7;28.8;29.3;28.4;0.1;0.1;0.1;0.2;
2/2/2017 11:01:52 AM;1917;27.7;28.8;29.3;28.3;0.1;0.1;0.1;0.2;
2/2/2017 11:01:53 AM;1918;27.6;28.8;29.3;28.4;0.1;0.1;0.1;0.2;
2/2/2017 11:01:54 AM;1919;27.6;28.8;29.3;28.4;0.1;0.1;0.1;0.2;
2/2/2017 11:01:55 AM;1920;27.6;28.8;29.3;28.4;0.1;0.1;0.1;0.2;
2/2/2017 11:01:56 AM;1921;27.6;28.8;29.3;28.4;0.1;0.1;0.1;0.2;
2/2/2017 11:01:57 AM;1922;27.6;28.8;29.2;28.4;0.1;0.1;0.1;0.2;
2/2/2017 11:01:58 AM;1923;27.6;28.8;29.2;28.4;0.1;0.1;0.1;0.2;
2/2/2017 11:01:59 AM;1924;27.6;28.8;29.2;28.3;0.1;0.1;0.1;0.2;
2/2/2017 11:02:00 AM;1925;27.6;28.8;29.2;28.3;0.1;0.1;0.1;0.2;
2/2/2017 11:02:01 AM;1926;27.5;28.8;29.2;28.3;0.1;0.1;0.1;0.2;
2/2/2017 11:02:02 AM;1927;27.5;28.8;29.2;28.3;0.1;0.1;0.1;0.2;
2/2/2017 11:02:03 AM;1928;27.5;28.7;29.2;28.3;0.1;0.1;0.1;0.2;
2/2/2017 11:02:04 AM;1929;27.6;28.7;29.2;28.3;0.1;0.1;0.1;0.2;
2/2/2017 11:02:05 AM;1930;27.6;28.7;29.2;28.3;0.1;0.1;0.1;0.2;
2/2/2017 11:02:06 AM;1931;27.6;28.7;29.2;28.3;0.1;0.1;0.1;0.2;
2/2/2017 11:02:07 AM;1932;27.6;28.7;29.2;28.3;0.1;0.1;0.1;0.2;
2/2/2017 11:02:08 AM;1933;27.5;28.8;29.2;28.3;0.1;0.1;0.1;0.2;
2/2/2017 11:02:09 AM;1934;27.5;28.8;29.2;28.3;0.1;0.1;0.1;0.2;
2/2/2017 11:02:10 AM;1935;27.5;28.8;29.2;28.3;0.1;0.1;0.1;0.2;
2/2/2017 11:02:11 AM;1936;27.5;28.8;29.1;28.2;0.1;0.1;0.1;0.2;
2/2/2017 11:02:12 AM;1937;27.5;28.8;29.1;28.2;0.1;0.1;0.1;0.2;
2/2/2017 11:02:13 AM;1938;27.5;28.8;29.1;28.2;0.1;0.1;0.1;0.2;
2/2/2017 11:02:14 AM;1939;27.5;28.8;29.1;28.2;0.1;0.1;0.1;0.2;
2/2/2017 11:02:15 AM;1940;27.5;28.8;29.1;28.2;0.1;0.1;0.1;0.2;
2/2/2017 11:02:16 AM;1941;27.5;28.8;29.1;28.2;0.1;0.1;0.1;0.2;
2/2/2017 11:02:17 AM;1942;27.5;28.7;29.0;28.2;0.1;0.1;0.1;0.2;
2/2/2017 11:02:18 AM;1943;27.5;28.7;29.1;28.2;0.1;0.1;0.1;0.2;
2/2/2017 11:02:19 AM;1944;27.5;28.6;29.0;28.2;0.1;0.1;0.1;0.2;
2/2/2017 11:02:20 AM;1945;27.5;28.6;29.0;28.2;0.1;0.1;0.1;0.2;
2/2/2017 11:02:21 AM;1946;27.5;28.6;29.0;28.2;0.1;0.1;0.1;0.2;
2/2/2017 11:02:22 AM;1947;27.5;28.6;29.0;28.2;0.1;0.1;0.1;0.2;
2/2/2017 11:02:23 AM;1948;27.5;28.6;29.0;28.2;0.1;0.1;0.1;0.2;
2/2/2017 11:02:24 AM;1949;27.5;28.6;29.0;28.2;0.1;0.1;0.1;0.2;
2/2/2017 11:02:25 AM;1950;27.5;28.6;29.0;28.2;0.1;0.1;0.1;0.2;
2/2/2017 11:02:26 AM;1951;27.5;28.6;29.0;28.2;0.1;0.1;0.1;0.2;
2/2/2017 11:02:27 AM;1952;27.5;28.6;29.0;28.2;0.1;0.1;0.1;0.2;
2/2/2017 11:02:28 AM;1953;27.5;28.6;29.0;28.2;0.1;0.1;0.1;0.2;
2/2/2017 11:02:29 AM;1954;27.5;28.6;29.0;28.2;0.1;0.1;0.1;0.2;
2/2/2017 11:02:30 AM;1955;27.5;28.6;29.0;28.2;0.1;0.1;0.1;0.2;
2/2/2017 11:02:31 AM;1956;27.5;28.6;29.0;28.2;0.1;0.1;0.1;0.2;
2/2/2017 11:02:32 AM;1957;27.5;28.6;29.0;28.2;0.1;0.1;0.1;0.2;
2/2/2017 11:02:33 AM;1958;27.5;28.6;29.0;28.2;0.1;0.1;0.1;0.2;
2/2/2017 11:02:34 AM;1959;27.5;28.6;29.0;28.1;0.1;0.1;0.1;0.2;
2/2/2017 11:02:35 AM;1960;27.5;28.6;29.0;28.1;0.1;0.1;0.1;0.2;
2/2/2017 11:02:36 AM;1961;27.5;28.6;29.0;28.1;0.1;0.1;0.1;0.2;
2/2/2017 11:02:37 AM;1962;27.5;28.6;29.0;28.1;0.1;0.1;0.1;0.2;
2/2/2017 11:02:38 AM;1963;27.5;28.6;29.0;28.1;0.1;0.1;0.1;0.2;
2/2/2017 11:02:39 AM;1964;27.5;28.6;29.0;28.1;0.1;0.1;0.1;0.2;
2/2/2017 11:02:40 AM;1965;27.5;28.6;29.0;28.0;0.1;0.1;0.1;0.2;
2/2/2017 11:02:41 AM;1966;27.5;28.6;29.0;28.0;0.1;0.1;0.1;0.2;
2/2/2017 11:02:42 AM;1967;27.5;28.6;29.0;28.0;0.1;0.1;0.1;0.2;
2/2/2017 11:02:43 AM;1968;27.5;28.6;29.0;28.0;0.1;0.1;0.1;0.2;
2/2/2017 11:02:44 AM;1969;27.5;28.6;29.0;28.0;0.1;0.1;0.1;0.2;
2/2/2017 11:02:45 AM;1970;27.5;28.6;29.0;28.0;0.1;0.1;0.1;0.2;
2/2/2017 11:02:46 AM;1971;27.5;28.6;29.0;28.0;0.1;0.1;0.1;0.2;
2/2/2017 11:02:47 AM;1972;27.4;28.6;29.0;28.0;0.1;0.1;0.1;0.2;
2/2/2017 11:02:48 AM;1973;27.4;28.6;29.0;28.0;0.1;0.1;0.1;0.2;
2/2/2017 11:02:49 AM;1974;27.4;28.6;29.0;28.0;0.1;0.1;0.1;0.2;
2/2/2017 11:02:50 AM;1975;27.4;28.6;29.0;28.0;0.1;0.1;0.1;0.2;
2/2/2017 11:02:51 AM;1976;27.4;28.6;29.0;28.0;0.1;0.1;0.1;0.2;
2/2/2017 11:02:52 AM;1977;27.5;28.6;29.0;28.0;0.1;0.1;0.1;0.2;
2/2/2017 11:02:53 AM;1978;27.5;28.6;29.0;28.0;0.1;0.1;0.1;0.2;
2/2/2017 11:02:54 AM;1979;27.5;28.6;28.9;28.0;0.1;0.1;0.1;0.2;
2/2/2017 11:02:55 AM;1980;27.5;28.5;28.8;28.0;0.1;0.1;0.1;0.2;
2/2/2017 11:02:56 AM;1981;27.5;28.5;28.7;28.0;0.1;0.1;0.1;0.2;
2/2/2017 11:02:57 AM;1982;27.5;28.4;28.6;27.9;0.1;0.1;0.1;0.2;
2/2/2017 11:02:58 AM;1983;27.4;28.4;28.6;27.9;0.1;0.1;0.1;0.2;
2/2/2017 11:02:59 AM;1984;27.4;28.4;28.6;27.8;0.1;0.1;0.1;0.2;
2/2/2017 11:03:00 AM;1985;27.4;28.4;28.6;27.8;0.1;0.1;0.1;0.2;
2/2/2017 11:03:01 AM;1986;27.4;28.4;28.6;27.8;0.1;0.1;0.1;0.2;
2/2/2017 11:03:02 AM;1987;27.4;28.5;28.6;27.9;0.1;0.1;0.1;0.2;
2/2/2017 11:03:03 AM;1988;27.4;28.5;28.6;27.9;0.1;0.1;0.1;0.2;
2/2/2017 11:03:04 AM;1989;27.3;28.5;28.6;27.9;0.1;0.1;0.1;0.2;
2/2/2017 11:03:05 AM;1990;27.3;28.5;28.6;27.9;0.1;0.1;0.1;0.2;
2/2/2017 11:03:06 AM;1991;27.3;28.5;28.6;27.9;0.1;0.1;0.1;0.2;
2/2/2017 11:03:07 AM;1992;27.3;28.5;28.6;27.9;0.1;0.1;0.1;0.2;
2/2/2017 11:03:08 AM;1993;27.3;28.5;28.6;27.9;0.1;0.1;0.1;0.2;
2/2/2017 11:03:09 AM;1994;27.3;28.4;28.6;27.9;0.1;0.1;0.1;0.2;
2/2/2017 11:03:10 AM;1995;27.3;28.4;28.6;27.9;0.1;0.1;0.1;0.2;
2/2/2017 11:03:11 AM;1996;27.3;28.4;28.6;27.8;0.1;0.1;0.1;0.2;
2/2/2017 11:03:12 AM;1997;27.3;28.4;28.6;27.8;0.1;0.1;0.1;0.2;
2/2/2017 11:03:13 AM;1998;27.3;28.4;28.6;27.8;0.1;0.1;0.1;0.2;
2/2/2017 11:03:14 AM;1999;27.3;28.4;28.6;27.8;0.1;0.1;0.1;0.2;
2/2/2017 11:03:15 AM;2000;27.3;28.4;28.6;27.8;0.1;0.1;0.1;0.2;
2/2/2017 11:03:16 AM;2001;27.3;28.4;28.6;27.8;0.1;0.1;0.1;0.2;
2/2/2017 11:03:17 AM;2002;27.3;28.4;28.6;27.8;0.1;0.1;0.1;0.2;
2/2/2017 11:03:18 AM;2003;27.3;28.4;28.6;27.8;0.1;0.1;0.1;0.2;
2/2/2017 11:03:19 AM;2004;27.3;28.4;28.6;27.8;0.1;0.1;0.1;0.2;
2/2/2017 11:03:20 AM;2005;27.3;28.4;28.6;27.8;0.1;0.1;0.1;0.2;
2/2/2017 11:03:21 AM;2006;27.3;28.4;28.6;27.8;0.1;0.1;0.1;0.2;
2/2/2017 11:03:22 AM;2007;27.3;28.4;28.6;27.8;0.1;0.1;0.1;0.2;
2/2/2017 11:03:23 AM;2008;27.3;28.4;28.6;27.8;0.1;0.1;0.1;0.2;
2/2/2017 11:03:24 AM;2009;27.3;28.4;28.6;27.8;0.1;0.1;0.1;0.2;
2/2/2017 11:03:25 AM;2010;27.3;28.4;28.6;27.8;0.1;0.1;0.1;0.2;
2/2/2017 11:03:26 AM;2011;27.3;28.4;28.6;27.8;0.1;0.1;0.1;0.2;
2/2/2017 11:03:27 AM;2012;27.3;28.4;28.6;27.8;0.1;0.1;0.1;0.2;
2/2/2017 11:03:28 AM;2013;27.3;28.4;28.6;27.8;0.1;0.1;0.1;0.2;
2/2/2017 11:03:29 AM;2014;27.3;28.4;28.6;27.8;0.1;0.1;0.1;0.2;
2/2/2017 11:03:30 AM;2015;27.3;28.4;28.5;27.8;0.1;0.1;0.1;0.2;
2/2/2017 11:03:31 AM;2016;27.3;28.4;28.5;27.8;0.1;0.1;0.1;0.2;
2/2/2017 11:03:32 AM;2017;27.3;28.4;28.5;27.8;0.1;0.1;0.1;0.2;
2/2/2017 11:03:33 AM;2018;27.3;28.4;28.5;27.8;0.1;0.1;0.1;0.2;
2/2/2017 11:03:34 AM;2019;27.3;28.4;28.5;27.8;0.1;0.1;0.1;0.2;
2/2/2017 11:03:35 AM;2020;27.3;28.4;28.5;27.8;0.1;0.1;0.1;0.2;
2/2/2017 11:03:36 AM;2021;27.3;28.4;28.4;27.8;0.1;0.1;0.1;0.2;
2/2/2017 11:03:37 AM;2022;27.3;28.4;28.4;27.7;0.1;0.1;0.1;0.2;
2/2/2017 11:03:38 AM;2023;27.3;28.4;28.4;27.7;0.1;0.1;0.1;0.2;
2/2/2017 11:03:39 AM;2024;27.3;28.4;28.4;27.7;0.1;0.1;0.1;0.2;
2/2/2017 11:03:40 AM;2025;27.3;28.3;28.4;27.6;0.1;0.1;0.1;0.2;
2/2/2017 11:03:41 AM;2026;27.3;28.3;28.4;27.6;0.1;0.1;0.1;0.2;
2/2/2017 11:03:42 AM;2027;27.3;28.3;28.4;27.7;0.1;0.1;0.1;0.2;
2/2/2017 11:03:43 AM;2028;27.3;28.3;28.4;27.7;0.1;0.1;0.1;0.2;
2/2/2017 11:03:44 AM;2029;27.3;28.3;28.4;27.7;0.1;0.1;0.1;0.2;
2/2/2017 11:03:45 AM;2030;27.3;28.3;28.4;27.7;0.1;0.1;0.1;0.2;
2/2/2017 11:03:46 AM;2031;27.3;28.3;28.4;27.6;0.1;0.1;0.1;0.2;
2/2/2017 11:03:47 AM;2032;27.3;28.3;28.3;27.6;0.1;0.1;0.1;0.2;
2/2/2017 11:03:48 AM;2033;27.3;28.2;28.3;27.6;0.1;0.1;0.1;0.2;
2/2/2017 11:03:49 AM;2034;27.3;28.3;28.3;27.6;0.1;0.1;0.1;0.2;
2/2/2017 11:03:50 AM;2035;27.3;28.3;28.3;27.6;0.1;0.1;0.1;0.2;
2/2/2017 11:03:51 AM;2036;27.3;28.3;28.3;27.6;0.1;0.1;0.1;0.2;
2/2/2017 11:03:52 AM;2037;27.3;28.3;28.3;27.6;0.1;0.1;0.1;0.2;
2/2/2017 11:03:53 AM;2038;27.2;28.3;28.3;27.6;0.1;0.1;0.1;0.2;
2/2/2017 11:03:54 AM;2039;27.2;28.3;28.2;27.6;0.1;0.1;0.1;0.2;
2/2/2017 11:03:55 AM;2040;27.1;28.3;28.2;27.6;0.1;0.1;0.1;0.2;
2/2/2017 11:03:56 AM;2041;27.1;28.3;28.1;27.6;0.1;0.1;0.1;0.2;
2/2/2017 11:03:57 AM;2042;27.1;28.3;28.1;27.6;0.1;0.1;0.1;0.2;
2/2/2017 11:03:58 AM;2043;27.1;28.4;28.1;27.6;0.1;0.1;0.1;0.2;
2/2/2017 11:03:59 AM;2044;27.2;28.3;28.1;27.6;0.1;0.1;0.1;0.2;
2/2/2017 11:04:00 AM;2045;27.2;28.3;28.1;27.6;0.1;0.1;0.1;0.2;
2/2/2017 11:04:01 AM;2046;27.3;28.2;28.1;27.6;0.1;0.1;0.1;0.2;
2/2/2017 11:04:02 AM;2047;27.2;28.2;28.1;27.6;0.1;0.1;0.1;0.2;
2/2/2017 11:04:03 AM;2048;27.2;28.2;28.1;27.6;0.1;0.1;0.1;0.2;
2/2/2017 11:04:04 AM;2049;27.1;28.2;28.1;27.6;0.1;0.1;0.1;0.2;
2/2/2017 11:04:05 AM;2050;27.1;28.2;28.1;27.6;0.1;0.1;0.1;0.2;
2/2/2017 11:04:06 AM;2051;27.1;28.2;28.1;27.6;0.1;0.1;0.1;0.2;
2/2/2017 11:04:07 AM;2052;27.1;28.2;28.1;27.6;0.1;0.1;0.1;0.2;
2/2/2017 11:04:08 AM;2053;27.1;28.2;28.1;27.6;0.1;0.1;0.1;0.2;
2/2/2017 11:04:09 AM;2054;27.1;28.2;28.1;27.6;0.1;0.1;0.1;0.2;
2/2/2017 11:04:10 AM;2055;27.1;28.2;28.1;27.5;0.1;0.1;0.1;0.2;
2/2/2017 11:04:11 AM;2056;27.1;28.2;28.1;27.5;0.1;0.1;0.1;0.2;
2/2/2017 11:04:12 AM;2057;27.1;28.2;28.1;27.5;0.1;0.1;0.1;0.2;
2/2/2017 11:04:13 AM;2058;27.1;28.2;28.1;27.5;0.1;0.1;0.1;0.2;
2/2/2017 11:04:14 AM;2059;27.1;28.2;28.1;27.5;0.1;0.1;0.1;0.2;
2/2/2017 11:04:15 AM;2060;27.1;28.2;28.1;27.5;0.1;0.1;0.1;0.2;
2/2/2017 11:04:16 AM;2061;27.1;28.2;28.1;27.5;0.1;0.1;0.1;0.2;
2/2/2017 11:04:17 AM;2062;27.1;28.2;28.1;27.5;0.1;0.1;0.1;0.2;
2/2/2017 11:04:18 AM;2063;27.1;28.2;28.1;27.5;0.1;0.1;0.1;0.2;
2/2/2017 11:04:19 AM;2064;27.1;28.2;28.1;27.5;0.1;0.1;0.1;0.2;
2/2/2017 11:04:20 AM;2065;27.1;28.2;28.1;27.5;0.1;0.1;0.1;0.2;
2/2/2017 11:04:21 AM;2066;27.1;28.2;28.1;27.4;0.1;0.1;0.1;0.2;
2/2/2017 11:04:22 AM;2067;27.1;28.2;28.1;27.4;0.1;0.1;0.1;0.2;
2/2/2017 11:04:23 AM;2068;27.1;28.2;28.1;27.4;0.1;0.1;0.1;0.2;
2/2/2017 11:04:24 AM;2069;27.1;28.2;28.1;27.4;0.1;0.1;0.1;0.2;
2/2/2017 11:04:25 AM;2070;27.1;28.2;28.1;27.4;0.1;0.1;0.1;0.2;
2/2/2017 11:04:26 AM;2071;27.1;28.2;28.1;27.4;0.1;0.1;0.1;0.2;
2/2/2017 11:04:27 AM;2072;27.1;28.2;28.1;27.4;0.1;0.1;0.1;0.2;
2/2/2017 11:04:28 AM;2073;27.1;28.2;28.1;27.4;0.1;0.1;0.1;0.2;
2/2/2017 11:04:29 AM;2074;27.1;28.2;28.1;27.4;0.1;0.1;0.1;0.2;
2/2/2017 11:04:30 AM;2075;27.1;28.2;28.1;27.4;0.1;0.1;0.1;0.2;
2/2/2017 11:04:31 AM;2076;27.1;28.2;28.1;27.4;0.1;0.1;0.1;0.2;
2/2/2017 11:04:32 AM;2077;27.1;28.2;28.1;27.4;0.1;0.1;0.1;0.2;
2/2/2017 11:04:33 AM;2078;27.1;28.2;28.1;27.4;0.1;0.1;0.1;0.2;
2/2/2017 11:04:34 AM;2079;27.1;28.2;28.1;27.4;0.1;0.1;0.1;0.2;
2/2/2017 11:04:35 AM;2080;27.1;28.2;28.1;27.4;0.1;0.1;0.1;0.2;
2/2/2017 11:04:36 AM;2081;27.1;28.2;28.1;27.4;0.1;0.1;0.1;0.2;
2/2/2017 11:04:37 AM;2082;27.1;28.2;28.1;27.4;0.1;0.1;0.1;0.2;
2/2/2017 11:04:38 AM;2083;27.1;28.2;28.1;27.4;0.1;0.1;0.1;0.2;
2/2/2017 11:04:39 AM;2084;27.1;28.2;28.0;27.4;0.1;0.1;0.1;0.2;
2/2/2017 11:04:40 AM;2085;27.1;28.2;28.0;27.4;0.1;0.1;0.1;0.2;
2/2/2017 11:04:41 AM;2086;27.1;28.2;27.9;27.4;0.1;0.1;0.1;0.2;
2/2/2017 11:04:42 AM;2087;27.1;28.2;27.9;27.4;0.1;0.1;0.1;0.2;
2/2/2017 11:04:43 AM;2088;27.1;28.2;27.9;27.4;0.1;0.1;0.1;0.2;
2/2/2017 11:04:44 AM;2089;27.1;28.2;27.9;27.4;0.1;0.1;0.1;0.2;
2/2/2017 11:04:45 AM;2090;27.1;28.2;27.9;27.4;0.1;0.1;0.1;0.2;
2/2/2017 11:04:46 AM;2091;27.1;28.1;27.9;27.4;0.1;0.1;0.1;0.2;
2/2/2017 11:04:47 AM;2092;27.1;28.1;27.9;27.4;0.1;0.1;0.1;0.2;
2/2/2017 11:04:48 AM;2093;27.1;28.1;27.9;27.4;0.1;0.1;0.1;0.2;
2/2/2017 11:04:49 AM;2094;27.1;28.1;27.8;27.4;0.1;0.1;0.1;0.2;
2/2/2017 11:04:50 AM;2095;27.1;28.1;27.8;27.4;0.1;0.1;0.1;0.2;
2/2/2017 11:04:51 AM;2096;27.1;28.2;27.8;27.4;0.1;0.1;0.1;0.2;
2/2/2017 11:04:52 AM;2097;27.1;28.2;27.8;27.4;0.1;0.1;0.1;0.2;
2/2/2017 11:04:53 AM;2098;27.1;28.2;27.8;27.4;0.1;0.1;0.1;0.2;
2/2/2017 11:04:54 AM;2099;27.1;28.2;27.9;27.4;0.1;0.1;0.1;0.2;
2/2/2017 11:04:55 AM;2100;27.1;28.2;27.9;27.4;0.1;0.1;0.1;0.2;
2/2/2017 11:04:56 AM;2101;27.1;28.2;27.9;27.4;0.1;0.1;0.1;0.2;
2/2/2017 11:04:57 AM;2102;27.1;28.2;27.9;27.4;0.1;0.1;0.1;0.2;
2/2/2017 11:04:58 AM;2103;27.1;28.1;27.9;27.4;0.1;0.1;0.1;0.2;
2/2/2017 11:04:59 AM;2104;27.1;28.1;27.9;27.4;0.1;0.1;0.1;0.2;
2/2/2017 11:05:00 AM;2105;27.1;28.1;27.9;27.3;0.1;0.1;0.1;0.2;
2/2/2017 11:05:01 AM;2106;27.0;28.1;27.9;27.3;0.1;0.1;0.1;0.2;
2/2/2017 11:05:02 AM;2107;27.0;28.1;27.8;27.3;0.1;0.1;0.1;0.2;
2/2/2017 11:05:03 AM;2108;27.0;28.2;27.8;27.2;0.1;0.1;0.1;0.2;
2/2/2017 11:05:04 AM;2109;27.0;28.2;27.8;27.2;0.1;0.1;0.1;0.2;
2/2/2017 11:05:05 AM;2110;27.0;28.2;27.8;27.2;0.1;0.1;0.1;0.2;
2/2/2017 11:05:06 AM;2111;27.0;28.1;27.7;27.2;0.1;0.1;0.1;0.2;
2/2/2017 11:05:07 AM;2112;27.1;28.1;27.8;27.2;0.1;0.1;0.1;0.2;
2/2/2017 11:05:08 AM;2113;27.1;28.1;27.7;27.2;0.1;0.1;0.1;0.2;
2/2/2017 11:05:09 AM;2114;27.1;28.1;27.7;27.2;0.1;0.1;0.1;0.2;
2/2/2017 11:05:10 AM;2115;27.1;28.1;27.7;27.2;0.1;0.1;0.1;0.2;
2/2/2017 11:05:11 AM;2116;27.1;28.1;27.8;27.2;0.1;0.1;0.1;0.2;
2/2/2017 11:05:12 AM;2117;27.1;28.1;27.7;27.2;0.1;0.1;0.1;0.2;
2/2/2017 11:05:13 AM;2118;27.1;28.1;27.8;27.2;0.1;0.1;0.1;0.2;
2/2/2017 11:05:14 AM;2119;27.1;28.1;27.8;27.2;0.1;0.1;0.1;0.2;
2/2/2017 11:05:15 AM;2120;27.0;28.1;27.7;27.2;0.1;0.1;0.1;0.2;
2/2/2017 11:05:16 AM;2121;27.0;28.1;27.7;27.2;0.1;0.1;0.1;0.2;
2/2/2017 11:05:17 AM;2122;27.0;28.1;27.7;27.2;0.1;0.1;0.1;0.2;
2/2/2017 11:05:18 AM;2123;27.0;28.1;27.7;27.2;0.1;0.1;0.1;0.2;
2/2/2017 11:05:19 AM;2124;27.0;28.1;27.7;27.2;0.1;0.1;0.1;0.2;
2/2/2017 11:05:20 AM;2125;27.0;28.1;27.7;27.2;0.1;0.1;0.1;0.2;
2/2/2017 11:05:21 AM;2126;27.1;28.1;27.7;27.2;0.1;0.1;0.1;0.2;
2/2/2017 11:05:22 AM;2127;27.1;28.1;27.7;27.2;0.1;0.1;0.1;0.2;
2/2/2017 11:05:23 AM;2128;27.1;28.1;27.7;27.2;0.1;0.1;0.1;0.2;
2/2/2017 11:05:24 AM;2129;27.1;28.1;27.8;27.2;0.1;0.1;0.1;0.2;
2/2/2017 11:05:25 AM;2130;27.0;28.1;27.8;27.2;0.1;0.1;0.1;0.2;
2/2/2017 11:05:26 AM;2131;27.0;28.1;27.8;27.2;0.1;0.1;0.1;0.2;
2/2/2017 11:05:27 AM;2132;26.9;28.1;27.8;27.2;0.1;0.1;0.1;0.2;
2/2/2017 11:05:28 AM;2133;26.9;28.1;27.7;27.2;0.1;0.1;0.1;0.2;
2/2/2017 11:05:29 AM;2134;26.9;28.1;27.7;27.2;0.1;0.1;0.1;0.2;
2/2/2017 11:05:30 AM;2135;26.9;28.1;27.7;27.2;0.1;0.1;0.1;0.2;
2/2/2017 11:05:31 AM;2136;26.9;28.1;27.7;27.2;0.1;0.1;0.1;0.2;
2/2/2017 11:05:32 AM;2137;26.9;28.1;27.7;27.2;0.1;0.1;0.1;0.2;
2/2/2017 11:05:33 AM;2138;26.9;28.1;27.7;27.2;0.1;0.1;0.1;0.2;
2/2/2017 11:05:34 AM;2139;26.9;28.1;27.7;27.2;0.1;0.1;0.1;0.2;
2/2/2017 11:05:35 AM;2140;26.9;28.1;27.7;27.2;0.1;0.1;0.1;0.2;
2/2/2017 11:05:36 AM;2141;26.9;28.1;27.7;27.2;0.1;0.1;0.1;0.2;
2/2/2017 11:05:37 AM;2142;26.9;28.1;27.7;27.2;0.1;0.1;0.1;0.2;
2/2/2017 11:05:38 AM;2143;26.9;28.1;27.7;27.2;0.1;0.1;0.1;0.2;
2/2/2017 11:05:39 AM;2144;26.9;28.1;27.7;27.2;0.1;0.1;0.1;0.2;
2/2/2017 11:05:40 AM;2145;26.9;28.1;27.7;27.2;0.1;0.1;0.1;0.2;
2/2/2017 11:05:41 AM;2146;26.9;28.1;27.6;27.2;0.1;0.1;0.1;0.2;
2/2/2017 11:05:42 AM;2147;26.9;28.1;27.6;27.2;0.1;0.1;0.1;0.2;
2/2/2017 11:05:43 AM;2148;26.9;28.1;27.5;27.2;0.1;0.1;0.1;0.2;
2/2/2017 11:05:44 AM;2149;26.9;28.1;27.5;27.2;0.1;0.1;0.1;0.2;
2/2/2017 11:05:45 AM;2150;26.9;28.1;27.5;27.2;0.1;0.1;0.1;0.2;
2/2/2017 11:05:46 AM;2151;26.9;28.1;27.5;27.2;0.1;0.1;0.1;0.2;
2/2/2017 11:05:47 AM;2152;26.9;28.1;27.5;27.2;0.1;0.1;0.1;0.2;
2/2/2017 11:05:48 AM;2153;26.9;28.1;27.5;27.2;0.1;0.1;0.1;0.2;
2/2/2017 11:05:49 AM;2154;26.9;28.1;27.5;27.2;0.1;0.1;0.1;0.2;
2/2/2017 11:05:50 AM;2155;26.9;28.1;27.5;27.1;0.1;0.1;0.1;0.2;
2/2/2017 11:05:51 AM;2156;26.9;28.1;27.5;27.1;0.1;0.1;0.1;0.2;
2/2/2017 11:05:52 AM;2157;26.9;28.1;27.5;27.1;0.1;0.1;0.1;0.2;
2/2/2017 11:05:53 AM;2158;26.9;28.1;27.5;27.1;0.1;0.1;0.1;0.2;
2/2/2017 11:05:54 AM;2159;26.9;28.1;27.5;27.1;0.1;0.1;0.1;0.2;
2/2/2017 11:05:55 AM;2160;26.9;28.1;27.5;27.1;0.1;0.1;0.1;0.2;
2/2/2017 11:05:56 AM;2161;26.9;28.1;27.5;27.2;0.1;0.1;0.1;0.2;
2/2/2017 11:05:57 AM;2162;26.9;28.1;27.5;27.2;0.1;0.1;0.1;0.2;
2/2/2017 11:05:58 AM;2163;26.9;28.1;27.5;27.2;0.1;0.1;0.1;0.2;
2/2/2017 11:05:59 AM;2164;26.9;28.1;27.5;27.2;0.1;0.1;0.1;0.2;
2/2/2017 11:06:00 AM;2165;26.9;28.1;27.5;27.2;0.1;0.1;0.1;0.2;
2/2/2017 11:06:01 AM;2166;26.9;28.1;27.5;27.1;0.1;0.1;0.1;0.2;
2/2/2017 11:06:02 AM;2167;26.9;28.1;27.5;27.1;0.1;0.1;0.1;0.2;
2/2/2017 11:06:03 AM;2168;26.9;28.1;27.5;27.0;0.1;0.1;0.1;0.2;
2/2/2017 11:06:04 AM;2169;26.9;28.1;27.5;27.0;0.1;0.1;0.1;0.2;
2/2/2017 11:06:05 AM;2170;26.9;28.1;27.5;27.0;0.1;0.1;0.1;0.2;
2/2/2017 11:06:06 AM;2171;26.9;28.1;27.5;27.0;0.1;0.1;0.1;0.2;
2/2/2017 11:06:07 AM;2172;26.9;28.1;27.5;27.0;0.1;0.1;0.1;0.2;
2/2/2017 11:06:08 AM;2173;26.9;28.1;27.5;27.0;0.1;0.1;0.1;0.2;
2/2/2017 11:06:09 AM;2174;26.9;28.1;27.5;27.0;0.1;0.1;0.1;0.2;
2/2/2017 11:06:10 AM;2175;26.9;28.1;27.5;27.0;0.1;0.1;0.1;0.2;
2/2/2017 11:06:11 AM;2176;26.9;28.1;27.5;27.0;0.1;0.1;0.1;0.2;
2/2/2017 11:06:12 AM;2177;26.9;28.1;27.5;27.0;0.1;0.1;0.1;0.2;
2/2/2017 11:06:13 AM;2178;26.9;28.1;27.5;27.0;0.1;0.1;0.1;0.2;
2/2/2017 11:06:14 AM;2179;26.9;28.1;27.5;27.0;0.1;0.1;0.1;0.2;
2/2/2017 11:06:15 AM;2180;26.9;28.1;27.5;27.0;0.1;0.1;0.1;0.2;
2/2/2017 11:06:16 AM;2181;26.9;28.1;27.5;27.0;0.1;0.1;0.1;0.2;
2/2/2017 11:06:17 AM;2182;26.9;28.1;27.5;27.0;0.1;0.1;0.1;0.2;
2/2/2017 11:06:18 AM;2183;26.9;28.1;27.5;27.0;0.1;0.1;0.1;0.2;
2/2/2017 11:06:19 AM;2184;26.9;28.1;27.5;27.0;0.1;0.1;0.1;0.2;
2/2/2017 11:06:20 AM;2185;26.9;28.1;27.5;27.0;0.1;0.1;0.1;0.2;
2/2/2017 11:06:21 AM;2186;26.9;28.1;27.5;27.0;0.1;0.1;0.1;0.2;
2/2/2017 11:06:22 AM;2187;26.9;28.1;27.5;27.0;0.1;0.1;0.1;0.2;
2/2/2017 11:06:23 AM;2188;26.9;28.1;27.5;27.0;0.1;0.1;0.1;0.2;
2/2/2017 11:06:24 AM;2189;26.9;28.1;27.5;27.0;0.1;0.1;0.1;0.2;
2/2/2017 11:06:25 AM;2190;26.9;28.1;27.5;27.0;0.1;0.1;0.1;0.2;
2/2/2017 11:06:26 AM;2191;26.9;28.1;27.5;27.0;0.1;0.1;0.1;0.2;
2/2/2017 11:06:27 AM;2192;26.9;28.1;27.5;27.0;0.1;0.1;0.1;0.2;
2/2/2017 11:06:28 AM;2193;26.9;28.1;27.5;27.0;0.1;0.1;0.1;0.2;
2/2/2017 11:06:29 AM;2194;26.9;28.1;27.5;27.0;0.1;0.1;0.1;0.2;
2/2/2017 11:06:30 AM;2195;26.9;28.1;27.5;27.0;0.1;0.1;0.1;0.2;
2/2/2017 11:06:31 AM;2196;26.9;28.1;27.5;27.0;0.1;0.1;0.1;0.2;
2/2/2017 11:06:32 AM;2197;26.9;28.1;27.5;27.0;0.1;0.1;0.1;0.2;
2/2/2017 11:06:33 AM;2198;26.9;28.1;27.5;27.0;0.1;0.1;0.1;0.2;
2/2/2017 11:06:34 AM;2199;26.9;28.1;27.5;27.0;0.1;0.1;0.1;0.2;
2/2/2017 11:06:35 AM;2200;26.9;28.1;27.4;27.0;0.1;0.1;0.1;0.2;
2/2/2017 11:06:36 AM;2201;26.9;28.1;27.4;27.0;0.1;0.1;0.1;0.2;
2/2/2017 11:06:37 AM;2202;26.9;28.1;27.4;27.0;0.1;0.1;0.1;0.2;
2/2/2017 11:06:38 AM;2203;26.9;28.1;27.3;27.0;0.1;0.1;0.1;0.2;
2/2/2017 11:06:39 AM;2204;26.9;28.1;27.3;27.0;0.1;0.1;0.1;0.2;
2/2/2017 11:06:40 AM;2205;26.9;28.1;27.3;27.0;0.1;0.1;0.1;0.2;
2/2/2017 11:06:41 AM;2206;26.9;28.1;27.4;27.0;0.1;0.1;0.1;0.2;
2/2/2017 11:06:42 AM;2207;26.9;28.1;27.4;27.0;0.1;0.1;0.1;0.2;
2/2/2017 11:06:43 AM;2208;26.9;28.1;27.4;27.0;0.1;0.1;0.1;0.2;
2/2/2017 11:06:44 AM;2209;26.8;28.1;27.3;27.0;0.1;0.1;0.1;0.2;
2/2/2017 11:06:45 AM;2210;26.8;28.1;27.3;27.0;0.1;0.1;0.1;0.2;
2/2/2017 11:06:46 AM;2211;26.8;28.1;27.3;27.0;0.1;0.1;0.1;0.2;
2/2/2017 11:06:47 AM;2212;26.8;28.1;27.3;27.0;0.1;0.1;0.1;0.2;
2/2/2017 11:06:48 AM;2213;26.8;28.1;27.3;27.0;0.1;0.1;0.1;0.2;
2/2/2017 11:06:49 AM;2214;26.9;28.1;27.3;27.0;0.1;0.1;0.1;0.2;
2/2/2017 11:06:50 AM;2215;26.9;28.1;27.3;27.0;0.1;0.1;0.1;0.2;
2/2/2017 11:06:51 AM;2216;26.9;28.1;27.3;27.0;0.1;0.1;0.1;0.2;
2/2/2017 11:06:52 AM;2217;26.9;28.1;27.3;27.0;0.1;0.1;0.1;0.2;
2/2/2017 11:06:53 AM;2218;26.9;28.1;27.3;27.0;0.1;0.1;0.1;0.2;
2/2/2017 11:06:54 AM;2219;26.8;28.1;27.3;27.0;0.1;0.1;0.1;0.2;
2/2/2017 11:06:55 AM;2220;26.8;28.1;27.3;27.0;0.1;0.1;0.1;0.2;
2/2/2017 11:06:56 AM;2221;26.7;28.0;27.3;27.0;0.1;0.1;0.1;0.2;
2/2/2017 11:06:57 AM;2222;26.7;28.0;27.3;27.0;0.1;0.1;0.1;0.2;
2/2/2017 11:06:58 AM;2223;26.7;28.0;27.3;26.9;0.1;0.1;0.1;0.2;
2/2/2017 11:06:59 AM;2224;26.7;28.0;27.3;26.9;0.1;0.1;0.1;0.2;
2/2/2017 11:07:00 AM;2225;26.8;28.0;27.3;26.9;0.1;0.1;0.1;0.2;
2/2/2017 11:07:01 AM;2226;26.8;28.0;27.3;26.9;0.1;0.1;0.1;0.2;
2/2/2017 11:07:02 AM;2227;26.9;28.0;27.3;26.9;0.1;0.1;0.1;0.2;
2/2/2017 11:07:03 AM;2228;26.9;28.0;27.3;26.9;0.1;0.1;0.1;0.2;
2/2/2017 11:07:04 AM;2229;26.9;28.0;27.3;26.9;0.1;0.1;0.1;0.2;
2/2/2017 11:07:05 AM;2230;26.9;28.0;27.3;26.9;0.1;0.1;0.1;0.2;
2/2/2017 11:07:06 AM;2231;26.8;28.0;27.3;26.9;0.1;0.1;0.1;0.2;
2/2/2017 11:07:07 AM;2232;26.8;28.0;27.3;26.9;0.1;0.1;0.1;0.2;
2/2/2017 11:07:08 AM;2233;26.8;28.0;27.3;26.9;0.1;0.1;0.1;0.2;
2/2/2017 11:07:09 AM;2234;26.8;28.0;27.3;26.9;0.1;0.1;0.1;0.2;
2/2/2017 11:07:10 AM;2235;26.8;28.0;27.3;26.8;0.1;0.1;0.1;0.2;
2/2/2017 11:07:11 AM;2236;26.8;28.0;27.3;26.8;0.1;0.1;0.1;0.2;
2/2/2017 11:07:12 AM;2237;26.8;28.0;27.3;26.8;0.1;0.1;0.1;0.2;
2/2/2017 11:07:13 AM;2238;26.8;27.9;27.3;26.8;0.1;0.1;0.1;0.2;
2/2/2017 11:07:14 AM;2239;26.9;27.9;27.3;26.8;0.1;0.1;0.1;0.2;
2/2/2017 11:07:15 AM;2240;26.9;27.9;27.3;26.9;0.1;0.1;0.1;0.2;
2/2/2017 11:07:16 AM;2241;26.9;27.9;27.3;26.8;0.1;0.1;0.1;0.2;
2/2/2017 11:07:17 AM;2242;26.9;27.9;27.3;26.9;0.1;0.1;0.1;0.2;
2/2/2017 11:07:18 AM;2243;26.8;27.9;27.3;26.9;0.1;0.1;0.1;0.2;
2/2/2017 11:07:19 AM;2244;26.8;27.9;27.3;26.9;0.1;0.1;0.1;0.2;
2/2/2017 11:07:20 AM;2245;26.8;28.0;27.3;26.9;0.1;0.1;0.1;0.2;
2/2/2017 11:07:21 AM;2246;26.7;28.0;27.3;26.9;0.1;0.1;0.1;0.2;
2/2/2017 11:07:22 AM;2247;26.7;28.0;27.3;26.9;0.1;0.1;0.1;0.2;
2/2/2017 11:07:23 AM;2248;26.7;28.0;27.3;26.8;0.1;0.1;0.1;0.2;
2/2/2017 11:07:24 AM;2249;26.7;28.0;27.3;26.8;0.1;0.1;0.1;0.2;
2/2/2017 11:07:25 AM;2250;26.7;27.9;27.3;26.8;0.1;0.1;0.1;0.2;
2/2/2017 11:07:26 AM;2251;26.7;27.9;27.3;26.8;0.1;0.1;0.1;0.2;
2/2/2017 11:07:27 AM;2252;26.8;27.9;27.3;26.8;0.1;0.1;0.1;0.2;
2/2/2017 11:07:28 AM;2253;26.8;27.9;27.3;26.8;0.1;0.1;0.1;0.2;
2/2/2017 11:07:29 AM;2254;26.8;27.9;27.2;26.8;0.1;0.1;0.1;0.2;
2/2/2017 11:07:30 AM;2255;26.8;27.9;27.2;26.8;0.1;0.1;0.1;0.2;
2/2/2017 11:07:31 AM;2256;26.8;27.9;27.2;26.8;0.1;0.1;0.1;0.2;
2/2/2017 11:07:32 AM;2257;26.7;27.9;27.2;26.8;0.1;0.1;0.1;0.2;
2/2/2017 11:07:33 AM;2258;26.7;27.9;27.2;26.8;0.1;0.1;0.1;0.2;
2/2/2017 11:07:34 AM;2259;26.7;27.9;27.2;26.8;0.1;0.1;0.1;0.2;
2/2/2017 11:07:35 AM;2260;26.7;27.9;27.3;26.8;0.1;0.1;0.1;0.2;
2/2/2017 11:07:36 AM;2261;26.7;27.9;27.2;26.8;0.1;0.1;0.1;0.2;
2/2/2017 11:07:37 AM;2262;26.7;27.9;27.2;26.8;0.1;0.1;0.1;0.2;
2/2/2017 11:07:38 AM;2263;26.7;27.9;27.2;26.8;0.1;0.1;0.1;0.2;
2/2/2017 11:07:39 AM;2264;26.7;27.9;27.2;26.8;0.1;0.1;0.1;0.2;
2/2/2017 11:07:40 AM;2265;26.7;27.9;27.1;26.8;0.1;0.1;0.1;0.2;
2/2/2017 11:07:41 AM;2266;26.7;27.9;27.1;26.8;0.1;0.1;0.1;0.2;
2/2/2017 11:07:42 AM;2267;26.7;27.9;27.1;26.8;0.1;0.1;0.1;0.2;
2/2/2017 11:07:43 AM;2268;26.7;27.9;27.1;26.8;0.1;0.1;0.1;0.2;
2/2/2017 11:07:44 AM;2269;26.7;27.9;27.1;26.8;0.1;0.1;0.1;0.2;
2/2/2017 11:07:45 AM;2270;26.7;27.9;27.1;26.8;0.1;0.1;0.1;0.2;
2/2/2017 11:07:46 AM;2271;26.7;27.9;27.1;26.8;0.1;0.1;0.1;0.2;
2/2/2017 11:07:47 AM;2272;26.7;27.9;27.1;26.8;0.1;0.1;0.1;0.2;
2/2/2017 11:07:48 AM;2273;26.7;27.9;27.1;26.8;0.1;0.1;0.1;0.2;
2/2/2017 11:07:49 AM;2274;26.7;27.9;27.1;26.8;0.1;0.1;0.1;0.2;
2/2/2017 11:07:50 AM;2275;26.7;27.9;27.1;26.8;0.1;0.1;0.1;0.2;
2/2/2017 11:07:51 AM;2276;26.7;27.9;27.1;26.8;0.1;0.1;0.1;0.2;
2/2/2017 11:07:52 AM;2277;26.7;27.9;27.1;26.8;0.1;0.1;0.1;0.2;
2/2/2017 11:07:53 AM;2278;26.7;27.9;27.1;26.8;0.1;0.1;0.1;0.2;
2/2/2017 11:07:54 AM;2279;26.7;27.9;27.1;26.8;0.1;0.1;0.1;0.2;
2/2/2017 11:07:55 AM;2280;26.7;27.9;27.1;26.8;0.1;0.1;0.1;0.2;
2/2/2017 11:07:56 AM;2281;26.7;27.9;27.1;26.8;0.1;0.1;0.1;0.2;
2/2/2017 11:07:57 AM;2282;26.7;27.9;27.1;26.8;0.1;0.1;0.1;0.2;
2/2/2017 11:07:58 AM;2283;26.7;27.9;27.1;26.8;0.1;0.1;0.1;0.2;
2/2/2017 11:07:59 AM;2284;26.7;27.9;27.1;26.8;0.1;0.1;0.1;0.2;
2/2/2017 11:08:00 AM;2285;26.7;27.9;27.1;26.8;0.1;0.1;0.1;0.2;
2/2/2017 11:08:01 AM;2286;26.7;27.9;27.1;26.8;0.1;0.1;0.1;0.2;
2/2/2017 11:08:02 AM;2287;26.7;27.9;27.1;26.8;0.1;0.1;0.1;0.2;
2/2/2017 11:08:03 AM;2288;26.7;27.9;27.1;26.8;0.1;0.1;0.1;0.2;
2/2/2017 11:08:04 AM;2289;26.7;27.9;27.1;26.8;0.1;0.1;0.1;0.2;
2/2/2017 11:08:05 AM;2290;26.7;27.9;27.1;26.8;0.1;0.1;0.1;0.2;
2/2/2017 11:08:06 AM;2291;26.7;27.9;27.1;26.8;0.1;0.1;0.1;0.2;
2/2/2017 11:08:07 AM;2292;26.7;27.9;27.1;26.8;0.1;0.1;0.1;0.2;
2/2/2017 11:08:08 AM;2293;26.7;27.9;27.1;26.8;0.1;0.1;0.1;0.2;
2/2/2017 11:08:09 AM;2294;26.7;27.9;27.1;26.8;0.1;0.1;0.1;0.2;
2/2/2017 11:08:10 AM;2295;26.7;27.9;27.1;26.8;0.1;0.1;0.1;0.2;
2/2/2017 11:08:11 AM;2296;26.7;27.9;27.1;26.8;0.1;0.1;0.1;0.2;
2/2/2017 11:08:12 AM;2297;26.7;27.9;27.1;26.8;0.1;0.1;0.1;0.2;
2/2/2017 11:08:13 AM;2298;26.7;27.9;27.1;26.8;0.1;0.1;0.1;0.2;
2/2/2017 11:08:14 AM;2299;26.7;27.9;27.1;26.8;0.1;0.1;0.1;0.2;
2/2/2017 11:08:15 AM;2300;26.7;27.9;27.1;26.8;0.1;0.1;0.1;0.2;
2/2/2017 11:08:16 AM;2301;26.7;27.9;27.1;26.8;0.1;0.1;0.1;0.2;
2/2/2017 11:08:17 AM;2302;26.7;27.9;27.1;26.8;0.1;0.1;0.1;0.2;
2/2/2017 11:08:18 AM;2303;26.7;27.9;27.1;26.8;0.1;0.1;0.1;0.2;
2/2/2017 11:08:19 AM;2304;26.7;27.9;27.1;26.8;0.1;0.1;0.1;0.2;
2/2/2017 11:08:20 AM;2305;26.7;27.9;27.1;26.7;0.1;0.1;0.1;0.2;
2/2/2017 11:08:21 AM;2306;26.7;27.9;27.1;26.7;0.1;0.1;0.1;0.2;
2/2/2017 11:08:22 AM;2307;26.7;27.9;27.1;26.7;0.1;0.1;0.1;0.2;
2/2/2017 11:08:23 AM;2308;26.7;27.9;27.1;26.7;0.1;0.1;0.1;0.2;
2/2/2017 11:08:24 AM;2309;26.7;27.9;27.1;26.7;0.1;0.1;0.1;0.2;
2/2/2017 11:08:25 AM;2310;26.7;27.9;27.1;26.8;0.1;0.1;0.1;0.2;
2/2/2017 11:08:26 AM;2311;26.7;27.9;27.1;26.8;0.1;0.1;0.1;0.2;
2/2/2017 11:08:27 AM;2312;26.7;27.9;27.1;26.8;0.1;0.1;0.1;0.2;
2/2/2017 11:08:28 AM;2313;26.7;27.9;27.1;26.8;0.1;0.1;0.1;0.2;
2/2/2017 11:08:29 AM;2314;26.7;27.9;27.1;26.8;0.1;0.1;0.1;0.2;
2/2/2017 11:08:30 AM;2315;26.7;27.9;27.1;26.8;0.1;0.1;0.1;0.2;
2/2/2017 11:08:31 AM;2316;26.7;27.9;27.1;26.8;0.1;0.1;0.1;0.2;
2/2/2017 11:08:32 AM;2317;26.7;27.9;27.1;26.8;0.1;0.1;0.1;0.2;
2/2/2017 11:08:33 AM;2318;26.7;27.9;27.1;26.7;0.1;0.1;0.1;0.2;
2/2/2017 11:08:34 AM;2319;26.7;27.9;27.1;26.7;0.1;0.1;0.1;0.2;
2/2/2017 11:08:35 AM;2320;26.7;27.9;27.1;26.7;0.1;0.1;0.1;0.2;
2/2/2017 11:08:36 AM;2321;26.7;27.9;27.1;26.7;0.1;0.1;0.1;0.2;
2/2/2017 11:08:37 AM;2322;26.7;27.9;27.1;26.7;0.1;0.1;0.1;0.2;
2/2/2017 11:08:38 AM;2323;26.7;27.9;27.1;26.7;0.1;0.1;0.1;0.2;
2/2/2017 11:08:39 AM;2324;26.7;27.9;27.1;26.8;0.1;0.1;0.1;0.2;
2/2/2017 11:08:40 AM;2325;26.7;27.9;27.1;26.7;0.1;0.1;0.1;0.2;
2/2/2017 11:08:41 AM;2326;26.7;27.9;27.1;26.7;0.1;0.1;0.1;0.2;
2/2/2017 11:08:42 AM;2327;26.7;27.9;27.1;26.7;0.1;0.1;0.1;0.2;
2/2/2017 11:08:43 AM;2328;26.7;27.9;27.1;26.7;0.1;0.1;0.1;0.2;
2/2/2017 11:08:44 AM;2329;26.7;27.9;27.0;26.7;0.1;0.1;0.1;0.2;
2/2/2017 11:08:45 AM;2330;26.7;27.9;27.0;26.7;0.1;0.1;0.1;0.2;
2/2/2017 11:08:46 AM;2331;26.7;27.9;27.0;26.6;0.1;0.1;0.1;0.2;
2/2/2017 11:08:47 AM;2332;26.7;27.9;27.0;26.6;0.1;0.1;0.1;0.2;
2/2/2017 11:08:48 AM;2333;26.7;27.9;27.0;26.6;0.1;0.1;0.1;0.2;
2/2/2017 11:08:49 AM;2334;26.7;27.9;27.0;26.6;0.1;0.1;0.1;0.2;
2/2/2017 11:08:50 AM;2335;26.7;27.9;27.0;26.6;0.1;0.1;0.1;0.2;
2/2/2017 11:08:51 AM;2336;26.7;27.9;27.0;26.7;0.1;0.1;0.1;0.2;
2/2/2017 11:08:52 AM;2337;26.7;27.9;27.0;26.6;0.1;0.1;0.1;0.2;
2/2/2017 11:08:53 AM;2338;26.7;27.9;27.0;26.6;0.1;0.1;0.1;0.2;
2/2/2017 11:08:54 AM;2339;26.7;27.9;26.9;26.6;0.1;0.1;0.1;0.2;
2/2/2017 11:08:55 AM;2340;26.7;27.9;26.9;26.6;0.1;0.1;0.1;0.2;
2/2/2017 11:08:56 AM;2341;26.7;27.9;26.9;26.6;0.1;0.1;0.1;0.2;
2/2/2017 11:08:57 AM;2342;26.7;27.9;26.9;26.6;0.1;0.1;0.1;0.2;
2/2/2017 11:08:58 AM;2343;26.7;27.9;26.9;26.6;0.1;0.1;0.1;0.2;
2/2/2017 11:08:59 AM;2344;26.7;27.9;26.9;26.6;0.1;0.1;0.1;0.2;
2/2/2017 11:09:00 AM;2345;26.7;27.9;27.0;26.6;0.1;0.1;0.1;0.2;
2/2/2017 11:09:01 AM;2346;26.7;27.9;27.0;26.6;0.1;0.1;0.1;0.2;
2/2/2017 11:09:02 AM;2347;26.7;27.9;27.0;26.6;0.1;0.1;0.1;0.2;
2/2/2017 11:09:03 AM;2348;26.7;27.9;27.0;26.6;0.1;0.1;0.1;0.2;
2/2/2017 11:09:04 AM;2349;26.7;27.9;27.0;26.6;0.1;0.1;0.1;0.2;
2/2/2017 11:09:05 AM;2350;26.7;27.9;26.9;26.6;0.1;0.1;0.1;0.2;
2/2/2017 11:09:06 AM;2351;26.7;27.9;26.9;26.6;0.1;0.1;0.1;0.2;
2/2/2017 11:09:07 AM;2352;26.7;27.9;26.9;26.6;0.1;0.1;0.1;0.2;
2/2/2017 11:09:08 AM;2353;26.7;27.9;26.9;26.6;0.1;0.1;0.1;0.2;
2/2/2017 11:09:09 AM;2354;26.7;27.9;26.9;26.6;0.1;0.1;0.1;0.2;
2/2/2017 11:09:10 AM;2355;26.7;27.9;26.9;26.6;0.1;0.1;0.1;0.2;
2/2/2017 11:09:11 AM;2356;26.7;27.9;26.9;26.6;0.1;0.1;0.1;0.2;
2/2/2017 11:09:12 AM;2357;26.7;27.9;26.9;26.6;0.1;0.1;0.1;0.2;
2/2/2017 11:09:13 AM;2358;26.7;27.9;26.9;26.6;0.1;0.1;0.1;0.2;
2/2/2017 11:09:14 AM;2359;26.7;27.9;26.9;26.6;0.1;0.1;0.1;0.2;
2/2/2017 11:09:15 AM;2360;26.7;27.9;26.9;26.6;0.1;0.1;0.1;0.2;
2/2/2017 11:09:16 AM;2361;26.7;27.9;26.9;26.6;0.1;0.1;0.1;0.2;
2/2/2017 11:09:17 AM;2362;26.7;27.9;26.9;26.6;0.1;0.1;0.1;0.2;
2/2/2017 11:09:18 AM;2363;26.7;27.9;26.9;26.6;0.1;0.1;0.1;0.2;
2/2/2017 11:09:19 AM;2364;26.7;27.9;26.9;26.6;0.1;0.1;0.1;0.2;
2/2/2017 11:09:20 AM;2365;26.7;27.9;26.9;26.6;0.1;0.1;0.1;0.2;
2/2/2017 11:09:21 AM;2366;26.7;27.9;26.9;26.6;0.1;0.1;0.1;0.2;
2/2/2017 11:09:22 AM;2367;26.7;27.9;26.9;26.6;0.1;0.1;0.1;0.2;
2/2/2017 11:09:23 AM;2368;26.7;27.9;26.9;26.6;0.1;0.1;0.1;0.2;
2/2/2017 11:09:24 AM;2369;26.7;27.9;26.9;26.6;0.1;0.1;0.1;0.2;
2/2/2017 11:09:25 AM;2370;26.7;27.9;26.9;26.6;0.1;0.1;0.1;0.2;
2/2/2017 11:09:26 AM;2371;26.7;27.9;26.9;26.6;0.1;0.1;0.1;0.2;
2/2/2017 11:09:27 AM;2372;26.7;27.9;26.9;26.6;0.1;0.1;0.1;0.2;
2/2/2017 11:09:28 AM;2373;26.7;27.9;26.9;26.6;0.1;0.1;0.1;0.2;
2/2/2017 11:09:29 AM;2374;26.7;27.9;26.9;26.6;0.1;0.1;0.1;0.2;
2/2/2017 11:09:30 AM;2375;26.7;27.9;26.9;26.6;0.1;0.1;0.1;0.2;
2/2/2017 11:09:31 AM;2376;26.7;27.9;26.9;26.6;0.1;0.1;0.1;0.2;
2/2/2017 11:09:32 AM;2377;26.7;27.9;26.9;26.6;0.1;0.1;0.1;0.2;
2/2/2017 11:09:33 AM;2378;26.7;27.9;26.9;26.6;0.1;0.1;0.1;0.2;
2/2/2017 11:09:34 AM;2379;26.7;27.9;26.9;26.6;0.1;0.1;0.1;0.2;
2/2/2017 11:09:35 AM;2380;26.7;27.9;26.9;26.6;0.1;0.1;0.1;0.2;
2/2/2017 11:09:36 AM;2381;26.7;27.9;26.9;26.6;0.1;0.1;0.1;0.2;
2/2/2017 11:09:37 AM;2382;26.7;27.9;26.9;26.6;0.1;0.1;0.1;0.2;
2/2/2017 11:09:38 AM;2383;26.7;27.9;26.9;26.6;0.1;0.1;0.1;0.2;
2/2/2017 11:09:39 AM;2384;26.7;27.9;26.9;26.6;0.1;0.1;0.1;0.2;
2/2/2017 11:09:40 AM;2385;26.7;27.9;26.9;26.6;0.1;0.1;0.1;0.2;
2/2/2017 11:09:41 AM;2386;26.7;27.9;26.9;26.6;0.1;0.1;0.1;0.2;
2/2/2017 11:09:42 AM;2387;26.7;27.9;26.9;26.6;0.1;0.1;0.1;0.2;
2/2/2017 11:09:43 AM;2388;26.7;27.9;26.9;26.6;0.1;0.1;0.1;0.2;
2/2/2017 11:09:44 AM;2389;26.7;27.9;26.9;26.6;0.1;0.1;0.1;0.2;
2/2/2017 11:09:45 AM;2390;26.7;27.9;26.9;26.6;0.1;0.1;0.1;0.2;
2/2/2017 11:09:46 AM;2391;26.7;27.9;26.9;26.6;0.1;0.1;0.1;0.2;
2/2/2017 11:09:47 AM;2392;26.7;27.9;26.9;26.6;0.1;0.1;0.1;0.2;
2/2/2017 11:09:48 AM;2393;26.7;27.9;26.9;26.6;0.1;0.1;0.1;0.2;
2/2/2017 11:09:49 AM;2394;26.7;27.9;26.9;26.6;0.1;0.1;0.1;0.2;
2/2/2017 11:09:50 AM;2395;26.7;27.9;26.9;26.6;0.1;0.1;0.1;0.2;
2/2/2017 11:09:51 AM;2396;26.7;27.9;26.9;26.6;0.1;0.1;0.1;0.2;
2/2/2017 11:09:52 AM;2397;26.7;27.8;26.9;26.6;0.1;0.1;0.1;0.2;
2/2/2017 11:09:53 AM;2398;26.7;27.8;26.9;26.6;0.1;0.1;0.1;0.2;
2/2/2017 11:09:54 AM;2399;26.7;27.8;26.9;26.6;0.1;0.1;0.1;0.2;
2/2/2017 11:09:55 AM;2400;26.7;27.8;26.9;26.6;0.1;0.1;0.1;0.2;
2/2/2017 11:09:56 AM;2401;26.7;27.8;26.9;26.6;0.1;0.1;0.1;0.2;
2/2/2017 11:09:57 AM;2402;26.7;27.9;26.9;26.6;0.1;0.1;0.1;0.2;
2/2/2017 11:09:58 AM;2403;26.7;27.9;26.9;26.6;0.1;0.1;0.1;0.2;
2/2/2017 11:09:59 AM;2404;26.7;27.9;26.9;26.6;0.1;0.1;0.1;0.2;
2/2/2017 11:10:00 AM;2405;26.7;27.9;26.9;26.6;0.1;0.1;0.1;0.2;
2/2/2017 11:10:01 AM;2406;26.7;27.9;26.9;26.6;0.1;0.1;0.1;0.2;
2/2/2017 11:10:02 AM;2407;26.7;27.9;26.9;26.6;0.1;0.1;0.1;0.2;
2/2/2017 11:10:03 AM;2408;26.7;27.9;26.9;26.6;0.1;0.1;0.1;0.2;
2/2/2017 11:10:04 AM;2409;26.6;27.9;26.9;26.6;0.1;0.1;0.1;0.2;
2/2/2017 11:10:05 AM;2410;26.6;27.9;26.9;26.6;0.1;0.1;0.1;0.2;
2/2/2017 11:10:06 AM;2411;26.6;27.9;26.9;26.6;0.1;0.1;0.1;0.2;
2/2/2017 11:10:07 AM;2412;26.6;27.9;26.9;26.6;0.1;0.1;0.1;0.2;
2/2/2017 11:10:08 AM;2413;26.6;27.9;26.9;26.6;0.1;0.1;0.1;0.2;
2/2/2017 11:10:09 AM;2414;26.7;27.9;26.9;26.6;0.1;0.1;0.1;0.2;
2/2/2017 11:10:10 AM;2415;26.7;27.9;26.9;26.6;0.1;0.1;0.1;0.2;
2/2/2017 11:10:11 AM;2416;26.7;27.9;26.9;26.6;0.1;0.1;0.1;0.2;
2/2/2017 11:10:12 AM;2417;26.7;27.9;26.9;26.6;0.1;0.1;0.1;0.2;
2/2/2017 11:10:13 AM;2418;26.7;27.9;26.9;26.6;0.1;0.1;0.1;0.2;
2/2/2017 11:10:14 AM;2419;26.7;27.9;26.9;26.6;0.1;0.1;0.1;0.2;
2/2/2017 11:10:15 AM;2420;26.7;27.9;26.9;26.6;0.1;0.1;0.1;0.2;
2/2/2017 11:10:16 AM;2421;26.7;27.9;26.9;26.6;0.1;0.1;0.1;0.2;
2/2/2017 11:10:17 AM;2422;26.7;27.9;26.9;26.6;0.1;0.1;0.1;0.2;
2/2/2017 11:10:18 AM;2423;26.7;27.9;26.9;26.6;0.1;0.1;0.1;0.2;
2/2/2017 11:10:19 AM;2424;26.6;27.9;26.9;26.6;0.1;0.1;0.1;0.2;
2/2/2017 11:10:20 AM;2425;26.6;27.9;26.8;26.6;0.1;0.1;0.1;0.2;
2/2/2017 11:10:21 AM;2426;26.6;27.9;26.8;26.6;0.1;0.1;0.1;0.2;
2/2/2017 11:10:22 AM;2427;26.6;27.9;26.8;26.6;0.1;0.1;0.1;0.2;
2/2/2017 11:10:23 AM;2428;26.6;27.9;26.8;26.6;0.1;0.1;0.1;0.2;
2/2/2017 11:10:24 AM;2429;26.6;27.9;26.8;26.6;0.1;0.1;0.1;0.2;
2/2/2017 11:10:25 AM;2430;26.6;27.8;26.9;26.6;0.1;0.1;0.1;0.2;
2/2/2017 11:10:26 AM;2431;26.6;27.8;26.9;26.6;0.1;0.1;0.1;0.2;
2/2/2017 11:10:27 AM;2432;26.6;27.8;26.9;26.6;0.1;0.1;0.1;0.2;
2/2/2017 11:10:28 AM;2433;26.5;27.8;26.9;26.6;0.1;0.1;0.1;0.2;
2/2/2017 11:10:29 AM;2434;26.5;27.8;26.9;26.6;0.1;0.1;0.1;0.2;
2/2/2017 11:10:30 AM;2435;26.5;27.8;26.9;26.6;0.1;0.1;0.1;0.2;
2/2/2017 11:10:31 AM;2436;26.5;27.8;26.8;26.6;0.1;0.1;0.1;0.2;
2/2/2017 11:10:32 AM;2437;26.6;27.8;26.8;26.6;0.1;0.1;0.1;0.2;
2/2/2017 11:10:33 AM;2438;26.6;27.8;26.8;26.6;0.1;0.1;0.1;0.2;
2/2/2017 11:10:34 AM;2439;26.6;27.8;26.8;26.6;0.1;0.1;0.1;0.2;
2/2/2017 11:10:35 AM;2440;26.6;27.8;26.7;26.6;0.1;0.1;0.1;0.2;
2/2/2017 11:10:36 AM;2441;26.6;27.8;26.7;26.6;0.1;0.1;0.1;0.2;
2/2/2017 11:10:37 AM;2442;26.6;27.8;26.8;26.6;0.1;0.1;0.1;0.2;
2/2/2017 11:10:38 AM;2443;26.6;27.8;26.7;26.6;0.1;0.1;0.1;0.2;
2/2/2017 11:10:39 AM;2444;26.7;27.7;26.7;26.6;0.1;0.1;0.1;0.2;
2/2/2017 11:10:40 AM;2445;26.7;27.8;26.7;26.6;0.1;0.1;0.1;0.2;
2/2/2017 11:10:41 AM;2446;26.7;27.7;26.7;26.6;0.1;0.1;0.1;0.2;
2/2/2017 11:10:42 AM;2447;26.7;27.7;26.7;26.6;0.1;0.1;0.1;0.2;
2/2/2017 11:10:43 AM;2448;26.7;27.7;26.7;26.6;0.1;0.1;0.1;0.2;
2/2/2017 11:10:44 AM;2449;26.7;27.7;26.7;26.6;0.1;0.1;0.1;0.2;
2/2/2017 11:10:45 AM;2450;26.7;27.7;26.7;26.6;0.1;0.1;0.1;0.2;
2/2/2017 11:10:46 AM;2451;26.6;27.7;26.7;26.6;0.1;0.1;0.1;0.2;
2/2/2017 11:10:47 AM;2452;26.6;27.7;26.7;26.6;0.1;0.1;0.1;0.2;
2/2/2017 11:10:48 AM;2453;26.6;27.7;26.7;26.6;0.1;0.1;0.1;0.2;
2/2/2017 11:10:49 AM;2454;26.5;27.7;26.7;26.6;0.1;0.1;0.1;0.2;
2/2/2017 11:10:50 AM;2455;26.5;27.7;26.7;26.6;0.1;0.1;0.1;0.2;
2/2/2017 11:10:51 AM;2456;26.5;27.7;26.7;26.6;0.1;0.1;0.1;0.2;
2/2/2017 11:10:52 AM;2457;26.5;27.7;26.7;26.6;0.1;0.1;0.1;0.2;
2/2/2017 11:10:53 AM;2458;26.5;27.7;26.7;26.6;0.1;0.1;0.1;0.2;
2/2/2017 11:10:54 AM;2459;26.6;27.7;26.7;26.6;0.1;0.1;0.1;0.2;
2/2/2017 11:10:55 AM;2460;26.6;27.7;26.7;26.6;0.1;0.1;0.1;0.2;
2/2/2017 11:10:56 AM;2461;26.6;27.8;26.7;26.6;0.1;0.1;0.1;0.2;
2/2/2017 11:10:57 AM;2462;26.7;27.8;26.7;26.6;0.1;0.1;0.1;0.2;
2/2/2017 11:10:58 AM;2463;26.7;27.8;26.7;26.6;0.1;0.1;0.1;0.2;
2/2/2017 11:10:59 AM;2464;26.7;27.8;26.7;26.6;0.1;0.1;0.1;0.2;
2/2/2017 11:11:00 AM;2465;26.7;27.7;26.7;26.6;0.1;0.1;0.1;0.2;
2/2/2017 11:11:01 AM;2466;26.6;27.7;26.7;26.6;0.1;0.1;0.1;0.2;
2/2/2017 11:11:02 AM;2467;26.6;27.7;26.7;26.6;0.1;0.1;0.1;0.2;
2/2/2017 11:11:03 AM;2468;26.6;27.7;26.7;26.6;0.1;0.1;0.1;0.2;
2/2/2017 11:11:04 AM;2469;26.6;27.7;26.7;26.6;0.1;0.1;0.1;0.2;
2/2/2017 11:11:05 AM;2470;26.5;27.7;26.7;26.6;0.1;0.1;0.1;0.2;
2/2/2017 11:11:06 AM;2471;26.5;27.7;26.7;26.6;0.1;0.1;0.1;0.2;
2/2/2017 11:11:07 AM;2472;26.5;27.7;26.7;26.6;0.1;0.1;0.1;0.2;
2/2/2017 11:11:08 AM;2473;26.5;27.7;26.7;26.6;0.1;0.1;0.1;0.2;
2/2/2017 11:11:09 AM;2474;26.5;27.7;26.7;26.6;0.1;0.1;0.1;0.2;
2/2/2017 11:11:10 AM;2475;26.5;27.7;26.7;26.6;0.1;0.1;0.1;0.2;
2/2/2017 11:11:11 AM;2476;26.5;27.7;26.7;26.6;0.1;0.1;0.1;0.2;
2/2/2017 11:11:12 AM;2477;26.5;27.7;26.7;26.6;0.1;0.1;0.1;0.2;
2/2/2017 11:11:13 AM;2478;26.5;27.7;26.7;26.5;0.1;0.1;0.1;0.2;
2/2/2017 11:11:14 AM;2479;26.5;27.7;26.7;26.5;0.1;0.1;0.1;0.2;
2/2/2017 11:11:15 AM;2480;26.5;27.7;26.7;26.5;0.1;0.1;0.1;0.2;
2/2/2017 11:11:16 AM;2481;26.5;27.7;26.7;26.5;0.1;0.1;0.1;0.2;
2/2/2017 11:11:17 AM;2482;26.5;27.7;26.7;26.5;0.1;0.1;0.1;0.2;
2/2/2017 11:11:18 AM;2483;26.5;27.7;26.7;26.5;0.1;0.1;0.1;0.2;
2/2/2017 11:11:19 AM;2484;26.5;27.7;26.7;26.5;0.1;0.1;0.1;0.2;
2/2/2017 11:11:20 AM;2485;26.5;27.7;26.7;26.5;0.1;0.1;0.1;0.2;
2/2/2017 11:11:21 AM;2486;26.5;27.7;26.7;26.5;0.1;0.1;0.1;0.2;
2/2/2017 11:11:22 AM;2487;26.5;27.7;26.7;26.6;0.1;0.1;0.1;0.2;
2/2/2017 11:11:23 AM;2488;26.5;27.7;26.7;26.6;0.1;0.1;0.1;0.2;
2/2/2017 11:11:24 AM;2489;26.5;27.7;26.7;26.6;0.1;0.1;0.1;0.2;
2/2/2017 11:11:25 AM;2490;26.5;27.7;26.7;26.5;0.1;0.1;0.1;0.2;
2/2/2017 11:11:26 AM;2491;26.5;27.7;26.7;26.5;0.1;0.1;0.1;0.2;
2/2/2017 11:11:27 AM;2492;26.5;27.7;26.7;26.5;0.1;0.1;0.1;0.2;
2/2/2017 11:11:28 AM;2493;26.5;27.7;26.7;26.5;0.1;0.1;0.1;0.2;
2/2/2017 11:11:29 AM;2494;26.5;27.7;26.7;26.5;0.1;0.1;0.1;0.2;
2/2/2017 11:11:30 AM;2495;26.5;27.7;26.7;26.6;0.1;0.1;0.1;0.2;
2/2/2017 11:11:31 AM;2496;26.5;27.7;26.7;26.6;0.1;0.1;0.1;0.2;
2/2/2017 11:11:32 AM;2497;26.5;27.7;26.7;26.5;0.1;0.1;0.1;0.2;
2/2/2017 11:11:33 AM;2498;26.5;27.7;26.7;26.5;0.1;0.1;0.1;0.2;
2/2/2017 11:11:34 AM;2499;26.5;27.7;26.7;26.5;0.1;0.1;0.1;0.2;
2/2/2017 11:11:35 AM;2500;26.5;27.7;26.7;26.4;0.1;0.1;0.1;0.2;
2/2/2017 11:11:36 AM;2501;26.5;27.7;26.7;26.4;0.1;0.1;0.1;0.2;
2/2/2017 11:11:37 AM;2502;26.6;27.7;26.7;26.4;0.1;0.1;0.1;0.2;
2/2/2017 11:11:38 AM;2503;26.6;27.7;26.7;26.4;0.1;0.1;0.1;0.2;
2/2/2017 11:11:39 AM;2504;26.6;27.7;26.7;26.4;0.1;0.1;0.1;0.2;
2/2/2017 11:11:40 AM;2505;26.5;27.7;26.7;26.4;0.1;0.1;0.1;0.2;
2/2/2017 11:11:41 AM;2506;26.5;27.7;26.7;26.5;0.1;0.1;0.1;0.2;
2/2/2017 11:11:42 AM;2507;26.5;27.7;26.7;26.5;0.1;0.1;0.1;0.2;
2/2/2017 11:11:43 AM;2508;26.5;27.7;26.7;26.4;0.1;0.1;0.1;0.2;
2/2/2017 11:11:44 AM;2509;26.5;27.7;26.7;26.4;0.1;0.1;0.1;0.2;
2/2/2017 11:11:45 AM;2510;26.5;27.7;26.7;26.4;0.1;0.1;0.1;0.2;
2/2/2017 11:11:46 AM;2511;26.5;27.7;26.7;26.4;0.1;0.1;0.1;0.2;
2/2/2017 11:11:47 AM;2512;26.5;27.7;26.7;26.4;0.1;0.1;0.1;0.2;
2/2/2017 11:11:48 AM;2513;26.5;27.7;26.7;26.4;0.1;0.1;0.1;0.2;
2/2/2017 11:11:49 AM;2514;26.5;27.7;26.7;26.4;0.1;0.1;0.1;0.2;
2/2/2017 11:11:50 AM;2515;26.5;27.7;26.7;26.4;0.1;0.1;0.1;0.2;
2/2/2017 11:11:51 AM;2516;26.5;27.7;26.7;26.4;0.1;0.1;0.1;0.2;
2/2/2017 11:11:52 AM;2517;26.5;27.7;26.7;26.4;0.1;0.1;0.1;0.2;
2/2/2017 11:11:53 AM;2518;26.5;27.7;26.7;26.4;0.1;0.1;0.1;0.2;
2/2/2017 11:11:54 AM;2519;26.5;27.7;26.7;26.4;0.1;0.1;0.1;0.2;
2/2/2017 11:11:55 AM;2520;26.5;27.7;26.7;26.4;0.1;0.1;0.1;0.2;
2/2/2017 11:11:56 AM;2521;26.5;27.7;26.7;26.4;0.1;0.1;0.1;0.2;
2/2/2017 11:11:57 AM;2522;26.5;27.7;26.7;26.4;0.1;0.1;0.1;0.2;
2/2/2017 11:11:58 AM;2523;26.5;27.7;26.7;26.4;0.1;0.1;0.1;0.2;
2/2/2017 11:11:59 AM;2524;26.5;27.7;26.7;26.4;0.1;0.1;0.1;0.2;
2/2/2017 11:12:00 AM;2525;26.5;27.7;26.7;26.4;0.1;0.1;0.1;0.2;
2/2/2017 11:12:01 AM;2526;26.5;27.7;26.7;26.4;0.1;0.1;0.1;0.2;
2/2/2017 11:12:02 AM;2527;26.5;27.7;26.7;26.4;0.1;0.1;0.1;0.2;
2/2/2017 11:12:03 AM;2528;26.5;27.7;26.7;26.4;0.1;0.1;0.1;0.2;
2/2/2017 11:12:04 AM;2529;26.5;27.7;26.7;26.4;0.1;0.1;0.1;0.2;
2/2/2017 11:12:05 AM;2530;26.5;27.7;26.7;26.4;0.1;0.1;0.1;0.2;
2/2/2017 11:12:06 AM;2531;26.5;27.7;26.7;26.4;0.1;0.1;0.1;0.2;
2/2/2017 11:12:07 AM;2532;26.5;27.7;26.7;26.4;0.1;0.1;0.1;0.2;
2/2/2017 11:12:08 AM;2533;26.5;27.7;26.7;26.4;0.1;0.1;0.1;0.2;
2/2/2017 11:12:09 AM;2534;26.5;27.7;26.7;26.4;0.1;0.1;0.1;0.2;
2/2/2017 11:12:10 AM;2535;26.5;27.7;26.7;26.4;0.1;0.1;0.1;0.2;
2/2/2017 11:12:11 AM;2536;26.5;27.7;26.7;26.4;0.1;0.1;0.1;0.2;
2/2/2017 11:12:12 AM;2537;26.5;27.7;26.7;26.4;0.1;0.1;0.1;0.2;
2/2/2017 11:12:13 AM;2538;26.5;27.7;26.7;26.4;0.1;0.1;0.1;0.2;
2/2/2017 11:12:14 AM;2539;26.5;27.7;26.7;26.4;0.1;0.1;0.1;0.2;
2/2/2017 11:12:15 AM;2540;26.5;27.7;26.7;26.4;0.1;0.1;0.1;0.2;
2/2/2017 11:12:16 AM;2541;26.5;27.7;26.7;26.4;0.1;0.1;0.1;0.2;
2/2/2017 11:12:17 AM;2542;26.5;27.7;26.7;26.4;0.1;0.1;0.1;0.2;
2/2/2017 11:12:18 AM;2543;26.5;27.7;26.7;26.4;0.1;0.1;0.1;0.2;
2/2/2017 11:12:19 AM;2544;26.5;27.7;26.7;26.4;0.1;0.1;0.1;0.2;
2/2/2017 11:12:20 AM;2545;26.5;27.7;26.7;26.4;0.1;0.1;0.1;0.2;
2/2/2017 11:12:21 AM;2546;26.5;27.7;26.7;26.4;0.1;0.1;0.1;0.2;
2/2/2017 11:12:22 AM;2547;26.5;27.7;26.7;26.4;0.1;0.1;0.1;0.2;
2/2/2017 11:12:23 AM;2548;26.5;27.7;26.7;26.4;0.1;0.1;0.1;0.2;
2/2/2017 11:12:24 AM;2549;26.5;27.7;26.7;26.4;0.1;0.1;0.1;0.2;
2/2/2017 11:12:25 AM;2550;26.5;27.7;26.7;26.4;0.1;0.1;0.1;0.2;
2/2/2017 11:12:26 AM;2551;26.5;27.7;26.7;26.4;0.1;0.1;0.1;0.2;
2/2/2017 11:12:27 AM;2552;26.5;27.7;26.7;26.4;0.1;0.1;0.1;0.2;
2/2/2017 11:12:28 AM;2553;26.5;27.7;26.7;26.4;0.1;0.1;0.1;0.2;
2/2/2017 11:12:29 AM;2554;26.5;27.7;26.7;26.4;0.1;0.1;0.1;0.2;
2/2/2017 11:12:30 AM;2555;26.5;27.7;26.7;26.4;0.1;0.1;0.1;0.2;
2/2/2017 11:12:31 AM;2556;26.5;27.7;26.7;26.4;0.1;0.1;0.1;0.2;
2/2/2017 11:12:32 AM;2557;26.5;27.7;26.7;26.4;0.1;0.1;0.1;0.2;
2/2/2017 11:12:33 AM;2558;26.5;27.7;26.7;26.4;0.1;0.1;0.1;0.2;
2/2/2017 11:12:34 AM;2559;26.5;27.7;26.7;26.4;0.1;0.1;0.1;0.2;
2/2/2017 11:12:35 AM;2560;26.5;27.7;26.7;26.4;0.1;0.1;0.1;0.2;
2/2/2017 11:12:36 AM;2561;26.5;27.7;26.7;26.4;0.1;0.1;0.1;0.2;
2/2/2017 11:12:37 AM;2562;26.5;27.7;26.7;26.4;0.1;0.1;0.1;0.2;
2/2/2017 11:12:38 AM;2563;26.5;27.7;26.7;26.4;0.1;0.1;0.1;0.2;
2/2/2017 11:12:39 AM;2564;26.5;27.7;26.7;26.4;0.1;0.1;0.1;0.2;
2/2/2017 11:12:40 AM;2565;26.5;27.7;26.7;26.4;0.1;0.1;0.1;0.2;
2/2/2017 11:12:41 AM;2566;26.5;27.7;26.7;26.4;0.1;0.1;0.1;0.2;
2/2/2017 11:12:42 AM;2567;26.5;27.7;26.7;26.4;0.1;0.1;0.1;0.2;
2/2/2017 11:12:43 AM;2568;26.5;27.7;26.7;26.4;0.1;0.1;0.1;0.2;
2/2/2017 11:12:44 AM;2569;26.5;27.7;26.7;26.4;0.1;0.1;0.1;0.2;
2/2/2017 11:12:45 AM;2570;26.5;27.7;26.7;26.4;0.1;0.1;0.1;0.2;
2/2/2017 11:12:46 AM;2571;26.5;27.7;26.7;26.4;0.1;0.1;0.1;0.2;
2/2/2017 11:12:47 AM;2572;26.5;27.7;26.7;26.4;0.1;0.1;0.1;0.2;
2/2/2017 11:12:48 AM;2573;26.5;27.7;26.7;26.4;0.1;0.1;0.1;0.2;
2/2/2017 11:12:49 AM;2574;26.5;27.7;26.7;26.4;0.1;0.1;0.1;0.2;
2/2/2017 11:12:50 AM;2575;26.5;27.7;26.7;26.4;0.1;0.1;0.1;0.2;
2/2/2017 11:12:51 AM;2576;26.5;27.7;26.7;26.4;0.1;0.1;0.1;0.2;
2/2/2017 11:12:52 AM;2577;26.5;27.7;26.7;26.4;0.1;0.1;0.1;0.2;
2/2/2017 11:12:53 AM;2578;26.5;27.7;26.6;26.4;0.1;0.1;0.1;0.2;
2/2/2017 11:12:54 AM;2579;26.5;27.7;26.6;26.4;0.1;0.1;0.1;0.2;
2/2/2017 11:12:55 AM;2580;26.5;27.7;26.6;26.4;0.1;0.1;0.1;0.2;
2/2/2017 11:12:56 AM;2581;26.5;27.7;26.6;26.4;0.1;0.1;0.1;0.2;
2/2/2017 11:12:57 AM;2582;26.5;27.7;26.6;26.4;0.1;0.1;0.1;0.2;
2/2/2017 11:12:58 AM;2583;26.5;27.7;26.7;26.4;0.1;0.1;0.1;0.2;
2/2/2017 11:12:59 AM;2584;26.5;27.7;26.7;26.4;0.1;0.1;0.1;0.2;
2/2/2017 11:13:00 AM;2585;26.5;27.7;26.7;26.4;0.1;0.1;0.1;0.2;
2/2/2017 11:13:01 AM;2586;26.5;27.7;26.7;26.4;0.1;0.1;0.1;0.2;
2/2/2017 11:13:02 AM;2587;26.5;27.7;26.6;26.4;0.1;0.1;0.1;0.2;
2/2/2017 11:13:03 AM;2588;26.5;27.7;26.6;26.4;0.1;0.1;0.1;0.2;
2/2/2017 11:13:04 AM;2589;26.5;27.7;26.6;26.4;0.1;0.1;0.1;0.2;
2/2/2017 11:13:05 AM;2590;26.5;27.7;26.6;26.4;0.1;0.1;0.1;0.2;
2/2/2017 11:13:06 AM;2591;26.5;27.7;26.6;26.4;0.1;0.1;0.1;0.2;
2/2/2017 11:13:07 AM;2592;26.5;27.7;26.6;26.4;0.1;0.1;0.1;0.2;
2/2/2017 11:13:08 AM;2593;26.5;27.7;26.7;26.4;0.1;0.1;0.1;0.2;
2/2/2017 11:13:09 AM;2594;26.5;27.7;26.6;26.4;0.1;0.1;0.1;0.2;
2/2/2017 11:13:10 AM;2595;26.5;27.7;26.6;26.4;0.1;0.1;0.1;0.2;
2/2/2017 11:13:11 AM;2596;26.5;27.7;26.6;26.4;0.1;0.1;0.1;0.2;
2/2/2017 11:13:12 AM;2597;26.5;27.7;26.6;26.4;0.1;0.1;0.1;0.2;
2/2/2017 11:13:13 AM;2598;26.5;27.7;26.6;26.4;0.1;0.1;0.1;0.2;
2/2/2017 11:13:14 AM;2599;26.5;27.7;26.6;26.4;0.1;0.1;0.1;0.2;
2/2/2017 11:13:15 AM;2600;26.5;27.7;26.5;26.4;0.1;0.1;0.1;0.2;
2/2/2017 11:13:16 AM;2601;26.5;27.7;26.6;26.4;0.1;0.1;0.1;0.2;
2/2/2017 11:13:17 AM;2602;26.5;27.7;26.6;26.4;0.1;0.1;0.1;0.2;
2/2/2017 11:13:18 AM;2603;26.5;27.7;26.5;26.4;0.1;0.1;0.1;0.2;
2/2/2017 11:13:19 AM;2604;26.5;27.7;26.6;26.4;0.1;0.1;0.1;0.2;
2/2/2017 11:13:20 AM;2605;26.5;27.7;26.6;26.4;0.1;0.1;0.1;0.2;
2/2/2017 11:13:21 AM;2606;26.5;27.7;26.6;26.4;0.1;0.1;0.1;0.2;
2/2/2017 11:13:22 AM;2607;26.5;27.7;26.6;26.4;0.1;0.1;0.1;0.2;
2/2/2017 11:13:23 AM;2608;26.5;27.7;26.6;26.4;0.1;0.1;0.1;0.2;
2/2/2017 11:13:24 AM;2609;26.5;27.7;26.6;26.4;0.1;0.1;0.1;0.2;
2/2/2017 11:13:25 AM;2610;26.5;27.7;26.6;26.4;0.1;0.1;0.1;0.2;
2/2/2017 11:13:26 AM;2611;26.5;27.7;26.6;26.4;0.1;0.1;0.1;0.2;
2/2/2017 11:13:27 AM;2612;26.5;27.7;26.5;26.4;0.1;0.1;0.1;0.2;
2/2/2017 11:13:28 AM;2613;26.5;27.7;26.6;26.4;0.1;0.1;0.1;0.2;
2/2/2017 11:13:29 AM;2614;26.5;27.7;26.6;26.4;0.1;0.1;0.1;0.2;
2/2/2017 11:13:30 AM;2615;26.5;27.7;26.6;26.4;0.1;0.1;0.1;0.2;
2/2/2017 11:13:31 AM;2616;26.5;27.7;26.6;26.4;0.1;0.1;0.1;0.2;
2/2/2017 11:13:32 AM;2617;26.5;27.7;26.7;26.4;0.1;0.1;0.1;0.2;
2/2/2017 11:13:33 AM;2618;26.5;27.7;26.7;26.4;0.1;0.1;0.1;0.2;
2/2/2017 11:13:34 AM;2619;26.5;27.7;26.7;26.4;0.1;0.1;0.1;0.2;
2/2/2017 11:13:35 AM;2620;26.5;27.7;26.7;26.4;0.1;0.1;0.1;0.2;
2/2/2017 11:13:36 AM;2621;26.5;27.7;26.6;26.4;0.1;0.1;0.1;0.2;
2/2/2017 11:13:37 AM;2622;26.5;27.7;26.6;26.4;0.1;0.1;0.1;0.2;
2/2/2017 11:13:38 AM;2623;26.5;27.7;26.6;26.4;0.1;0.1;0.1;0.2;
2/2/2017 11:13:39 AM;2624;26.5;27.7;26.6;26.4;0.1;0.1;0.1;0.2;
2/2/2017 11:13:40 AM;2625;26.5;27.7;26.5;26.4;0.1;0.1;0.1;0.2;
2/2/2017 11:13:41 AM;2626;26.5;27.7;26.6;26.4;0.1;0.1;0.1;0.2;
2/2/2017 11:13:42 AM;2627;26.5;27.7;26.6;26.4;0.1;0.1;0.1;0.2;
2/2/2017 11:13:43 AM;2628;26.5;27.7;26.5;26.4;0.1;0.1;0.1;0.2;
2/2/2017 11:13:44 AM;2629;26.5;27.7;26.5;26.4;0.1;0.1;0.1;0.2;
2/2/2017 11:13:45 AM;2630;26.5;27.7;26.5;26.4;0.1;0.1;0.1;0.2;
2/2/2017 11:13:46 AM;2631;26.5;27.7;26.5;26.4;0.1;0.1;0.1;0.2;
2/2/2017 11:13:47 AM;2632;26.5;27.7;26.5;26.4;0.1;0.1;0.1;0.2;
2/2/2017 11:13:48 AM;2633;26.5;27.7;26.5;26.4;0.1;0.1;0.1;0.2;
2/2/2017 11:13:49 AM;2634;26.5;27.7;26.5;26.4;0.1;0.1;0.1;0.2;
2/2/2017 11:13:50 AM;2635;26.5;27.7;26.5;26.4;0.1;0.1;0.1;0.2;
2/2/2017 11:13:51 AM;2636;26.5;27.7;26.5;26.4;0.1;0.1;0.1;0.2;
2/2/2017 11:13:52 AM;2637;26.5;27.7;26.5;26.4;0.1;0.1;0.1;0.2;
2/2/2017 11:13:53 AM;2638;26.5;27.7;26.5;26.4;0.1;0.1;0.1;0.2;
2/2/2017 11:13:54 AM;2639;26.5;27.7;26.5;26.4;0.1;0.1;0.1;0.2;
2/2/2017 11:13:55 AM;2640;26.5;27.7;26.5;26.4;0.1;0.1;0.1;0.2;
2/2/2017 11:13:56 AM;2641;26.5;27.7;26.5;26.4;0.1;0.1;0.1;0.2;
2/2/2017 11:13:57 AM;2642;26.5;27.7;26.5;26.4;0.1;0.1;0.1;0.2;
2/2/2017 11:13:58 AM;2643;26.5;27.7;26.5;26.4;0.1;0.1;0.1;0.2;
2/2/2017 11:13:59 AM;2644;26.5;27.7;26.5;26.4;0.1;0.1;0.1;0.2;
2/2/2017 11:14:00 AM;2645;26.5;27.7;26.5;26.4;0.1;0.1;0.1;0.2;
2/2/2017 11:14:01 AM;2646;26.5;27.7;26.5;26.4;0.1;0.1;0.1;0.2;
2/2/2017 11:14:02 AM;2647;26.5;27.7;26.5;26.4;0.1;0.1;0.1;0.2;
2/2/2017 11:14:03 AM;2648;26.5;27.7;26.5;26.4;0.1;0.1;0.1;0.2;
2/2/2017 11:14:04 AM;2649;26.5;27.7;26.5;26.4;0.1;0.1;0.1;0.2;
2/2/2017 11:14:05 AM;2650;26.5;27.7;26.5;26.4;0.1;0.1;0.1;0.2;
2/2/2017 11:14:06 AM;2651;26.5;27.7;26.5;26.4;0.1;0.1;0.1;0.2;
2/2/2017 11:14:07 AM;2652;26.5;27.7;26.5;26.4;0.1;0.1;0.1;0.2;
2/2/2017 11:14:08 AM;2653;26.5;27.7;26.5;26.4;0.1;0.1;0.1;0.2;
2/2/2017 11:14:09 AM;2654;26.5;27.7;26.5;26.4;0.1;0.1;0.1;0.2;
2/2/2017 11:14:10 AM;2655;26.5;27.7;26.5;26.4;0.1;0.1;0.1;0.2;
2/2/2017 11:14:11 AM;2656;26.5;27.7;26.5;26.4;0.1;0.1;0.1;0.2;
2/2/2017 11:14:12 AM;2657;26.5;27.7;26.5;26.4;0.1;0.1;0.1;0.2;
2/2/2017 11:14:13 AM;2658;26.5;27.7;26.5;26.4;0.1;0.1;0.1;0.2;
2/2/2017 11:14:14 AM;2659;26.5;27.7;26.5;26.4;0.1;0.1;0.1;0.2;
2/2/2017 11:14:15 AM;2660;26.5;27.7;26.5;26.4;0.1;0.1;0.1;0.2;
2/2/2017 11:14:16 AM;2661;26.5;27.7;26.5;26.4;0.1;0.1;0.1;0.2;
2/2/2017 11:14:17 AM;2662;26.5;27.7;26.5;26.4;0.1;0.1;0.1;0.2;
2/2/2017 11:14:18 AM;2663;26.5;27.7;26.5;26.4;0.1;0.1;0.1;0.2;
2/2/2017 11:14:19 AM;2664;26.5;27.7;26.5;26.4;0.1;0.1;0.1;0.2;
2/2/2017 11:14:20 AM;2665;26.5;27.7;26.5;26.4;0.1;0.1;0.1;0.2;
2/2/2017 11:14:21 AM;2666;26.5;27.7;26.5;26.4;0.1;0.1;0.1;0.2;
2/2/2017 11:14:22 AM;2667;26.5;27.7;26.5;26.4;0.1;0.1;0.1;0.2;
2/2/2017 11:14:23 AM;2668;26.5;27.7;26.5;26.4;0.1;0.1;0.1;0.2;
2/2/2017 11:14:24 AM;2669;26.5;27.7;26.5;26.4;0.1;0.1;0.1;0.2;
2/2/2017 11:14:25 AM;2670;26.5;27.7;26.5;26.4;0.1;0.1;0.1;0.2;
2/2/2017 11:14:26 AM;2671;26.5;27.7;26.5;26.4;0.1;0.1;0.1;0.2;
2/2/2017 11:14:27 AM;2672;26.5;27.7;26.5;26.4;0.1;0.1;0.1;0.2;
2/2/2017 11:14:28 AM;2673;26.5;27.7;26.5;26.4;0.1;0.1;0.1;0.2;
2/2/2017 11:14:29 AM;2674;26.5;27.7;26.5;26.4;0.1;0.1;0.1;0.2;
2/2/2017 11:14:30 AM;2675;26.5;27.7;26.5;26.4;0.1;0.1;0.1;0.2;
2/2/2017 11:14:31 AM;2676;26.5;27.7;26.5;26.4;0.1;0.1;0.1;0.2;
2/2/2017 11:14:32 AM;2677;26.5;27.7;26.5;26.4;0.1;0.1;0.1;0.2;
2/2/2017 11:14:33 AM;2678;26.5;27.7;26.5;26.4;0.1;0.1;0.1;0.2;
2/2/2017 11:14:34 AM;2679;26.5;27.7;26.5;26.4;0.1;0.1;0.1;0.2;
2/2/2017 11:14:35 AM;2680;26.5;27.7;26.5;26.4;0.1;0.1;0.1;0.2;
2/2/2017 11:14:36 AM;2681;26.5;27.7;26.5;26.4;0.1;0.1;0.1;0.2;
2/2/2017 11:14:37 AM;2682;26.5;27.7;26.5;26.4;0.1;0.1;0.1;0.2;
2/2/2017 11:14:38 AM;2683;26.5;27.7;26.5;26.4;0.1;0.1;0.1;0.2;
2/2/2017 11:14:39 AM;2684;26.5;27.7;26.5;26.4;0.1;0.1;0.1;0.2;
2/2/2017 11:14:40 AM;2685;26.5;27.7;26.5;26.4;0.1;0.1;0.1;0.2;
2/2/2017 11:14:41 AM;2686;26.5;27.7;26.5;26.4;0.1;0.1;0.1;0.2;
2/2/2017 11:14:42 AM;2687;26.5;27.7;26.5;26.4;0.1;0.1;0.1;0.2;
2/2/2017 11:14:43 AM;2688;26.5;27.7;26.5;26.4;0.1;0.1;0.1;0.2;
2/2/2017 11:14:44 AM;2689;26.5;27.7;26.5;26.4;0.1;0.1;0.1;0.2;
2/2/2017 11:14:45 AM;2690;26.5;27.7;26.5;26.4;0.1;0.1;0.1;0.2;
2/2/2017 11:14:46 AM;2691;26.5;27.7;26.5;26.4;0.1;0.1;0.1;0.2;
2/2/2017 11:14:47 AM;2692;26.5;27.7;26.5;26.4;0.1;0.1;0.1;0.2;
2/2/2017 11:14:48 AM;2693;26.5;27.7;26.5;26.4;0.1;0.1;0.1;0.2;
2/2/2017 11:14:49 AM;2694;26.5;27.7;26.5;26.4;0.1;0.1;0.1;0.2;
2/2/2017 11:14:50 AM;2695;26.5;27.7;26.5;26.4;0.1;0.1;0.1;0.2;
2/2/2017 11:14:51 AM;2696;26.5;27.7;26.5;26.4;0.1;0.1;0.1;0.2;
2/2/2017 11:14:52 AM;2697;26.5;27.7;26.5;26.4;0.1;0.1;0.1;0.2;
2/2/2017 11:14:53 AM;2698;26.5;27.7;26.5;26.4;0.1;0.1;0.1;0.2;
2/2/2017 11:14:54 AM;2699;26.5;27.7;26.5;26.4;0.1;0.1;0.1;0.2;
2/2/2017 11:14:55 AM;2700;26.5;27.7;26.5;26.4;0.1;0.1;0.1;0.2;
2/2/2017 11:14:56 AM;2701;26.5;27.7;26.5;26.4;0.1;0.1;0.1;0.2;
2/2/2017 11:14:57 AM;2702;26.5;27.7;26.5;26.4;0.1;0.1;0.1;0.2;
2/2/2017 11:14:58 AM;2703;26.5;27.7;26.5;26.4;0.1;0.1;0.1;0.2;
2/2/2017 11:14:59 AM;2704;26.5;27.7;26.5;26.4;0.1;0.1;0.1;0.2;
2/2/2017 11:15:00 AM;2705;26.5;27.7;26.5;26.4;0.1;0.1;0.1;0.2;
2/2/2017 11:15:01 AM;2706;26.5;27.7;26.5;26.4;0.1;0.1;0.1;0.2;
2/2/2017 11:15:02 AM;2707;26.5;27.7;26.5;26.4;0.1;0.1;0.1;0.2;
2/2/2017 11:15:03 AM;2708;26.5;27.7;26.5;26.4;0.1;0.1;0.1;0.2;
2/2/2017 11:15:04 AM;2709;26.5;27.7;26.5;26.4;0.1;0.1;0.1;0.2;
2/2/2017 11:15:05 AM;2710;26.5;27.7;26.5;26.4;0.1;0.1;0.1;0.2;
2/2/2017 11:15:06 AM;2711;26.5;27.7;26.5;26.4;0.1;0.1;0.1;0.2;
2/2/2017 11:15:07 AM;2712;26.5;27.7;26.5;26.4;0.1;0.1;0.1;0.2;
2/2/2017 11:15:08 AM;2713;26.5;27.7;26.5;26.4;0.1;0.1;0.1;0.2;
2/2/2017 11:15:09 AM;2714;26.5;27.7;26.5;26.4;0.1;0.1;0.1;0.2;
2/2/2017 11:15:10 AM;2715;26.5;27.7;26.5;26.4;0.1;0.1;0.1;0.2;
2/2/2017 11:15:11 AM;2716;26.5;27.7;26.5;26.4;0.1;0.1;0.1;0.2;
2/2/2017 11:15:12 AM;2717;26.5;27.7;26.5;26.4;0.1;0.1;0.1;0.2;
2/2/2017 11:15:13 AM;2718;26.5;27.7;26.5;26.4;0.1;0.1;0.1;0.2;
2/2/2017 11:15:14 AM;2719;26.5;27.7;26.5;26.4;0.1;0.1;0.1;0.2;
2/2/2017 11:15:15 AM;2720;26.5;27.7;26.5;26.4;0.1;0.1;0.1;0.2;
2/2/2017 11:15:16 AM;2721;26.5;27.7;26.5;26.4;0.1;0.1;0.1;0.2;
2/2/2017 11:15:17 AM;2722;26.5;27.7;26.5;26.4;0.1;0.1;0.1;0.2;
2/2/2017 11:15:18 AM;2723;26.5;27.7;26.5;26.4;0.1;0.1;0.1;0.2;
2/2/2017 11:15:19 AM;2724;26.5;27.7;26.5;26.4;0.1;0.1;0.1;0.2;
2/2/2017 11:15:20 AM;2725;26.5;27.7;26.5;26.4;0.1;0.1;0.1;0.2;
2/2/2017 11:15:21 AM;2726;26.5;27.7;26.5;26.4;0.1;0.1;0.1;0.2;
2/2/2017 11:15:22 AM;2727;26.5;27.7;26.5;26.4;0.1;0.1;0.1;0.2;
2/2/2017 11:15:23 AM;2728;26.5;27.7;26.5;26.4;0.1;0.1;0.1;0.2;
2/2/2017 11:15:24 AM;2729;26.5;27.7;26.5;26.4;0.1;0.1;0.1;0.2;
2/2/2017 11:15:25 AM;2730;26.5;27.7;26.5;26.4;0.1;0.1;0.1;0.2;
2/2/2017 11:15:26 AM;2731;26.5;27.7;26.5;26.4;0.1;0.1;0.1;0.2;
2/2/2017 11:15:27 AM;2732;26.5;27.7;26.5;26.4;0.1;0.1;0.1;0.2;
2/2/2017 11:15:28 AM;2733;26.5;27.7;26.5;26.4;0.1;0.1;0.1;0.2;
2/2/2017 11:15:29 AM;2734;26.5;27.7;26.5;26.4;0.1;0.1;0.1;0.2;
2/2/2017 11:15:30 AM;2735;26.5;27.7;26.5;26.4;0.1;0.1;0.1;0.2;
2/2/2017 11:15:31 AM;2736;26.5;27.7;26.5;26.4;0.1;0.1;0.1;0.2;
2/2/2017 11:15:32 AM;2737;26.5;27.7;26.5;26.4;0.1;0.1;0.1;0.2;
2/2/2017 11:15:33 AM;2738;26.5;27.7;26.5;26.4;0.1;0.1;0.1;0.2;
2/2/2017 11:15:34 AM;2739;26.5;27.7;26.5;26.4;0.1;0.1;0.1;0.2;
2/2/2017 11:15:35 AM;2740;26.5;27.7;26.5;26.4;0.1;0.1;0.1;0.2;
2/2/2017 11:15:36 AM;2741;26.5;27.7;26.5;26.4;0.1;0.1;0.1;0.2;
2/2/2017 11:15:37 AM;2742;26.5;27.7;26.5;26.4;0.1;0.1;0.1;0.2;
2/2/2017 11:15:38 AM;2743;26.5;27.7;26.5;26.4;0.1;0.1;0.1;0.2;
2/2/2017 11:15:39 AM;2744;26.5;27.7;26.5;26.4;0.1;0.1;0.1;0.2;
2/2/2017 11:15:40 AM;2745;26.5;27.7;26.5;26.4;0.1;0.1;0.1;0.2;
2/2/2017 11:15:41 AM;2746;26.5;27.7;26.5;26.4;0.1;0.1;0.1;0.2;
2/2/2017 11:15:42 AM;2747;26.5;27.7;26.5;26.4;0.1;0.1;0.1;0.2;
2/2/2017 11:15:43 AM;2748;26.5;27.7;26.5;26.4;0.1;0.1;0.1;0.2;
2/2/2017 11:15:44 AM;2749;26.5;27.7;26.5;26.4;0.1;0.1;0.1;0.2;
2/2/2017 11:15:45 AM;2750;26.5;27.7;26.5;26.4;0.1;0.1;0.1;0.2;
2/2/2017 11:15:46 AM;2751;26.5;27.7;26.5;26.4;0.1;0.1;0.1;0.2;
2/2/2017 11:15:47 AM;2752;26.5;27.7;26.5;26.4;0.1;0.1;0.1;0.2;
2/2/2017 11:15:48 AM;2753;26.5;27.7;26.5;26.4;0.1;0.1;0.1;0.2;
2/2/2017 11:15:49 AM;2754;26.5;27.7;26.5;26.4;0.1;0.1;0.1;0.2;
2/2/2017 11:15:50 AM;2755;26.5;27.7;26.5;26.4;0.1;0.1;0.1;0.2;
2/2/2017 11:15:51 AM;2756;26.5;27.7;26.5;26.4;0.1;0.1;0.1;0.2;
2/2/2017 11:15:52 AM;2757;26.5;27.7;26.5;26.4;0.1;0.1;0.1;0.2;
2/2/2017 11:15:53 AM;2758;26.5;27.7;26.5;26.4;0.1;0.1;0.1;0.2;
2/2/2017 11:15:54 AM;2759;26.5;27.7;26.5;26.4;0.1;0.1;0.1;0.2;
2/2/2017 11:15:55 AM;2760;26.5;27.7;26.5;26.4;0.1;0.1;0.1;0.2;
2/2/2017 11:15:56 AM;2761;26.5;27.7;26.5;26.4;0.1;0.1;0.1;0.2;
2/2/2017 11:15:57 AM;2762;26.5;27.7;26.5;26.4;0.1;0.1;0.1;0.2;
2/2/2017 11:15:58 AM;2763;26.5;27.7;26.5;26.4;0.1;0.1;0.1;0.2;
2/2/2017 11:15:59 AM;2764;26.5;27.7;26.5;26.4;0.1;0.1;0.1;0.2;
2/2/2017 11:16:00 AM;2765;26.5;27.7;26.5;26.4;0.1;0.1;0.1;0.2;
2/2/2017 11:16:01 AM;2766;26.5;27.7;26.5;26.4;0.1;0.1;0.1;0.2;
2/2/2017 11:16:02 AM;2767;26.5;27.7;26.5;26.4;0.1;0.1;0.1;0.2;
2/2/2017 11:16:03 AM;2768;26.5;27.7;26.5;26.4;0.1;0.1;0.1;0.2;
2/2/2017 11:16:04 AM;2769;26.5;27.7;26.5;26.4;0.1;0.1;0.1;0.2;
2/2/2017 11:16:05 AM;2770;26.5;27.7;26.5;26.4;0.1;0.1;0.1;0.2;
2/2/2017 11:16:06 AM;2771;26.5;27.7;26.5;26.4;0.1;0.1;0.1;0.2;
2/2/2017 11:16:07 AM;2772;26.5;27.7;26.5;26.4;0.1;0.1;0.1;0.2;
2/2/2017 11:16:08 AM;2773;26.5;27.7;26.5;26.4;0.1;0.1;0.1;0.2;
2/2/2017 11:16:09 AM;2774;26.5;27.7;26.5;26.3;0.1;0.1;0.1;0.2;
2/2/2017 11:16:10 AM;2775;26.5;27.7;26.5;26.3;0.1;0.1;0.1;0.2;
2/2/2017 11:16:11 AM;2776;26.5;27.7;26.5;26.3;0.1;0.1;0.1;0.2;
2/2/2017 11:16:12 AM;2777;26.5;27.7;26.5;26.3;0.1;0.1;0.1;0.2;
2/2/2017 11:16:13 AM;2778;26.5;27.7;26.5;26.3;0.1;0.1;0.1;0.2;
2/2/2017 11:16:14 AM;2779;26.5;27.7;26.5;26.4;0.1;0.1;0.1;0.2;
2/2/2017 11:16:15 AM;2780;26.5;27.7;26.5;26.4;0.1;0.1;0.1;0.2;
2/2/2017 11:16:16 AM;2781;26.5;27.7;26.5;26.4;0.1;0.1;0.1;0.2;
2/2/2017 11:16:17 AM;2782;26.5;27.7;26.5;26.4;0.1;0.1;0.1;0.2;
2/2/2017 11:16:18 AM;2783;26.5;27.7;26.5;26.4;0.1;0.1;0.1;0.2;
2/2/2017 11:16:19 AM;2784;26.5;27.7;26.5;26.4;0.1;0.1;0.1;0.2;
2/2/2017 11:16:20 AM;2785;26.5;27.7;26.5;26.4;0.1;0.1;0.1;0.2;
2/2/2017 11:16:21 AM;2786;26.5;27.7;26.5;26.3;0.1;0.1;0.1;0.2;
2/2/2017 11:16:22 AM;2787;26.5;27.7;26.5;26.3;0.1;0.1;0.1;0.2;
2/2/2017 11:16:23 AM;2788;26.5;27.7;26.5;26.3;0.1;0.1;0.1;0.2;
2/2/2017 11:16:24 AM;2789;26.5;27.7;26.5;26.3;0.1;0.1;0.1;0.2;
2/2/2017 11:16:25 AM;2790;26.5;27.7;26.5;26.3;0.1;0.1;0.1;0.2;
2/2/2017 11:16:26 AM;2791;26.5;27.7;26.5;26.4;0.1;0.1;0.1;0.2;
2/2/2017 11:16:27 AM;2792;26.5;27.7;26.5;26.4;0.1;0.1;0.1;0.2;
2/2/2017 11:16:28 AM;2793;26.5;27.7;26.5;26.4;0.1;0.1;0.1;0.2;
2/2/2017 11:16:29 AM;2794;26.5;27.7;26.5;26.4;0.1;0.1;0.1;0.2;
2/2/2017 11:16:30 AM;2795;26.5;27.7;26.5;26.4;0.1;0.1;0.1;0.2;
2/2/2017 11:16:31 AM;2796;26.5;27.7;26.5;26.4;0.1;0.1;0.1;0.2;
2/2/2017 11:16:32 AM;2797;26.5;27.7;26.5;26.4;0.1;0.1;0.1;0.2;
2/2/2017 11:16:33 AM;2798;26.5;27.7;26.5;26.4;0.1;0.1;0.1;0.2;
2/2/2017 11:16:34 AM;2799;26.5;27.7;26.5;26.4;0.1;0.1;0.1;0.2;
2/2/2017 11:16:35 AM;2800;26.5;27.7;26.5;26.4;0.1;0.1;0.1;0.2;
2/2/2017 11:16:36 AM;2801;26.5;27.7;26.5;26.4;0.1;0.1;0.1;0.2;
2/2/2017 11:16:37 AM;2802;26.5;27.7;26.5;26.4;0.1;0.1;0.1;0.2;
2/2/2017 11:16:38 AM;2803;26.5;27.7;26.5;26.4;0.1;0.1;0.1;0.2;
2/2/2017 11:16:39 AM;2804;26.5;27.7;26.5;26.4;0.1;0.1;0.1;0.2;
2/2/2017 11:16:40 AM;2805;26.5;27.7;26.5;26.4;0.1;0.1;0.1;0.2;
2/2/2017 11:16:41 AM;2806;26.5;27.7;26.5;26.4;0.1;0.1;0.1;0.2;
2/2/2017 11:16:42 AM;2807;26.5;27.7;26.5;26.3;0.1;0.1;0.1;0.2;
2/2/2017 11:16:43 AM;2808;26.5;27.7;26.5;26.3;0.1;0.1;0.1;0.2;
2/2/2017 11:16:44 AM;2809;26.5;27.7;26.5;26.3;0.1;0.1;0.1;0.2;
2/2/2017 11:16:45 AM;2810;26.5;27.7;26.5;26.3;0.1;0.1;0.1;0.2;
2/2/2017 11:16:46 AM;2811;26.5;27.7;26.5;26.3;0.1;0.1;0.1;0.2;
2/2/2017 11:16:47 AM;2812;26.5;27.7;26.5;26.3;0.1;0.1;0.1;0.2;
2/2/2017 11:16:48 AM;2813;26.5;27.7;26.5;26.3;0.1;0.1;0.1;0.2;
2/2/2017 11:16:49 AM;2814;26.5;27.7;26.5;26.3;0.1;0.1;0.1;0.2;
2/2/2017 11:16:50 AM;2815;26.5;27.7;26.5;26.3;0.1;0.1;0.1;0.2;
2/2/2017 11:16:51 AM;2816;26.5;27.7;26.5;26.3;0.1;0.1;0.1;0.2;
2/2/2017 11:16:52 AM;2817;26.5;27.7;26.5;26.3;0.1;0.1;0.1;0.2;
2/2/2017 11:16:53 AM;2818;26.5;27.7;26.5;26.3;0.1;0.1;0.1;0.2;
2/2/2017 11:16:54 AM;2819;26.5;27.7;26.5;26.3;0.1;0.1;0.1;0.2;
2/2/2017 11:16:55 AM;2820;26.5;27.7;26.5;26.2;0.1;0.1;0.1;0.2;
2/2/2017 11:16:56 AM;2821;26.5;27.7;26.5;26.2;0.1;0.1;0.1;0.2;
2/2/2017 11:16:57 AM;2822;26.5;27.7;26.5;26.3;0.1;0.1;0.1;0.2;
2/2/2017 11:16:58 AM;2823;26.5;27.7;26.5;26.3;0.1;0.1;0.1;0.2;
2/2/2017 11:16:59 AM;2824;26.5;27.7;26.5;26.3;0.1;0.1;0.1;0.2;
2/2/2017 11:17:00 AM;2825;26.5;27.7;26.5;26.3;0.1;0.1;0.1;0.2;
2/2/2017 11:17:01 AM;2826;26.5;27.7;26.5;26.3;0.1;0.1;0.1;0.2;
2/2/2017 11:17:02 AM;2827;26.5;27.7;26.5;26.3;0.1;0.1;0.1;0.2;
2/2/2017 11:17:03 AM;2828;26.5;27.7;26.5;26.3;0.1;0.1;0.1;0.2;
2/2/2017 11:17:04 AM;2829;26.5;27.7;26.5;26.3;0.1;0.1;0.1;0.2;
2/2/2017 11:17:05 AM;2830;26.5;27.7;26.5;26.3;0.1;0.1;0.1;0.2;
2/2/2017 11:17:06 AM;2831;26.5;27.7;26.5;26.3;0.1;0.1;0.1;0.2;
2/2/2017 11:17:07 AM;2832;26.5;27.7;26.5;26.3;0.1;0.1;0.1;0.2;
2/2/2017 11:17:08 AM;2833;26.5;27.7;26.5;26.3;0.1;0.1;0.1;0.2;
2/2/2017 11:17:09 AM;2834;26.5;27.7;26.5;26.3;0.1;0.1;0.1;0.2;
2/2/2017 11:17:10 AM;2835;26.5;27.7;26.5;26.3;0.1;0.1;0.1;0.2;
2/2/2017 11:17:11 AM;2836;26.5;27.7;26.5;26.4;0.1;0.1;0.1;0.2;
2/2/2017 11:17:12 AM;2837;26.5;27.7;26.5;26.4;0.1;0.1;0.1;0.2;
2/2/2017 11:17:13 AM;2838;26.5;27.7;26.5;26.4;0.1;0.1;0.1;0.2;
2/2/2017 11:17:14 AM;2839;26.5;27.7;26.5;26.3;0.1;0.1;0.1;0.2;
2/2/2017 11:17:15 AM;2840;26.5;27.7;26.5;26.3;0.1;0.1;0.1;0.2;
2/2/2017 11:17:16 AM;2841;26.5;27.7;26.5;26.3;0.1;0.1;0.1;0.2;
2/2/2017 11:17:17 AM;2842;26.5;27.7;26.5;26.3;0.1;0.1;0.1;0.2;
2/2/2017 11:17:18 AM;2843;26.5;27.7;26.5;26.3;0.1;0.1;0.1;0.2;
2/2/2017 11:17:19 AM;2844;26.5;27.7;26.5;26.3;0.1;0.1;0.1;0.2;
2/2/2017 11:17:20 AM;2845;26.5;27.7;26.5;26.3;0.1;0.1;0.1;0.2;
2/2/2017 11:17:21 AM;2846;26.5;27.7;26.5;26.2;0.1;0.1;0.1;0.2;
2/2/2017 11:17:22 AM;2847;26.5;27.7;26.5;26.2;0.1;0.1;0.1;0.2;
2/2/2017 11:17:23 AM;2848;26.5;27.7;26.5;26.2;0.1;0.1;0.1;0.2;
2/2/2017 11:17:24 AM;2849;26.5;27.7;26.5;26.2;0.1;0.1;0.1;0.2;
2/2/2017 11:17:25 AM;2850;26.5;27.7;26.5;26.2;0.1;0.1;0.1;0.2;
2/2/2017 11:17:26 AM;2851;26.5;27.7;26.5;26.2;0.1;0.1;0.1;0.2;
2/2/2017 11:17:27 AM;2852;26.5;27.7;26.5;26.2;0.1;0.1;0.1;0.2;
2/2/2017 11:17:28 AM;2853;26.5;27.7;26.5;26.3;0.1;0.1;0.1;0.2;
2/2/2017 11:17:29 AM;2854;26.5;27.7;26.5;26.3;0.1;0.1;0.1;0.2;
2/2/2017 11:17:30 AM;2855;26.5;27.7;26.5;26.3;0.1;0.1;0.1;0.2;
2/2/2017 11:17:31 AM;2856;26.5;27.7;26.5;26.3;0.1;0.1;0.1;0.2;
2/2/2017 11:17:32 AM;2857;26.5;27.7;26.5;26.3;0.1;0.1;0.1;0.2;
2/2/2017 11:17:33 AM;2858;26.5;27.7;26.5;26.3;0.1;0.1;0.1;0.2;
2/2/2017 11:17:34 AM;2859;26.5;27.7;26.5;26.2;0.1;0.1;0.1;0.2;
2/2/2017 11:17:35 AM;2860;26.5;27.7;26.5;26.3;0.1;0.1;0.1;0.2;
2/2/2017 11:17:36 AM;2861;26.5;27.7;26.5;26.3;0.1;0.1;0.1;0.2;
2/2/2017 11:17:37 AM;2862;26.5;27.7;26.5;26.3;0.1;0.1;0.1;0.2;
2/2/2017 11:17:38 AM;2863;26.5;27.7;26.5;26.3;0.1;0.1;0.1;0.2;
2/2/2017 11:17:39 AM;2864;26.5;27.7;26.5;26.4;0.1;0.1;0.1;0.2;
2/2/2017 11:17:40 AM;2865;26.5;27.7;26.5;26.4;0.1;0.1;0.1;0.2;
2/2/2017 11:17:41 AM;2866;26.5;27.7;26.5;26.4;0.1;0.1;0.1;0.2;
2/2/2017 11:17:42 AM;2867;26.5;27.7;26.5;26.3;0.1;0.1;0.1;0.2;
2/2/2017 11:17:43 AM;2868;26.5;27.7;26.5;26.3;0.1;0.1;0.1;0.2;
2/2/2017 11:17:44 AM;2869;26.5;27.7;26.5;26.3;0.1;0.1;0.1;0.2;
2/2/2017 11:17:45 AM;2870;26.5;27.7;26.5;26.3;0.1;0.1;0.1;0.2;
2/2/2017 11:17:46 AM;2871;26.5;27.7;26.5;26.3;0.1;0.1;0.1;0.2;
2/2/2017 11:17:47 AM;2872;26.5;27.7;26.5;26.4;0.1;0.1;0.1;0.2;
2/2/2017 11:17:48 AM;2873;26.5;27.7;26.5;26.3;0.1;0.1;0.1;0.2;
2/2/2017 11:17:49 AM;2874;26.5;27.7;26.5;26.3;0.1;0.1;0.1;0.2;
2/2/2017 11:17:50 AM;2875;26.5;27.7;26.5;26.3;0.1;0.1;0.1;0.2;
2/2/2017 11:17:51 AM;2876;26.5;27.7;26.5;26.3;0.1;0.1;0.1;0.2;
2/2/2017 11:17:52 AM;2877;26.5;27.7;26.5;26.3;0.1;0.1;0.1;0.2;
2/2/2017 11:17:53 AM;2878;26.5;27.7;26.5;26.3;0.1;0.1;0.1;0.2;
2/2/2017 11:17:54 AM;2879;26.5;27.7;26.5;26.3;0.1;0.1;0.1;0.2;
2/2/2017 11:17:55 AM;2880;26.5;27.7;26.5;26.3;0.1;0.1;0.1;0.2;
2/2/2017 11:17:56 AM;2881;26.5;27.7;26.5;26.3;0.1;0.1;0.1;0.2;
2/2/2017 11:17:57 AM;2882;26.5;27.7;26.5;26.3;0.1;0.1;0.1;0.2;
2/2/2017 11:17:58 AM;2883;26.5;27.7;26.5;26.3;0.1;0.1;0.1;0.2;
2/2/2017 11:17:59 AM;2884;26.5;27.7;26.5;26.2;0.1;0.1;0.1;0.2;
2/2/2017 11:18:00 AM;2885;26.5;27.7;26.5;26.3;0.1;0.1;0.1;0.2;
2/2/2017 11:18:01 AM;2886;26.5;27.7;26.5;26.2;0.1;0.1;0.1;0.2;
2/2/2017 11:18:02 AM;2887;26.5;27.7;26.5;26.2;0.1;0.1;0.1;0.2;
2/2/2017 11:18:03 AM;2888;26.5;27.7;26.5;26.2;0.1;0.1;0.1;0.2;
2/2/2017 11:18:04 AM;2889;26.5;27.7;26.5;26.2;0.1;0.1;0.1;0.2;
2/2/2017 11:18:05 AM;2890;26.5;27.7;26.5;26.2;0.1;0.1;0.1;0.2;
2/2/2017 11:18:06 AM;2891;26.5;27.7;26.5;26.2;0.1;0.1;0.1;0.2;
2/2/2017 11:18:07 AM;2892;26.5;27.7;26.5;26.2;0.1;0.1;0.1;0.2;
2/2/2017 11:18:08 AM;2893;26.5;27.7;26.4;26.2;0.1;0.1;0.1;0.2;
2/2/2017 11:18:09 AM;2894;26.5;27.7;26.4;26.2;0.1;0.1;0.1;0.2;
2/2/2017 11:18:10 AM;2895;26.5;27.7;26.4;26.2;0.1;0.1;0.1;0.2;
2/2/2017 11:18:11 AM;2896;26.5;27.7;26.4;26.2;0.1;0.1;0.1;0.2;
2/2/2017 11:18:12 AM;2897;26.5;27.7;26.3;26.2;0.1;0.1;0.1;0.2;
2/2/2017 11:18:13 AM;2898;26.5;27.7;26.4;26.2;0.1;0.1;0.1;0.2;
2/2/2017 11:18:14 AM;2899;26.5;27.7;26.4;26.2;0.1;0.1;0.1;0.2;
2/2/2017 11:18:15 AM;2900;26.5;27.7;26.4;26.2;0.1;0.1;0.1;0.2;
2/2/2017 11:18:16 AM;2901;26.5;27.7;26.4;26.2;0.1;0.1;0.1;0.2;
2/2/2017 11:18:17 AM;2902;26.5;27.7;26.4;26.2;0.1;0.1;0.1;0.2;
2/2/2017 11:18:18 AM;2903;26.5;27.7;26.4;26.2;0.1;0.1;0.1;0.2;
2/2/2017 11:18:19 AM;2904;26.5;27.7;26.4;26.2;0.1;0.1;0.1;0.2;
2/2/2017 11:18:20 AM;2905;26.5;27.7;26.4;26.2;0.1;0.1;0.1;0.2;
2/2/2017 11:18:21 AM;2906;26.5;27.7;26.4;26.2;0.1;0.1;0.1;0.2;
2/2/2017 11:18:22 AM;2907;26.5;27.7;26.4;26.2;0.1;0.1;0.1;0.2;
2/2/2017 11:18:23 AM;2908;26.5;27.7;26.4;26.2;0.1;0.1;0.1;0.2;
2/2/2017 11:18:24 AM;2909;26.5;27.7;26.4;26.2;0.1;0.1;0.1;0.2;
2/2/2017 11:18:25 AM;2910;26.5;27.7;26.4;26.2;0.1;0.1;0.1;0.2;
2/2/2017 11:18:26 AM;2911;26.5;27.7;26.4;26.2;0.1;0.1;0.1;0.2;
2/2/2017 11:18:27 AM;2912;26.5;27.7;26.4;26.2;0.1;0.1;0.1;0.2;
2/2/2017 11:18:28 AM;2913;26.5;27.7;26.5;26.2;0.1;0.1;0.1;0.2;
2/2/2017 11:18:29 AM;2914;26.5;27.7;26.4;26.2;0.1;0.1;0.1;0.2;
2/2/2017 11:18:30 AM;2915;26.5;27.7;26.4;26.2;0.1;0.1;0.1;0.2;
2/2/2017 11:18:31 AM;2916;26.5;27.7;26.4;26.2;0.1;0.1;0.1;0.2;
2/2/2017 11:18:32 AM;2917;26.5;27.7;26.4;26.2;0.1;0.1;0.1;0.2;
2/2/2017 11:18:33 AM;2918;26.5;27.7;26.4;26.2;0.1;0.1;0.1;0.2;
2/2/2017 11:18:34 AM;2919;26.5;27.7;26.4;26.2;0.1;0.1;0.1;0.2;
2/2/2017 11:18:35 AM;2920;26.5;27.7;26.4;26.2;0.1;0.1;0.1;0.2;
2/2/2017 11:18:36 AM;2921;26.5;27.7;26.4;26.2;0.1;0.1;0.1;0.2;
2/2/2017 11:18:37 AM;2922;26.5;27.7;26.5;26.2;0.1;0.1;0.1;0.2;
2/2/2017 11:18:38 AM;2923;26.5;27.7;26.5;26.2;0.1;0.1;0.1;0.2;
2/2/2017 11:18:39 AM;2924;26.5;27.7;26.5;26.2;0.1;0.1;0.1;0.2;
2/2/2017 11:18:40 AM;2925;26.5;27.7;26.5;26.2;0.1;0.1;0.1;0.2;
2/2/2017 11:18:41 AM;2926;26.5;27.7;26.5;26.2;0.1;0.1;0.1;0.2;
2/2/2017 11:18:42 AM;2927;26.5;27.7;26.5;26.2;0.1;0.1;0.1;0.2;
2/2/2017 11:18:43 AM;2928;26.5;27.7;26.5;26.2;0.1;0.1;0.1;0.2;
2/2/2017 11:18:44 AM;2929;26.5;27.7;26.5;26.2;0.1;0.1;0.1;0.2;
2/2/2017 11:18:45 AM;2930;26.5;27.7;26.4;26.2;0.1;0.1;0.1;0.2;
2/2/2017 11:18:46 AM;2931;26.5;27.7;26.4;26.2;0.1;0.1;0.1;0.2;
2/2/2017 11:18:47 AM;2932;26.5;27.7;26.4;26.2;0.1;0.1;0.1;0.2;
2/2/2017 11:18:48 AM;2933;26.5;27.7;26.4;26.2;0.1;0.1;0.1;0.2;
2/2/2017 11:18:49 AM;2934;26.5;27.7;26.4;26.2;0.1;0.1;0.1;0.2;
2/2/2017 11:18:50 AM;2935;26.5;27.7;26.4;26.2;0.1;0.1;0.1;0.2;
2/2/2017 11:18:51 AM;2936;26.5;27.7;26.4;26.2;0.1;0.1;0.1;0.2;
2/2/2017 11:18:52 AM;2937;26.5;27.7;26.4;26.2;0.1;0.1;0.1;0.2;
2/2/2017 11:18:53 AM;2938;26.5;27.7;26.4;26.2;0.1;0.1;0.1;0.2;
2/2/2017 11:18:54 AM;2939;26.5;27.7;26.4;26.2;0.1;0.1;0.1;0.2;
2/2/2017 11:18:55 AM;2940;26.5;27.7;26.4;26.2;0.1;0.1;0.1;0.2;
2/2/2017 11:18:56 AM;2941;26.5;27.7;26.4;26.2;0.1;0.1;0.1;0.2;
2/2/2017 11:18:57 AM;2942;26.5;27.7;26.4;26.2;0.1;0.1;0.1;0.2;
2/2/2017 11:18:58 AM;2943;26.5;27.6;26.4;26.2;0.1;0.1;0.1;0.2;
2/2/2017 11:18:59 AM;2944;26.5;27.6;26.5;26.2;0.1;0.1;0.1;0.2;
2/2/2017 11:19:00 AM;2945;26.5;27.6;26.5;26.2;0.1;0.1;0.1;0.2;
2/2/2017 11:19:01 AM;2946;26.5;27.6;26.5;26.2;0.1;0.1;0.1;0.2;
2/2/2017 11:19:02 AM;2947;26.5;27.6;26.5;26.2;0.1;0.1;0.1;0.2;
2/2/2017 11:19:03 AM;2948;26.5;27.7;26.5;26.2;0.1;0.1;0.1;0.2;
2/2/2017 11:19:04 AM;2949;26.5;27.7;26.5;26.2;0.1;0.1;0.1;0.2;
2/2/2017 11:19:05 AM;2950;26.5;27.7;26.5;26.2;0.1;0.1;0.1;0.2;
2/2/2017 11:19:06 AM;2951;26.5;27.7;26.5;26.2;0.1;0.1;0.1;0.2;
2/2/2017 11:19:07 AM;2952;26.5;27.7;26.5;26.2;0.1;0.1;0.1;0.2;
2/2/2017 11:19:08 AM;2953;26.5;27.7;26.5;26.2;0.1;0.1;0.1;0.2;
2/2/2017 11:19:09 AM;2954;26.5;27.7;26.4;26.2;0.1;0.1;0.1;0.2;
2/2/2017 11:19:10 AM;2955;26.5;27.7;26.4;26.2;0.1;0.1;0.1;0.2;
2/2/2017 11:19:11 AM;2956;26.5;27.7;26.4;26.2;0.1;0.1;0.1;0.2;
2/2/2017 11:19:12 AM;2957;26.5;27.7;26.4;26.2;0.1;0.1;0.1;0.2;
2/2/2017 11:19:13 AM;2958;26.5;27.7;26.4;26.2;0.1;0.1;0.1;0.2;
2/2/2017 11:19:14 AM;2959;26.5;27.6;26.5;26.2;0.1;0.1;0.1;0.2;
2/2/2017 11:19:15 AM;2960;26.5;27.6;26.5;26.2;0.1;0.1;0.1;0.2;
2/2/2017 11:19:16 AM;2961;26.5;27.6;26.5;26.2;0.1;0.1;0.1;0.2;
2/2/2017 11:19:17 AM;2962;26.5;27.6;26.4;26.2;0.1;0.1;0.1;0.2;
2/2/2017 11:19:18 AM;2963;26.5;27.6;26.4;26.2;0.1;0.1;0.1;0.2;
2/2/2017 11:19:19 AM;2964;26.5;27.7;26.4;26.2;0.1;0.1;0.1;0.2;
2/2/2017 11:19:20 AM;2965;26.5;27.7;26.4;26.2;0.1;0.1;0.1;0.2;
2/2/2017 11:19:21 AM;2966;26.5;27.7;26.4;26.2;0.1;0.1;0.1;0.2;
2/2/2017 11:19:22 AM;2967;26.5;27.7;26.4;26.2;0.1;0.1;0.1;0.2;
2/2/2017 11:19:23 AM;2968;26.5;27.7;26.4;26.2;0.1;0.1;0.1;0.2;
2/2/2017 11:19:24 AM;2969;26.5;27.7;26.4;26.2;0.1;0.1;0.1;0.2;
2/2/2017 11:19:25 AM;2970;26.5;27.6;26.4;26.2;0.1;0.1;0.1;0.2;
2/2/2017 11:19:26 AM;2971;26.5;27.6;26.4;26.2;0.1;0.1;0.1;0.2;
2/2/2017 11:19:27 AM;2972;26.5;27.6;26.4;26.2;0.1;0.1;0.1;0.2;
2/2/2017 11:19:28 AM;2973;26.5;27.6;26.4;26.2;0.1;0.1;0.1;0.2;
2/2/2017 11:19:29 AM;2974;26.5;27.6;26.5;26.2;0.1;0.1;0.1;0.2;
2/2/2017 11:19:30 AM;2975;26.5;27.6;26.5;26.2;0.1;0.1;0.1;0.2;
2/2/2017 11:19:31 AM;2976;26.5;27.6;26.5;26.2;0.1;0.1;0.1;0.2;
2/2/2017 11:19:32 AM;2977;26.5;27.6;26.5;26.2;0.1;0.1;0.1;0.2;
2/2/2017 11:19:33 AM;2978;26.5;27.7;26.4;26.2;0.1;0.1;0.1;0.2;
2/2/2017 11:19:34 AM;2979;26.5;27.7;26.4;26.2;0.1;0.1;0.1;0.2;
2/2/2017 11:19:35 AM;2980;26.5;27.7;26.4;26.2;0.1;0.1;0.1;0.2;
2/2/2017 11:19:36 AM;2981;26.5;27.7;26.4;26.2;0.1;0.1;0.1;0.2;
2/2/2017 11:19:37 AM;2982;26.5;27.6;26.4;26.2;0.1;0.1;0.1;0.2;
2/2/2017 11:19:38 AM;2983;26.5;27.6;26.4;26.2;0.1;0.1;0.1;0.2;
2/2/2017 11:19:39 AM;2984;26.5;27.6;26.3;26.2;0.1;0.1;0.1;0.2;
2/2/2017 11:19:40 AM;2985;26.5;27.6;26.3;26.2;0.1;0.1;0.1;0.2;
2/2/2017 11:19:41 AM;2986;26.5;27.6;26.3;26.2;0.1;0.1;0.1;0.2;
2/2/2017 11:19:42 AM;2987;26.5;27.6;26.3;26.2;0.1;0.1;0.1;0.2;
2/2/2017 11:19:43 AM;2988;26.5;27.6;26.3;26.2;0.1;0.1;0.1;0.2;
2/2/2017 11:19:44 AM;2989;26.5;27.6;26.4;26.2;0.1;0.1;0.1;0.2;
2/2/2017 11:19:45 AM;2990;26.5;27.7;26.3;26.2;0.1;0.1;0.1;0.2;
2/2/2017 11:19:46 AM;2991;26.5;27.7;26.4;26.2;0.1;0.1;0.1;0.2;
2/2/2017 11:19:47 AM;2992;26.5;27.7;26.4;26.2;0.1;0.1;0.1;0.2;
2/2/2017 11:19:48 AM;2993;26.5;27.7;26.3;26.2;0.1;0.1;0.1;0.2;
2/2/2017 11:19:49 AM;2994;26.5;27.6;26.3;26.2;0.1;0.1;0.1;0.2;
2/2/2017 11:19:50 AM;2995;26.5;27.6;26.4;26.2;0.1;0.1;0.1;0.2;
2/2/2017 11:19:51 AM;2996;26.5;27.6;26.4;26.2;0.1;0.1;0.1;0.2;
2/2/2017 11:19:52 AM;2997;26.5;27.6;26.4;26.2;0.1;0.1;0.1;0.2;
2/2/2017 11:19:53 AM;2998;26.5;27.6;26.4;26.2;0.1;0.1;0.1;0.2;
2/2/2017 11:19:54 AM;2999;26.5;27.7;26.4;26.2;0.1;0.1;0.1;0.2;
2/2/2017 11:19:55 AM;3000;26.4;27.6;26.4;26.2;0.1;0.1;0.1;0.2;
2/2/2017 11:19:56 AM;3001;26.4;27.6;26.3;26.2;0.1;0.1;0.1;0.2;
2/2/2017 11:19:57 AM;3002;26.4;27.6;26.3;26.2;0.1;0.1;0.1;0.2;
2/2/2017 11:19:58 AM;3003;26.4;27.6;26.3;26.2;0.1;0.1;0.1;0.2;
2/2/2017 11:19:59 AM;3004;26.4;27.6;26.3;26.2;0.1;0.1;0.1;0.2;
2/2/2017 11:20:00 AM;3005;26.5;27.7;26.3;26.2;0.1;0.1;0.1;0.2;
2/2/2017 11:20:01 AM;3006;26.5;27.7;26.3;26.2;0.1;0.1;0.1;0.2;
2/2/2017 11:20:02 AM;3007;26.5;27.6;26.4;26.2;0.1;0.1;0.1;0.2;
2/2/2017 11:20:03 AM;3008;26.5;27.6;26.3;26.2;0.1;0.1;0.1;0.2;
2/2/2017 11:20:04 AM;3009;26.5;27.6;26.3;26.2;0.1;0.1;0.1;0.2;
2/2/2017 11:20:05 AM;3010;26.5;27.6;26.3;26.2;0.1;0.1;0.1;0.2;
2/2/2017 11:20:06 AM;3011;26.5;27.6;26.3;26.2;0.1;0.1;0.1;0.2;
2/2/2017 11:20:07 AM;3012;26.4;27.7;26.3;26.2;0.1;0.1;0.1;0.2;
2/2/2017 11:20:08 AM;3013;26.4;27.6;26.3;26.2;0.1;0.1;0.1;0.2;
2/2/2017 11:20:09 AM;3014;26.4;27.6;26.3;26.2;0.1;0.1;0.1;0.2;
2/2/2017 11:20:10 AM;3015;26.3;27.6;26.3;26.2;0.1;0.1;0.1;0.2;
2/2/2017 11:20:11 AM;3016;26.3;27.6;26.4;26.2;0.1;0.1;0.1;0.2;
2/2/2017 11:20:12 AM;3017;26.4;27.6;26.4;26.2;0.1;0.1;0.1;0.2;
2/2/2017 11:20:13 AM;3018;26.4;27.6;26.3;26.2;0.1;0.1;0.1;0.2;
2/2/2017 11:20:14 AM;3019;26.4;27.6;26.4;26.2;0.1;0.1;0.1;0.2;
2/2/2017 11:20:15 AM;3020;26.5;27.6;26.3;26.2;0.1;0.1;0.1;0.2;
2/2/2017 11:20:16 AM;3021;26.5;27.6;26.3;26.2;0.1;0.1;0.1;0.2;
2/2/2017 11:20:17 AM;3022;26.5;27.6;26.3;26.2;0.1;0.1;0.1;0.2;
2/2/2017 11:20:18 AM;3023;26.5;27.6;26.4;26.2;0.1;0.1;0.1;0.2;
2/2/2017 11:20:19 AM;3024;26.5;27.6;26.4;26.2;0.1;0.1;0.1;0.2;
2/2/2017 11:20:20 AM;3025;26.5;27.6;26.4;26.2;0.1;0.1;0.1;0.2;
2/2/2017 11:20:21 AM;3026;26.5;27.6;26.4;26.2;0.1;0.1;0.1;0.2;
2/2/2017 11:20:22 AM;3027;26.5;27.6;26.4;26.2;0.1;0.1;0.1;0.2;
2/2/2017 11:20:23 AM;3028;26.5;27.6;26.4;26.2;0.1;0.1;0.1;0.2;
2/2/2017 11:20:24 AM;3029;26.5;27.6;26.3;26.2;0.1;0.1;0.1;0.2;
2/2/2017 11:20:25 AM;3030;26.4;27.6;26.3;26.2;0.1;0.1;0.1;0.2;
2/2/2017 11:20:26 AM;3031;26.4;27.6;26.3;26.2;0.1;0.1;0.1;0.2;
2/2/2017 11:20:27 AM;3032;26.4;27.6;26.3;26.2;0.1;0.1;0.1;0.2;
2/2/2017 11:20:28 AM;3033;26.4;27.7;26.3;26.2;0.1;0.1;0.1;0.2;
2/2/2017 11:20:29 AM;3034;26.4;27.7;26.3;26.2;0.1;0.1;0.1;0.2;
2/2/2017 11:20:30 AM;3035;26.5;27.7;26.3;26.2;0.1;0.1;0.1;0.2;
2/2/2017 11:20:31 AM;3036;26.5;27.7;26.3;26.2;0.1;0.1;0.1;0.2;
2/2/2017 11:20:32 AM;3037;26.5;27.7;26.3;26.2;0.1;0.1;0.1;0.2;
2/2/2017 11:20:33 AM;3038;26.5;27.7;26.3;26.2;0.1;0.1;0.1;0.2;
2/2/2017 11:20:34 AM;3039;26.5;27.7;26.3;26.2;0.1;0.1;0.1;0.2;
2/2/2017 11:20:35 AM;3040;26.5;27.6;26.3;26.2;0.1;0.1;0.1;0.2;
2/2/2017 11:20:36 AM;3041;26.5;27.6;26.3;26.2;0.1;0.1;0.1;0.2;
2/2/2017 11:20:37 AM;3042;26.4;27.6;26.3;26.2;0.1;0.1;0.1;0.2;
2/2/2017 11:20:38 AM;3043;26.4;27.6;26.3;26.2;0.1;0.1;0.1;0.2;
2/2/2017 11:20:39 AM;3044;26.4;27.6;26.3;26.2;0.1;0.1;0.1;0.2;
2/2/2017 11:20:40 AM;3045;26.4;27.6;26.3;26.2;0.1;0.1;0.1;0.2;
2/2/2017 11:20:41 AM;3046;26.4;27.6;26.3;26.2;0.1;0.1;0.1;0.2;
2/2/2017 11:20:42 AM;3047;26.4;27.6;26.3;26.2;0.1;0.1;0.1;0.2;
2/2/2017 11:20:43 AM;3048;26.4;27.6;26.3;26.2;0.1;0.1;0.1;0.2;
2/2/2017 11:20:44 AM;3049;26.4;27.7;26.3;26.2;0.1;0.1;0.1;0.2;
2/2/2017 11:20:45 AM;3050;26.4;27.7;26.3;26.2;0.1;0.1;0.1;0.2;
2/2/2017 11:20:46 AM;3051;26.5;27.7;26.3;26.2;0.1;0.1;0.1;0.2;
2/2/2017 11:20:47 AM;3052;26.5;27.6;26.3;26.2;0.1;0.1;0.1;0.2;
2/2/2017 11:20:48 AM;3053;26.5;27.6;26.3;26.2;0.1;0.1;0.1;0.2;
2/2/2017 11:20:49 AM;3054;26.4;27.6;26.3;26.2;0.1;0.1;0.1;0.2;
2/2/2017 11:20:50 AM;3055;26.4;27.6;26.3;26.2;0.1;0.1;0.1;0.2;
2/2/2017 11:20:51 AM;3056;26.4;27.6;26.3;26.2;0.1;0.1;0.1;0.2;
2/2/2017 11:20:52 AM;3057;26.4;27.7;26.3;26.2;0.1;0.1;0.1;0.2;
2/2/2017 11:20:53 AM;3058;26.4;27.6;26.3;26.2;0.1;0.1;0.1;0.2;
2/2/2017 11:20:54 AM;3059;26.4;27.6;26.3;26.2;0.1;0.1;0.1;0.2;
2/2/2017 11:20:55 AM;3060;26.5;27.6;26.3;26.2;0.1;0.1;0.1;0.2;
2/2/2017 11:20:56 AM;3061;26.5;27.6;26.3;26.2;0.1;0.1;0.1;0.2;
2/2/2017 11:20:57 AM;3062;26.5;27.6;26.3;26.2;0.1;0.1;0.1;0.2;
2/2/2017 11:20:58 AM;3063;26.5;27.6;26.3;26.2;0.1;0.1;0.1;0.2;
2/2/2017 11:20:59 AM;3064;26.5;27.6;26.3;26.2;0.1;0.1;0.1;0.2;
2/2/2017 11:21:00 AM;3065;26.5;27.6;26.4;26.2;0.1;0.1;0.1;0.2;
2/2/2017 11:21:01 AM;3066;26.5;27.6;26.4;26.2;0.1;0.1;0.1;0.2;
2/2/2017 11:21:02 AM;3067;26.5;27.6;26.4;26.2;0.1;0.1;0.1;0.2;
2/2/2017 11:21:03 AM;3068;26.5;27.6;26.3;26.2;0.1;0.1;0.1;0.2;
2/2/2017 11:21:04 AM;3069;26.5;27.6;26.3;26.2;0.1;0.1;0.1;0.2;
2/2/2017 11:21:05 AM;3070;26.5;27.6;26.3;26.2;0.1;0.1;0.1;0.2;
2/2/2017 11:21:06 AM;3071;26.5;27.6;26.3;26.2;0.1;0.1;0.1;0.2;
2/2/2017 11:21:07 AM;3072;26.5;27.6;26.3;26.2;0.1;0.1;0.1;0.2;
2/2/2017 11:21:08 AM;3073;26.4;27.6;26.3;26.2;0.1;0.1;0.1;0.2;
2/2/2017 11:21:09 AM;3074;26.4;27.6;26.3;26.2;0.1;0.1;0.1;0.2;
2/2/2017 11:21:10 AM;3075;26.4;27.6;26.3;26.2;0.1;0.1;0.1;0.2;
2/2/2017 11:21:11 AM;3076;26.4;27.6;26.3;26.2;0.1;0.1;0.1;0.2;
2/2/2017 11:21:12 AM;3077;26.4;27.7;26.3;26.2;0.1;0.1;0.1;0.2;
2/2/2017 11:21:13 AM;3078;26.5;27.7;26.3;26.2;0.1;0.1;0.1;0.2;
2/2/2017 11:21:14 AM;3079;26.5;27.7;26.3;26.2;0.1;0.1;0.1;0.2;
2/2/2017 11:21:15 AM;3080;26.5;27.7;26.3;26.2;0.1;0.1;0.1;0.2;
2/2/2017 11:21:16 AM;3081;26.4;27.7;26.3;26.2;0.1;0.1;0.1;0.2;
2/2/2017 11:21:17 AM;3082;26.4;27.6;26.3;26.2;0.1;0.1;0.1;0.2;
2/2/2017 11:21:18 AM;3083;26.4;27.6;26.3;26.2;0.1;0.1;0.1;0.2;
2/2/2017 11:21:19 AM;3084;26.4;27.6;26.3;26.2;0.1;0.1;0.1;0.2;
2/2/2017 11:21:20 AM;3085;26.4;27.5;26.3;26.2;0.1;0.1;0.1;0.2;
2/2/2017 11:21:21 AM;3086;26.4;27.5;26.3;26.2;0.1;0.1;0.1;0.2;
2/2/2017 11:21:22 AM;3087;26.5;27.5;26.3;26.2;0.1;0.1;0.1;0.2;
2/2/2017 11:21:23 AM;3088;26.5;27.5;26.3;26.2;0.1;0.1;0.1;0.2;
2/2/2017 11:21:24 AM;3089;26.5;27.5;26.3;26.2;0.1;0.1;0.1;0.2;
2/2/2017 11:21:25 AM;3090;26.5;27.5;26.3;26.2;0.1;0.1;0.1;0.2;
2/2/2017 11:21:26 AM;3091;26.5;27.5;26.3;26.2;0.1;0.1;0.1;0.2;
2/2/2017 11:21:27 AM;3092;26.4;27.6;26.3;26.2;0.1;0.1;0.1;0.2;
2/2/2017 11:21:28 AM;3093;26.4;27.6;26.3;26.2;0.1;0.1;0.1;0.2;
2/2/2017 11:21:29 AM;3094;26.4;27.6;26.3;26.2;0.1;0.1;0.1;0.2;
2/2/2017 11:21:30 AM;3095;26.4;27.6;26.3;26.2;0.1;0.1;0.1;0.2;
2/2/2017 11:21:31 AM;3096;26.4;27.6;26.3;26.2;0.1;0.1;0.1;0.2;
2/2/2017 11:21:32 AM;3097;26.4;27.6;26.3;26.2;0.1;0.1;0.1;0.2;
2/2/2017 11:21:33 AM;3098;26.4;27.6;26.3;26.2;0.1;0.1;0.1;0.2;
2/2/2017 11:21:34 AM;3099;26.5;27.6;26.3;26.2;0.1;0.1;0.1;0.2;
2/2/2017 11:21:35 AM;3100;26.5;27.6;26.3;26.2;0.1;0.1;0.1;0.2;
2/2/2017 11:21:36 AM;3101;26.4;27.7;26.3;26.2;0.1;0.1;0.1;0.2;
2/2/2017 11:21:37 AM;3102;26.4;27.7;26.3;26.2;0.1;0.1;0.1;0.2;
2/2/2017 11:21:38 AM;3103;26.4;27.7;26.3;26.2;0.1;0.1;0.1;0.2;
2/2/2017 11:21:39 AM;3104;26.4;27.7;26.3;26.2;0.1;0.1;0.1;0.2;
2/2/2017 11:21:40 AM;3105;26.4;27.6;26.3;26.2;0.1;0.1;0.1;0.2;
2/2/2017 11:21:41 AM;3106;26.4;27.6;26.3;26.2;0.1;0.1;0.1;0.2;
2/2/2017 11:21:42 AM;3107;26.4;27.6;26.3;26.2;0.1;0.1;0.1;0.2;
2/2/2017 11:21:43 AM;3108;26.4;27.5;26.3;26.2;0.1;0.1;0.1;0.2;
2/2/2017 11:21:44 AM;3109;26.4;27.5;26.3;26.2;0.1;0.1;0.1;0.2;
2/2/2017 11:21:45 AM;3110;26.4;27.5;26.3;26.2;0.1;0.1;0.1;0.2;
2/2/2017 11:21:46 AM;3111;26.4;27.5;26.3;26.2;0.1;0.1;0.1;0.2;
2/2/2017 11:21:47 AM;3112;26.4;27.5;26.3;26.2;0.1;0.1;0.1;0.2;
2/2/2017 11:21:48 AM;3113;26.3;27.5;26.3;26.2;0.1;0.1;0.1;0.2;
2/2/2017 11:21:49 AM;3114;26.3;27.6;26.3;26.2;0.1;0.1;0.1;0.2;
2/2/2017 11:21:50 AM;3115;26.3;27.6;26.3;26.2;0.1;0.1;0.1;0.2;
2/2/2017 11:21:51 AM;3116;26.4;27.6;26.3;26.2;0.1;0.1;0.1;0.2;
2/2/2017 11:21:52 AM;3117;26.4;27.7;26.3;26.2;0.1;0.1;0.1;0.2;
2/2/2017 11:21:53 AM;3118;26.4;27.7;26.3;26.2;0.1;0.1;0.1;0.2;
2/2/2017 11:21:54 AM;3119;26.4;27.6;26.3;26.2;0.1;0.1;0.1;0.2;
2/2/2017 11:21:55 AM;3120;26.4;27.6;26.3;26.2;0.1;0.1;0.1;0.2;
2/2/2017 11:21:56 AM;3121;26.4;27.5;26.3;26.2;0.1;0.1;0.1;0.2;
2/2/2017 11:21:57 AM;3122;26.4;27.5;26.3;26.2;0.1;0.1;0.1;0.2;
2/2/2017 11:21:58 AM;3123;26.3;27.5;26.3;26.2;0.1;0.1;0.1;0.2;
2/2/2017 11:21:59 AM;3124;26.4;27.5;26.3;26.2;0.1;0.1;0.1;0.2;
2/2/2017 11:22:00 AM;3125;26.4;27.5;26.3;26.2;0.1;0.1;0.1;0.2;
2/2/2017 11:22:01 AM;3126;26.4;27.5;26.3;26.2;0.1;0.1;0.1;0.2;
2/2/2017 11:22:02 AM;3127;26.3;27.5;26.3;26.2;0.1;0.1;0.1;0.2;
2/2/2017 11:22:03 AM;3128;26.3;27.5;26.3;26.2;0.1;0.1;0.1;0.2;
2/2/2017 11:22:04 AM;3129;26.3;27.5;26.3;26.2;0.1;0.1;0.1;0.2;
2/2/2017 11:22:05 AM;3130;26.3;27.5;26.3;26.2;0.1;0.1;0.1;0.2;
2/2/2017 11:22:06 AM;3131;26.4;27.5;26.3;26.2;0.1;0.1;0.1;0.2;
2/2/2017 11:22:07 AM;3132;26.4;27.5;26.3;26.2;0.1;0.1;0.1;0.2;
2/2/2017 11:22:08 AM;3133;26.5;27.5;26.3;26.2;0.1;0.1;0.1;0.2;
2/2/2017 11:22:09 AM;3134;26.5;27.5;26.3;26.2;0.1;0.1;0.1;0.2;
2/2/2017 11:22:10 AM;3135;26.4;27.5;26.3;26.2;0.1;0.1;0.1;0.2;
2/2/2017 11:22:11 AM;3136;26.4;27.5;26.3;26.2;0.1;0.1;0.1;0.2;
2/2/2017 11:22:12 AM;3137;26.3;27.5;26.3;26.2;0.1;0.1;0.1;0.2;
2/2/2017 11:22:13 AM;3138;26.3;27.6;26.3;26.2;0.1;0.1;0.1;0.2;
2/2/2017 11:22:14 AM;3139;26.3;27.6;26.3;26.2;0.1;0.1;0.1;0.2;
2/2/2017 11:22:15 AM;3140;26.3;27.6;26.3;26.2;0.1;0.1;0.1;0.2;
2/2/2017 11:22:16 AM;3141;26.3;27.5;26.3;26.2;0.1;0.1;0.1;0.2;
2/2/2017 11:22:17 AM;3142;26.3;27.5;26.3;26.2;0.1;0.1;0.1;0.2;
2/2/2017 11:22:18 AM;3143;26.4;27.5;26.3;26.2;0.1;0.1;0.1;0.2;
2/2/2017 11:22:19 AM;3144;26.4;27.5;26.3;26.2;0.1;0.1;0.1;0.2;
2/2/2017 11:22:20 AM;3145;26.4;27.5;26.3;26.2;0.1;0.1;0.1;0.2;
2/2/2017 11:22:21 AM;3146;26.4;27.5;26.3;26.2;0.1;0.1;0.1;0.2;
2/2/2017 11:22:22 AM;3147;26.4;27.6;26.3;26.2;0.1;0.1;0.1;0.2;
2/2/2017 11:22:23 AM;3148;26.4;27.6;26.3;26.2;0.1;0.1;0.1;0.2;
2/2/2017 11:22:24 AM;3149;26.4;27.7;26.3;26.2;0.1;0.1;0.1;0.2;
2/2/2017 11:22:25 AM;3150;26.5;27.7;26.3;26.2;0.1;0.1;0.1;0.2;
2/2/2017 11:22:26 AM;3151;26.5;27.7;26.3;26.2;0.1;0.1;0.1;0.2;
2/2/2017 11:22:27 AM;3152;26.4;27.6;26.3;26.2;0.1;0.1;0.1;0.2;
2/2/2017 11:22:28 AM;3153;26.4;27.6;26.3;26.2;0.1;0.1;0.1;0.2;
2/2/2017 11:22:29 AM;3154;26.4;27.5;26.3;26.2;0.1;0.1;0.1;0.2;
2/2/2017 11:22:30 AM;3155;26.4;27.5;26.3;26.2;0.1;0.1;0.1;0.2;
2/2/2017 11:22:31 AM;3156;26.4;27.5;26.3;26.2;0.1;0.1;0.1;0.2;
2/2/2017 11:22:32 AM;3157;26.4;27.5;26.3;26.2;0.1;0.1;0.1;0.2;
2/2/2017 11:22:33 AM;3158;26.4;27.5;26.3;26.2;0.1;0.1;0.1;0.2;
2/2/2017 11:22:34 AM;3159;26.4;27.5;26.3;26.2;0.1;0.1;0.1;0.2;
2/2/2017 11:22:35 AM;3160;26.4;27.5;26.3;26.2;0.1;0.1;0.1;0.2;
2/2/2017 11:22:36 AM;3161;26.4;27.5;26.3;26.2;0.1;0.1;0.1;0.2;
2/2/2017 11:22:37 AM;3162;26.4;27.5;26.3;26.2;0.1;0.1;0.1;0.2;
2/2/2017 11:22:38 AM;3163;26.4;27.6;26.3;26.2;0.1;0.1;0.1;0.2;
2/2/2017 11:22:39 AM;3164;26.4;27.6;26.3;26.2;0.1;0.1;0.1;0.2;
2/2/2017 11:22:40 AM;3165;26.4;27.6;26.3;26.2;0.1;0.1;0.1;0.2;
2/2/2017 11:22:41 AM;3166;26.4;27.5;26.3;26.2;0.1;0.1;0.1;0.2;
2/2/2017 11:22:42 AM;3167;26.4;27.5;26.3;26.2;0.1;0.1;0.1;0.2;
2/2/2017 11:22:43 AM;3168;26.3;27.5;26.3;26.2;0.1;0.1;0.1;0.2;
2/2/2017 11:22:44 AM;3169;26.4;27.5;26.3;26.2;0.1;0.1;0.1;0.2;
2/2/2017 11:22:45 AM;3170;26.3;27.5;26.3;26.2;0.1;0.1;0.1;0.2;
2/2/2017 11:22:46 AM;3171;26.4;27.5;26.3;26.2;0.1;0.1;0.1;0.2;
2/2/2017 11:22:47 AM;3172;26.4;27.5;26.3;26.2;0.1;0.1;0.1;0.2;
2/2/2017 11:22:48 AM;3173;26.4;27.6;26.3;26.2;0.1;0.1;0.1;0.2;
2/2/2017 11:22:49 AM;3174;26.4;27.6;26.3;26.2;0.1;0.1;0.1;0.2;
2/2/2017 11:22:50 AM;3175;26.4;27.6;26.3;26.2;0.1;0.1;0.1;0.2;
2/2/2017 11:22:51 AM;3176;26.4;27.6;26.3;26.2;0.1;0.1;0.1;0.2;
2/2/2017 11:22:52 AM;3177;26.4;27.5;26.3;26.2;0.1;0.1;0.1;0.2;
2/2/2017 11:22:53 AM;3178;26.4;27.5;26.3;26.2;0.1;0.1;0.1;0.2;
2/2/2017 11:22:54 AM;3179;26.4;27.5;26.3;26.2;0.1;0.1;0.1;0.2;
2/2/2017 11:22:55 AM;3180;26.4;27.5;26.3;26.2;0.1;0.1;0.1;0.2;
2/2/2017 11:22:56 AM;3181;26.3;27.5;26.3;26.2;0.1;0.1;0.1;0.2;
2/2/2017 11:22:57 AM;3182;26.3;27.5;26.3;26.2;0.1;0.1;0.1;0.2;
2/2/2017 11:22:58 AM;3183;26.3;27.6;26.3;26.2;0.1;0.1;0.1;0.2;
2/2/2017 11:22:59 AM;3184;26.3;27.6;26.3;26.2;0.1;0.1;0.1;0.2;
2/2/2017 11:23:00 AM;3185;26.3;27.6;26.3;26.2;0.1;0.1;0.1;0.2;
2/2/2017 11:23:01 AM;3186;26.3;27.5;26.3;26.2;0.1;0.1;0.1;0.2;
2/2/2017 11:23:02 AM;3187;26.3;27.5;26.3;26.2;0.1;0.1;0.1;0.2;
2/2/2017 11:23:03 AM;3188;26.4;27.5;26.3;26.2;0.1;0.1;0.1;0.2;
2/2/2017 11:23:04 AM;3189;26.4;27.5;26.3;26.2;0.1;0.1;0.1;0.2;
2/2/2017 11:23:05 AM;3190;26.4;27.5;26.3;26.2;0.1;0.1;0.1;0.2;
2/2/2017 11:23:06 AM;3191;26.4;27.5;26.3;26.2;0.1;0.1;0.1;0.2;
2/2/2017 11:23:07 AM;3192;26.3;27.5;26.3;26.2;0.1;0.1;0.1;0.2;
2/2/2017 11:23:08 AM;3193;26.3;27.5;26.3;26.2;0.1;0.1;0.1;0.2;
2/2/2017 11:23:09 AM;3194;26.4;27.5;26.3;26.2;0.1;0.1;0.1;0.2;
2/2/2017 11:23:10 AM;3195;26.4;27.5;26.3;26.2;0.1;0.1;0.1;0.2;
2/2/2017 11:23:11 AM;3196;26.4;27.5;26.3;26.2;0.1;0.1;0.1;0.2;
2/2/2017 11:23:12 AM;3197;26.5;27.5;26.3;26.2;0.1;0.1;0.1;0.2;
2/2/2017 11:23:13 AM;3198;26.5;27.5;26.3;26.2;0.1;0.1;0.1;0.2;
2/2/2017 11:23:14 AM;3199;26.5;27.5;26.3;26.2;0.1;0.1;0.1;0.2;
2/2/2017 11:23:15 AM;3200;26.5;27.5;26.3;26.2;0.1;0.1;0.1;0.2;
2/2/2017 11:23:16 AM;3201;26.4;27.5;26.3;26.2;0.1;0.1;0.1;0.2;
2/2/2017 11:23:17 AM;3202;26.4;27.5;26.3;26.2;0.1;0.1;0.1;0.2;
2/2/2017 11:23:18 AM;3203;26.4;27.5;26.3;26.2;0.1;0.1;0.1;0.2;
2/2/2017 11:23:19 AM;3204;26.4;27.5;26.3;26.2;0.1;0.1;0.1;0.2;
2/2/2017 11:23:20 AM;3205;26.3;27.5;26.3;26.2;0.1;0.1;0.1;0.2;
2/2/2017 11:23:21 AM;3206;26.3;27.5;26.3;26.2;0.1;0.1;0.1;0.2;
2/2/2017 11:23:22 AM;3207;26.3;27.5;26.3;26.2;0.1;0.1;0.1;0.2;
2/2/2017 11:23:23 AM;3208;26.3;27.5;26.3;26.2;0.1;0.1;0.1;0.2;
2/2/2017 11:23:24 AM;3209;26.3;27.5;26.3;26.2;0.1;0.1;0.1;0.2;
2/2/2017 11:23:25 AM;3210;26.3;27.5;26.3;26.2;0.1;0.1;0.1;0.2;
2/2/2017 11:23:26 AM;3211;26.4;27.5;26.3;26.2;0.1;0.1;0.1;0.2;
2/2/2017 11:23:27 AM;3212;26.4;27.5;26.3;26.2;0.1;0.1;0.1;0.2;
2/2/2017 11:23:28 AM;3213;26.4;27.5;26.3;26.2;0.1;0.1;0.1;0.2;
2/2/2017 11:23:29 AM;3214;26.4;27.5;26.3;26.2;0.1;0.1;0.1;0.2;
2/2/2017 11:23:30 AM;3215;26.4;27.5;26.3;26.2;0.1;0.1;0.1;0.2;
2/2/2017 11:23:31 AM;3216;26.4;27.5;26.3;26.2;0.1;0.1;0.1;0.2;
2/2/2017 11:23:32 AM;3217;26.3;27.5;26.3;26.2;0.1;0.1;0.1;0.2;
2/2/2017 11:23:33 AM;3218;26.3;27.5;26.3;26.2;0.1;0.1;0.1;0.2;
2/2/2017 11:23:34 AM;3219;26.3;27.5;26.3;26.2;0.1;0.1;0.1;0.2;
2/2/2017 11:23:35 AM;3220;26.3;27.5;26.3;26.2;0.1;0.1;0.1;0.2;
2/2/2017 11:23:36 AM;3221;26.3;27.5;26.3;26.2;0.1;0.1;0.1;0.2;
2/2/2017 11:23:37 AM;3222;26.3;27.5;26.3;26.2;0.1;0.1;0.1;0.2;
2/2/2017 11:23:38 AM;3223;26.3;27.5;26.3;26.2;0.1;0.1;0.1;0.2;
2/2/2017 11:23:39 AM;3224;26.3;27.5;26.3;26.2;0.1;0.1;0.1;0.2;
2/2/2017 11:23:40 AM;3225;26.3;27.5;26.3;26.2;0.1;0.1;0.1;0.2;
2/2/2017 11:23:41 AM;3226;26.4;27.5;26.3;26.2;0.1;0.1;0.1;0.2;
2/2/2017 11:23:42 AM;3227;26.3;27.5;26.3;26.2;0.1;0.1;0.1;0.2;
2/2/2017 11:23:43 AM;3228;26.3;27.5;26.3;26.2;0.1;0.1;0.1;0.2;
2/2/2017 11:23:44 AM;3229;26.3;27.5;26.3;26.2;0.1;0.1;0.1;0.2;
2/2/2017 11:23:45 AM;3230;26.3;27.5;26.3;26.2;0.1;0.1;0.1;0.2;
2/2/2017 11:23:46 AM;3231;26.3;27.5;26.3;26.2;0.1;0.1;0.1;0.2;
2/2/2017 11:23:47 AM;3232;26.3;27.5;26.3;26.2;0.1;0.1;0.1;0.2;
2/2/2017 11:23:48 AM;3233;26.3;27.5;26.3;26.2;0.1;0.1;0.1;0.2;
2/2/2017 11:23:49 AM;3234;26.4;27.5;26.3;26.2;0.1;0.1;0.1;0.2;
2/2/2017 11:23:50 AM;3235;26.4;27.5;26.3;26.2;0.1;0.1;0.1;0.2;
2/2/2017 11:23:51 AM;3236;26.3;27.5;26.3;26.2;0.1;0.1;0.1;0.2;
2/2/2017 11:23:52 AM;3237;26.4;27.5;26.3;26.2;0.1;0.1;0.1;0.2;
2/2/2017 11:23:53 AM;3238;26.4;27.5;26.3;26.2;0.1;0.1;0.1;0.2;
2/2/2017 11:23:54 AM;3239;26.3;27.5;26.3;26.2;0.1;0.1;0.1;0.2;
2/2/2017 11:23:55 AM;3240;26.4;27.5;26.3;26.2;0.1;0.1;0.1;0.2;
2/2/2017 11:23:56 AM;3241;26.4;27.5;26.3;26.2;0.1;0.1;0.1;0.2;
2/2/2017 11:23:57 AM;3242;26.3;27.5;26.3;26.2;0.1;0.1;0.1;0.2;
2/2/2017 11:23:58 AM;3243;26.3;27.5;26.3;26.2;0.1;0.1;0.1;0.2;
2/2/2017 11:23:59 AM;3244;26.3;27.5;26.3;26.2;0.1;0.1;0.1;0.2;
2/2/2017 11:24:00 AM;3245;26.3;27.5;26.3;26.2;0.1;0.1;0.1;0.2;
2/2/2017 11:24:01 AM;3246;26.3;27.5;26.3;26.2;0.1;0.1;0.1;0.2;
2/2/2017 11:24:02 AM;3247;26.3;27.5;26.3;26.2;0.1;0.1;0.1;0.2;
2/2/2017 11:24:03 AM;3248;26.4;27.5;26.3;26.2;0.1;0.1;0.1;0.2;
2/2/2017 11:24:04 AM;3249;26.4;27.5;26.3;26.2;0.1;0.1;0.1;0.2;
2/2/2017 11:24:05 AM;3250;26.4;27.5;26.3;26.2;0.1;0.1;0.1;0.2;
2/2/2017 11:24:06 AM;3251;26.4;27.5;26.3;26.2;0.1;0.1;0.1;0.2;
2/2/2017 11:24:07 AM;3252;26.3;27.5;26.3;26.2;0.1;0.1;0.1;0.2;
2/2/2017 11:24:08 AM;3253;26.3;27.5;26.3;26.2;0.1;0.1;0.1;0.2;
2/2/2017 11:24:09 AM;3254;26.3;27.5;26.3;26.2;0.1;0.1;0.1;0.2;
2/2/2017 11:24:10 AM;3255;26.3;27.5;26.3;26.2;0.1;0.1;0.1;0.2;
2/2/2017 11:24:11 AM;3256;26.3;27.5;26.3;26.2;0.1;0.1;0.1;0.2;
2/2/2017 11:24:12 AM;3257;26.3;27.5;26.3;26.2;0.1;0.1;0.1;0.2;
2/2/2017 11:24:13 AM;3258;26.3;27.5;26.3;26.2;0.1;0.1;0.1;0.2;
2/2/2017 11:24:14 AM;3259;26.3;27.5;26.3;26.2;0.1;0.1;0.1;0.2;
2/2/2017 11:24:15 AM;3260;26.4;27.5;26.3;26.2;0.1;0.1;0.1;0.2;
2/2/2017 11:24:16 AM;3261;26.3;27.5;26.3;26.2;0.1;0.1;0.1;0.2;
2/2/2017 11:24:17 AM;3262;26.4;27.5;26.3;26.2;0.1;0.1;0.1;0.2;
2/2/2017 11:24:18 AM;3263;26.4;27.5;26.3;26.2;0.1;0.1;0.1;0.2;
2/2/2017 11:24:19 AM;3264;26.4;27.5;26.3;26.2;0.1;0.1;0.1;0.2;
2/2/2017 11:24:20 AM;3265;26.4;27.5;26.3;26.2;0.1;0.1;0.1;0.2;
2/2/2017 11:24:21 AM;3266;26.4;27.5;26.3;26.2;0.1;0.1;0.1;0.2;
2/2/2017 11:24:22 AM;3267;26.3;27.5;26.3;26.2;0.1;0.1;0.1;0.2;
2/2/2017 11:24:23 AM;3268;26.3;27.5;26.3;26.2;0.1;0.1;0.1;0.2;
2/2/2017 11:24:24 AM;3269;26.3;27.5;26.3;26.2;0.1;0.1;0.1;0.2;
2/2/2017 11:24:25 AM;3270;26.3;27.5;26.3;26.2;0.1;0.1;0.1;0.2;
2/2/2017 11:24:26 AM;3271;26.3;27.5;26.3;26.2;0.1;0.1;0.1;0.2;
2/2/2017 11:24:27 AM;3272;26.3;27.5;26.3;26.2;0.1;0.1;0.1;0.2;
2/2/2017 11:24:28 AM;3273;26.3;27.5;26.3;26.2;0.1;0.1;0.1;0.2;
2/2/2017 11:24:29 AM;3274;26.3;27.5;26.3;26.2;0.1;0.1;0.1;0.2;
2/2/2017 11:24:30 AM;3275;26.3;27.5;26.3;26.2;0.1;0.1;0.1;0.2;
2/2/2017 11:24:31 AM;3276;26.3;27.5;26.3;26.2;0.1;0.1;0.1;0.2;
2/2/2017 11:24:32 AM;3277;26.3;27.5;26.3;26.2;0.1;0.1;0.1;0.2;
2/2/2017 11:24:33 AM;3278;26.3;27.5;26.3;26.2;0.1;0.1;0.1;0.2;
2/2/2017 11:24:34 AM;3279;26.4;27.5;26.3;26.2;0.1;0.1;0.1;0.2;
2/2/2017 11:24:35 AM;3280;26.4;27.5;26.3;26.2;0.1;0.1;0.1;0.2;
2/2/2017 11:24:36 AM;3281;26.4;27.5;26.3;26.2;0.1;0.1;0.1;0.2;
2/2/2017 11:24:37 AM;3282;26.4;27.5;26.3;26.2;0.1;0.1;0.1;0.2;
2/2/2017 11:24:38 AM;3283;26.4;27.5;26.3;26.2;0.1;0.1;0.1;0.2;
2/2/2017 11:24:39 AM;3284;26.3;27.5;26.3;26.2;0.1;0.1;0.1;0.2;
2/2/2017 11:24:40 AM;3285;26.3;27.5;26.3;26.2;0.1;0.1;0.1;0.2;
2/2/2017 11:24:41 AM;3286;26.3;27.5;26.3;26.2;0.1;0.1;0.1;0.2;
2/2/2017 11:24:42 AM;3287;26.3;27.5;26.3;26.2;0.1;0.1;0.1;0.2;
2/2/2017 11:24:43 AM;3288;26.3;27.5;26.3;26.2;0.1;0.1;0.1;0.2;
2/2/2017 11:24:44 AM;3289;26.3;27.5;26.3;26.2;0.1;0.1;0.1;0.2;
2/2/2017 11:24:45 AM;3290;26.3;27.5;26.3;26.2;0.1;0.1;0.1;0.2;
2/2/2017 11:24:46 AM;3291;26.3;27.5;26.3;26.2;0.1;0.1;0.1;0.2;
2/2/2017 11:24:47 AM;3292;26.3;27.5;26.3;26.2;0.1;0.1;0.1;0.2;
2/2/2017 11:24:48 AM;3293;26.3;27.5;26.3;26.2;0.1;0.1;0.1;0.2;
2/2/2017 11:24:49 AM;3294;26.3;27.5;26.3;26.2;0.1;0.1;0.1;0.2;
2/2/2017 11:24:50 AM;3295;26.3;27.5;26.3;26.2;0.1;0.1;0.1;0.2;
2/2/2017 11:24:51 AM;3296;26.3;27.5;26.3;26.2;0.1;0.1;0.1;0.2;
2/2/2017 11:24:52 AM;3297;26.3;27.5;26.3;26.2;0.1;0.1;0.1;0.2;
2/2/2017 11:24:53 AM;3298;26.3;27.5;26.3;26.2;0.1;0.1;0.1;0.2;
2/2/2017 11:24:54 AM;3299;26.3;27.5;26.3;26.2;0.1;0.1;0.1;0.2;
2/2/2017 11:24:55 AM;3300;26.3;27.5;26.3;26.2;0.1;0.1;0.1;0.2;
2/2/2017 11:24:56 AM;3301;26.3;27.5;26.3;26.2;0.1;0.1;0.1;0.2;
2/2/2017 11:24:57 AM;3302;26.3;27.5;26.3;26.2;0.1;0.1;0.1;0.2;
2/2/2017 11:24:58 AM;3303;26.3;27.5;26.3;26.2;0.1;0.1;0.1;0.2;
2/2/2017 11:24:59 AM;3304;26.3;27.5;26.3;26.2;0.1;0.1;0.1;0.2;
2/2/2017 11:25:00 AM;3305;26.3;27.5;26.3;26.2;0.1;0.1;0.1;0.2;
2/2/2017 11:25:01 AM;3306;26.3;27.5;26.3;26.2;0.1;0.1;0.1;0.2;
2/2/2017 11:25:02 AM;3307;26.3;27.5;26.3;26.2;0.1;0.1;0.1;0.2;
2/2/2017 11:25:03 AM;3308;26.3;27.5;26.3;26.2;0.1;0.1;0.1;0.2;
2/2/2017 11:25:04 AM;3309;26.3;27.5;26.3;26.2;0.1;0.1;0.1;0.2;
2/2/2017 11:25:05 AM;3310;26.3;27.5;26.3;26.2;0.1;0.1;0.1;0.2;
2/2/2017 11:25:06 AM;3311;26.3;27.5;26.3;26.2;0.1;0.1;0.1;0.2;
2/2/2017 11:25:07 AM;3312;26.3;27.5;26.3;26.2;0.1;0.1;0.1;0.2;
2/2/2017 11:25:08 AM;3313;26.3;27.5;26.3;26.2;0.1;0.1;0.1;0.2;
2/2/2017 11:25:09 AM;3314;26.3;27.5;26.3;26.2;0.1;0.1;0.1;0.2;
2/2/2017 11:25:10 AM;3315;26.3;27.5;26.3;26.2;0.1;0.1;0.1;0.2;
2/2/2017 11:25:11 AM;3316;26.3;27.5;26.3;26.2;0.1;0.1;0.1;0.2;
2/2/2017 11:25:12 AM;3317;26.3;27.5;26.3;26.2;0.1;0.1;0.1;0.2;
2/2/2017 11:25:13 AM;3318;26.3;27.5;26.3;26.2;0.1;0.1;0.1;0.2;
2/2/2017 11:25:14 AM;3319;26.3;27.5;26.3;26.2;0.1;0.1;0.1;0.2;
2/2/2017 11:25:15 AM;3320;26.3;27.5;26.3;26.2;0.1;0.1;0.1;0.2;
2/2/2017 11:25:16 AM;3321;26.3;27.5;26.3;26.2;0.1;0.1;0.1;0.2;
2/2/2017 11:25:17 AM;3322;26.3;27.5;26.3;26.2;0.1;0.1;0.1;0.2;
2/2/2017 11:25:18 AM;3323;26.3;27.5;26.3;26.2;0.1;0.1;0.1;0.2;
2/2/2017 11:25:19 AM;3324;26.3;27.5;26.3;26.2;0.1;0.1;0.1;0.2;
2/2/2017 11:25:20 AM;3325;26.3;27.5;26.3;26.2;0.1;0.1;0.1;0.2;
2/2/2017 11:25:21 AM;3326;26.3;27.5;26.3;26.2;0.1;0.1;0.1;0.2;
2/2/2017 11:25:22 AM;3327;26.3;27.5;26.3;26.2;0.1;0.1;0.1;0.2;
2/2/2017 11:25:23 AM;3328;26.3;27.5;26.3;26.2;0.1;0.1;0.1;0.2;
2/2/2017 11:25:24 AM;3329;26.3;27.5;26.3;26.2;0.1;0.1;0.1;0.2;
2/2/2017 11:25:25 AM;3330;26.3;27.5;26.3;26.2;0.1;0.1;0.1;0.2;
2/2/2017 11:25:26 AM;3331;26.3;27.5;26.3;26.2;0.1;0.1;0.1;0.2;
2/2/2017 11:25:27 AM;3332;26.3;27.5;26.3;26.2;0.1;0.1;0.1;0.2;
2/2/2017 11:25:28 AM;3333;26.3;27.5;26.3;26.2;0.1;0.1;0.1;0.2;
2/2/2017 11:25:29 AM;3334;26.3;27.5;26.3;26.2;0.1;0.1;0.1;0.2;
2/2/2017 11:25:30 AM;3335;26.3;27.5;26.3;26.2;0.1;0.1;0.1;0.2;
2/2/2017 11:25:31 AM;3336;26.3;27.5;26.3;26.2;0.1;0.1;0.1;0.2;
2/2/2017 11:25:32 AM;3337;26.3;27.5;26.3;26.2;0.1;0.1;0.1;0.2;
2/2/2017 11:25:33 AM;3338;26.3;27.5;26.3;26.2;0.1;0.1;0.1;0.2;
2/2/2017 11:25:34 AM;3339;26.3;27.5;26.3;26.2;0.1;0.1;0.1;0.2;
2/2/2017 11:25:35 AM;3340;26.3;27.5;26.3;26.2;0.1;0.1;0.1;0.2;
2/2/2017 11:25:36 AM;3341;26.3;27.5;26.3;26.2;0.1;0.1;0.1;0.2;
2/2/2017 11:25:37 AM;3342;26.3;27.5;26.3;26.2;0.1;0.1;0.1;0.2;
2/2/2017 11:25:38 AM;3343;26.3;27.5;26.3;26.2;0.1;0.1;0.1;0.2;
2/2/2017 11:25:39 AM;3344;26.3;27.5;26.3;26.2;0.1;0.1;0.1;0.2;
2/2/2017 11:25:40 AM;3345;26.3;27.5;26.3;26.2;0.1;0.1;0.1;0.2;
2/2/2017 11:25:41 AM;3346;26.3;27.5;26.3;26.2;0.1;0.1;0.1;0.2;
2/2/2017 11:25:42 AM;3347;26.3;27.5;26.3;26.2;0.1;0.1;0.1;0.2;
2/2/2017 11:25:43 AM;3348;26.3;27.5;26.3;26.2;0.1;0.1;0.1;0.2;
2/2/2017 11:25:44 AM;3349;26.3;27.5;26.3;26.2;0.1;0.1;0.1;0.2;
2/2/2017 11:25:45 AM;3350;26.3;27.5;26.3;26.2;0.1;0.1;0.1;0.2;
2/2/2017 11:25:46 AM;3351;26.3;27.5;26.3;26.2;0.1;0.1;0.1;0.2;
2/2/2017 11:25:47 AM;3352;26.3;27.5;26.3;26.2;0.1;0.1;0.1;0.2;
2/2/2017 11:25:48 AM;3353;26.3;27.5;26.3;26.2;0.1;0.1;0.1;0.2;
2/2/2017 11:25:49 AM;3354;26.3;27.5;26.3;26.2;0.1;0.1;0.1;0.2;
2/2/2017 11:25:50 AM;3355;26.3;27.5;26.3;26.2;0.1;0.1;0.1;0.2;
2/2/2017 11:25:51 AM;3356;26.3;27.5;26.3;26.2;0.1;0.1;0.1;0.2;
2/2/2017 11:25:52 AM;3357;26.3;27.5;26.3;26.2;0.1;0.1;0.1;0.2;
2/2/2017 11:25:53 AM;3358;26.3;27.5;26.3;26.2;0.1;0.1;0.1;0.2;
2/2/2017 11:25:54 AM;3359;26.3;27.5;26.3;26.2;0.1;0.1;0.1;0.2;
2/2/2017 11:25:55 AM;3360;26.3;27.5;26.3;26.2;0.1;0.1;0.1;0.2;
2/2/2017 11:25:56 AM;3361;26.3;27.5;26.3;26.2;0.1;0.1;0.1;0.2;
2/2/2017 11:25:57 AM;3362;26.3;27.5;26.3;26.2;0.1;0.1;0.1;0.2;
2/2/2017 11:25:58 AM;3363;26.3;27.5;26.3;26.2;0.1;0.1;0.1;0.2;
2/2/2017 11:25:59 AM;3364;26.3;27.5;26.3;26.2;0.1;0.1;0.1;0.2;
2/2/2017 11:26:00 AM;3365;26.3;27.5;26.3;26.2;0.1;0.1;0.1;0.2;
2/2/2017 11:26:01 AM;3366;26.3;27.5;26.3;26.2;0.1;0.1;0.1;0.2;
2/2/2017 11:26:02 AM;3367;26.3;27.5;26.3;26.2;0.1;0.1;0.1;0.2;
2/2/2017 11:26:03 AM;3368;26.3;27.5;26.3;26.2;0.1;0.1;0.1;0.2;
2/2/2017 11:26:04 AM;3369;26.3;27.5;26.3;26.2;0.1;0.1;0.1;0.2;
2/2/2017 11:26:05 AM;3370;26.3;27.5;26.3;26.2;0.1;0.1;0.1;0.2;
2/2/2017 11:26:06 AM;3371;26.3;27.5;26.3;26.2;0.1;0.1;0.1;0.2;
2/2/2017 11:26:07 AM;3372;26.3;27.5;26.3;26.2;0.1;0.1;0.1;0.2;
2/2/2017 11:26:08 AM;3373;26.3;27.5;26.3;26.2;0.1;0.1;0.1;0.2;
2/2/2017 11:26:09 AM;3374;26.3;27.5;26.3;26.2;0.1;0.1;0.1;0.2;
2/2/2017 11:26:10 AM;3375;26.3;27.5;26.3;26.2;0.1;0.1;0.1;0.2;
2/2/2017 11:26:11 AM;3376;26.3;27.5;26.3;26.2;0.1;0.1;0.1;0.2;
2/2/2017 11:26:12 AM;3377;26.3;27.5;26.3;26.2;0.1;0.1;0.1;0.2;
2/2/2017 11:26:13 AM;3378;26.3;27.5;26.3;26.2;0.1;0.1;0.1;0.2;
2/2/2017 11:26:14 AM;3379;26.3;27.5;26.3;26.2;0.1;0.1;0.1;0.2;
2/2/2017 11:26:15 AM;3380;26.3;27.5;26.3;26.2;0.1;0.1;0.1;0.2;
2/2/2017 11:26:16 AM;3381;26.3;27.5;26.3;26.2;0.1;0.1;0.1;0.2;
2/2/2017 11:26:17 AM;3382;26.3;27.5;26.3;26.2;0.1;0.1;0.1;0.2;
2/2/2017 11:26:18 AM;3383;26.3;27.5;26.3;26.2;0.1;0.1;0.1;0.2;
2/2/2017 11:26:19 AM;3384;26.3;27.5;26.3;26.2;0.1;0.1;0.1;0.2;
2/2/2017 11:26:20 AM;3385;26.3;27.5;26.3;26.2;0.1;0.1;0.1;0.2;
2/2/2017 11:26:21 AM;3386;26.3;27.5;26.3;26.2;0.1;0.1;0.1;0.2;
2/2/2017 11:26:22 AM;3387;26.3;27.5;26.3;26.2;0.1;0.1;0.1;0.2;
2/2/2017 11:26:23 AM;3388;26.3;27.5;26.3;26.2;0.1;0.1;0.1;0.2;
2/2/2017 11:26:24 AM;3389;26.3;27.5;26.3;26.2;0.1;0.1;0.1;0.2;
2/2/2017 11:26:25 AM;3390;26.3;27.5;26.3;26.2;0.1;0.1;0.1;0.2;
2/2/2017 11:26:26 AM;3391;26.3;27.5;26.3;26.2;0.1;0.1;0.1;0.2;
2/2/2017 11:26:27 AM;3392;26.3;27.5;26.3;26.2;0.1;0.1;0.1;0.2;
2/2/2017 11:26:28 AM;3393;26.3;27.5;26.3;26.2;0.1;0.1;0.1;0.2;
2/2/2017 11:26:29 AM;3394;26.3;27.5;26.3;26.2;0.1;0.1;0.1;0.2;
2/2/2017 11:26:30 AM;3395;26.3;27.5;26.3;26.2;0.1;0.1;0.1;0.2;
2/2/2017 11:26:31 AM;3396;26.3;27.5;26.3;26.2;0.1;0.1;0.1;0.2;
2/2/2017 11:26:32 AM;3397;26.3;27.5;26.3;26.2;0.1;0.1;0.1;0.2;
2/2/2017 11:26:33 AM;3398;26.3;27.5;26.3;26.2;0.1;0.1;0.1;0.2;
2/2/2017 11:26:34 AM;3399;26.3;27.5;26.3;26.2;0.1;0.1;0.1;0.2;
2/2/2017 11:26:35 AM;3400;26.3;27.5;26.3;26.2;0.1;0.1;0.1;0.2;
2/2/2017 11:26:36 AM;3401;26.3;27.5;26.3;26.2;0.1;0.1;0.1;0.2;
2/2/2017 11:26:37 AM;3402;26.3;27.5;26.3;26.2;0.1;0.1;0.1;0.2;
2/2/2017 11:26:38 AM;3403;26.3;27.5;26.3;26.2;0.1;0.1;0.1;0.2;
2/2/2017 11:26:39 AM;3404;26.3;27.5;26.3;26.2;0.1;0.1;0.1;0.2;
2/2/2017 11:26:40 AM;3405;26.3;27.5;26.3;26.2;0.1;0.1;0.1;0.2;
2/2/2017 11:26:41 AM;3406;26.3;27.5;26.3;26.2;0.1;0.1;0.1;0.2;
2/2/2017 11:26:42 AM;3407;26.3;27.5;26.3;26.2;0.1;0.1;0.1;0.2;
2/2/2017 11:26:43 AM;3408;26.3;27.5;26.3;26.2;0.1;0.1;0.1;0.2;
2/2/2017 11:26:44 AM;3409;26.3;27.5;26.3;26.2;0.1;0.1;0.1;0.2;
2/2/2017 11:26:45 AM;3410;26.3;27.5;26.3;26.2;0.1;0.1;0.1;0.2;
2/2/2017 11:26:46 AM;3411;26.3;27.5;26.3;26.2;0.1;0.1;0.1;0.2;
2/2/2017 11:26:47 AM;3412;26.3;27.5;26.3;26.2;0.1;0.1;0.1;0.2;
2/2/2017 11:26:48 AM;3413;26.3;27.5;26.3;26.2;0.1;0.1;0.1;0.2;
2/2/2017 11:26:49 AM;3414;26.3;27.5;26.3;26.2;0.1;0.1;0.1;0.2;
2/2/2017 11:26:50 AM;3415;26.3;27.5;26.3;26.2;0.1;0.1;0.1;0.2;
2/2/2017 11:26:51 AM;3416;26.3;27.5;26.3;26.2;0.1;0.1;0.1;0.2;
2/2/2017 11:26:52 AM;3417;26.3;27.5;26.3;26.2;0.1;0.1;0.1;0.2;
2/2/2017 11:26:53 AM;3418;26.3;27.5;26.3;26.2;0.1;0.1;0.1;0.2;
2/2/2017 11:26:54 AM;3419;26.3;27.5;26.3;26.2;0.1;0.1;0.1;0.2;
2/2/2017 11:26:55 AM;3420;26.3;27.5;26.3;26.2;0.1;0.1;0.1;0.2;
2/2/2017 11:26:56 AM;3421;26.3;27.5;26.3;26.2;0.1;0.1;0.1;0.2;
2/2/2017 11:26:57 AM;3422;26.3;27.5;26.3;26.2;0.1;0.1;0.1;0.2;
2/2/2017 11:26:58 AM;3423;26.3;27.5;26.3;26.2;0.1;0.1;0.1;0.2;
2/2/2017 11:26:59 AM;3424;26.3;27.5;26.3;26.2;0.1;0.1;0.1;0.2;
2/2/2017 11:27:00 AM;3425;26.3;27.5;26.3;26.2;0.1;0.1;0.1;0.2;
2/2/2017 11:27:01 AM;3426;26.3;27.5;26.3;26.2;0.1;0.1;0.1;0.2;
2/2/2017 11:27:02 AM;3427;26.3;27.5;26.3;26.2;0.1;0.1;0.1;0.2;
2/2/2017 11:27:03 AM;3428;26.3;27.5;26.3;26.2;0.1;0.1;0.1;0.2;
2/2/2017 11:27:04 AM;3429;26.3;27.5;26.3;26.2;0.1;0.1;0.1;0.2;
2/2/2017 11:27:05 AM;3430;26.3;27.5;26.3;26.2;0.1;0.1;0.1;0.2;
2/2/2017 11:27:06 AM;3431;26.3;27.5;26.3;26.2;0.1;0.1;0.1;0.2;
2/2/2017 11:27:07 AM;3432;26.3;27.5;26.3;26.2;0.1;0.1;0.1;0.2;
2/2/2017 11:27:08 AM;3433;26.3;27.5;26.3;26.2;0.1;0.1;0.1;0.2;
2/2/2017 11:27:09 AM;3434;26.3;27.5;26.3;26.2;0.1;0.1;0.1;0.2;
2/2/2017 11:27:10 AM;3435;26.3;27.5;26.3;26.2;0.1;0.1;0.1;0.2;
2/2/2017 11:27:11 AM;3436;26.3;27.5;26.3;26.2;0.1;0.1;0.1;0.2;
2/2/2017 11:27:12 AM;3437;26.3;27.5;26.3;26.2;0.1;0.1;0.1;0.2;
2/2/2017 11:27:13 AM;3438;26.3;27.5;26.3;26.2;0.1;0.1;0.1;0.2;
2/2/2017 11:27:14 AM;3439;26.3;27.5;26.3;26.2;0.1;0.1;0.1;0.2;
2/2/2017 11:27:15 AM;3440;26.3;27.5;26.3;26.2;0.1;0.1;0.1;0.2;
2/2/2017 11:27:16 AM;3441;26.3;27.5;26.3;26.2;0.1;0.1;0.1;0.2;
2/2/2017 11:27:17 AM;3442;26.3;27.5;26.3;26.2;0.1;0.1;0.1;0.2;
2/2/2017 11:27:18 AM;3443;26.3;27.5;26.3;26.2;0.1;0.1;0.1;0.2;
2/2/2017 11:27:19 AM;3444;26.3;27.5;26.3;26.2;0.1;0.1;0.1;0.2;
2/2/2017 11:27:20 AM;3445;26.3;27.5;26.3;26.2;0.1;0.1;0.1;0.2;
2/2/2017 11:27:21 AM;3446;26.3;27.5;26.3;26.2;0.1;0.1;0.1;0.2;
2/2/2017 11:27:22 AM;3447;26.3;27.5;26.3;26.2;0.1;0.1;0.1;0.2;
2/2/2017 11:27:23 AM;3448;26.3;27.5;26.3;26.2;0.1;0.1;0.1;0.2;
2/2/2017 11:27:24 AM;3449;26.3;27.5;26.3;26.2;0.1;0.1;0.1;0.2;
2/2/2017 11:27:25 AM;3450;26.3;27.5;26.3;26.2;0.1;0.1;0.1;0.2;
2/2/2017 11:27:26 AM;3451;26.3;27.5;26.3;26.2;0.1;0.1;0.1;0.2;
2/2/2017 11:27:27 AM;3452;26.3;27.5;26.3;26.2;0.1;0.1;0.1;0.2;
2/2/2017 11:27:28 AM;3453;26.3;27.5;26.3;26.2;0.1;0.1;0.1;0.2;
2/2/2017 11:27:29 AM;3454;26.3;27.5;26.3;26.2;0.1;0.1;0.1;0.2;
2/2/2017 11:27:30 AM;3455;26.3;27.5;26.3;26.2;0.1;0.1;0.1;0.2;
2/2/2017 11:27:31 AM;3456;26.3;27.5;26.3;26.2;0.1;0.1;0.1;0.2;
2/2/2017 11:27:32 AM;3457;26.3;27.5;26.3;26.2;0.1;0.1;0.1;0.2;
2/2/2017 11:27:33 AM;3458;26.3;27.5;26.3;26.2;0.1;0.1;0.1;0.2;
2/2/2017 11:27:34 AM;3459;26.3;27.5;26.3;26.2;0.1;0.1;0.1;0.2;
2/2/2017 11:27:35 AM;3460;26.3;27.5;26.3;26.2;0.1;0.1;0.1;0.2;
2/2/2017 11:27:36 AM;3461;26.3;27.5;26.3;26.2;0.1;0.1;0.1;0.2;
2/2/2017 11:27:37 AM;3462;26.3;27.5;26.3;26.2;0.1;0.1;0.1;0.2;
2/2/2017 11:27:38 AM;3463;26.3;27.5;26.3;26.2;0.1;0.1;0.1;0.2;
2/2/2017 11:27:39 AM;3464;26.3;27.5;26.3;26.2;0.1;0.1;0.1;0.2;
2/2/2017 11:27:40 AM;3465;26.3;27.5;26.3;26.2;0.1;0.1;0.1;0.2;
2/2/2017 11:27:41 AM;3466;26.3;27.5;26.3;26.2;0.1;0.1;0.1;0.2;
2/2/2017 11:27:42 AM;3467;26.3;27.5;26.3;26.2;0.1;0.1;0.1;0.2;
2/2/2017 11:27:43 AM;3468;26.3;27.5;26.3;26.2;0.1;0.1;0.1;0.2;
2/2/2017 11:27:44 AM;3469;26.3;27.5;26.3;26.2;0.1;0.1;0.1;0.2;
2/2/2017 11:27:45 AM;3470;26.3;27.5;26.3;26.2;0.1;0.1;0.1;0.2;
2/2/2017 11:27:46 AM;3471;26.3;27.5;26.3;26.2;0.1;0.1;0.1;0.2;
2/2/2017 11:27:47 AM;3472;26.3;27.5;26.3;26.2;0.1;0.1;0.1;0.2;
2/2/2017 11:27:48 AM;3473;26.3;27.5;26.3;26.2;0.1;0.1;0.1;0.2;
2/2/2017 11:27:49 AM;3474;26.3;27.5;26.3;26.2;0.1;0.1;0.1;0.2;
2/2/2017 11:27:50 AM;3475;26.3;27.5;26.3;26.2;0.1;0.1;0.1;0.2;
2/2/2017 11:27:51 AM;3476;26.3;27.5;26.3;26.2;0.1;0.1;0.1;0.2;
2/2/2017 11:27:52 AM;3477;26.3;27.5;26.3;26.2;0.1;0.1;0.1;0.2;
2/2/2017 11:27:53 AM;3478;26.3;27.5;26.3;26.2;0.1;0.1;0.1;0.2;
2/2/2017 11:27:54 AM;3479;26.3;27.5;26.3;26.2;0.1;0.1;0.1;0.2;
2/2/2017 11:27:55 AM;3480;26.3;27.5;26.3;26.2;0.1;0.1;0.1;0.2;
2/2/2017 11:27:56 AM;3481;26.3;27.5;26.3;26.2;0.1;0.1;0.1;0.2;
2/2/2017 11:27:57 AM;3482;26.3;27.5;26.3;26.2;0.1;0.1;0.1;0.2;
2/2/2017 11:27:58 AM;3483;26.3;27.5;26.3;26.2;0.1;0.1;0.1;0.2;
2/2/2017 11:27:59 AM;3484;26.3;27.5;26.3;26.2;0.1;0.1;0.1;0.2;
2/2/2017 11:28:00 AM;3485;26.3;27.5;26.3;26.2;0.1;0.1;0.1;0.2;
2/2/2017 11:28:01 AM;3486;26.3;27.5;26.3;26.2;0.1;0.1;0.1;0.2;
2/2/2017 11:28:02 AM;3487;26.3;27.5;26.3;26.2;0.1;0.1;0.1;0.2;
2/2/2017 11:28:03 AM;3488;26.3;27.5;26.3;26.2;0.1;0.1;0.1;0.2;
2/2/2017 11:28:04 AM;3489;26.3;27.5;26.3;26.2;0.1;0.1;0.1;0.2;
2/2/2017 11:28:05 AM;3490;26.3;27.5;26.3;26.2;0.1;0.1;0.1;0.2;
2/2/2017 11:28:06 AM;3491;26.3;27.5;26.3;26.2;0.1;0.1;0.1;0.2;
2/2/2017 11:28:07 AM;3492;26.3;27.5;26.3;26.2;0.1;0.1;0.1;0.2;
2/2/2017 11:28:08 AM;3493;26.3;27.5;26.3;26.2;0.1;0.1;0.1;0.2;
2/2/2017 11:28:09 AM;3494;26.3;27.5;26.3;26.2;0.1;0.1;0.1;0.2;
2/2/2017 11:28:10 AM;3495;26.3;27.5;26.3;26.2;0.1;0.1;0.1;0.2;
2/2/2017 11:28:11 AM;3496;26.3;27.5;26.3;26.2;0.1;0.1;0.1;0.2;
2/2/2017 11:28:12 AM;3497;26.3;27.5;26.3;26.2;0.1;0.1;0.1;0.2;
2/2/2017 11:28:13 AM;3498;26.3;27.5;26.3;26.2;0.1;0.1;0.1;0.2;
2/2/2017 11:28:14 AM;3499;26.3;27.5;26.3;26.2;0.1;0.1;0.1;0.2;
2/2/2017 11:28:15 AM;3500;26.3;27.5;26.3;26.2;0.1;0.1;0.1;0.2;
2/2/2017 11:28:16 AM;3501;26.3;27.5;26.3;26.2;0.1;0.1;0.1;0.2;
2/2/2017 11:28:17 AM;3502;26.3;27.5;26.3;26.2;0.1;0.1;0.1;0.2;
2/2/2017 11:28:18 AM;3503;26.3;27.5;26.3;26.2;0.1;0.1;0.1;0.2;
2/2/2017 11:28:19 AM;3504;26.3;27.5;26.3;26.2;0.1;0.1;0.1;0.2;
2/2/2017 11:28:20 AM;3505;26.3;27.5;26.3;26.2;0.1;0.1;0.1;0.2;
2/2/2017 11:28:21 AM;3506;26.3;27.5;26.3;26.2;0.1;0.1;0.1;0.2;
2/2/2017 11:28:22 AM;3507;26.3;27.5;26.3;26.2;0.1;0.1;0.1;0.2;
2/2/2017 11:28:23 AM;3508;26.3;27.5;26.3;26.2;0.1;0.1;0.1;0.2;
2/2/2017 11:28:24 AM;3509;26.3;27.5;26.3;26.2;0.1;0.1;0.1;0.2;
2/2/2017 11:28:25 AM;3510;26.3;27.5;26.3;26.2;0.1;0.1;0.1;0.2;
2/2/2017 11:28:26 AM;3511;26.3;27.5;26.3;26.2;0.1;0.1;0.1;0.2;
2/2/2017 11:28:27 AM;3512;26.3;27.5;26.3;26.2;0.1;0.1;0.1;0.2;
2/2/2017 11:28:28 AM;3513;26.3;27.5;26.3;26.2;0.1;0.1;0.1;0.2;
2/2/2017 11:28:29 AM;3514;26.3;27.5;26.3;26.2;0.1;0.1;0.1;0.2;
2/2/2017 11:28:30 AM;3515;26.3;27.5;26.3;26.2;0.1;0.1;0.1;0.2;
2/2/2017 11:28:31 AM;3516;26.3;27.5;26.3;26.2;0.1;0.1;0.1;0.2;
2/2/2017 11:28:32 AM;3517;26.3;27.5;26.3;26.2;0.1;0.1;0.1;0.2;
2/2/2017 11:28:33 AM;3518;26.3;27.5;26.3;26.2;0.1;0.1;0.1;0.2;
2/2/2017 11:28:34 AM;3519;26.3;27.5;26.3;26.2;0.1;0.1;0.1;0.2;
2/2/2017 11:28:35 AM;3520;26.3;27.5;26.3;26.2;0.1;0.1;0.1;0.2;
2/2/2017 11:28:36 AM;3521;26.3;27.5;26.3;26.2;0.1;0.1;0.1;0.2;
2/2/2017 11:28:37 AM;3522;26.3;27.5;26.3;26.2;0.1;0.1;0.1;0.2;
2/2/2017 11:28:38 AM;3523;26.3;27.5;26.3;26.2;0.1;0.1;0.1;0.2;
2/2/2017 11:28:39 AM;3524;26.3;27.5;26.3;26.2;0.1;0.1;0.1;0.2;
2/2/2017 11:28:40 AM;3525;26.3;27.5;26.3;26.2;0.1;0.1;0.1;0.2;
2/2/2017 11:28:41 AM;3526;26.3;27.5;26.3;26.2;0.1;0.1;0.1;0.2;
2/2/2017 11:28:42 AM;3527;26.3;27.5;26.3;26.2;0.1;0.1;0.1;0.2;
2/2/2017 11:28:43 AM;3528;26.3;27.5;26.3;26.2;0.1;0.1;0.1;0.2;
2/2/2017 11:28:44 AM;3529;26.3;27.5;26.3;26.2;0.1;0.1;0.1;0.2;
2/2/2017 11:28:45 AM;3530;26.3;27.5;26.3;26.2;0.1;0.1;0.1;0.2;
2/2/2017 11:28:46 AM;3531;26.3;27.5;26.3;26.2;0.1;0.1;0.1;0.2;
2/2/2017 11:28:47 AM;3532;26.3;27.5;26.3;26.2;0.1;0.1;0.1;0.2;
2/2/2017 11:28:48 AM;3533;26.3;27.5;26.3;26.2;0.1;0.1;0.1;0.2;
2/2/2017 11:28:49 AM;3534;26.3;27.5;26.3;26.2;0.1;0.1;0.1;0.2;
2/2/2017 11:28:50 AM;3535;26.3;27.5;26.3;26.2;0.1;0.1;0.1;0.2;
2/2/2017 11:28:51 AM;3536;26.3;27.5;26.3;26.2;0.1;0.1;0.1;0.2;
2/2/2017 11:28:52 AM;3537;26.3;27.5;26.3;26.2;0.1;0.1;0.1;0.2;
2/2/2017 11:28:53 AM;3538;26.3;27.5;26.3;26.2;0.1;0.1;0.1;0.2;
2/2/2017 11:28:54 AM;3539;26.3;27.5;26.3;26.2;0.1;0.1;0.1;0.2;
2/2/2017 11:28:55 AM;3540;26.3;27.5;26.3;26.2;0.1;0.1;0.1;0.2;
2/2/2017 11:28:56 AM;3541;26.3;27.5;26.3;26.2;0.1;0.1;0.1;0.2;
2/2/2017 11:28:57 AM;3542;26.3;27.5;26.3;26.2;0.1;0.1;0.1;0.2;
2/2/2017 11:28:58 AM;3543;26.3;27.5;26.3;26.2;0.1;0.1;0.1;0.2;
2/2/2017 11:28:59 AM;3544;26.3;27.5;26.3;26.2;0.1;0.1;0.1;0.2;
2/2/2017 11:29:00 AM;3545;26.3;27.5;26.3;26.2;0.1;0.1;0.1;0.2;
2/2/2017 11:29:01 AM;3546;26.3;27.5;26.3;26.2;0.1;0.1;0.1;0.2;
2/2/2017 11:29:02 AM;3547;26.3;27.5;26.3;26.2;0.1;0.1;0.1;0.2;
2/2/2017 11:29:03 AM;3548;26.3;27.5;26.3;26.2;0.1;0.1;0.1;0.2;
2/2/2017 11:29:04 AM;3549;26.3;27.5;26.3;26.2;0.1;0.1;0.1;0.2;
2/2/2017 11:29:05 AM;3550;26.3;27.5;26.3;26.2;0.1;0.1;0.1;0.2;
2/2/2017 11:29:06 AM;3551;26.3;27.5;26.3;26.2;0.1;0.1;0.1;0.2;
2/2/2017 11:29:07 AM;3552;26.3;27.5;26.3;26.2;0.1;0.1;0.1;0.2;
2/2/2017 11:29:08 AM;3553;26.3;27.5;26.3;26.2;0.1;0.1;0.1;0.2;
2/2/2017 11:29:09 AM;3554;26.3;27.5;26.3;26.2;0.1;0.1;0.1;0.2;
2/2/2017 11:29:10 AM;3555;26.3;27.5;26.3;26.2;0.1;0.1;0.1;0.2;
2/2/2017 11:29:11 AM;3556;26.3;27.5;26.3;26.2;0.1;0.1;0.1;0.2;
2/2/2017 11:29:12 AM;3557;26.3;27.5;26.3;26.2;0.1;0.1;0.1;0.2;
2/2/2017 11:29:13 AM;3558;26.3;27.5;26.3;26.2;0.1;0.1;0.1;0.2;
2/2/2017 11:29:14 AM;3559;26.3;27.5;26.3;26.2;0.1;0.1;0.1;0.2;
2/2/2017 11:29:15 AM;3560;26.3;27.5;26.3;26.2;0.1;0.1;0.1;0.2;
2/2/2017 11:29:16 AM;3561;26.3;27.5;26.3;26.2;0.1;0.1;0.1;0.2;
2/2/2017 11:29:17 AM;3562;26.3;27.5;26.3;26.2;0.1;0.1;0.1;0.2;
2/2/2017 11:29:18 AM;3563;26.3;27.5;26.3;26.2;0.1;0.1;0.1;0.2;
2/2/2017 11:29:19 AM;3564;26.3;27.5;26.3;26.2;0.1;0.1;0.1;0.2;
2/2/2017 11:29:20 AM;3565;26.3;27.5;26.3;26.2;0.1;0.1;0.1;0.2;
2/2/2017 11:29:21 AM;3566;26.3;27.5;26.3;26.2;0.1;0.1;0.1;0.2;
2/2/2017 11:29:22 AM;3567;26.3;27.5;26.3;26.2;0.1;0.1;0.1;0.2;
2/2/2017 11:29:23 AM;3568;26.3;27.5;26.3;26.2;0.1;0.1;0.1;0.2;
2/2/2017 11:29:24 AM;3569;26.3;27.5;26.3;26.2;0.1;0.1;0.1;0.2;
2/2/2017 11:29:25 AM;3570;26.3;27.5;26.3;26.2;0.1;0.1;0.1;0.2;
2/2/2017 11:29:26 AM;3571;26.3;27.5;26.3;26.2;0.1;0.1;0.1;0.2;
2/2/2017 11:29:27 AM;3572;26.3;27.5;26.3;26.2;0.1;0.1;0.1;0.2;
2/2/2017 11:29:28 AM;3573;26.3;27.5;26.3;26.2;0.1;0.1;0.1;0.2;
2/2/2017 11:29:29 AM;3574;26.3;27.5;26.3;26.2;0.1;0.1;0.1;0.2;
2/2/2017 11:29:30 AM;3575;26.3;27.5;26.3;26.2;0.1;0.1;0.1;0.2;
2/2/2017 11:29:31 AM;3576;26.3;27.5;26.3;26.2;0.1;0.1;0.1;0.2;
2/2/2017 11:29:32 AM;3577;26.3;27.5;26.3;26.2;0.1;0.1;0.1;0.2;
2/2/2017 11:29:33 AM;3578;26.3;27.5;26.3;26.2;0.1;0.1;0.1;0.2;
2/2/2017 11:29:34 AM;3579;26.3;27.5;26.3;26.2;0.1;0.1;0.1;0.2;
2/2/2017 11:29:35 AM;3580;26.3;27.5;26.3;26.2;0.1;0.1;0.1;0.2;
2/2/2017 11:29:36 AM;3581;26.3;27.5;26.3;26.2;0.1;0.1;0.1;0.2;
2/2/2017 11:29:37 AM;3582;26.3;27.5;26.3;26.2;0.1;0.1;0.1;0.2;
2/2/2017 11:29:38 AM;3583;26.3;27.5;26.3;26.2;0.1;0.1;0.1;0.2;
2/2/2017 11:29:39 AM;3584;26.3;27.5;26.3;26.2;0.1;0.1;0.1;0.2;
2/2/2017 11:29:40 AM;3585;26.3;27.5;26.3;26.2;0.1;0.1;0.1;0.2;
2/2/2017 11:29:41 AM;3586;26.3;27.5;26.3;26.2;0.1;0.1;0.1;0.2;
2/2/2017 11:29:42 AM;3587;26.3;27.5;26.3;26.2;0.1;0.1;0.1;0.2;
2/2/2017 11:29:43 AM;3588;26.3;27.5;26.3;26.2;0.1;0.1;0.1;0.2;
2/2/2017 11:29:44 AM;3589;26.3;27.5;26.3;26.2;0.1;0.1;0.1;0.2;
2/2/2017 11:29:45 AM;3590;26.3;27.5;26.3;26.2;0.1;0.1;0.1;0.2;
2/2/2017 11:29:46 AM;3591;26.3;27.5;26.3;26.2;0.1;0.1;0.1;0.2;
2/2/2017 11:29:47 AM;3592;26.3;27.5;26.3;26.2;0.1;0.1;0.1;0.2;
2/2/2017 11:29:48 AM;3593;26.3;27.5;26.3;26.2;0.1;0.1;0.1;0.2;
2/2/2017 11:29:49 AM;3594;26.3;27.5;26.3;26.2;0.1;0.1;0.1;0.2;
2/2/2017 11:29:50 AM;3595;26.3;27.5;26.3;26.2;0.1;0.1;0.1;0.2;
2/2/2017 11:29:51 AM;3596;26.3;27.5;26.3;26.2;0.1;0.1;0.1;0.2;
2/2/2017 11:29:52 AM;3597;26.3;27.5;26.3;26.2;0.1;0.1;0.1;0.2;
2/2/2017 11:29:53 AM;3598;26.3;27.5;26.3;26.2;0.1;0.1;0.1;0.2;
2/2/2017 11:29:54 AM;3599;26.3;27.5;26.3;26.2;0.1;0.1;0.1;0.2;
2/2/2017 11:29:55 AM;3600;26.3;27.5;26.3;26.2;0.1;0.1;0.1;0.2;
2/2/2017 11:29:56 AM;3601;26.3;27.5;26.3;26.2;0.1;0.1;0.1;0.2;
2/2/2017 11:29:57 AM;3602;26.3;27.5;26.3;26.2;0.1;0.1;0.1;0.2;
2/2/2017 11:29:58 AM;3603;26.3;27.5;26.3;26.2;0.1;0.1;0.1;0.2;
2/2/2017 11:29:59 AM;3604;26.3;27.5;26.3;26.2;0.1;0.1;0.1;0.2;
2/2/2017 11:30:00 AM;3605;26.3;27.5;26.3;26.2;0.1;0.1;0.1;0.2;
2/2/2017 11:30:01 AM;3606;26.3;27.5;26.3;26.2;0.1;0.1;0.1;0.2;
2/2/2017 11:30:02 AM;3607;26.3;27.5;26.3;26.2;0.1;0.1;0.1;0.2;
2/2/2017 11:30:03 AM;3608;26.3;27.5;26.3;26.2;0.1;0.1;0.1;0.2;
2/2/2017 11:30:04 AM;3609;26.3;27.5;26.3;26.2;0.1;0.1;0.1;0.2;
2/2/2017 11:30:05 AM;3610;26.3;27.5;26.3;26.2;0.1;0.1;0.1;0.2;
2/2/2017 11:30:06 AM;3611;26.3;27.5;26.3;26.2;0.1;0.1;0.1;0.2;
2/2/2017 11:30:07 AM;3612;26.3;27.5;26.3;26.2;0.1;0.1;0.1;0.2;
2/2/2017 11:30:08 AM;3613;26.3;27.5;26.3;26.2;0.1;0.1;0.1;0.2;
2/2/2017 11:30:09 AM;3614;26.3;27.5;26.3;26.2;0.1;0.1;0.1;0.2;
2/2/2017 11:30:10 AM;3615;26.3;27.5;26.3;26.2;0.1;0.1;0.1;0.2;
2/2/2017 11:30:11 AM;3616;26.3;27.5;26.3;26.2;0.1;0.1;0.1;0.2;
2/2/2017 11:30:12 AM;3617;26.3;27.5;26.3;26.2;0.1;0.1;0.1;0.2;
2/2/2017 11:30:13 AM;3618;26.3;27.5;26.3;26.2;0.1;0.1;0.1;0.2;
2/2/2017 11:30:14 AM;3619;26.3;27.5;26.3;26.2;0.1;0.1;0.1;0.2;
2/2/2017 11:30:15 AM;3620;26.3;27.5;26.3;26.2;0.1;0.1;0.1;0.2;
2/2/2017 11:30:16 AM;3621;26.3;27.5;26.3;26.2;0.1;0.1;0.1;0.2;
2/2/2017 11:30:17 AM;3622;26.3;27.5;26.3;26.2;0.1;0.1;0.1;0.2;
2/2/2017 11:30:18 AM;3623;26.3;27.5;26.3;26.2;0.1;0.1;0.1;0.2;
2/2/2017 11:30:19 AM;3624;26.3;27.5;26.3;26.2;0.1;0.1;0.1;0.2;
2/2/2017 11:30:20 AM;3625;26.3;27.5;26.3;26.2;0.1;0.1;0.1;0.2;
2/2/2017 11:30:21 AM;3626;26.3;27.5;26.3;26.2;0.1;0.1;0.1;0.2;
2/2/2017 11:30:22 AM;3627;26.3;27.5;26.3;26.2;0.1;0.1;0.1;0.2;
2/2/2017 11:30:23 AM;3628;26.3;27.5;26.3;26.2;0.1;0.1;0.1;0.2;
2/2/2017 11:30:24 AM;3629;26.3;27.5;26.3;26.2;0.1;0.1;0.1;0.2;
2/2/2017 11:30:25 AM;3630;26.3;27.5;26.3;26.2;0.1;0.1;0.1;0.2;
2/2/2017 11:30:26 AM;3631;26.3;27.5;26.3;26.2;0.1;0.1;0.1;0.2;
2/2/2017 11:30:27 AM;3632;26.3;27.5;26.3;26.2;0.1;0.1;0.1;0.2;
2/2/2017 11:30:28 AM;3633;26.3;27.5;26.3;26.2;0.1;0.1;0.1;0.2;
2/2/2017 11:30:29 AM;3634;26.3;27.5;26.3;26.2;0.1;0.1;0.1;0.2;
2/2/2017 11:30:30 AM;3635;26.3;27.5;26.3;26.2;0.1;0.1;0.1;0.2;
2/2/2017 11:30:31 AM;3636;26.3;27.5;26.3;26.2;0.1;0.1;0.1;0.2;
2/2/2017 11:30:32 AM;3637;26.3;27.5;26.3;26.2;0.1;0.1;0.1;0.2;
2/2/2017 11:30:33 AM;3638;26.3;27.5;26.3;26.2;0.1;0.1;0.1;0.2;
2/2/2017 11:30:34 AM;3639;26.3;27.5;26.3;26.2;0.1;0.1;0.1;0.2;
2/2/2017 11:30:35 AM;3640;26.3;27.5;26.3;26.2;0.1;0.1;0.1;0.2;
2/2/2017 11:30:36 AM;3641;26.3;27.5;26.3;26.2;0.1;0.1;0.1;0.2;
2/2/2017 11:30:37 AM;3642;26.3;27.5;26.3;26.2;0.1;0.1;0.1;0.2;
2/2/2017 11:30:38 AM;3643;26.3;27.5;26.3;26.2;0.1;0.1;0.1;0.2;
2/2/2017 11:30:39 AM;3644;26.3;27.5;26.3;26.2;0.1;0.1;0.1;0.2;
2/2/2017 11:30:40 AM;3645;26.3;27.5;26.3;26.2;0.1;0.1;0.1;0.2;
2/2/2017 11:30:41 AM;3646;26.3;27.5;26.3;26.2;0.1;0.1;0.1;0.2;
2/2/2017 11:30:42 AM;3647;26.3;27.5;26.3;26.2;0.1;0.1;0.1;0.2;
2/2/2017 11:30:43 AM;3648;26.3;27.5;26.3;26.2;0.1;0.1;0.1;0.2;
2/2/2017 11:30:44 AM;3649;26.3;27.5;26.3;26.2;0.1;0.1;0.1;0.2;
2/2/2017 11:30:45 AM;3650;26.3;27.5;26.3;26.2;0.1;0.1;0.1;0.2;
2/2/2017 11:30:46 AM;3651;26.3;27.5;26.3;26.2;0.1;0.1;0.1;0.2;
2/2/2017 11:30:47 AM;3652;26.3;27.5;26.3;26.2;0.1;0.1;0.1;0.2;
2/2/2017 11:30:48 AM;3653;26.3;27.5;26.3;26.2;0.1;0.1;0.1;0.2;
2/2/2017 11:30:49 AM;3654;26.3;27.5;26.3;26.2;0.1;0.1;0.1;0.2;
2/2/2017 11:30:50 AM;3655;26.3;27.5;26.3;26.2;0.1;0.1;0.1;0.2;
2/2/2017 11:30:51 AM;3656;26.3;27.5;26.3;26.2;0.1;0.1;0.1;0.2;
2/2/2017 11:30:52 AM;3657;26.3;27.5;26.3;26.2;0.1;0.1;0.1;0.2;
2/2/2017 11:30:53 AM;3658;26.3;27.5;26.3;26.2;0.1;0.1;0.1;0.2;
2/2/2017 11:30:54 AM;3659;26.3;27.5;26.3;26.2;0.1;0.1;0.1;0.2;
2/2/2017 11:30:55 AM;3660;26.3;27.5;26.3;26.2;0.1;0.1;0.1;0.2;
2/2/2017 11:30:56 AM;3661;26.3;27.5;26.3;26.2;0.1;0.1;0.1;0.2;
2/2/2017 11:30:57 AM;3662;26.3;27.5;26.3;26.2;0.1;0.1;0.1;0.2;
2/2/2017 11:30:58 AM;3663;26.3;27.5;26.3;26.2;0.1;0.1;0.1;0.2;
2/2/2017 11:30:59 AM;3664;26.3;27.5;26.3;26.2;0.1;0.1;0.1;0.2;
2/2/2017 11:31:00 AM;3665;26.3;27.5;26.3;26.2;0.1;0.1;0.1;0.2;
2/2/2017 11:31:01 AM;3666;26.3;27.5;26.3;26.2;0.1;0.1;0.1;0.2;
2/2/2017 11:31:02 AM;3667;26.3;27.5;26.3;26.2;0.1;0.1;0.1;0.2;
2/2/2017 11:31:03 AM;3668;26.3;27.5;26.3;26.2;0.1;0.1;0.1;0.2;
2/2/2017 11:31:04 AM;3669;26.3;27.5;26.3;26.2;0.1;0.1;0.1;0.2;
2/2/2017 11:31:05 AM;3670;26.3;27.5;26.3;26.2;0.1;0.1;0.1;0.2;
2/2/2017 11:31:06 AM;3671;26.3;27.5;26.3;26.2;0.1;0.1;0.1;0.2;
2/2/2017 11:31:07 AM;3672;26.3;27.5;26.3;26.2;0.1;0.1;0.1;0.2;
2/2/2017 11:31:08 AM;3673;26.3;27.5;26.3;26.2;0.1;0.1;0.1;0.2;
2/2/2017 11:31:09 AM;3674;26.3;27.5;26.3;26.2;0.1;0.1;0.1;0.2;
2/2/2017 11:31:10 AM;3675;26.3;27.5;26.3;26.2;0.1;0.1;0.1;0.2;
2/2/2017 11:31:11 AM;3676;26.3;27.5;26.3;26.2;0.1;0.1;0.1;0.2;
2/2/2017 11:31:12 AM;3677;26.3;27.5;26.3;26.2;0.1;0.1;0.1;0.2;
2/2/2017 11:31:13 AM;3678;26.3;27.5;26.3;26.2;0.1;0.1;0.1;0.2;
2/2/2017 11:31:14 AM;3679;26.3;27.5;26.3;26.2;0.1;0.1;0.1;0.2;
2/2/2017 11:31:15 AM;3680;26.3;27.5;26.3;26.2;0.1;0.1;0.1;0.2;
2/2/2017 11:31:16 AM;3681;26.3;27.5;26.3;26.2;0.1;0.1;0.1;0.2;
2/2/2017 11:31:17 AM;3682;26.3;27.5;26.3;26.2;0.1;0.1;0.1;0.2;
2/2/2017 11:31:18 AM;3683;26.3;27.5;26.3;26.2;0.1;0.1;0.1;0.2;
2/2/2017 11:31:19 AM;3684;26.3;27.5;26.3;26.2;0.1;0.1;0.1;0.2;
2/2/2017 11:31:20 AM;3685;26.3;27.5;26.3;26.2;0.1;0.1;0.1;0.2;
2/2/2017 11:31:21 AM;3686;26.3;27.5;26.3;26.2;0.1;0.1;0.1;0.2;
2/2/2017 11:31:22 AM;3687;26.3;27.5;26.3;26.2;0.1;0.1;0.1;0.2;
2/2/2017 11:31:23 AM;3688;26.3;27.5;26.3;26.2;0.1;0.1;0.1;0.2;
2/2/2017 11:31:24 AM;3689;26.3;27.5;26.3;26.2;0.1;0.1;0.1;0.2;
2/2/2017 11:31:25 AM;3690;26.3;27.5;26.3;26.2;0.1;0.1;0.1;0.2;
2/2/2017 11:31:26 AM;3691;26.3;27.5;26.3;26.2;0.1;0.1;0.1;0.2;
2/2/2017 11:31:27 AM;3692;26.3;27.5;26.3;26.2;0.1;0.1;0.1;0.2;
2/2/2017 11:31:28 AM;3693;26.3;27.5;26.3;26.2;0.1;0.1;0.1;0.2;
2/2/2017 11:31:29 AM;3694;26.3;27.5;26.3;26.2;0.1;0.1;0.1;0.2;
2/2/2017 11:31:30 AM;3695;26.3;27.5;26.3;26.2;0.1;0.1;0.1;0.2;
2/2/2017 11:31:31 AM;3696;26.3;27.5;26.3;26.2;0.1;0.1;0.1;0.2;
2/2/2017 11:31:32 AM;3697;26.3;27.5;26.3;26.2;0.1;0.1;0.1;0.2;
2/2/2017 11:31:33 AM;3698;26.3;27.5;26.3;26.2;0.1;0.1;0.1;0.2;
2/2/2017 11:31:34 AM;3699;26.3;27.5;26.3;26.2;0.1;0.1;0.1;0.2;
2/2/2017 11:31:35 AM;3700;26.3;27.5;26.3;26.2;0.1;0.1;0.1;0.2;
2/2/2017 11:31:36 AM;3701;26.3;27.5;26.3;26.2;0.1;0.1;0.1;0.2;
2/2/2017 11:31:37 AM;3702;26.3;27.5;26.3;26.2;0.1;0.1;0.1;0.2;
2/2/2017 11:31:38 AM;3703;26.3;27.5;26.3;26.2;0.1;0.1;0.1;0.2;
2/2/2017 11:31:39 AM;3704;26.3;27.5;26.3;26.2;0.1;0.1;0.1;0.2;
2/2/2017 11:31:40 AM;3705;26.3;27.5;26.3;26.2;0.1;0.1;0.1;0.2;
2/2/2017 11:31:41 AM;3706;26.3;27.5;26.3;26.2;0.1;0.1;0.1;0.2;
2/2/2017 11:31:42 AM;3707;26.3;27.5;26.3;26.2;0.1;0.1;0.1;0.2;
2/2/2017 11:31:43 AM;3708;26.3;27.5;26.3;26.2;0.1;0.1;0.1;0.2;
2/2/2017 11:31:44 AM;3709;26.3;27.5;26.3;26.2;0.1;0.1;0.1;0.2;
2/2/2017 11:31:45 AM;3710;26.3;27.5;26.3;26.2;0.1;0.1;0.1;0.2;
2/2/2017 11:31:46 AM;3711;26.3;27.5;26.3;26.2;0.1;0.1;0.1;0.2;
2/2/2017 11:31:47 AM;3712;26.3;27.5;26.3;26.2;0.1;0.1;0.1;0.2;
2/2/2017 11:31:48 AM;3713;26.3;27.5;26.3;26.2;0.1;0.1;0.1;0.2;
2/2/2017 11:31:49 AM;3714;26.3;27.5;26.3;26.2;0.1;0.1;0.1;0.2;
2/2/2017 11:31:50 AM;3715;26.3;27.5;26.3;26.2;0.1;0.1;0.1;0.2;
2/2/2017 11:31:51 AM;3716;26.3;27.5;26.3;26.2;0.1;0.1;0.1;0.2;
2/2/2017 11:31:52 AM;3717;26.3;27.5;26.3;26.2;0.1;0.1;0.1;0.2;
2/2/2017 11:31:53 AM;3718;26.3;27.5;26.3;26.2;0.1;0.1;0.1;0.2;
2/2/2017 11:31:54 AM;3719;26.3;27.5;26.3;26.2;0.1;0.1;0.1;0.2;
2/2/2017 11:31:55 AM;3720;26.3;27.5;26.3;26.2;0.1;0.1;0.1;0.2;
2/2/2017 11:31:56 AM;3721;26.3;27.5;26.3;26.2;0.1;0.1;0.1;0.2;
2/2/2017 11:31:57 AM;3722;26.3;27.5;26.3;26.2;0.1;0.1;0.1;0.2;
2/2/2017 11:31:58 AM;3723;26.3;27.5;26.3;26.2;0.1;0.1;0.1;0.2;
2/2/2017 11:31:59 AM;3724;26.3;27.5;26.3;26.2;0.1;0.1;0.1;0.2;
2/2/2017 11:32:00 AM;3725;26.3;27.5;26.3;26.2;0.1;0.1;0.1;0.2;
2/2/2017 11:32:01 AM;3726;26.3;27.5;26.3;26.2;0.1;0.1;0.1;0.2;
2/2/2017 11:32:02 AM;3727;26.3;27.5;26.3;26.2;0.1;0.1;0.1;0.2;
2/2/2017 11:32:03 AM;3728;26.3;27.5;26.3;26.2;0.1;0.1;0.1;0.2;
2/2/2017 11:32:04 AM;3729;26.3;27.5;26.3;26.2;0.1;0.1;0.1;0.2;
2/2/2017 11:32:05 AM;3730;26.3;27.5;26.3;26.2;0.1;0.1;0.1;0.2;
2/2/2017 11:32:06 AM;3731;26.3;27.5;26.3;26.2;0.1;0.1;0.1;0.2;
2/2/2017 11:32:07 AM;3732;26.3;27.5;26.3;26.2;0.1;0.1;0.1;0.2;
2/2/2017 11:32:08 AM;3733;26.3;27.5;26.3;26.2;0.1;0.1;0.1;0.2;
2/2/2017 11:32:09 AM;3734;26.3;27.5;26.3;26.2;0.1;0.1;0.1;0.2;
2/2/2017 11:32:10 AM;3735;26.3;27.5;26.3;26.2;0.1;0.1;0.1;0.2;
2/2/2017 11:32:11 AM;3736;26.3;27.5;26.3;26.2;0.1;0.1;0.1;0.2;
2/2/2017 11:32:12 AM;3737;26.3;27.5;26.3;26.2;0.1;0.1;0.1;0.2;
2/2/2017 11:32:13 AM;3738;26.3;27.5;26.3;26.2;0.1;0.1;0.1;0.2;
2/2/2017 11:32:14 AM;3739;26.3;27.5;26.3;26.2;0.1;0.1;0.1;0.2;
2/2/2017 11:32:15 AM;3740;26.3;27.5;26.3;26.2;0.1;0.1;0.1;0.2;
2/2/2017 11:32:16 AM;3741;26.3;27.5;26.3;26.2;0.1;0.1;0.1;0.2;
2/2/2017 11:32:17 AM;3742;26.3;27.5;26.3;26.2;0.1;0.1;0.1;0.2;
2/2/2017 11:32:18 AM;3743;26.3;27.5;26.3;26.2;0.1;0.1;0.1;0.2;
2/2/2017 11:32:19 AM;3744;26.3;27.5;26.3;26.2;0.1;0.1;0.1;0.2;
2/2/2017 11:32:20 AM;3745;26.3;27.5;26.3;26.2;0.1;0.1;0.1;0.2;
2/2/2017 11:32:21 AM;3746;26.3;27.5;26.3;26.2;0.1;0.1;0.1;0.2;
2/2/2017 11:32:22 AM;3747;26.3;27.5;26.3;26.2;0.1;0.1;0.1;0.2;
2/2/2017 11:32:23 AM;3748;26.3;27.5;26.3;26.2;0.1;0.1;0.1;0.2;
2/2/2017 11:32:24 AM;3749;26.3;27.5;26.3;26.2;0.1;0.1;0.1;0.2;
2/2/2017 11:32:25 AM;3750;26.3;27.5;26.3;26.2;0.1;0.1;0.1;0.2;
2/2/2017 11:32:26 AM;3751;26.3;27.5;26.3;26.2;0.1;0.1;0.1;0.2;
2/2/2017 11:32:27 AM;3752;26.3;27.5;26.3;26.2;0.1;0.1;0.1;0.2;
2/2/2017 11:32:28 AM;3753;26.3;27.5;26.3;26.2;0.1;0.1;0.1;0.2;
2/2/2017 11:32:29 AM;3754;26.3;27.5;26.3;26.2;0.1;0.1;0.1;0.2;
2/2/2017 11:32:30 AM;3755;26.3;27.5;26.3;26.2;0.1;0.1;0.1;0.2;
2/2/2017 11:32:31 AM;3756;26.3;27.5;26.3;26.2;0.1;0.1;0.1;0.2;
2/2/2017 11:32:32 AM;3757;26.3;27.5;26.3;26.2;0.1;0.1;0.1;0.2;
2/2/2017 11:32:33 AM;3758;26.3;27.5;26.3;26.2;0.1;0.1;0.1;0.2;
2/2/2017 11:32:34 AM;3759;26.3;27.5;26.3;26.2;0.1;0.1;0.1;0.2;
2/2/2017 11:32:35 AM;3760;26.3;27.5;26.3;26.2;0.1;0.1;0.1;0.2;
2/2/2017 11:32:36 AM;3761;26.3;27.5;26.3;26.2;0.1;0.1;0.1;0.2;
2/2/2017 11:32:37 AM;3762;26.3;27.5;26.3;26.2;0.1;0.1;0.1;0.2;
2/2/2017 11:32:38 AM;3763;26.3;27.5;26.3;26.2;0.1;0.1;0.1;0.2;
2/2/2017 11:32:39 AM;3764;26.3;27.5;26.3;26.2;0.1;0.1;0.1;0.2;
2/2/2017 11:32:40 AM;3765;26.3;27.5;26.3;26.2;0.1;0.1;0.1;0.2;
2/2/2017 11:32:41 AM;3766;26.3;27.5;26.3;26.2;0.1;0.1;0.1;0.2;
2/2/2017 11:32:42 AM;3767;26.3;27.5;26.3;26.2;0.1;0.1;0.1;0.2;
2/2/2017 11:32:43 AM;3768;26.3;27.5;26.3;26.2;0.1;0.1;0.1;0.2;
2/2/2017 11:32:44 AM;3769;26.3;27.5;26.3;26.2;0.1;0.1;0.1;0.2;
2/2/2017 11:32:45 AM;3770;26.3;27.5;26.3;26.2;0.1;0.1;0.1;0.2;
2/2/2017 11:32:46 AM;3771;26.3;27.5;26.3;26.2;0.1;0.1;0.1;0.2;
2/2/2017 11:32:47 AM;3772;26.3;27.5;26.3;26.2;0.1;0.1;0.1;0.2;
2/2/2017 11:32:48 AM;3773;26.3;27.5;26.3;26.2;0.1;0.1;0.1;0.2;
2/2/2017 11:32:49 AM;3774;26.3;27.5;26.3;26.2;0.1;0.1;0.1;0.2;
2/2/2017 11:32:50 AM;3775;26.3;27.5;26.3;26.2;0.1;0.1;0.1;0.2;
2/2/2017 11:32:51 AM;3776;26.3;27.5;26.3;26.2;0.1;0.1;0.1;0.2;
2/2/2017 11:32:52 AM;3777;26.3;27.5;26.3;26.2;0.1;0.1;0.1;0.2;
2/2/2017 11:32:53 AM;3778;26.3;27.5;26.3;26.2;0.1;0.1;0.1;0.2;
2/2/2017 11:32:54 AM;3779;26.3;27.5;26.3;26.2;0.1;0.1;0.1;0.2;
2/2/2017 11:32:55 AM;3780;26.3;27.5;26.3;26.2;0.1;0.1;0.1;0.2;
2/2/2017 11:32:56 AM;3781;26.3;27.5;26.3;26.2;0.1;0.1;0.1;0.2;
2/2/2017 11:32:57 AM;3782;26.3;27.5;26.3;26.2;0.1;0.1;0.1;0.2;
2/2/2017 11:32:58 AM;3783;26.3;27.5;26.3;26.2;0.1;0.1;0.1;0.2;
2/2/2017 11:32:59 AM;3784;26.3;27.5;26.3;26.2;0.1;0.1;0.1;0.2;
2/2/2017 11:33:00 AM;3785;26.3;27.5;26.3;26.2;0.1;0.1;0.1;0.2;
2/2/2017 11:33:01 AM;3786;26.3;27.5;26.3;26.2;0.1;0.1;0.1;0.2;
2/2/2017 11:33:02 AM;3787;26.3;27.5;26.3;26.2;0.1;0.1;0.1;0.2;
2/2/2017 11:33:03 AM;3788;26.3;27.5;26.3;26.2;0.1;0.1;0.1;0.2;
2/2/2017 11:33:04 AM;3789;26.3;27.5;26.3;26.2;0.1;0.1;0.1;0.2;
2/2/2017 11:33:05 AM;3790;26.3;27.5;26.3;26.2;0.1;0.1;0.1;0.2;
2/2/2017 11:33:06 AM;3791;26.3;27.5;26.3;26.2;0.1;0.1;0.1;0.2;
2/2/2017 11:33:07 AM;3792;26.3;27.5;26.3;26.2;0.1;0.1;0.1;0.2;
2/2/2017 11:33:08 AM;3793;26.3;27.5;26.3;26.2;0.1;0.1;0.1;0.2;
2/2/2017 11:33:09 AM;3794;26.3;27.5;26.3;26.2;0.1;0.1;0.1;0.2;
2/2/2017 11:33:10 AM;3795;26.3;27.5;26.3;26.2;0.1;0.1;0.1;0.2;
2/2/2017 11:33:11 AM;3796;26.3;27.5;26.3;26.2;0.1;0.1;0.1;0.2;
2/2/2017 11:33:12 AM;3797;26.3;27.5;26.3;26.2;0.1;0.1;0.1;0.2;
2/2/2017 11:33:13 AM;3798;26.3;27.5;26.3;26.2;0.1;0.1;0.1;0.2;
