Meas Point;Vol.;Conc.;Cond. I;Temp. I;Cond. J;Temp. J;
;ml;mg/l;µS/cm;°C;µS/cm;°C;
0;500.0;0.00;37.5;0.2;36.3;0.2;
1;500.5;19.98;81.8;0.2;80.3;0.2;
2;501.0;39.92;127.3;0.2;125.8;0.2;
3;501.5;59.82;170.5;0.2;169.2;0.2;

Date/Time;Meas Point;Cond. I;Cond. J;Temp. I;Temp. J;
10/29/2019 3:47:39 PM;0;15.8;19.4;0.2;0.2;
10/29/2019 3:47:40 PM;1;15.8;19.4;0.2;0.2;
10/29/2019 3:47:41 PM;2;15.8;19.4;0.2;0.2;
10/29/2019 3:47:42 PM;3;15.9;19.4;0.2;0.2;
10/29/2019 3:47:43 PM;4;16.0;19.4;0.2;0.2;
10/29/2019 3:47:44 PM;5;16.2;19.4;0.2;0.2;
10/29/2019 3:47:45 PM;6;16.3;19.4;0.2;0.2;
10/29/2019 3:47:46 PM;7;16.4;19.4;0.2;0.2;
10/29/2019 3:47:47 PM;8;16.5;19.4;0.2;0.2;
10/29/2019 3:47:48 PM;9;16.5;19.5;0.2;0.2;
10/29/2019 3:47:49 PM;10;16.6;19.5;0.2;0.2;
10/29/2019 3:47:50 PM;11;16.6;19.6;0.2;0.2;
10/29/2019 3:47:51 PM;12;16.6;19.6;0.2;0.2;
10/29/2019 3:47:52 PM;13;16.6;19.6;0.2;0.2;
10/29/2019 3:47:53 PM;14;16.6;19.6;0.2;0.2;
10/29/2019 3:47:54 PM;15;16.6;19.6;0.2;0.2;
10/29/2019 3:47:55 PM;16;16.6;19.6;0.2;0.2;
10/29/2019 3:47:56 PM;17;16.6;19.7;0.2;0.2;
10/29/2019 3:47:57 PM;18;16.5;19.7;0.2;0.2;
10/29/2019 3:47:58 PM;19;16.5;19.8;0.2;0.2;
10/29/2019 3:47:59 PM;20;16.5;19.8;0.2;0.2;
10/29/2019 3:48:00 PM;21;16.5;19.8;0.2;0.2;
10/29/2019 3:48:01 PM;22;16.4;19.8;0.2;0.2;
10/29/2019 3:48:02 PM;23;16.3;19.8;0.2;0.2;
10/29/2019 3:48:03 PM;24;16.2;19.8;0.2;0.2;
10/29/2019 3:48:04 PM;25;16.0;19.8;0.2;0.2;
10/29/2019 3:48:05 PM;26;15.9;19.8;0.2;0.2;
10/29/2019 3:48:06 PM;27;15.9;19.8;0.2;0.2;
10/29/2019 3:48:07 PM;28;15.9;19.9;0.2;0.2;
10/29/2019 3:48:08 PM;29;15.9;19.9;0.2;0.2;
10/29/2019 3:48:09 PM;30;16.0;20.0;0.2;0.2;
10/29/2019 3:48:10 PM;31;16.0;20.0;0.2;0.2;
10/29/2019 3:48:11 PM;32;16.1;20.0;0.2;0.2;
10/29/2019 3:48:12 PM;33;16.2;20.0;0.2;0.2;
10/29/2019 3:48:13 PM;34;16.3;20.0;0.2;0.2;
10/29/2019 3:48:14 PM;35;16.3;20.0;0.2;0.2;
10/29/2019 3:48:15 PM;36;16.2;20.0;0.2;0.2;
10/29/2019 3:48:16 PM;37;16.2;20.1;0.2;0.2;
10/29/2019 3:48:17 PM;38;16.2;20.1;0.2;0.2;
10/29/2019 3:48:18 PM;39;16.2;20.2;0.2;0.2;
10/29/2019 3:48:19 PM;40;16.3;20.2;0.2;0.2;
10/29/2019 3:48:20 PM;41;16.3;20.2;0.2;0.2;
10/29/2019 3:48:21 PM;42;16.4;20.3;0.2;0.2;
10/29/2019 3:48:22 PM;43;16.4;20.3;0.2;0.2;
10/29/2019 3:48:23 PM;44;16.4;20.4;0.2;0.2;
10/29/2019 3:48:24 PM;45;16.5;20.4;0.2;0.2;
10/29/2019 3:48:25 PM;46;16.5;20.4;0.2;0.2;
10/29/2019 3:48:26 PM;47;16.6;20.4;0.2;0.2;
10/29/2019 3:48:27 PM;48;16.7;20.4;0.2;0.2;
10/29/2019 3:48:28 PM;49;16.7;20.4;0.2;0.2;
10/29/2019 3:48:29 PM;50;16.8;20.4;0.2;0.2;
10/29/2019 3:48:30 PM;51;16.9;20.4;0.2;0.2;
10/29/2019 3:48:31 PM;52;17.0;20.4;0.2;0.2;
10/29/2019 3:48:32 PM;53;17.1;20.5;0.2;0.2;
10/29/2019 3:48:33 PM;54;17.1;20.5;0.2;0.2;
10/29/2019 3:48:34 PM;55;17.2;20.6;0.2;0.2;
10/29/2019 3:48:35 PM;56;17.2;20.6;0.2;0.2;
10/29/2019 3:48:36 PM;57;17.3;20.6;0.2;0.2;
10/29/2019 3:48:37 PM;58;17.3;20.6;0.2;0.2;
10/29/2019 3:48:38 PM;59;17.3;20.6;0.2;0.2;
10/29/2019 3:48:39 PM;60;17.4;20.6;0.2;0.2;
10/29/2019 3:48:40 PM;61;17.4;20.6;0.2;0.2;
10/29/2019 3:48:41 PM;62;17.5;20.6;0.2;0.2;
10/29/2019 3:48:42 PM;63;17.5;20.6;0.2;0.2;
10/29/2019 3:48:43 PM;64;17.5;20.7;0.2;0.2;
10/29/2019 3:48:44 PM;65;17.5;20.7;0.2;0.2;
10/29/2019 3:48:45 PM;66;17.5;20.8;0.2;0.2;
10/29/2019 3:48:46 PM;67;17.6;20.8;0.2;0.2;
10/29/2019 3:48:47 PM;68;17.6;20.7;0.2;0.2;
10/29/2019 3:48:48 PM;69;17.7;20.7;0.2;0.2;
10/29/2019 3:48:49 PM;70;17.7;20.7;0.2;0.2;
10/29/2019 3:48:50 PM;71;17.8;20.7;0.2;0.2;
10/29/2019 3:48:51 PM;72;17.8;20.7;0.2;0.2;
10/29/2019 3:48:52 PM;73;17.9;20.8;0.2;0.2;
10/29/2019 3:48:53 PM;74;17.9;20.7;0.2;0.2;
10/29/2019 3:48:54 PM;75;17.9;20.8;0.2;0.2;
10/29/2019 3:48:55 PM;76;17.9;20.8;0.2;0.2;
10/29/2019 3:48:56 PM;77;17.9;20.8;0.2;0.2;
10/29/2019 3:48:57 PM;78;17.9;20.8;0.2;0.2;
10/29/2019 3:48:58 PM;79;18.0;20.9;0.2;0.2;
10/29/2019 3:48:59 PM;80;18.1;20.9;0.2;0.2;
10/29/2019 3:49:00 PM;81;18.1;20.9;0.2;0.2;
10/29/2019 3:49:01 PM;82;18.2;20.9;0.2;0.2;
10/29/2019 3:49:02 PM;83;18.2;20.9;0.2;0.2;
10/29/2019 3:49:03 PM;84;18.3;21.0;0.2;0.2;
10/29/2019 3:49:04 PM;85;18.4;21.0;0.2;0.2;
10/29/2019 3:49:05 PM;86;18.5;21.1;0.2;0.2;
10/29/2019 3:49:06 PM;87;18.5;21.1;0.2;0.2;
10/29/2019 3:49:07 PM;88;18.6;21.1;0.2;0.2;
10/29/2019 3:49:08 PM;89;18.7;21.1;0.2;0.2;
10/29/2019 3:49:09 PM;90;18.7;21.1;0.2;0.2;
10/29/2019 3:49:10 PM;91;18.7;21.1;0.2;0.2;
10/29/2019 3:49:11 PM;92;18.7;21.1;0.2;0.2;
10/29/2019 3:49:12 PM;93;18.8;21.1;0.2;0.2;
10/29/2019 3:49:13 PM;94;18.8;21.1;0.2;0.2;
10/29/2019 3:49:14 PM;95;18.9;21.1;0.2;0.2;
10/29/2019 3:49:15 PM;96;18.9;21.1;0.2;0.2;
10/29/2019 3:49:16 PM;97;19.0;21.1;0.2;0.2;
10/29/2019 3:49:17 PM;98;19.0;21.2;0.2;0.2;
10/29/2019 3:49:18 PM;99;19.0;21.2;0.2;0.2;
10/29/2019 3:49:19 PM;100;19.1;21.3;0.2;0.2;
10/29/2019 3:49:20 PM;101;19.1;21.3;0.2;0.2;
10/29/2019 3:49:21 PM;102;19.2;21.3;0.2;0.2;
10/29/2019 3:49:22 PM;103;19.2;21.3;0.2;0.2;
10/29/2019 3:49:23 PM;104;19.3;21.3;0.2;0.2;
10/29/2019 3:49:24 PM;105;19.4;21.3;0.2;0.2;
10/29/2019 3:49:25 PM;106;19.5;21.3;0.2;0.2;
10/29/2019 3:49:26 PM;107;19.6;21.4;0.2;0.2;
10/29/2019 3:49:27 PM;108;19.7;21.4;0.2;0.2;
10/29/2019 3:49:28 PM;109;19.8;21.5;0.2;0.2;
10/29/2019 3:49:29 PM;110;19.9;21.5;0.2;0.2;
10/29/2019 3:49:30 PM;111;19.9;21.5;0.2;0.2;
10/29/2019 3:49:31 PM;112;20.0;21.6;0.2;0.2;
10/29/2019 3:49:32 PM;113;20.0;21.6;0.2;0.2;
10/29/2019 3:49:33 PM;114;20.0;21.7;0.2;0.2;
10/29/2019 3:49:34 PM;115;20.0;21.7;0.2;0.2;
10/29/2019 3:49:35 PM;116;20.0;21.7;0.2;0.2;
10/29/2019 3:49:36 PM;117;20.0;21.8;0.2;0.2;
10/29/2019 3:49:37 PM;118;20.1;21.8;0.2;0.2;
10/29/2019 3:49:38 PM;119;20.1;21.9;0.2;0.2;
10/29/2019 3:49:39 PM;120;20.2;21.9;0.2;0.2;
10/29/2019 3:49:40 PM;121;20.2;21.9;0.2;0.2;
10/29/2019 3:49:41 PM;122;20.2;21.9;0.2;0.2;
10/29/2019 3:49:42 PM;123;20.2;21.9;0.2;0.2;
10/29/2019 3:49:43 PM;124;20.2;21.9;0.2;0.2;
10/29/2019 3:49:44 PM;125;20.2;21.9;0.2;0.2;
10/29/2019 3:49:45 PM;126;20.3;21.9;0.2;0.2;
10/29/2019 3:49:46 PM;127;20.3;21.9;0.2;0.2;
10/29/2019 3:49:47 PM;128;20.4;21.9;0.2;0.2;
10/29/2019 3:49:48 PM;129;20.4;22.0;0.2;0.2;
10/29/2019 3:49:49 PM;130;20.4;22.0;0.2;0.2;
10/29/2019 3:49:50 PM;131;20.4;22.1;0.2;0.2;
10/29/2019 3:49:51 PM;132;20.4;22.1;0.2;0.2;
10/29/2019 3:49:52 PM;133;20.4;22.1;0.2;0.2;
10/29/2019 3:49:53 PM;134;20.4;22.1;0.2;0.2;
10/29/2019 3:49:54 PM;135;20.4;22.1;0.2;0.2;
10/29/2019 3:49:55 PM;136;20.4;22.1;0.2;0.2;
10/29/2019 3:49:56 PM;137;20.5;22.1;0.2;0.2;
10/29/2019 3:49:57 PM;138;20.5;22.1;0.2;0.2;
10/29/2019 3:49:58 PM;139;20.6;22.2;0.2;0.2;
10/29/2019 3:49:59 PM;140;20.6;22.2;0.2;0.2;
10/29/2019 3:50:00 PM;141;20.6;22.3;0.2;0.2;
10/29/2019 3:50:01 PM;142;20.6;22.3;0.2;0.2;
10/29/2019 3:50:02 PM;143;20.5;22.3;0.2;0.2;
10/29/2019 3:50:03 PM;144;20.4;22.3;0.2;0.2;
10/29/2019 3:50:04 PM;145;20.3;22.3;0.2;0.2;
10/29/2019 3:50:05 PM;146;20.2;22.3;0.2;0.2;
10/29/2019 3:50:06 PM;147;20.1;22.3;0.2;0.2;
10/29/2019 3:50:07 PM;148;20.2;22.3;0.2;0.2;
10/29/2019 3:50:08 PM;149;20.2;22.3;0.2;0.2;
10/29/2019 3:50:09 PM;150;20.2;22.3;0.2;0.2;
10/29/2019 3:50:10 PM;151;20.2;22.3;0.2;0.2;
10/29/2019 3:50:11 PM;152;20.2;22.3;0.2;0.2;
10/29/2019 3:50:12 PM;153;20.2;22.3;0.2;0.2;
10/29/2019 3:50:13 PM;154;20.2;22.3;0.2;0.2;
10/29/2019 3:50:14 PM;155;20.3;22.3;0.2;0.2;
10/29/2019 3:50:15 PM;156;20.3;22.4;0.2;0.2;
10/29/2019 3:50:16 PM;157;20.3;22.4;0.2;0.2;
10/29/2019 3:50:17 PM;158;20.3;22.5;0.2;0.2;
10/29/2019 3:50:18 PM;159;20.4;22.5;0.2;0.2;
10/29/2019 3:50:19 PM;160;20.4;22.5;0.2;0.2;
10/29/2019 3:50:20 PM;161;20.4;22.5;0.2;0.2;
10/29/2019 3:50:21 PM;162;20.4;22.5;0.2;0.2;
10/29/2019 3:50:22 PM;163;20.4;22.5;0.2;0.2;
10/29/2019 3:50:23 PM;164;20.4;22.5;0.2;0.2;
10/29/2019 3:50:24 PM;165;20.4;22.5;0.2;0.2;
10/29/2019 3:50:25 PM;166;20.4;22.5;0.2;0.2;
10/29/2019 3:50:26 PM;167;20.4;22.6;0.2;0.2;
10/29/2019 3:50:27 PM;168;20.4;22.6;0.2;0.2;
10/29/2019 3:50:28 PM;169;20.4;22.7;0.2;0.2;
10/29/2019 3:50:29 PM;170;20.4;22.7;0.2;0.2;
10/29/2019 3:50:30 PM;171;20.4;22.7;0.2;0.2;
10/29/2019 3:50:31 PM;172;20.4;22.7;0.2;0.2;
10/29/2019 3:50:32 PM;173;20.4;22.7;0.2;0.2;
10/29/2019 3:50:33 PM;174;20.4;22.7;0.2;0.2;
10/29/2019 3:50:34 PM;175;20.5;22.7;0.2;0.2;
10/29/2019 3:50:35 PM;176;20.5;22.7;0.2;0.2;
10/29/2019 3:50:36 PM;177;20.6;22.7;0.2;0.2;
10/29/2019 3:50:37 PM;178;20.6;22.8;0.2;0.2;
10/29/2019 3:50:38 PM;179;20.6;22.8;0.2;0.2;
10/29/2019 3:50:39 PM;180;20.6;22.8;0.2;0.2;
10/29/2019 3:50:40 PM;181;20.6;22.8;0.2;0.2;
10/29/2019 3:50:41 PM;182;20.6;22.8;0.2;0.2;
10/29/2019 3:50:42 PM;183;20.6;22.8;0.2;0.2;
10/29/2019 3:50:43 PM;184;20.6;22.8;0.2;0.2;
10/29/2019 3:50:44 PM;185;20.7;22.8;0.2;0.2;
10/29/2019 3:50:45 PM;186;20.7;22.9;0.2;0.2;
10/29/2019 3:50:46 PM;187;20.8;22.9;0.2;0.2;
10/29/2019 3:50:47 PM;188;20.8;22.9;0.2;0.2;
10/29/2019 3:50:48 PM;189;20.8;23.0;0.2;0.2;
10/29/2019 3:50:49 PM;190;20.8;23.0;0.2;0.2;
10/29/2019 3:50:50 PM;191;20.8;23.0;0.2;0.2;
10/29/2019 3:50:51 PM;192;20.8;23.0;0.2;0.2;
10/29/2019 3:50:52 PM;193;20.8;23.0;0.2;0.2;
10/29/2019 3:50:53 PM;194;20.8;23.0;0.2;0.2;
10/29/2019 3:50:54 PM;195;20.8;23.0;0.2;0.2;
10/29/2019 3:50:55 PM;196;20.8;23.0;0.2;0.2;
10/29/2019 3:50:56 PM;197;20.8;23.0;0.2;0.2;
10/29/2019 3:50:57 PM;198;20.8;23.0;0.2;0.2;
10/29/2019 3:50:58 PM;199;20.9;23.0;0.2;0.2;
10/29/2019 3:50:59 PM;200;20.9;23.0;0.2;0.2;
10/29/2019 3:51:00 PM;201;20.8;23.0;0.2;0.2;
10/29/2019 3:51:01 PM;202;20.8;23.0;0.2;0.2;
10/29/2019 3:51:02 PM;203;20.7;23.0;0.2;0.2;
10/29/2019 3:51:03 PM;204;20.7;23.0;0.2;0.2;
10/29/2019 3:51:04 PM;205;20.6;23.1;0.2;0.2;
10/29/2019 3:51:05 PM;206;20.7;23.1;0.2;0.2;
10/29/2019 3:51:06 PM;207;20.7;23.1;0.2;0.2;
10/29/2019 3:51:07 PM;208;20.7;23.2;0.2;0.2;
10/29/2019 3:51:08 PM;209;20.7;23.2;0.2;0.2;
10/29/2019 3:51:09 PM;210;20.7;23.2;0.2;0.2;
10/29/2019 3:51:10 PM;211;20.7;23.2;0.2;0.2;
10/29/2019 3:51:11 PM;212;20.7;23.2;0.2;0.2;
10/29/2019 3:51:12 PM;213;20.8;23.2;0.2;0.2;
10/29/2019 3:51:13 PM;214;20.9;23.2;0.2;0.2;
10/29/2019 3:51:14 PM;215;20.9;23.2;0.2;0.2;
10/29/2019 3:51:15 PM;216;21.0;23.2;0.2;0.2;
10/29/2019 3:51:16 PM;217;21.1;23.2;0.2;0.2;
10/29/2019 3:51:17 PM;218;21.3;23.2;0.2;0.2;
10/29/2019 3:51:18 PM;219;21.5;23.2;0.2;0.2;
10/29/2019 3:51:19 PM;220;21.7;23.3;0.2;0.2;
10/29/2019 3:51:20 PM;221;21.8;23.3;0.2;0.2;
10/29/2019 3:51:21 PM;222;22.0;23.4;0.2;0.2;
10/29/2019 3:51:22 PM;223;22.0;23.4;0.2;0.2;
10/29/2019 3:51:23 PM;224;22.0;23.4;0.2;0.2;
10/29/2019 3:51:24 PM;225;22.0;23.4;0.2;0.2;
10/29/2019 3:51:25 PM;226;22.1;23.4;0.2;0.2;
10/29/2019 3:51:26 PM;227;22.1;23.4;0.2;0.2;
10/29/2019 3:51:27 PM;228;22.1;23.4;0.2;0.2;
10/29/2019 3:51:28 PM;229;22.1;23.4;0.2;0.2;
10/29/2019 3:51:29 PM;230;22.1;23.4;0.2;0.2;
10/29/2019 3:51:30 PM;231;22.1;23.4;0.2;0.2;
10/29/2019 3:51:31 PM;232;22.1;23.4;0.2;0.2;
10/29/2019 3:51:32 PM;233;22.2;23.4;0.2;0.2;
10/29/2019 3:51:33 PM;234;22.2;23.4;0.2;0.2;
10/29/2019 3:51:34 PM;235;22.3;23.4;0.2;0.2;
10/29/2019 3:51:35 PM;236;22.3;23.4;0.2;0.2;
10/29/2019 3:51:36 PM;237;22.3;23.4;0.2;0.2;
10/29/2019 3:51:37 PM;238;22.3;23.4;0.2;0.2;
10/29/2019 3:51:38 PM;239;22.3;23.4;0.2;0.2;
10/29/2019 3:51:39 PM;240;22.3;23.4;0.2;0.2;
10/29/2019 3:51:40 PM;241;22.3;23.5;0.2;0.2;
10/29/2019 3:51:41 PM;242;22.3;23.5;0.2;0.2;
10/29/2019 3:51:42 PM;243;22.3;23.6;0.2;0.2;
10/29/2019 3:51:43 PM;244;22.3;23.6;0.2;0.2;
10/29/2019 3:51:44 PM;245;22.3;23.6;0.2;0.2;
10/29/2019 3:51:45 PM;246;22.3;23.6;0.2;0.2;
10/29/2019 3:51:46 PM;247;22.3;23.6;0.2;0.2;
10/29/2019 3:51:47 PM;248;22.4;23.6;0.2;0.2;
10/29/2019 3:51:48 PM;249;22.4;23.6;0.2;0.2;
10/29/2019 3:51:49 PM;250;22.4;23.6;0.2;0.2;
10/29/2019 3:51:50 PM;251;22.4;23.6;0.2;0.2;
10/29/2019 3:51:51 PM;252;22.4;23.6;0.2;0.2;
10/29/2019 3:51:52 PM;253;22.4;23.6;0.2;0.2;
10/29/2019 3:51:53 PM;254;22.4;23.6;0.2;0.2;
10/29/2019 3:51:54 PM;255;22.4;23.6;0.2;0.2;
10/29/2019 3:51:55 PM;256;22.4;23.6;0.2;0.2;
10/29/2019 3:51:56 PM;257;22.5;23.6;0.2;0.2;
10/29/2019 3:51:57 PM;258;22.5;23.7;0.2;0.2;
10/29/2019 3:51:58 PM;259;22.5;23.7;0.2;0.2;
10/29/2019 3:51:59 PM;260;22.5;23.8;0.2;0.2;
10/29/2019 3:52:00 PM;261;22.5;23.8;0.2;0.2;
10/29/2019 3:52:01 PM;262;22.5;23.8;0.2;0.2;
10/29/2019 3:52:02 PM;263;22.5;23.8;0.2;0.2;
10/29/2019 3:52:03 PM;264;22.5;23.8;0.2;0.2;
10/29/2019 3:52:04 PM;265;22.5;23.8;0.2;0.2;
10/29/2019 3:52:05 PM;266;22.4;23.8;0.2;0.2;
10/29/2019 3:52:06 PM;267;22.3;23.8;0.2;0.2;
10/29/2019 3:52:07 PM;268;22.3;23.8;0.2;0.2;
10/29/2019 3:52:08 PM;269;22.3;23.8;0.2;0.2;
10/29/2019 3:52:09 PM;270;22.3;23.8;0.2;0.2;
10/29/2019 3:52:10 PM;271;22.5;23.8;0.2;0.2;
10/29/2019 3:52:11 PM;272;22.5;23.8;0.2;0.2;
10/29/2019 3:52:12 PM;273;22.6;23.8;0.2;0.2;
10/29/2019 3:52:13 PM;274;22.6;23.8;0.2;0.2;
10/29/2019 3:52:14 PM;275;22.7;23.8;0.2;0.2;
10/29/2019 3:52:15 PM;276;22.7;23.8;0.2;0.2;
10/29/2019 3:52:16 PM;277;22.6;23.8;0.2;0.2;
10/29/2019 3:52:17 PM;278;22.5;23.8;0.2;0.2;
10/29/2019 3:52:18 PM;279;22.5;23.8;0.2;0.2;
10/29/2019 3:52:19 PM;280;22.5;23.9;0.2;0.2;
10/29/2019 3:52:20 PM;281;22.5;23.9;0.2;0.2;
10/29/2019 3:52:21 PM;282;22.5;24.0;0.2;0.2;
10/29/2019 3:52:22 PM;283;22.6;24.0;0.2;0.2;
10/29/2019 3:52:23 PM;284;22.6;24.0;0.2;0.2;
10/29/2019 3:52:24 PM;285;22.7;24.0;0.2;0.2;
10/29/2019 3:52:25 PM;286;22.7;24.0;0.2;0.2;
10/29/2019 3:52:26 PM;287;22.7;24.0;0.2;0.2;
10/29/2019 3:52:27 PM;288;22.7;24.0;0.2;0.2;
10/29/2019 3:52:28 PM;289;22.7;24.0;0.2;0.2;
10/29/2019 3:52:29 PM;290;22.7;24.0;0.2;0.2;
10/29/2019 3:52:30 PM;291;22.8;24.0;0.2;0.2;
10/29/2019 3:52:31 PM;292;22.8;24.0;0.2;0.2;
10/29/2019 3:52:32 PM;293;22.8;24.0;0.2;0.2;
10/29/2019 3:52:33 PM;294;22.9;24.0;0.2;0.2;
10/29/2019 3:52:34 PM;295;22.8;24.0;0.2;0.2;
10/29/2019 3:52:35 PM;296;22.7;24.0;0.2;0.2;
10/29/2019 3:52:36 PM;297;22.7;24.0;0.2;0.2;
10/29/2019 3:52:37 PM;298;22.7;24.0;0.2;0.2;
10/29/2019 3:52:38 PM;299;22.7;24.0;0.2;0.2;
10/29/2019 3:52:39 PM;300;22.7;24.0;0.2;0.2;
10/29/2019 3:52:40 PM;301;22.8;24.1;0.2;0.2;
10/29/2019 3:52:41 PM;302;22.8;24.1;0.2;0.2;
10/29/2019 3:52:42 PM;303;22.9;24.2;0.2;0.2;
10/29/2019 3:52:43 PM;304;22.9;24.2;0.2;0.2;
10/29/2019 3:52:44 PM;305;22.9;24.2;0.2;0.2;
10/29/2019 3:52:45 PM;306;22.9;24.2;0.2;0.2;
10/29/2019 3:52:46 PM;307;22.9;24.2;0.2;0.2;
10/29/2019 3:52:47 PM;308;22.9;24.2;0.2;0.2;
10/29/2019 3:52:48 PM;309;23.0;24.2;0.2;0.2;
10/29/2019 3:52:49 PM;310;23.0;24.2;0.2;0.2;
10/29/2019 3:52:50 PM;311;23.0;24.2;0.2;0.2;
10/29/2019 3:52:51 PM;312;23.0;24.3;0.2;0.2;
10/29/2019 3:52:52 PM;313;23.0;24.4;0.2;0.2;
10/29/2019 3:52:53 PM;314;23.0;24.6;0.2;0.2;
10/29/2019 3:52:54 PM;315;23.0;24.7;0.2;0.2;
10/29/2019 3:52:55 PM;316;23.0;24.7;0.2;0.2;
10/29/2019 3:52:56 PM;317;23.0;24.8;0.2;0.2;
10/29/2019 3:52:57 PM;318;23.0;24.8;0.2;0.2;
10/29/2019 3:52:58 PM;319;23.0;24.8;0.2;0.2;
10/29/2019 3:52:59 PM;320;23.0;24.8;0.2;0.2;
10/29/2019 3:53:00 PM;321;23.0;24.8;0.2;0.2;
10/29/2019 3:53:01 PM;322;23.0;24.8;0.2;0.2;
10/29/2019 3:53:02 PM;323;23.0;24.8;0.2;0.2;
10/29/2019 3:53:03 PM;324;22.9;24.8;0.2;0.2;
10/29/2019 3:53:04 PM;325;23.0;24.8;0.2;0.2;
10/29/2019 3:53:05 PM;326;23.0;24.8;0.2;0.2;
10/29/2019 3:53:06 PM;327;23.1;24.8;0.2;0.2;
10/29/2019 3:53:07 PM;328;23.1;24.8;0.2;0.2;
10/29/2019 3:53:08 PM;329;23.1;24.8;0.2;0.2;
10/29/2019 3:53:09 PM;330;23.1;24.8;0.2;0.2;
10/29/2019 3:53:10 PM;331;23.1;24.9;0.2;0.2;
10/29/2019 3:53:11 PM;332;23.1;24.9;0.2;0.2;
10/29/2019 3:53:12 PM;333;23.2;24.9;0.2;0.2;
10/29/2019 3:53:13 PM;334;23.2;24.9;0.2;0.2;
10/29/2019 3:53:14 PM;335;23.2;24.9;0.2;0.2;
10/29/2019 3:53:15 PM;336;23.2;24.9;0.2;0.2;
10/29/2019 3:53:16 PM;337;23.2;24.9;0.2;0.2;
10/29/2019 3:53:17 PM;338;23.2;24.9;0.2;0.2;
10/29/2019 3:53:18 PM;339;23.2;24.9;0.2;0.2;
10/29/2019 3:53:19 PM;340;23.2;24.9;0.2;0.2;
10/29/2019 3:53:20 PM;341;23.2;24.9;0.2;0.2;
10/29/2019 3:53:21 PM;342;23.2;24.9;0.2;0.2;
10/29/2019 3:53:22 PM;343;23.2;24.9;0.2;0.2;
10/29/2019 3:53:23 PM;344;23.2;24.9;0.2;0.2;
10/29/2019 3:53:24 PM;345;23.2;24.9;0.2;0.2;
10/29/2019 3:53:25 PM;346;23.2;24.9;0.2;0.2;
10/29/2019 3:53:26 PM;347;23.2;24.9;0.2;0.2;
10/29/2019 3:53:27 PM;348;23.2;24.9;0.2;0.2;
10/29/2019 3:53:28 PM;349;23.2;24.9;0.2;0.2;
10/29/2019 3:53:29 PM;350;23.2;24.9;0.2;0.2;
10/29/2019 3:53:30 PM;351;23.1;24.9;0.2;0.2;
10/29/2019 3:53:31 PM;352;23.1;24.9;0.2;0.2;
10/29/2019 3:53:32 PM;353;23.1;24.9;0.2;0.2;
10/29/2019 3:53:33 PM;354;23.1;24.9;0.2;0.2;
10/29/2019 3:53:34 PM;355;23.1;25.0;0.2;0.2;
10/29/2019 3:53:35 PM;356;23.2;24.9;0.2;0.2;
10/29/2019 3:53:36 PM;357;23.2;25.0;0.2;0.2;
10/29/2019 3:53:37 PM;358;23.2;25.0;0.2;0.2;
10/29/2019 3:53:38 PM;359;23.2;25.0;0.2;0.2;
10/29/2019 3:53:39 PM;360;23.2;25.0;0.2;0.2;
10/29/2019 3:53:40 PM;361;23.1;25.1;0.2;0.2;
10/29/2019 3:53:41 PM;362;23.0;25.1;0.2;0.2;
10/29/2019 3:53:42 PM;363;22.9;25.1;0.2;0.2;
10/29/2019 3:53:43 PM;364;22.8;25.1;0.2;0.2;
10/29/2019 3:53:44 PM;365;22.7;25.1;0.2;0.2;
10/29/2019 3:53:45 PM;366;22.5;25.1;0.2;0.2;
10/29/2019 3:53:46 PM;367;22.5;25.1;0.2;0.2;
10/29/2019 3:53:47 PM;368;22.4;25.1;0.2;0.2;
10/29/2019 3:53:48 PM;369;22.3;25.1;0.2;0.2;
10/29/2019 3:53:49 PM;370;22.3;25.1;0.2;0.2;
10/29/2019 3:53:50 PM;371;22.3;25.1;0.2;0.2;
10/29/2019 3:53:51 PM;372;22.3;25.1;0.2;0.2;
10/29/2019 3:53:52 PM;373;22.4;25.1;0.2;0.2;
10/29/2019 3:53:53 PM;374;22.4;25.1;0.2;0.2;
10/29/2019 3:53:54 PM;375;22.5;25.1;0.2;0.2;
10/29/2019 3:53:55 PM;376;22.5;25.1;0.2;0.2;
10/29/2019 3:53:56 PM;377;22.4;25.1;0.2;0.2;
10/29/2019 3:53:57 PM;378;22.4;25.1;0.2;0.2;
10/29/2019 3:53:58 PM;379;22.3;25.1;0.2;0.2;
10/29/2019 3:53:59 PM;380;22.3;25.1;0.2;0.2;
10/29/2019 3:54:00 PM;381;22.3;25.1;0.2;0.2;
10/29/2019 3:54:01 PM;382;22.3;25.1;0.2;0.2;
10/29/2019 3:54:02 PM;383;22.3;25.1;0.2;0.2;
10/29/2019 3:54:03 PM;384;22.4;25.1;0.2;0.2;
10/29/2019 3:54:04 PM;385;22.4;25.1;0.2;0.2;
10/29/2019 3:54:05 PM;386;22.5;25.1;0.2;0.2;
10/29/2019 3:54:06 PM;387;22.5;25.1;0.2;0.2;
10/29/2019 3:54:07 PM;388;22.5;25.1;0.2;0.2;
10/29/2019 3:54:08 PM;389;22.5;25.1;0.2;0.2;
10/29/2019 3:54:09 PM;390;22.5;25.1;0.2;0.2;
10/29/2019 3:54:10 PM;391;22.5;25.1;0.2;0.2;
10/29/2019 3:54:11 PM;392;22.5;25.1;0.2;0.2;
10/29/2019 3:54:12 PM;393;22.5;25.2;0.2;0.2;
10/29/2019 3:54:13 PM;394;22.5;25.2;0.2;0.2;
10/29/2019 3:54:14 PM;395;22.5;25.3;0.2;0.2;
10/29/2019 3:54:15 PM;396;22.5;25.3;0.2;0.2;
10/29/2019 3:54:16 PM;397;22.5;25.3;0.2;0.2;
10/29/2019 3:54:17 PM;398;22.5;25.3;0.2;0.2;
10/29/2019 3:54:18 PM;399;22.5;25.3;0.2;0.2;
10/29/2019 3:54:19 PM;400;22.6;25.3;0.2;0.2;
10/29/2019 3:54:20 PM;401;22.6;25.3;0.2;0.2;
10/29/2019 3:54:21 PM;402;22.6;25.3;0.2;0.2;
10/29/2019 3:54:22 PM;403;22.6;25.3;0.2;0.2;
10/29/2019 3:54:23 PM;404;22.6;25.3;0.2;0.2;
10/29/2019 3:54:24 PM;405;22.6;25.3;0.2;0.2;
10/29/2019 3:54:25 PM;406;22.7;25.3;0.2;0.2;
10/29/2019 3:54:26 PM;407;22.7;25.3;0.2;0.2;
10/29/2019 3:54:27 PM;408;22.7;25.3;0.2;0.2;
10/29/2019 3:54:28 PM;409;22.7;25.3;0.2;0.2;
10/29/2019 3:54:29 PM;410;22.7;25.3;0.2;0.2;
10/29/2019 3:54:30 PM;411;22.7;25.3;0.2;0.2;
10/29/2019 3:54:31 PM;412;22.7;25.3;0.2;0.2;
10/29/2019 3:54:32 PM;413;22.7;25.3;0.2;0.2;
10/29/2019 3:54:33 PM;414;22.7;25.3;0.2;0.2;
10/29/2019 3:54:34 PM;415;22.7;25.3;0.2;0.2;
10/29/2019 3:54:35 PM;416;22.7;25.3;0.2;0.2;
10/29/2019 3:54:36 PM;417;22.7;25.3;0.2;0.2;
10/29/2019 3:54:37 PM;418;22.7;25.3;0.2;0.2;
10/29/2019 3:54:38 PM;419;22.7;25.3;0.2;0.2;
10/29/2019 3:54:39 PM;420;22.7;25.3;0.2;0.2;
10/29/2019 3:54:40 PM;421;22.7;25.3;0.2;0.2;
10/29/2019 3:54:41 PM;422;22.7;25.3;0.2;0.2;
10/29/2019 3:54:42 PM;423;22.7;25.3;0.2;0.2;
10/29/2019 3:54:43 PM;424;22.7;25.3;0.2;0.2;
10/29/2019 3:54:44 PM;425;22.7;25.3;0.2;0.2;
10/29/2019 3:54:45 PM;426;22.7;25.3;0.2;0.2;
10/29/2019 3:54:46 PM;427;22.7;25.3;0.2;0.2;
10/29/2019 3:54:47 PM;428;22.7;25.3;0.2;0.2;
10/29/2019 3:54:48 PM;429;22.7;25.3;0.2;0.2;
10/29/2019 3:54:49 PM;430;22.8;25.4;0.2;0.2;
10/29/2019 3:54:50 PM;431;22.8;25.4;0.2;0.2;
10/29/2019 3:54:51 PM;432;22.8;25.5;0.2;0.2;
10/29/2019 3:54:52 PM;433;22.8;25.5;0.2;0.2;
10/29/2019 3:54:53 PM;434;22.8;25.5;0.2;0.2;
10/29/2019 3:54:54 PM;435;22.9;25.5;0.2;0.2;
10/29/2019 3:54:55 PM;436;22.9;25.5;0.2;0.2;
10/29/2019 3:54:56 PM;437;22.9;25.5;0.2;0.2;
10/29/2019 3:54:57 PM;438;22.9;25.5;0.2;0.2;
10/29/2019 3:54:58 PM;439;22.8;25.5;0.2;0.2;
10/29/2019 3:54:59 PM;440;22.8;25.5;0.2;0.2;
10/29/2019 3:55:00 PM;441;22.9;25.5;0.2;0.2;
10/29/2019 3:55:01 PM;442;22.9;25.5;0.2;0.2;
10/29/2019 3:55:02 PM;443;22.9;25.5;0.2;0.2;
10/29/2019 3:55:03 PM;444;22.9;25.5;0.2;0.2;
10/29/2019 3:55:04 PM;445;22.9;25.5;0.2;0.2;
10/29/2019 3:55:05 PM;446;22.9;25.5;0.2;0.2;
10/29/2019 3:55:06 PM;447;22.8;25.5;0.2;0.2;
10/29/2019 3:55:07 PM;448;22.9;25.5;0.2;0.2;
10/29/2019 3:55:08 PM;449;22.9;25.5;0.2;0.2;
10/29/2019 3:55:09 PM;450;22.9;25.5;0.2;0.2;
10/29/2019 3:55:10 PM;451;22.9;25.5;0.2;0.2;
10/29/2019 3:55:11 PM;452;22.9;25.5;0.2;0.2;
10/29/2019 3:55:12 PM;453;22.9;25.5;0.2;0.2;
10/29/2019 3:55:13 PM;454;22.9;25.5;0.2;0.2;
10/29/2019 3:55:14 PM;455;23.0;25.5;0.2;0.2;
10/29/2019 3:55:15 PM;456;23.0;25.5;0.2;0.2;
10/29/2019 3:55:16 PM;457;23.0;25.5;0.2;0.2;
10/29/2019 3:55:17 PM;458;23.0;25.5;0.2;0.2;
10/29/2019 3:55:18 PM;459;23.0;25.5;0.2;0.2;
10/29/2019 3:55:19 PM;460;23.0;25.5;0.2;0.2;
10/29/2019 3:55:20 PM;461;23.0;25.5;0.2;0.2;
10/29/2019 3:55:21 PM;462;23.0;25.5;0.2;0.2;
10/29/2019 3:55:22 PM;463;23.0;25.5;0.2;0.2;
10/29/2019 3:55:23 PM;464;22.9;25.5;0.2;0.2;
10/29/2019 3:55:24 PM;465;22.9;25.5;0.2;0.2;
10/29/2019 3:55:25 PM;466;22.9;25.5;0.2;0.2;
10/29/2019 3:55:26 PM;467;22.9;25.5;0.2;0.2;
10/29/2019 3:55:27 PM;468;22.9;25.5;0.2;0.2;
10/29/2019 3:55:28 PM;469;23.0;25.5;0.2;0.2;
10/29/2019 3:55:29 PM;470;23.0;25.5;0.2;0.2;
10/29/2019 3:55:30 PM;471;23.0;25.5;0.2;0.2;
10/29/2019 3:55:31 PM;472;23.0;25.5;0.2;0.2;
10/29/2019 3:55:32 PM;473;23.0;25.5;0.2;0.2;
10/29/2019 3:55:33 PM;474;23.0;25.5;0.2;0.2;
10/29/2019 3:55:34 PM;475;23.0;25.5;0.2;0.2;
10/29/2019 3:55:35 PM;476;23.0;25.5;0.2;0.2;
10/29/2019 3:55:36 PM;477;23.0;25.5;0.2;0.2;
10/29/2019 3:55:37 PM;478;23.0;25.5;0.2;0.2;
10/29/2019 3:55:38 PM;479;23.0;25.5;0.2;0.2;
10/29/2019 3:55:39 PM;480;23.0;25.6;0.2;0.2;
10/29/2019 3:55:40 PM;481;23.0;25.6;0.2;0.2;
10/29/2019 3:55:41 PM;482;23.0;25.6;0.2;0.2;
10/29/2019 3:55:42 PM;483;23.0;25.7;0.2;0.2;
10/29/2019 3:55:43 PM;484;23.0;25.7;0.2;0.2;
10/29/2019 3:55:44 PM;485;23.0;25.7;0.2;0.2;
10/29/2019 3:55:45 PM;486;23.0;25.7;0.2;0.2;
10/29/2019 3:55:46 PM;487;23.0;25.7;0.2;0.2;
10/29/2019 3:55:47 PM;488;23.0;25.7;0.2;0.2;
10/29/2019 3:55:48 PM;489;23.0;25.7;0.2;0.2;
10/29/2019 3:55:49 PM;490;23.0;25.7;0.2;0.2;
10/29/2019 3:55:50 PM;491;23.1;25.7;0.2;0.2;
10/29/2019 3:55:51 PM;492;23.1;25.7;0.2;0.2;
10/29/2019 3:55:52 PM;493;23.2;25.7;0.2;0.2;
10/29/2019 3:55:53 PM;494;23.2;25.7;0.2;0.2;
10/29/2019 3:55:54 PM;495;23.2;25.7;0.2;0.2;
10/29/2019 3:55:55 PM;496;23.2;25.7;0.2;0.2;
10/29/2019 3:55:56 PM;497;23.2;25.7;0.2;0.2;
10/29/2019 3:55:57 PM;498;23.2;25.7;0.2;0.2;
10/29/2019 3:55:58 PM;499;23.2;25.7;0.2;0.2;
10/29/2019 3:55:59 PM;500;23.2;25.7;0.2;0.2;
10/29/2019 3:56:00 PM;501;23.2;25.7;0.2;0.2;
10/29/2019 3:56:01 PM;502;23.2;25.7;0.2;0.2;
10/29/2019 3:56:02 PM;503;23.3;25.7;0.2;0.2;
10/29/2019 3:56:03 PM;504;23.3;25.7;0.2;0.2;
10/29/2019 3:56:04 PM;505;23.4;25.7;0.2;0.2;
10/29/2019 3:56:05 PM;506;23.4;25.7;0.2;0.2;
10/29/2019 3:56:06 PM;507;23.4;25.7;0.2;0.2;
10/29/2019 3:56:07 PM;508;23.4;25.8;0.2;0.2;
10/29/2019 3:56:08 PM;509;23.4;25.8;0.2;0.2;
10/29/2019 3:56:09 PM;510;23.4;25.7;0.2;0.2;
10/29/2019 3:56:10 PM;511;23.4;25.7;0.2;0.2;
10/29/2019 3:56:11 PM;512;23.4;25.7;0.2;0.2;
10/29/2019 3:56:12 PM;513;23.4;25.7;0.2;0.2;
10/29/2019 3:56:13 PM;514;23.4;25.7;0.2;0.2;
10/29/2019 3:56:14 PM;515;23.4;25.7;0.2;0.2;
10/29/2019 3:56:15 PM;516;23.4;25.7;0.2;0.2;
10/29/2019 3:56:16 PM;517;23.5;25.7;0.2;0.2;
10/29/2019 3:56:17 PM;518;23.5;25.7;0.2;0.2;
10/29/2019 3:56:18 PM;519;23.6;25.8;0.2;0.2;
10/29/2019 3:56:19 PM;520;23.6;25.8;0.2;0.2;
10/29/2019 3:56:20 PM;521;23.6;25.8;0.2;0.2;
10/29/2019 3:56:21 PM;522;23.6;25.9;0.2;0.2;
10/29/2019 3:56:22 PM;523;23.6;25.9;0.2;0.2;
10/29/2019 3:56:23 PM;524;23.6;25.9;0.2;0.2;
10/29/2019 3:56:24 PM;525;23.6;25.9;0.2;0.2;
10/29/2019 3:56:25 PM;526;23.6;25.9;0.2;0.2;
10/29/2019 3:56:26 PM;527;23.6;25.9;0.2;0.2;
10/29/2019 3:56:27 PM;528;23.6;25.9;0.2;0.2;
10/29/2019 3:56:28 PM;529;23.6;25.9;0.2;0.2;
10/29/2019 3:56:29 PM;530;23.6;25.9;0.2;0.2;
10/29/2019 3:56:30 PM;531;23.6;25.9;0.2;0.2;
10/29/2019 3:56:31 PM;532;23.6;25.9;0.2;0.2;
10/29/2019 3:56:32 PM;533;23.6;25.9;0.2;0.2;
10/29/2019 3:56:33 PM;534;23.6;25.9;0.2;0.2;
10/29/2019 3:56:34 PM;535;23.6;25.9;0.2;0.2;
10/29/2019 3:56:35 PM;536;23.6;25.9;0.2;0.2;
10/29/2019 3:56:36 PM;537;23.6;25.9;0.2;0.2;
10/29/2019 3:56:37 PM;538;23.6;25.9;0.2;0.2;
10/29/2019 3:56:38 PM;539;23.6;25.9;0.2;0.2;
10/29/2019 3:56:39 PM;540;23.6;25.9;0.2;0.2;
10/29/2019 3:56:40 PM;541;23.6;25.9;0.2;0.2;
10/29/2019 3:56:41 PM;542;23.6;25.9;0.2;0.2;
10/29/2019 3:56:42 PM;543;23.7;25.9;0.2;0.2;
10/29/2019 3:56:43 PM;544;23.7;25.9;0.2;0.2;
10/29/2019 3:56:44 PM;545;23.8;25.9;0.2;0.2;
10/29/2019 3:56:45 PM;546;23.8;25.9;0.2;0.2;
10/29/2019 3:56:46 PM;547;23.8;25.9;0.2;0.2;
10/29/2019 3:56:47 PM;548;23.8;25.9;0.2;0.2;
10/29/2019 3:56:48 PM;549;23.8;25.9;0.2;0.2;
10/29/2019 3:56:49 PM;550;23.8;25.9;0.2;0.2;
10/29/2019 3:56:50 PM;551;23.8;25.9;0.2;0.2;
10/29/2019 3:56:51 PM;552;23.9;25.9;0.2;0.2;
10/29/2019 3:56:52 PM;553;23.9;25.9;0.2;0.2;
10/29/2019 3:56:53 PM;554;23.9;25.9;0.2;0.2;
10/29/2019 3:56:54 PM;555;23.9;25.9;0.2;0.2;
10/29/2019 3:56:55 PM;556;23.9;25.9;0.2;0.2;
10/29/2019 3:56:56 PM;557;23.9;25.9;0.2;0.2;
10/29/2019 3:56:57 PM;558;23.9;25.9;0.2;0.2;
10/29/2019 3:56:58 PM;559;23.9;25.9;0.2;0.2;
10/29/2019 3:56:59 PM;560;24.0;25.9;0.2;0.2;
10/29/2019 3:57:00 PM;561;24.0;25.9;0.2;0.2;
10/29/2019 3:57:01 PM;562;24.0;25.9;0.2;0.2;
10/29/2019 3:57:02 PM;563;24.0;25.9;0.2;0.2;
10/29/2019 3:57:03 PM;564;24.0;25.9;0.2;0.2;
10/29/2019 3:57:04 PM;565;24.0;25.9;0.2;0.2;
10/29/2019 3:57:05 PM;566;24.0;25.9;0.2;0.2;
10/29/2019 3:57:06 PM;567;24.0;25.9;0.2;0.2;
10/29/2019 3:57:07 PM;568;24.0;25.9;0.2;0.2;
10/29/2019 3:57:08 PM;569;24.0;25.9;0.2;0.2;
10/29/2019 3:57:09 PM;570;24.0;25.9;0.2;0.2;
10/29/2019 3:57:10 PM;571;24.0;25.9;0.2;0.2;
10/29/2019 3:57:11 PM;572;24.0;25.9;0.2;0.2;
10/29/2019 3:57:12 PM;573;24.0;25.9;0.2;0.2;
10/29/2019 3:57:13 PM;574;24.0;25.9;0.2;0.2;
10/29/2019 3:57:14 PM;575;24.0;25.9;0.2;0.2;
10/29/2019 3:57:15 PM;576;24.0;25.9;0.2;0.2;
10/29/2019 3:57:16 PM;577;24.0;25.9;0.2;0.2;
10/29/2019 3:57:17 PM;578;24.0;25.9;0.2;0.2;
10/29/2019 3:57:18 PM;579;24.0;25.9;0.2;0.2;
10/29/2019 3:57:19 PM;580;24.0;25.9;0.2;0.2;
10/29/2019 3:57:20 PM;581;24.0;25.9;0.2;0.2;
10/29/2019 3:57:21 PM;582;24.0;25.9;0.2;0.2;
10/29/2019 3:57:22 PM;583;24.0;25.9;0.2;0.2;
10/29/2019 3:57:23 PM;584;24.0;25.9;0.2;0.2;
10/29/2019 3:57:24 PM;585;24.0;26.0;0.2;0.2;
10/29/2019 3:57:25 PM;586;24.0;26.0;0.2;0.2;
10/29/2019 3:57:26 PM;587;24.0;26.0;0.2;0.2;
10/29/2019 3:57:27 PM;588;24.0;26.0;0.2;0.2;
10/29/2019 3:57:28 PM;589;24.0;26.0;0.2;0.2;
10/29/2019 3:57:29 PM;590;24.0;26.0;0.2;0.2;
10/29/2019 3:57:30 PM;591;24.0;26.1;0.2;0.2;
10/29/2019 3:57:31 PM;592;24.0;26.1;0.2;0.2;
10/29/2019 3:57:32 PM;593;24.0;26.1;0.2;0.2;
10/29/2019 3:57:33 PM;594;24.0;26.1;0.2;0.2;
10/29/2019 3:57:34 PM;595;24.0;26.1;0.2;0.2;
10/29/2019 3:57:35 PM;596;24.0;26.1;0.2;0.2;
10/29/2019 3:57:36 PM;597;24.0;26.1;0.2;0.2;
10/29/2019 3:57:37 PM;598;24.0;26.1;0.2;0.2;
10/29/2019 3:57:38 PM;599;24.0;26.0;0.2;0.2;
10/29/2019 3:57:39 PM;600;24.0;26.0;0.2;0.2;
10/29/2019 3:57:40 PM;601;24.1;25.9;0.2;0.2;
10/29/2019 3:57:41 PM;602;24.1;25.9;0.2;0.2;
10/29/2019 3:57:42 PM;603;24.2;25.9;0.2;0.2;
10/29/2019 3:57:43 PM;604;24.2;25.9;0.2;0.2;
10/29/2019 3:57:44 PM;605;24.2;25.9;0.2;0.2;
10/29/2019 3:57:45 PM;606;24.2;26.0;0.2;0.2;
10/29/2019 3:57:46 PM;607;24.2;25.9;0.2;0.2;
10/29/2019 3:57:47 PM;608;24.2;26.0;0.2;0.2;
10/29/2019 3:57:48 PM;609;24.2;26.0;0.2;0.2;
10/29/2019 3:57:49 PM;610;24.2;26.0;0.2;0.2;
10/29/2019 3:57:50 PM;611;24.2;25.9;0.2;0.2;
10/29/2019 3:57:51 PM;612;24.2;25.9;0.2;0.2;
10/29/2019 3:57:52 PM;613;24.2;25.9;0.2;0.2;
10/29/2019 3:57:53 PM;614;24.2;25.9;0.2;0.2;
10/29/2019 3:57:54 PM;615;24.2;25.9;0.2;0.2;
10/29/2019 3:57:55 PM;616;24.2;25.9;0.2;0.2;
10/29/2019 3:57:56 PM;617;24.2;25.9;0.2;0.2;
10/29/2019 3:57:57 PM;618;24.2;25.9;0.2;0.2;
10/29/2019 3:57:58 PM;619;24.2;25.9;0.2;0.2;
10/29/2019 3:57:59 PM;620;24.2;25.9;0.2;0.2;
10/29/2019 3:58:00 PM;621;24.2;25.9;0.2;0.2;
10/29/2019 3:58:01 PM;622;24.2;25.9;0.2;0.2;
10/29/2019 3:58:02 PM;623;24.2;25.9;0.2;0.2;
10/29/2019 3:58:03 PM;624;24.2;25.9;0.2;0.2;
10/29/2019 3:58:04 PM;625;24.2;25.9;0.2;0.2;
10/29/2019 3:58:05 PM;626;24.2;25.9;0.2;0.2;
10/29/2019 3:58:06 PM;627;24.2;25.9;0.2;0.2;
10/29/2019 3:58:07 PM;628;24.2;25.9;0.2;0.2;
10/29/2019 3:58:08 PM;629;24.2;25.9;0.2;0.2;
10/29/2019 3:58:09 PM;630;24.2;25.9;0.2;0.2;
10/29/2019 3:58:10 PM;631;24.2;25.9;0.2;0.2;
10/29/2019 3:58:11 PM;632;24.2;25.9;0.2;0.2;
10/29/2019 3:58:12 PM;633;24.2;25.9;0.2;0.2;
10/29/2019 3:58:13 PM;634;24.2;25.9;0.2;0.2;
10/29/2019 3:58:14 PM;635;24.2;25.9;0.2;0.2;
10/29/2019 3:58:15 PM;636;24.3;25.9;0.2;0.2;
10/29/2019 3:58:16 PM;637;24.3;25.9;0.2;0.2;
10/29/2019 3:58:17 PM;638;24.4;25.9;0.2;0.2;
10/29/2019 3:58:18 PM;639;24.4;25.9;0.2;0.2;
10/29/2019 3:58:19 PM;640;24.4;25.9;0.2;0.2;
10/29/2019 3:58:20 PM;641;24.4;25.9;0.2;0.2;
10/29/2019 3:58:21 PM;642;24.4;25.9;0.2;0.2;
10/29/2019 3:58:22 PM;643;24.4;25.9;0.2;0.2;
10/29/2019 3:58:23 PM;644;24.4;25.9;0.2;0.2;
10/29/2019 3:58:24 PM;645;24.4;25.9;0.2;0.2;
10/29/2019 3:58:25 PM;646;24.4;25.9;0.2;0.2;
10/29/2019 3:58:26 PM;647;24.4;25.9;0.2;0.2;
10/29/2019 3:58:27 PM;648;24.4;25.9;0.2;0.2;
10/29/2019 3:58:28 PM;649;24.4;25.9;0.2;0.2;
10/29/2019 3:58:29 PM;650;24.4;25.9;0.2;0.2;
10/29/2019 3:58:30 PM;651;24.4;26.0;0.2;0.2;
10/29/2019 3:58:31 PM;652;24.4;26.0;0.2;0.2;
10/29/2019 3:58:32 PM;653;24.4;26.0;0.2;0.2;
10/29/2019 3:58:33 PM;654;24.4;26.0;0.2;0.2;
10/29/2019 3:58:34 PM;655;24.4;26.0;0.2;0.2;
10/29/2019 3:58:35 PM;656;24.4;26.0;0.2;0.2;
10/29/2019 3:58:36 PM;657;24.4;26.1;0.2;0.2;
10/29/2019 3:58:37 PM;658;24.4;26.1;0.2;0.2;
10/29/2019 3:58:38 PM;659;24.4;26.1;0.2;0.2;
10/29/2019 3:58:39 PM;660;24.4;26.1;0.2;0.2;
10/29/2019 3:58:40 PM;661;24.5;26.1;0.2;0.2;
10/29/2019 3:58:41 PM;662;24.4;26.1;0.2;0.2;
10/29/2019 3:58:42 PM;663;24.4;26.1;0.2;0.2;
10/29/2019 3:58:43 PM;664;24.5;26.1;0.2;0.2;
10/29/2019 3:58:44 PM;665;24.4;26.1;0.2;0.2;
10/29/2019 3:58:45 PM;666;24.4;26.1;0.2;0.2;
10/29/2019 3:58:46 PM;667;24.5;26.1;0.2;0.2;
10/29/2019 3:58:47 PM;668;24.5;26.1;0.2;0.2;
10/29/2019 3:58:48 PM;669;24.5;26.1;0.2;0.2;
10/29/2019 3:58:49 PM;670;24.6;26.1;0.2;0.2;
10/29/2019 3:58:50 PM;671;24.6;26.1;0.2;0.2;
10/29/2019 3:58:51 PM;672;24.6;26.1;0.2;0.2;
10/29/2019 3:58:52 PM;673;24.6;26.1;0.2;0.2;
10/29/2019 3:58:53 PM;674;24.6;26.1;0.2;0.2;
10/29/2019 3:58:54 PM;675;24.6;26.1;0.2;0.2;
10/29/2019 3:58:55 PM;676;24.6;26.1;0.2;0.2;
10/29/2019 3:58:56 PM;677;24.6;26.1;0.2;0.2;
10/29/2019 3:58:57 PM;678;24.6;26.1;0.2;0.2;
10/29/2019 3:58:58 PM;679;24.6;26.1;0.2;0.2;
10/29/2019 3:58:59 PM;680;24.6;26.1;0.2;0.2;
10/29/2019 3:59:00 PM;681;24.6;26.1;0.2;0.2;
10/29/2019 3:59:01 PM;682;24.6;26.1;0.2;0.2;
10/29/2019 3:59:02 PM;683;24.6;26.1;0.2;0.2;
10/29/2019 3:59:03 PM;684;24.6;26.1;0.2;0.2;
10/29/2019 3:59:04 PM;685;24.6;26.2;0.2;0.2;
10/29/2019 3:59:05 PM;686;24.6;26.2;0.2;0.2;
10/29/2019 3:59:06 PM;687;24.6;26.2;0.2;0.2;
10/29/2019 3:59:07 PM;688;24.6;26.3;0.2;0.2;
10/29/2019 3:59:08 PM;689;24.6;26.3;0.2;0.2;
10/29/2019 3:59:09 PM;690;24.6;26.3;0.2;0.2;
10/29/2019 3:59:10 PM;691;24.6;26.3;0.2;0.2;
10/29/2019 3:59:11 PM;692;24.6;26.3;0.2;0.2;
10/29/2019 3:59:12 PM;693;24.6;26.3;0.2;0.2;
10/29/2019 3:59:13 PM;694;24.6;26.3;0.2;0.2;
10/29/2019 3:59:14 PM;695;24.6;26.2;0.2;0.2;
10/29/2019 3:59:15 PM;696;24.6;26.2;0.2;0.2;
10/29/2019 3:59:16 PM;697;24.6;26.2;0.2;0.2;
10/29/2019 3:59:17 PM;698;24.6;26.2;0.2;0.2;
10/29/2019 3:59:18 PM;699;24.6;26.2;0.2;0.2;
10/29/2019 3:59:19 PM;700;24.6;26.2;0.2;0.2;
10/29/2019 3:59:20 PM;701;24.6;26.2;0.2;0.2;
10/29/2019 3:59:21 PM;702;24.6;26.3;0.2;0.2;
10/29/2019 3:59:22 PM;703;24.7;26.3;0.2;0.2;
10/29/2019 3:59:23 PM;704;24.7;26.3;0.2;0.2;
10/29/2019 3:59:24 PM;705;24.8;26.3;0.2;0.2;
10/29/2019 3:59:25 PM;706;24.8;26.3;0.2;0.2;
10/29/2019 3:59:26 PM;707;24.8;26.3;0.2;0.2;
10/29/2019 3:59:27 PM;708;24.8;26.3;0.2;0.2;
10/29/2019 3:59:28 PM;709;24.8;26.3;0.2;0.2;
10/29/2019 3:59:29 PM;710;24.8;26.3;0.2;0.2;
10/29/2019 3:59:30 PM;711;24.8;26.3;0.2;0.2;
10/29/2019 3:59:31 PM;712;24.8;26.3;0.2;0.2;
10/29/2019 3:59:32 PM;713;24.8;26.3;0.2;0.2;
10/29/2019 3:59:33 PM;714;24.8;26.3;0.2;0.2;
10/29/2019 3:59:34 PM;715;24.8;26.3;0.2;0.2;
10/29/2019 3:59:35 PM;716;24.8;26.3;0.2;0.2;
10/29/2019 3:59:36 PM;717;24.8;26.3;0.2;0.2;
10/29/2019 3:59:37 PM;718;24.8;26.3;0.2;0.2;
10/29/2019 3:59:38 PM;719;24.8;26.3;0.2;0.2;
10/29/2019 3:59:39 PM;720;24.8;26.3;0.2;0.2;
10/29/2019 3:59:40 PM;721;24.8;26.3;0.2;0.2;
10/29/2019 3:59:41 PM;722;24.8;26.3;0.2;0.2;
10/29/2019 3:59:42 PM;723;24.8;26.3;0.2;0.2;
10/29/2019 3:59:43 PM;724;24.8;26.3;0.2;0.2;
10/29/2019 3:59:44 PM;725;24.8;26.3;0.2;0.2;
10/29/2019 3:59:45 PM;726;24.8;26.3;0.2;0.2;
10/29/2019 3:59:46 PM;727;24.8;26.3;0.2;0.2;
10/29/2019 3:59:47 PM;728;24.8;26.3;0.2;0.2;
10/29/2019 3:59:48 PM;729;24.8;26.3;0.2;0.2;
10/29/2019 3:59:49 PM;730;24.9;26.3;0.2;0.2;
10/29/2019 3:59:50 PM;731;24.9;26.3;0.2;0.2;
10/29/2019 3:59:51 PM;732;25.0;26.3;0.2;0.2;
10/29/2019 3:59:52 PM;733;25.0;26.3;0.2;0.2;
10/29/2019 3:59:53 PM;734;25.0;26.3;0.2;0.2;
10/29/2019 3:59:54 PM;735;24.9;26.3;0.2;0.2;
10/29/2019 3:59:55 PM;736;24.9;26.3;0.2;0.2;
10/29/2019 3:59:56 PM;737;24.9;26.3;0.2;0.2;
10/29/2019 3:59:57 PM;738;24.9;26.3;0.2;0.2;
10/29/2019 3:59:58 PM;739;24.9;26.4;0.2;0.2;
10/29/2019 3:59:59 PM;740;24.9;26.4;0.2;0.2;
10/29/2019 4:00:00 PM;741;24.9;26.5;0.2;0.2;
10/29/2019 4:00:01 PM;742;24.9;26.5;0.2;0.2;
10/29/2019 4:00:02 PM;743;25.0;26.5;0.2;0.2;
10/29/2019 4:00:03 PM;744;25.0;26.5;0.2;0.2;
10/29/2019 4:00:04 PM;745;25.0;26.5;0.2;0.2;
10/29/2019 4:00:05 PM;746;25.0;26.5;0.2;0.2;
10/29/2019 4:00:06 PM;747;25.0;26.5;0.2;0.2;
10/29/2019 4:00:07 PM;748;25.0;26.5;0.2;0.2;
10/29/2019 4:00:08 PM;749;25.0;26.5;0.2;0.2;
10/29/2019 4:00:09 PM;750;25.0;26.5;0.2;0.2;
10/29/2019 4:00:10 PM;751;25.0;26.5;0.2;0.2;
10/29/2019 4:00:11 PM;752;25.0;26.5;0.2;0.2;
10/29/2019 4:00:12 PM;753;25.0;26.5;0.2;0.2;
10/29/2019 4:00:13 PM;754;25.0;26.5;0.2;0.2;
10/29/2019 4:00:14 PM;755;25.0;26.5;0.2;0.2;
10/29/2019 4:00:15 PM;756;25.0;26.5;0.2;0.2;
10/29/2019 4:00:16 PM;757;25.0;26.5;0.2;0.2;
10/29/2019 4:00:17 PM;758;25.0;26.5;0.2;0.2;
10/29/2019 4:00:18 PM;759;25.0;26.5;0.2;0.2;
10/29/2019 4:00:19 PM;760;25.0;26.5;0.2;0.2;
10/29/2019 4:00:20 PM;761;25.0;26.5;0.2;0.2;
10/29/2019 4:00:21 PM;762;25.0;26.5;0.2;0.2;
10/29/2019 4:00:22 PM;763;25.0;26.5;0.2;0.2;
10/29/2019 4:00:23 PM;764;24.9;26.5;0.2;0.2;
10/29/2019 4:00:24 PM;765;24.9;26.5;0.2;0.2;
10/29/2019 4:00:25 PM;766;24.9;26.5;0.2;0.2;
10/29/2019 4:00:26 PM;767;24.9;26.5;0.2;0.2;
10/29/2019 4:00:27 PM;768;24.9;26.5;0.2;0.2;
10/29/2019 4:00:28 PM;769;25.0;26.5;0.2;0.2;
10/29/2019 4:00:29 PM;770;25.0;26.5;0.2;0.2;
10/29/2019 4:00:30 PM;771;25.0;26.5;0.2;0.2;
10/29/2019 4:00:31 PM;772;25.0;26.5;0.2;0.2;
10/29/2019 4:00:32 PM;773;25.0;26.5;0.2;0.2;
10/29/2019 4:00:33 PM;774;25.0;26.5;0.2;0.2;
10/29/2019 4:00:34 PM;775;24.9;26.5;0.2;0.2;
10/29/2019 4:00:35 PM;776;24.9;26.5;0.2;0.2;
10/29/2019 4:00:36 PM;777;24.9;26.5;0.2;0.2;
10/29/2019 4:00:37 PM;778;25.0;26.5;0.2;0.2;
10/29/2019 4:00:38 PM;779;25.0;26.5;0.2;0.2;
10/29/2019 4:00:39 PM;780;25.0;26.5;0.2;0.2;
10/29/2019 4:00:40 PM;781;25.0;26.5;0.2;0.2;
10/29/2019 4:00:41 PM;782;25.0;26.5;0.2;0.2;
10/29/2019 4:00:42 PM;783;25.0;26.5;0.2;0.2;
10/29/2019 4:00:43 PM;784;25.0;26.5;0.2;0.2;
10/29/2019 4:00:44 PM;785;25.0;26.5;0.2;0.2;
10/29/2019 4:00:45 PM;786;25.0;26.5;0.2;0.2;
10/29/2019 4:00:46 PM;787;25.1;26.5;0.2;0.2;
10/29/2019 4:00:47 PM;788;25.1;26.5;0.2;0.2;
10/29/2019 4:00:48 PM;789;25.1;26.5;0.2;0.2;
10/29/2019 4:00:49 PM;790;25.1;26.5;0.2;0.2;
10/29/2019 4:00:50 PM;791;25.1;26.5;0.2;0.2;
10/29/2019 4:00:51 PM;792;25.1;26.5;0.2;0.2;
10/29/2019 4:00:52 PM;793;25.1;26.5;0.2;0.2;
10/29/2019 4:00:53 PM;794;25.1;26.6;0.2;0.2;
10/29/2019 4:00:54 PM;795;25.1;26.6;0.2;0.2;
10/29/2019 4:00:55 PM;796;25.1;26.6;0.2;0.2;
10/29/2019 4:00:56 PM;797;25.1;26.6;0.2;0.2;
10/29/2019 4:00:57 PM;798;25.1;26.7;0.2;0.2;
10/29/2019 4:00:58 PM;799;25.1;26.7;0.2;0.2;
10/29/2019 4:00:59 PM;800;25.1;26.7;0.2;0.2;
10/29/2019 4:01:00 PM;801;25.1;26.7;0.2;0.2;
10/29/2019 4:01:01 PM;802;25.1;26.7;0.2;0.2;
10/29/2019 4:01:02 PM;803;25.1;26.7;0.2;0.2;
10/29/2019 4:01:03 PM;804;25.1;26.7;0.2;0.2;
10/29/2019 4:01:04 PM;805;25.1;26.7;0.2;0.2;
10/29/2019 4:01:05 PM;806;25.1;26.7;0.2;0.2;
10/29/2019 4:01:06 PM;807;25.1;26.7;0.2;0.2;
10/29/2019 4:01:07 PM;808;25.1;26.7;0.2;0.2;
10/29/2019 4:01:08 PM;809;25.1;26.7;0.2;0.2;
10/29/2019 4:01:09 PM;810;25.1;26.8;0.2;0.2;
10/29/2019 4:01:10 PM;811;25.1;26.8;0.2;0.2;
10/29/2019 4:01:11 PM;812;25.1;26.9;0.2;0.2;
10/29/2019 4:01:12 PM;813;25.1;26.9;0.2;0.2;
10/29/2019 4:01:13 PM;814;25.1;26.9;0.2;0.2;
10/29/2019 4:01:14 PM;815;25.1;26.9;0.2;0.2;
10/29/2019 4:01:15 PM;816;25.1;26.9;0.2;0.2;
10/29/2019 4:01:16 PM;817;25.1;26.9;0.2;0.2;
10/29/2019 4:01:17 PM;818;25.1;26.9;0.2;0.2;
10/29/2019 4:01:18 PM;819;25.1;26.9;0.2;0.2;
10/29/2019 4:01:19 PM;820;25.1;26.9;0.2;0.2;
10/29/2019 4:01:20 PM;821;25.1;26.9;0.2;0.2;
10/29/2019 4:01:21 PM;822;25.1;26.9;0.2;0.2;
10/29/2019 4:01:22 PM;823;25.1;26.9;0.2;0.2;
10/29/2019 4:01:23 PM;824;25.1;26.9;0.2;0.2;
10/29/2019 4:01:24 PM;825;25.1;26.9;0.2;0.2;
10/29/2019 4:01:25 PM;826;25.1;27.0;0.2;0.2;
10/29/2019 4:01:26 PM;827;25.1;27.0;0.2;0.2;
10/29/2019 4:01:27 PM;828;25.1;27.1;0.2;0.2;
10/29/2019 4:01:28 PM;829;25.1;27.2;0.2;0.2;
10/29/2019 4:01:29 PM;830;25.1;27.2;0.2;0.2;
10/29/2019 4:01:30 PM;831;25.1;27.2;0.2;0.2;
10/29/2019 4:01:31 PM;832;25.1;27.2;0.2;0.2;
10/29/2019 4:01:32 PM;833;25.1;27.2;0.2;0.2;
10/29/2019 4:01:33 PM;834;25.1;27.2;0.2;0.2;
10/29/2019 4:01:34 PM;835;25.1;27.2;0.2;0.2;
10/29/2019 4:01:35 PM;836;25.1;27.2;0.2;0.2;
10/29/2019 4:01:36 PM;837;25.1;27.2;0.2;0.2;
10/29/2019 4:01:37 PM;838;25.1;27.2;0.2;0.2;
10/29/2019 4:01:38 PM;839;25.1;27.2;0.2;0.2;
10/29/2019 4:01:39 PM;840;25.1;27.2;0.2;0.2;
10/29/2019 4:01:40 PM;841;25.2;27.2;0.2;0.2;
10/29/2019 4:01:41 PM;842;25.2;27.2;0.2;0.2;
10/29/2019 4:01:42 PM;843;25.3;27.2;0.2;0.2;
10/29/2019 4:01:43 PM;844;25.3;27.2;0.2;0.2;
10/29/2019 4:01:44 PM;845;25.3;27.2;0.2;0.2;
10/29/2019 4:01:45 PM;846;25.3;27.2;0.2;0.2;
10/29/2019 4:01:46 PM;847;25.3;27.2;0.2;0.2;
10/29/2019 4:01:47 PM;848;25.3;27.2;0.2;0.2;
10/29/2019 4:01:48 PM;849;25.3;27.2;0.2;0.2;
10/29/2019 4:01:49 PM;850;25.3;27.2;0.2;0.2;
10/29/2019 4:01:50 PM;851;25.4;27.2;0.2;0.2;
10/29/2019 4:01:51 PM;852;25.4;27.2;0.2;0.2;
10/29/2019 4:01:52 PM;853;25.5;27.2;0.2;0.2;
10/29/2019 4:01:53 PM;854;25.5;27.3;0.2;0.2;
10/29/2019 4:01:54 PM;855;25.5;27.3;0.2;0.2;
10/29/2019 4:01:55 PM;856;25.5;27.4;0.2;0.2;
10/29/2019 4:01:56 PM;857;25.5;27.4;0.2;0.2;
10/29/2019 4:01:57 PM;858;25.5;27.4;0.2;0.2;
10/29/2019 4:01:58 PM;859;25.5;27.4;0.2;0.2;
10/29/2019 4:01:59 PM;860;25.5;27.4;0.2;0.2;
10/29/2019 4:02:00 PM;861;25.5;27.4;0.2;0.2;
10/29/2019 4:02:01 PM;862;25.5;27.4;0.2;0.2;
10/29/2019 4:02:02 PM;863;25.5;27.4;0.2;0.2;
10/29/2019 4:02:03 PM;864;25.5;27.4;0.2;0.2;
10/29/2019 4:02:04 PM;865;25.5;27.4;0.2;0.2;
10/29/2019 4:02:05 PM;866;25.5;27.4;0.2;0.2;
10/29/2019 4:02:06 PM;867;25.5;27.4;0.2;0.2;
10/29/2019 4:02:07 PM;868;25.5;27.4;0.2;0.2;
10/29/2019 4:02:08 PM;869;25.5;27.4;0.2;0.2;
10/29/2019 4:02:09 PM;870;25.5;27.4;0.2;0.2;
10/29/2019 4:02:10 PM;871;25.5;27.4;0.2;0.2;
10/29/2019 4:02:11 PM;872;25.5;27.4;0.2;0.2;
10/29/2019 4:02:12 PM;873;25.5;27.4;0.2;0.2;
10/29/2019 4:02:13 PM;874;25.5;27.4;0.2;0.2;
10/29/2019 4:02:14 PM;875;25.5;27.4;0.2;0.2;
10/29/2019 4:02:15 PM;876;25.5;27.4;0.2;0.2;
10/29/2019 4:02:16 PM;877;25.5;27.4;0.2;0.2;
10/29/2019 4:02:17 PM;878;25.5;27.4;0.2;0.2;
10/29/2019 4:02:18 PM;879;25.5;27.4;0.2;0.2;
10/29/2019 4:02:19 PM;880;25.5;27.4;0.2;0.2;
10/29/2019 4:02:20 PM;881;25.5;27.4;0.2;0.2;
10/29/2019 4:02:21 PM;882;25.5;27.4;0.2;0.2;
10/29/2019 4:02:22 PM;883;25.5;27.4;0.2;0.2;
10/29/2019 4:02:23 PM;884;25.5;27.4;0.2;0.2;
10/29/2019 4:02:24 PM;885;25.5;27.4;0.2;0.2;
10/29/2019 4:02:25 PM;886;25.5;27.4;0.2;0.2;
10/29/2019 4:02:26 PM;887;25.6;27.4;0.2;0.2;
10/29/2019 4:02:27 PM;888;25.6;27.4;0.2;0.2;
10/29/2019 4:02:28 PM;889;25.6;27.4;0.2;0.2;
10/29/2019 4:02:29 PM;890;25.6;27.4;0.2;0.2;
10/29/2019 4:02:30 PM;891;25.6;27.4;0.2;0.2;
10/29/2019 4:02:31 PM;892;25.6;27.4;0.2;0.2;
10/29/2019 4:02:32 PM;893;25.7;27.4;0.2;0.2;
10/29/2019 4:02:33 PM;894;25.7;27.4;0.2;0.2;
10/29/2019 4:02:34 PM;895;25.7;27.4;0.2;0.2;
10/29/2019 4:02:35 PM;896;25.8;27.4;0.2;0.2;
10/29/2019 4:02:36 PM;897;25.9;27.5;0.2;0.2;
10/29/2019 4:02:37 PM;898;25.9;27.5;0.2;0.2;
10/29/2019 4:02:38 PM;899;26.0;27.5;0.2;0.2;
10/29/2019 4:02:39 PM;900;26.1;27.5;0.2;0.2;
10/29/2019 4:02:40 PM;901;26.1;27.5;0.2;0.2;
10/29/2019 4:02:41 PM;902;26.1;27.5;0.2;0.2;
10/29/2019 4:02:42 PM;903;26.1;27.6;0.2;0.2;
10/29/2019 4:02:43 PM;904;26.1;27.6;0.2;0.2;
10/29/2019 4:02:44 PM;905;26.0;27.6;0.2;0.2;
10/29/2019 4:02:45 PM;906;26.0;27.6;0.2;0.2;
10/29/2019 4:02:46 PM;907;26.0;27.6;0.2;0.2;
10/29/2019 4:02:47 PM;908;26.0;27.6;0.2;0.2;
10/29/2019 4:02:48 PM;909;26.0;27.6;0.2;0.2;
10/29/2019 4:02:49 PM;910;26.1;27.6;0.2;0.2;
10/29/2019 4:02:50 PM;911;26.1;27.6;0.2;0.2;
10/29/2019 4:02:51 PM;912;26.1;27.6;0.2;0.2;
10/29/2019 4:02:52 PM;913;26.1;27.6;0.2;0.2;
10/29/2019 4:02:53 PM;914;26.1;27.6;0.2;0.2;
10/29/2019 4:02:54 PM;915;26.2;27.6;0.2;0.2;
10/29/2019 4:02:55 PM;916;26.2;27.6;0.2;0.2;
10/29/2019 4:02:56 PM;917;26.2;27.6;0.2;0.2;
10/29/2019 4:02:57 PM;918;26.3;27.6;0.2;0.2;
10/29/2019 4:02:58 PM;919;26.4;27.6;0.2;0.2;
10/29/2019 4:02:59 PM;920;26.4;27.7;0.2;0.2;
10/29/2019 4:03:00 PM;921;26.5;27.7;0.2;0.2;
10/29/2019 4:03:01 PM;922;26.5;27.8;0.2;0.2;
10/29/2019 4:03:02 PM;923;26.6;27.8;0.2;0.2;
10/29/2019 4:03:03 PM;924;26.7;27.8;0.2;0.2;
10/29/2019 4:03:04 PM;925;26.9;27.8;0.2;0.2;
10/29/2019 4:03:05 PM;926;26.9;27.8;0.2;0.2;
10/29/2019 4:03:06 PM;927;27.0;27.8;0.2;0.2;
10/29/2019 4:03:07 PM;928;27.0;27.8;0.2;0.2;
10/29/2019 4:03:08 PM;929;27.0;27.8;0.2;0.2;
10/29/2019 4:03:09 PM;930;27.0;27.8;0.2;0.2;
10/29/2019 4:03:10 PM;931;27.1;27.8;0.2;0.2;
10/29/2019 4:03:11 PM;932;27.1;27.8;0.2;0.2;
10/29/2019 4:03:12 PM;933;27.1;27.8;0.2;0.2;
10/29/2019 4:03:13 PM;934;27.1;27.9;0.2;0.2;
10/29/2019 4:03:14 PM;935;27.1;27.9;0.2;0.2;
10/29/2019 4:03:15 PM;936;27.1;28.0;0.2;0.2;
10/29/2019 4:03:16 PM;937;27.1;28.0;0.2;0.2;
10/29/2019 4:03:17 PM;938;27.1;28.0;0.2;0.2;
10/29/2019 4:03:18 PM;939;27.1;28.0;0.2;0.2;
10/29/2019 4:03:19 PM;940;27.1;28.0;0.2;0.2;
10/29/2019 4:03:20 PM;941;27.1;28.0;0.2;0.2;
10/29/2019 4:03:21 PM;942;27.2;28.0;0.2;0.2;
10/29/2019 4:03:22 PM;943;27.2;28.0;0.2;0.2;
10/29/2019 4:03:23 PM;944;27.2;28.0;0.2;0.2;
10/29/2019 4:03:24 PM;945;27.2;28.1;0.2;0.2;
10/29/2019 4:03:25 PM;946;27.3;28.1;0.2;0.2;
10/29/2019 4:03:26 PM;947;27.4;28.2;0.2;0.2;
10/29/2019 4:03:27 PM;948;27.4;28.2;0.2;0.2;
10/29/2019 4:03:28 PM;949;27.4;28.2;0.2;0.2;
10/29/2019 4:03:29 PM;950;27.5;28.2;0.2;0.2;
10/29/2019 4:03:30 PM;951;27.5;28.2;0.2;0.2;
10/29/2019 4:03:31 PM;952;27.5;28.2;0.2;0.2;
10/29/2019 4:03:32 PM;953;27.5;28.2;0.2;0.2;
10/29/2019 4:03:33 PM;954;27.5;28.2;0.2;0.2;
10/29/2019 4:03:34 PM;955;27.5;28.2;0.2;0.2;
10/29/2019 4:03:35 PM;956;27.5;28.3;0.2;0.2;
10/29/2019 4:03:36 PM;957;27.6;28.3;0.2;0.2;
10/29/2019 4:03:37 PM;958;27.6;28.4;0.2;0.2;
10/29/2019 4:03:38 PM;959;27.7;28.4;0.2;0.2;
10/29/2019 4:03:39 PM;960;27.8;28.4;0.2;0.2;
10/29/2019 4:03:40 PM;961;28.0;28.4;0.2;0.2;
10/29/2019 4:03:41 PM;962;28.2;28.4;0.2;0.2;
10/29/2019 4:03:42 PM;963;28.3;28.4;0.2;0.2;
10/29/2019 4:03:43 PM;964;28.5;28.4;0.2;0.2;
10/29/2019 4:03:44 PM;965;28.6;28.4;0.2;0.2;
10/29/2019 4:03:45 PM;966;28.7;28.4;0.2;0.2;
10/29/2019 4:03:46 PM;967;28.8;28.4;0.2;0.2;
10/29/2019 4:03:47 PM;968;28.8;28.4;0.2;0.2;
10/29/2019 4:03:48 PM;969;28.8;28.4;0.2;0.2;
10/29/2019 4:03:49 PM;970;28.8;28.4;0.2;0.2;
10/29/2019 4:03:50 PM;971;28.8;28.4;0.2;0.2;
10/29/2019 4:03:51 PM;972;28.8;28.4;0.2;0.2;
10/29/2019 4:03:52 PM;973;28.8;28.4;0.2;0.2;
10/29/2019 4:03:53 PM;974;28.8;28.4;0.2;0.2;
10/29/2019 4:03:54 PM;975;28.8;28.4;0.2;0.2;
10/29/2019 4:03:55 PM;976;28.8;28.4;0.2;0.2;
10/29/2019 4:03:56 PM;977;28.8;28.5;0.2;0.2;
10/29/2019 4:03:57 PM;978;28.8;28.5;0.2;0.2;
10/29/2019 4:03:58 PM;979;28.9;28.5;0.2;0.2;
10/29/2019 4:03:59 PM;980;28.9;28.6;0.2;0.2;
10/29/2019 4:04:00 PM;981;29.0;28.6;0.2;0.2;
10/29/2019 4:04:01 PM;982;29.0;28.7;0.2;0.2;
10/29/2019 4:04:02 PM;983;29.0;28.7;0.2;0.2;
10/29/2019 4:04:03 PM;984;29.0;28.8;0.2;0.2;
10/29/2019 4:04:04 PM;985;29.1;28.8;0.2;0.2;
10/29/2019 4:04:05 PM;986;29.1;28.9;0.2;0.2;
10/29/2019 4:04:06 PM;987;29.2;28.9;0.2;0.2;
10/29/2019 4:04:07 PM;988;29.6;29.0;0.2;0.2;
10/29/2019 4:04:08 PM;989;29.9;29.0;0.2;0.2;
10/29/2019 4:04:09 PM;990;30.2;29.0;0.2;0.2;
10/29/2019 4:04:10 PM;991;30.5;29.1;0.2;0.2;
10/29/2019 4:04:11 PM;992;30.7;29.1;0.2;0.2;
10/29/2019 4:04:12 PM;993;30.7;29.2;0.2;0.2;
10/29/2019 4:04:13 PM;994;30.6;29.3;0.2;0.2;
10/29/2019 4:04:14 PM;995;30.5;29.4;0.2;0.2;
10/29/2019 4:04:15 PM;996;30.5;29.6;0.2;0.2;
10/29/2019 4:04:16 PM;997;30.5;29.7;0.2;0.2;
10/29/2019 4:04:17 PM;998;30.6;29.8;0.2;0.2;
10/29/2019 4:04:18 PM;999;30.7;29.9;0.2;0.2;
10/29/2019 4:04:19 PM;1000;30.8;30.0;0.2;0.2;
10/29/2019 4:04:20 PM;1001;30.9;30.0;0.2;0.2;
10/29/2019 4:04:21 PM;1002;31.0;30.1;0.2;0.2;
10/29/2019 4:04:22 PM;1003;31.2;30.1;0.2;0.2;
10/29/2019 4:04:23 PM;1004;31.4;30.2;0.2;0.2;
10/29/2019 4:04:24 PM;1005;31.7;30.2;0.2;0.2;
10/29/2019 4:04:25 PM;1006;31.9;30.3;0.2;0.2;
10/29/2019 4:04:26 PM;1007;32.0;30.3;0.2;0.2;
10/29/2019 4:04:27 PM;1008;32.2;30.4;0.2;0.2;
10/29/2019 4:04:28 PM;1009;32.2;30.5;0.2;0.2;
10/29/2019 4:04:29 PM;1010;32.2;30.6;0.2;0.2;
10/29/2019 4:04:30 PM;1011;32.3;30.7;0.2;0.2;
10/29/2019 4:04:31 PM;1012;32.4;30.7;0.2;0.2;
10/29/2019 4:04:32 PM;1013;32.5;30.9;0.2;0.2;
10/29/2019 4:04:33 PM;1014;32.6;30.9;0.2;0.2;
10/29/2019 4:04:34 PM;1015;32.6;31.0;0.2;0.2;
10/29/2019 4:04:35 PM;1016;32.6;31.0;0.2;0.2;
10/29/2019 4:04:36 PM;1017;32.6;31.1;0.2;0.2;
10/29/2019 4:04:37 PM;1018;32.6;31.2;0.2;0.2;
10/29/2019 4:04:38 PM;1019;32.7;31.2;0.2;0.2;
10/29/2019 4:04:39 PM;1020;32.7;31.3;0.2;0.2;
10/29/2019 4:04:40 PM;1021;32.8;31.3;0.2;0.2;
10/29/2019 4:04:41 PM;1022;32.7;31.3;0.2;0.2;
10/29/2019 4:04:42 PM;1023;32.7;31.3;0.2;0.2;
10/29/2019 4:04:43 PM;1024;32.6;31.4;0.2;0.2;
10/29/2019 4:04:44 PM;1025;32.6;31.4;0.2;0.2;
10/29/2019 4:04:45 PM;1026;32.5;31.4;0.2;0.2;
10/29/2019 4:04:46 PM;1027;32.5;31.4;0.2;0.2;
10/29/2019 4:04:47 PM;1028;32.4;31.4;0.2;0.2;
10/29/2019 4:04:48 PM;1029;32.4;31.4;0.2;0.2;
10/29/2019 4:04:49 PM;1030;32.5;31.5;0.2;0.2;
10/29/2019 4:04:50 PM;1031;32.6;31.5;0.2;0.2;
10/29/2019 4:04:51 PM;1032;32.6;31.6;0.2;0.2;
10/29/2019 4:04:52 PM;1033;32.8;31.6;0.2;0.2;
10/29/2019 4:04:53 PM;1034;32.8;31.7;0.2;0.2;
10/29/2019 4:04:54 PM;1035;32.9;31.8;0.2;0.2;
10/29/2019 4:04:55 PM;1036;33.0;31.9;0.2;0.2;
10/29/2019 4:04:56 PM;1037;33.1;32.0;0.2;0.2;
10/29/2019 4:04:57 PM;1038;33.2;32.1;0.2;0.2;
10/29/2019 4:04:58 PM;1039;33.2;32.2;0.2;0.2;
10/29/2019 4:04:59 PM;1040;33.3;32.3;0.2;0.2;
10/29/2019 4:05:00 PM;1041;33.3;32.4;0.2;0.2;
10/29/2019 4:05:01 PM;1042;33.4;32.4;0.2;0.2;
10/29/2019 4:05:02 PM;1043;33.5;32.5;0.2;0.2;
10/29/2019 4:05:03 PM;1044;33.6;32.5;0.2;0.2;
10/29/2019 4:05:04 PM;1045;33.6;32.6;0.2;0.2;
10/29/2019 4:05:05 PM;1046;33.7;32.6;0.2;0.2;
10/29/2019 4:05:06 PM;1047;33.8;32.7;0.2;0.2;
10/29/2019 4:05:07 PM;1048;33.9;32.8;0.2;0.2;
10/29/2019 4:05:08 PM;1049;34.1;32.8;0.2;0.2;
10/29/2019 4:05:09 PM;1050;34.2;32.9;0.2;0.2;
10/29/2019 4:05:10 PM;1051;34.3;32.9;0.2;0.2;
10/29/2019 4:05:11 PM;1052;34.3;33.0;0.2;0.2;
10/29/2019 4:05:12 PM;1053;34.3;33.0;0.2;0.2;
10/29/2019 4:05:13 PM;1054;34.3;33.0;0.2;0.2;
10/29/2019 4:05:14 PM;1055;34.3;33.0;0.2;0.2;
10/29/2019 4:05:15 PM;1056;34.3;33.1;0.2;0.2;
10/29/2019 4:05:16 PM;1057;34.3;33.2;0.2;0.2;
10/29/2019 4:05:17 PM;1058;34.3;33.3;0.2;0.2;
10/29/2019 4:05:18 PM;1059;34.4;33.4;0.2;0.2;
10/29/2019 4:05:19 PM;1060;34.4;33.6;0.2;0.2;
10/29/2019 4:05:20 PM;1061;34.4;33.7;0.2;0.2;
10/29/2019 4:05:21 PM;1062;34.5;33.8;0.2;0.2;
10/29/2019 4:05:22 PM;1063;34.5;34.0;0.2;0.2;
10/29/2019 4:05:23 PM;1064;34.5;34.1;0.2;0.2;
10/29/2019 4:05:24 PM;1065;34.5;34.2;0.2;0.2;
10/29/2019 4:05:25 PM;1066;34.5;34.3;0.2;0.2;
10/29/2019 4:05:26 PM;1067;34.6;34.4;0.2;0.2;
10/29/2019 4:05:27 PM;1068;34.6;34.4;0.2;0.2;
10/29/2019 4:05:28 PM;1069;34.7;34.5;0.2;0.2;
10/29/2019 4:05:29 PM;1070;34.7;34.5;0.2;0.2;
10/29/2019 4:05:30 PM;1071;34.8;34.5;0.2;0.2;
10/29/2019 4:05:31 PM;1072;34.8;34.5;0.2;0.2;
10/29/2019 4:05:32 PM;1073;34.9;34.5;0.2;0.2;
10/29/2019 4:05:33 PM;1074;35.0;34.5;0.2;0.2;
10/29/2019 4:05:34 PM;1075;35.1;34.6;0.2;0.2;
10/29/2019 4:05:35 PM;1076;35.1;34.8;0.2;0.2;
10/29/2019 4:05:36 PM;1077;35.2;34.9;0.2;0.2;
10/29/2019 4:05:37 PM;1078;35.3;35.1;0.2;0.2;
10/29/2019 4:05:38 PM;1079;35.3;35.2;0.2;0.2;
10/29/2019 4:05:39 PM;1080;35.3;35.4;0.2;0.2;
10/29/2019 4:05:40 PM;1081;35.4;35.4;0.2;0.2;
10/29/2019 4:05:41 PM;1082;35.4;35.5;0.2;0.2;
10/29/2019 4:05:42 PM;1083;35.4;35.6;0.2;0.2;
10/29/2019 4:05:43 PM;1084;35.4;35.7;0.2;0.2;
10/29/2019 4:05:44 PM;1085;35.4;35.8;0.2;0.2;
10/29/2019 4:05:45 PM;1086;35.4;35.9;0.2;0.2;
10/29/2019 4:05:46 PM;1087;35.5;36.1;0.2;0.2;
10/29/2019 4:05:47 PM;1088;35.5;36.2;0.2;0.2;
10/29/2019 4:05:48 PM;1089;35.5;36.2;0.2;0.2;
10/29/2019 4:05:49 PM;1090;35.5;36.2;0.2;0.2;
10/29/2019 4:05:50 PM;1091;35.5;36.2;0.2;0.2;
10/29/2019 4:05:51 PM;1092;35.5;36.2;0.2;0.2;
10/29/2019 4:05:52 PM;1093;35.5;36.1;0.2;0.2;
10/29/2019 4:05:53 PM;1094;35.5;36.1;0.2;0.2;
10/29/2019 4:05:54 PM;1095;35.5;36.1;0.2;0.2;
10/29/2019 4:05:55 PM;1096;35.6;36.1;0.2;0.2;
10/29/2019 4:05:56 PM;1097;35.6;36.1;0.2;0.2;
10/29/2019 4:05:57 PM;1098;35.7;36.2;0.2;0.2;
10/29/2019 4:05:58 PM;1099;35.9;36.2;0.2;0.2;
10/29/2019 4:05:59 PM;1100;36.0;36.3;0.2;0.2;
10/29/2019 4:06:00 PM;1101;36.1;36.4;0.2;0.2;
10/29/2019 4:06:01 PM;1102;36.2;36.4;0.2;0.2;
10/29/2019 4:06:02 PM;1103;36.2;36.5;0.2;0.2;
10/29/2019 4:06:03 PM;1104;36.2;36.6;0.2;0.2;
10/29/2019 4:06:04 PM;1105;36.2;36.6;0.2;0.2;
10/29/2019 4:06:05 PM;1106;36.2;36.7;0.2;0.2;
10/29/2019 4:06:06 PM;1107;36.2;36.7;0.2;0.2;
10/29/2019 4:06:07 PM;1108;36.2;36.8;0.2;0.2;
10/29/2019 4:06:08 PM;1109;36.2;36.8;0.2;0.2;
10/29/2019 4:06:09 PM;1110;36.2;36.8;0.2;0.2;
10/29/2019 4:06:10 PM;1111;36.2;36.8;0.2;0.2;
10/29/2019 4:06:11 PM;1112;36.2;36.8;0.2;0.2;
10/29/2019 4:06:12 PM;1113;36.2;36.8;0.2;0.2;
10/29/2019 4:06:13 PM;1114;36.2;36.8;0.2;0.2;
10/29/2019 4:06:14 PM;1115;36.2;36.8;0.2;0.2;
10/29/2019 4:06:15 PM;1116;36.2;36.8;0.2;0.2;
10/29/2019 4:06:16 PM;1117;36.3;36.8;0.2;0.2;
10/29/2019 4:06:17 PM;1118;36.4;36.9;0.2;0.2;
10/29/2019 4:06:18 PM;1119;36.5;36.9;0.2;0.2;
10/29/2019 4:06:19 PM;1120;36.6;37.0;0.2;0.2;
10/29/2019 4:06:20 PM;1121;36.8;37.0;0.2;0.2;
10/29/2019 4:06:21 PM;1122;36.8;37.0;0.2;0.2;
10/29/2019 4:06:22 PM;1123;36.8;37.0;0.2;0.2;
10/29/2019 4:06:23 PM;1124;36.7;37.1;0.2;0.2;
10/29/2019 4:06:24 PM;1125;36.7;37.2;0.2;0.2;
10/29/2019 4:06:25 PM;1126;36.6;37.3;0.2;0.2;
10/29/2019 4:06:26 PM;1127;36.6;37.3;0.2;0.2;
10/29/2019 4:06:27 PM;1128;36.6;37.4;0.2;0.2;
10/29/2019 4:06:28 PM;1129;36.6;37.5;0.2;0.2;
10/29/2019 4:06:29 PM;1130;36.6;37.5;0.2;0.2;
10/29/2019 4:06:30 PM;1131;36.6;37.5;0.2;0.2;
10/29/2019 4:06:31 PM;1132;36.6;37.5;0.2;0.2;
10/29/2019 4:06:32 PM;1133;36.6;37.5;0.2;0.2;
10/29/2019 4:06:33 PM;1134;36.6;37.5;0.2;0.2;
10/29/2019 4:06:34 PM;1135;36.6;37.5;0.2;0.2;
10/29/2019 4:06:35 PM;1136;36.6;37.5;0.2;0.2;
10/29/2019 4:06:36 PM;1137;36.6;37.5;0.2;0.2;
10/29/2019 4:06:37 PM;1138;36.7;37.6;0.2;0.2;
10/29/2019 4:06:38 PM;1139;36.9;37.7;0.2;0.2;
10/29/2019 4:06:39 PM;1140;37.1;37.8;0.2;0.2;
10/29/2019 4:06:40 PM;1141;37.3;37.9;0.2;0.2;
10/29/2019 4:06:41 PM;1142;37.4;37.9;0.2;0.2;
10/29/2019 4:06:42 PM;1143;37.6;38.0;0.2;0.2;
10/29/2019 4:06:43 PM;1144;37.6;38.0;0.2;0.2;
10/29/2019 4:06:44 PM;1145;37.5;38.1;0.2;0.2;
10/29/2019 4:06:45 PM;1146;37.6;38.1;0.2;0.2;
10/29/2019 4:06:46 PM;1147;37.5;38.2;0.2;0.2;
10/29/2019 4:06:47 PM;1148;37.5;38.2;0.2;0.2;
10/29/2019 4:06:48 PM;1149;37.5;38.3;0.2;0.2;
10/29/2019 4:06:49 PM;1150;37.5;38.3;0.2;0.2;
10/29/2019 4:06:50 PM;1151;37.5;38.3;0.2;0.2;
10/29/2019 4:06:51 PM;1152;37.5;38.3;0.2;0.2;
10/29/2019 4:06:52 PM;1153;37.5;38.4;0.2;0.2;
10/29/2019 4:06:53 PM;1154;37.5;38.4;0.2;0.2;
10/29/2019 4:06:54 PM;1155;37.5;38.5;0.2;0.2;
10/29/2019 4:06:55 PM;1156;37.5;38.5;0.2;0.2;
10/29/2019 4:06:56 PM;1157;37.5;38.5;0.2;0.2;
10/29/2019 4:06:57 PM;1158;37.5;38.5;0.2;0.2;
10/29/2019 4:06:58 PM;1159;37.5;38.5;0.2;0.2;
10/29/2019 4:06:59 PM;1160;37.5;38.5;0.2;0.2;
10/29/2019 4:07:00 PM;1161;37.5;38.5;0.2;0.2;
10/29/2019 4:07:01 PM;1162;37.5;38.5;0.2;0.2;
10/29/2019 4:07:02 PM;1163;37.5;38.5;0.2;0.2;
10/29/2019 4:07:03 PM;1164;37.4;38.5;0.2;0.2;
10/29/2019 4:07:04 PM;1165;37.4;38.5;0.2;0.2;
10/29/2019 4:07:05 PM;1166;37.4;38.6;0.2;0.2;
10/29/2019 4:07:06 PM;1167;37.4;38.6;0.2;0.2;
10/29/2019 4:07:07 PM;1168;37.4;38.7;0.2;0.2;
10/29/2019 4:07:08 PM;1169;37.4;38.7;0.2;0.2;
10/29/2019 4:07:09 PM;1170;37.3;38.7;0.2;0.2;
10/29/2019 4:07:10 PM;1171;37.3;38.8;0.2;0.2;
10/29/2019 4:07:11 PM;1172;37.3;38.9;0.2;0.2;
10/29/2019 4:07:12 PM;1173;37.3;39.0;0.2;0.2;
10/29/2019 4:07:13 PM;1174;37.4;39.0;0.2;0.2;
10/29/2019 4:07:14 PM;1175;37.4;39.1;0.2;0.2;
10/29/2019 4:07:15 PM;1176;37.5;39.1;0.2;0.2;
10/29/2019 4:07:16 PM;1177;37.5;39.1;0.2;0.2;
10/29/2019 4:07:17 PM;1178;37.5;39.1;0.2;0.2;
10/29/2019 4:07:18 PM;1179;37.4;39.1;0.2;0.2;
10/29/2019 4:07:19 PM;1180;37.4;39.2;0.2;0.2;
10/29/2019 4:07:20 PM;1181;37.4;39.2;0.2;0.2;
10/29/2019 4:07:21 PM;1182;37.5;39.3;0.2;0.2;
10/29/2019 4:07:22 PM;1183;37.5;39.3;0.2;0.2;
10/29/2019 4:07:23 PM;1184;37.5;39.3;0.2;0.2;
10/29/2019 4:07:24 PM;1185;37.5;39.3;0.2;0.2;
10/29/2019 4:07:25 PM;1186;37.4;39.4;0.2;0.2;
10/29/2019 4:07:26 PM;1187;37.4;39.4;0.2;0.2;
10/29/2019 4:07:27 PM;1188;37.4;39.4;0.2;0.2;
10/29/2019 4:07:28 PM;1189;37.3;39.4;0.2;0.2;
10/29/2019 4:07:29 PM;1190;37.3;39.4;0.2;0.2;
10/29/2019 4:07:30 PM;1191;37.3;39.4;0.2;0.2;
10/29/2019 4:07:31 PM;1192;37.3;39.4;0.2;0.2;
10/29/2019 4:07:32 PM;1193;37.3;39.4;0.2;0.2;
10/29/2019 4:07:33 PM;1194;37.3;39.5;0.2;0.2;
10/29/2019 4:07:34 PM;1195;37.3;39.5;0.2;0.2;
10/29/2019 4:07:35 PM;1196;37.3;39.5;0.2;0.2;
10/29/2019 4:07:36 PM;1197;37.3;39.5;0.2;0.2;
10/29/2019 4:07:37 PM;1198;37.3;39.6;0.2;0.2;
10/29/2019 4:07:38 PM;1199;37.3;39.6;0.2;0.2;
10/29/2019 4:07:39 PM;1200;37.3;39.6;0.2;0.2;
10/29/2019 4:07:40 PM;1201;37.3;39.6;0.2;0.2;
10/29/2019 4:07:41 PM;1202;37.3;39.6;0.2;0.2;
10/29/2019 4:07:42 PM;1203;37.3;39.6;0.2;0.2;
10/29/2019 4:07:43 PM;1204;37.3;39.6;0.2;0.2;
10/29/2019 4:07:44 PM;1205;37.3;39.6;0.2;0.2;
10/29/2019 4:07:45 PM;1206;37.3;39.6;0.2;0.2;
10/29/2019 4:07:46 PM;1207;37.3;39.6;0.2;0.2;
10/29/2019 4:07:47 PM;1208;37.3;39.6;0.2;0.2;
10/29/2019 4:07:48 PM;1209;37.3;39.6;0.2;0.2;
10/29/2019 4:07:49 PM;1210;37.4;39.6;0.2;0.2;
10/29/2019 4:07:50 PM;1211;37.4;39.6;0.2;0.2;
10/29/2019 4:07:51 PM;1212;37.3;39.6;0.2;0.2;
10/29/2019 4:07:52 PM;1213;37.3;39.6;0.2;0.2;
10/29/2019 4:07:53 PM;1214;37.3;39.6;0.2;0.2;
10/29/2019 4:07:54 PM;1215;37.3;39.6;0.2;0.2;
10/29/2019 4:07:55 PM;1216;37.3;39.6;0.2;0.2;
10/29/2019 4:07:56 PM;1217;37.3;39.6;0.2;0.2;
10/29/2019 4:07:57 PM;1218;37.2;39.6;0.2;0.2;
10/29/2019 4:07:58 PM;1219;37.2;39.6;0.2;0.2;
10/29/2019 4:07:59 PM;1220;37.2;39.6;0.2;0.2;
10/29/2019 4:08:00 PM;1221;37.2;39.6;0.2;0.2;
10/29/2019 4:08:01 PM;1222;37.2;39.6;0.2;0.2;
10/29/2019 4:08:02 PM;1223;37.2;39.6;0.2;0.2;
10/29/2019 4:08:03 PM;1224;37.2;39.6;0.2;0.2;
10/29/2019 4:08:04 PM;1225;37.2;39.6;0.2;0.2;
10/29/2019 4:08:05 PM;1226;37.2;39.6;0.2;0.2;
10/29/2019 4:08:06 PM;1227;37.2;39.6;0.2;0.2;
10/29/2019 4:08:07 PM;1228;37.2;39.6;0.2;0.2;
10/29/2019 4:08:08 PM;1229;37.2;39.6;0.2;0.2;
10/29/2019 4:08:09 PM;1230;37.2;39.6;0.2;0.2;
10/29/2019 4:08:10 PM;1231;37.1;39.6;0.2;0.2;
10/29/2019 4:08:11 PM;1232;37.1;39.6;0.2;0.2;
10/29/2019 4:08:12 PM;1233;37.0;39.6;0.2;0.2;
10/29/2019 4:08:13 PM;1234;37.0;39.6;0.2;0.2;
10/29/2019 4:08:14 PM;1235;37.0;39.6;0.2;0.2;
10/29/2019 4:08:15 PM;1236;37.0;39.6;0.2;0.2;
10/29/2019 4:08:16 PM;1237;37.0;39.7;0.2;0.2;
10/29/2019 4:08:17 PM;1238;37.0;39.7;0.2;0.2;
10/29/2019 4:08:18 PM;1239;37.0;39.7;0.2;0.2;
10/29/2019 4:08:19 PM;1240;37.1;39.7;0.2;0.2;
10/29/2019 4:08:20 PM;1241;37.1;39.7;0.2;0.2;
10/29/2019 4:08:21 PM;1242;37.1;39.7;0.2;0.2;
10/29/2019 4:08:22 PM;1243;37.2;39.6;0.2;0.2;
10/29/2019 4:08:23 PM;1244;37.2;39.6;0.2;0.2;
10/29/2019 4:08:24 PM;1245;37.2;39.6;0.2;0.2;
10/29/2019 4:08:25 PM;1246;37.2;39.6;0.2;0.2;
10/29/2019 4:08:26 PM;1247;37.2;39.6;0.2;0.2;
10/29/2019 4:08:27 PM;1248;37.2;39.6;0.2;0.2;
10/29/2019 4:08:28 PM;1249;37.1;39.6;0.2;0.2;
10/29/2019 4:08:29 PM;1250;37.1;39.6;0.2;0.2;
10/29/2019 4:08:30 PM;1251;37.1;39.6;0.2;0.2;
10/29/2019 4:08:31 PM;1252;37.1;39.6;0.2;0.2;
10/29/2019 4:08:32 PM;1253;37.1;39.6;0.2;0.2;
10/29/2019 4:08:33 PM;1254;37.2;39.6;0.2;0.2;
10/29/2019 4:08:34 PM;1255;37.2;39.6;0.2;0.2;
10/29/2019 4:08:35 PM;1256;37.2;39.6;0.2;0.2;
10/29/2019 4:08:36 PM;1257;37.2;39.5;0.2;0.2;
10/29/2019 4:08:37 PM;1258;37.2;39.5;0.2;0.2;
10/29/2019 4:08:38 PM;1259;37.2;39.4;0.2;0.2;
10/29/2019 4:08:39 PM;1260;37.2;39.4;0.2;0.2;
10/29/2019 4:08:40 PM;1261;37.2;39.4;0.2;0.2;
10/29/2019 4:08:41 PM;1262;37.1;39.4;0.2;0.2;
10/29/2019 4:08:42 PM;1263;37.1;39.4;0.2;0.2;
10/29/2019 4:08:43 PM;1264;37.0;39.4;0.2;0.2;
10/29/2019 4:08:44 PM;1265;37.0;39.4;0.2;0.2;
10/29/2019 4:08:45 PM;1266;37.0;39.4;0.2;0.2;
10/29/2019 4:08:46 PM;1267;37.0;39.4;0.2;0.2;
10/29/2019 4:08:47 PM;1268;37.0;39.4;0.2;0.2;
10/29/2019 4:08:48 PM;1269;37.0;39.4;0.2;0.2;
10/29/2019 4:08:49 PM;1270;36.9;39.3;0.2;0.2;
10/29/2019 4:08:50 PM;1271;36.9;39.3;0.2;0.2;
10/29/2019 4:08:51 PM;1272;36.8;39.3;0.2;0.2;
10/29/2019 4:08:52 PM;1273;36.8;39.3;0.2;0.2;
10/29/2019 4:08:53 PM;1274;36.8;39.3;0.2;0.2;
10/29/2019 4:08:54 PM;1275;36.8;39.3;0.2;0.2;
10/29/2019 4:08:55 PM;1276;36.8;39.3;0.2;0.2;
10/29/2019 4:08:56 PM;1277;36.8;39.3;0.2;0.2;
10/29/2019 4:08:57 PM;1278;36.8;39.2;0.2;0.2;
10/29/2019 4:08:58 PM;1279;36.8;39.2;0.2;0.2;
10/29/2019 4:08:59 PM;1280;36.8;39.2;0.2;0.2;
10/29/2019 4:09:00 PM;1281;36.8;39.1;0.2;0.2;
10/29/2019 4:09:01 PM;1282;36.8;39.1;0.2;0.2;
10/29/2019 4:09:02 PM;1283;36.8;39.1;0.2;0.2;
10/29/2019 4:09:03 PM;1284;36.8;39.1;0.2;0.2;
10/29/2019 4:09:04 PM;1285;36.8;39.1;0.2;0.2;
10/29/2019 4:09:05 PM;1286;36.8;39.1;0.2;0.2;
10/29/2019 4:09:06 PM;1287;36.8;39.1;0.2;0.2;
10/29/2019 4:09:07 PM;1288;36.8;39.1;0.2;0.2;
10/29/2019 4:09:08 PM;1289;36.8;39.1;0.2;0.2;
10/29/2019 4:09:09 PM;1290;36.7;39.1;0.2;0.2;
10/29/2019 4:09:10 PM;1291;36.6;39.1;0.2;0.2;
10/29/2019 4:09:11 PM;1292;36.4;39.1;0.2;0.2;
10/29/2019 4:09:12 PM;1293;36.3;39.1;0.2;0.2;
10/29/2019 4:09:13 PM;1294;36.2;39.1;0.2;0.2;
10/29/2019 4:09:14 PM;1295;36.2;39.1;0.2;0.2;
10/29/2019 4:09:15 PM;1296;36.2;39.1;0.2;0.2;
10/29/2019 4:09:16 PM;1297;36.2;39.1;0.2;0.2;
10/29/2019 4:09:17 PM;1298;36.2;39.1;0.2;0.2;
10/29/2019 4:09:18 PM;1299;36.2;39.1;0.2;0.2;
10/29/2019 4:09:19 PM;1300;36.2;39.1;0.2;0.2;
10/29/2019 4:09:20 PM;1301;36.2;39.1;0.2;0.2;
10/29/2019 4:09:21 PM;1302;36.2;39.1;0.2;0.2;
10/29/2019 4:09:22 PM;1303;36.2;39.1;0.2;0.2;
10/29/2019 4:09:23 PM;1304;36.2;39.1;0.2;0.2;
10/29/2019 4:09:24 PM;1305;36.2;39.1;0.2;0.2;
10/29/2019 4:09:25 PM;1306;36.2;39.1;0.2;0.2;
10/29/2019 4:09:26 PM;1307;36.2;39.1;0.2;0.2;
10/29/2019 4:09:27 PM;1308;36.2;39.1;0.2;0.2;
10/29/2019 4:09:28 PM;1309;36.2;39.0;0.2;0.2;
10/29/2019 4:09:29 PM;1310;36.2;39.0;0.2;0.2;
10/29/2019 4:09:30 PM;1311;36.1;39.0;0.2;0.2;
10/29/2019 4:09:31 PM;1312;36.1;39.0;0.2;0.2;
10/29/2019 4:09:32 PM;1313;36.0;39.0;0.2;0.2;
10/29/2019 4:09:33 PM;1314;36.0;39.0;0.2;0.2;
10/29/2019 4:09:34 PM;1315;36.0;38.9;0.2;0.2;
10/29/2019 4:09:35 PM;1316;36.0;38.9;0.2;0.2;
10/29/2019 4:09:36 PM;1317;36.0;38.9;0.2;0.2;
10/29/2019 4:09:37 PM;1318;36.0;38.9;0.2;0.2;
10/29/2019 4:09:38 PM;1319;36.0;38.9;0.2;0.2;
10/29/2019 4:09:39 PM;1320;36.0;38.9;0.2;0.2;
10/29/2019 4:09:40 PM;1321;36.0;38.9;0.2;0.2;
10/29/2019 4:09:41 PM;1322;36.0;38.8;0.2;0.2;
10/29/2019 4:09:42 PM;1323;36.0;38.8;0.2;0.2;
10/29/2019 4:09:43 PM;1324;36.0;38.7;0.2;0.2;
10/29/2019 4:09:44 PM;1325;36.0;38.7;0.2;0.2;
10/29/2019 4:09:45 PM;1326;36.0;38.7;0.2;0.2;
10/29/2019 4:09:46 PM;1327;36.0;38.6;0.2;0.2;
10/29/2019 4:09:47 PM;1328;36.0;38.6;0.2;0.2;
10/29/2019 4:09:48 PM;1329;36.0;38.6;0.2;0.2;
10/29/2019 4:09:49 PM;1330;36.0;38.6;0.2;0.2;
10/29/2019 4:09:50 PM;1331;36.0;38.5;0.2;0.2;
10/29/2019 4:09:51 PM;1332;36.0;38.6;0.2;0.2;
10/29/2019 4:09:52 PM;1333;36.0;38.6;0.2;0.2;
10/29/2019 4:09:53 PM;1334;36.0;38.6;0.2;0.2;
10/29/2019 4:09:54 PM;1335;36.0;38.6;0.2;0.2;
10/29/2019 4:09:55 PM;1336;36.0;38.7;0.2;0.2;
10/29/2019 4:09:56 PM;1337;36.0;38.7;0.2;0.2;
10/29/2019 4:09:57 PM;1338;35.9;38.6;0.2;0.2;
10/29/2019 4:09:58 PM;1339;35.8;38.6;0.2;0.2;
10/29/2019 4:09:59 PM;1340;35.7;38.5;0.2;0.2;
10/29/2019 4:10:00 PM;1341;35.6;38.5;0.2;0.2;
10/29/2019 4:10:01 PM;1342;35.5;38.5;0.2;0.2;
10/29/2019 4:10:02 PM;1343;35.4;38.5;0.2;0.2;
10/29/2019 4:10:03 PM;1344;35.3;38.5;0.2;0.2;
10/29/2019 4:10:04 PM;1345;35.3;38.5;0.2;0.2;
10/29/2019 4:10:05 PM;1346;35.3;38.5;0.2;0.2;
10/29/2019 4:10:06 PM;1347;35.3;38.5;0.2;0.2;
10/29/2019 4:10:07 PM;1348;35.3;38.5;0.2;0.2;
10/29/2019 4:10:08 PM;1349;35.3;38.5;0.2;0.2;
10/29/2019 4:10:09 PM;1350;35.3;38.5;0.2;0.2;
10/29/2019 4:10:10 PM;1351;35.3;38.5;0.2;0.2;
10/29/2019 4:10:11 PM;1352;35.3;38.5;0.2;0.2;
10/29/2019 4:10:12 PM;1353;35.3;38.5;0.2;0.2;
10/29/2019 4:10:13 PM;1354;35.3;38.5;0.2;0.2;
10/29/2019 4:10:14 PM;1355;35.3;38.5;0.2;0.2;
10/29/2019 4:10:15 PM;1356;35.3;38.5;0.2;0.2;
10/29/2019 4:10:16 PM;1357;35.3;38.5;0.2;0.2;
10/29/2019 4:10:17 PM;1358;35.2;38.5;0.2;0.2;
10/29/2019 4:10:18 PM;1359;35.1;38.5;0.2;0.2;
10/29/2019 4:10:19 PM;1360;35.1;38.4;0.2;0.2;
10/29/2019 4:10:20 PM;1361;35.1;38.4;0.2;0.2;
10/29/2019 4:10:21 PM;1362;35.1;38.3;0.2;0.2;
10/29/2019 4:10:22 PM;1363;35.1;38.3;0.2;0.2;
10/29/2019 4:10:23 PM;1364;35.1;38.3;0.2;0.2;
10/29/2019 4:10:24 PM;1365;35.1;38.3;0.2;0.2;
10/29/2019 4:10:25 PM;1366;35.1;38.3;0.2;0.2;
10/29/2019 4:10:26 PM;1367;35.1;38.3;0.2;0.2;
10/29/2019 4:10:27 PM;1368;35.1;38.2;0.2;0.2;
10/29/2019 4:10:28 PM;1369;35.1;38.2;0.2;0.2;
10/29/2019 4:10:29 PM;1370;35.1;38.1;0.2;0.2;
10/29/2019 4:10:30 PM;1371;35.1;38.1;0.2;0.2;
10/29/2019 4:10:31 PM;1372;35.1;38.1;0.2;0.2;
10/29/2019 4:10:32 PM;1373;35.1;38.1;0.2;0.2;
10/29/2019 4:10:33 PM;1374;35.1;38.1;0.2;0.2;
10/29/2019 4:10:34 PM;1375;35.1;38.0;0.2;0.2;
10/29/2019 4:10:35 PM;1376;35.1;38.0;0.2;0.2;
10/29/2019 4:10:36 PM;1377;35.1;37.9;0.2;0.2;
10/29/2019 4:10:37 PM;1378;35.1;37.8;0.2;0.2;
10/29/2019 4:10:38 PM;1379;35.0;37.7;0.2;0.2;
10/29/2019 4:10:39 PM;1380;35.0;37.7;0.2;0.2;
10/29/2019 4:10:40 PM;1381;34.9;37.7;0.2;0.2;
10/29/2019 4:10:41 PM;1382;34.9;37.7;0.2;0.2;
10/29/2019 4:10:42 PM;1383;34.9;37.7;0.2;0.2;
10/29/2019 4:10:43 PM;1384;34.9;37.8;0.2;0.2;
10/29/2019 4:10:44 PM;1385;34.9;37.8;0.2;0.2;
10/29/2019 4:10:45 PM;1386;34.9;37.9;0.2;0.2;
10/29/2019 4:10:46 PM;1387;34.9;37.9;0.2;0.2;
10/29/2019 4:10:47 PM;1388;34.9;37.9;0.2;0.2;
10/29/2019 4:10:48 PM;1389;34.9;37.9;0.2;0.2;
10/29/2019 4:10:49 PM;1390;34.8;37.9;0.2;0.2;
10/29/2019 4:10:50 PM;1391;34.7;37.9;0.2;0.2;
10/29/2019 4:10:51 PM;1392;34.7;37.8;0.2;0.2;
10/29/2019 4:10:52 PM;1393;34.6;37.8;0.2;0.2;
10/29/2019 4:10:53 PM;1394;34.5;37.7;0.2;0.2;
10/29/2019 4:10:54 PM;1395;34.5;37.7;0.2;0.2;
10/29/2019 4:10:55 PM;1396;34.5;37.7;0.2;0.2;
10/29/2019 4:10:56 PM;1397;34.4;37.7;0.2;0.2;
10/29/2019 4:10:57 PM;1398;34.4;37.7;0.2;0.2;
10/29/2019 4:10:58 PM;1399;34.4;37.7;0.2;0.2;
10/29/2019 4:10:59 PM;1400;34.4;37.7;0.2;0.2;
10/29/2019 4:11:00 PM;1401;34.4;37.7;0.2;0.2;
10/29/2019 4:11:01 PM;1402;34.5;37.7;0.2;0.2;
10/29/2019 4:11:02 PM;1403;34.5;37.7;0.2;0.2;
10/29/2019 4:11:03 PM;1404;34.5;37.6;0.2;0.2;
10/29/2019 4:11:04 PM;1405;34.5;37.6;0.2;0.2;
10/29/2019 4:11:05 PM;1406;34.5;37.6;0.2;0.2;
10/29/2019 4:11:06 PM;1407;34.5;37.6;0.2;0.2;
10/29/2019 4:11:07 PM;1408;34.5;37.6;0.2;0.2;
10/29/2019 4:11:08 PM;1409;34.5;37.6;0.2;0.2;
10/29/2019 4:11:09 PM;1410;34.5;37.6;0.2;0.2;
10/29/2019 4:11:10 PM;1411;34.5;37.6;0.2;0.2;
10/29/2019 4:11:11 PM;1412;34.5;37.6;0.2;0.2;
10/29/2019 4:11:12 PM;1413;34.4;37.5;0.2;0.2;
10/29/2019 4:11:13 PM;1414;34.4;37.5;0.2;0.2;
10/29/2019 4:11:14 PM;1415;34.4;37.4;0.2;0.2;
10/29/2019 4:11:15 PM;1416;34.4;37.3;0.2;0.2;
10/29/2019 4:11:16 PM;1417;34.4;37.2;0.2;0.2;
10/29/2019 4:11:17 PM;1418;34.4;37.1;0.2;0.2;
10/29/2019 4:11:18 PM;1419;34.3;37.0;0.2;0.2;
10/29/2019 4:11:19 PM;1420;34.3;37.0;0.2;0.2;
10/29/2019 4:11:20 PM;1421;34.3;37.0;0.2;0.2;
10/29/2019 4:11:21 PM;1422;34.3;37.0;0.2;0.2;
10/29/2019 4:11:22 PM;1423;34.3;37.0;0.2;0.2;
10/29/2019 4:11:23 PM;1424;34.3;37.0;0.2;0.2;
10/29/2019 4:11:24 PM;1425;34.2;37.1;0.2;0.2;
10/29/2019 4:11:25 PM;1426;34.2;37.1;0.2;0.2;
10/29/2019 4:11:26 PM;1427;34.1;37.2;0.2;0.2;
10/29/2019 4:11:27 PM;1428;34.1;37.1;0.2;0.2;
10/29/2019 4:11:28 PM;1429;34.1;37.1;0.2;0.2;
10/29/2019 4:11:29 PM;1430;34.0;37.0;0.2;0.2;
10/29/2019 4:11:30 PM;1431;34.0;37.0;0.2;0.2;
10/29/2019 4:11:31 PM;1432;34.0;37.0;0.2;0.2;
10/29/2019 4:11:32 PM;1433;34.0;37.0;0.2;0.2;
10/29/2019 4:11:33 PM;1434;33.9;37.0;0.2;0.2;
10/29/2019 4:11:34 PM;1435;33.9;37.0;0.2;0.2;
10/29/2019 4:11:35 PM;1436;33.9;37.0;0.2;0.2;
10/29/2019 4:11:36 PM;1437;33.9;37.0;0.2;0.2;
10/29/2019 4:11:37 PM;1438;33.9;36.9;0.2;0.2;
10/29/2019 4:11:38 PM;1439;33.9;36.9;0.2;0.2;
10/29/2019 4:11:39 PM;1440;33.9;36.9;0.2;0.2;
10/29/2019 4:11:40 PM;1441;33.9;36.9;0.2;0.2;
10/29/2019 4:11:41 PM;1442;33.9;36.9;0.2;0.2;
10/29/2019 4:11:42 PM;1443;33.9;36.9;0.2;0.2;
10/29/2019 4:11:43 PM;1444;33.9;37.0;0.2;0.2;
10/29/2019 4:11:44 PM;1445;33.9;37.0;0.2;0.2;
10/29/2019 4:11:45 PM;1446;33.9;37.0;0.2;0.2;
10/29/2019 4:11:46 PM;1447;33.9;36.9;0.2;0.2;
10/29/2019 4:11:47 PM;1448;33.9;36.9;0.2;0.2;
10/29/2019 4:11:48 PM;1449;33.9;36.8;0.2;0.2;
10/29/2019 4:11:49 PM;1450;33.9;36.8;0.2;0.2;
10/29/2019 4:11:50 PM;1451;33.9;36.7;0.2;0.2;
10/29/2019 4:11:51 PM;1452;33.9;36.6;0.2;0.2;
10/29/2019 4:11:52 PM;1453;33.9;36.6;0.2;0.2;
10/29/2019 4:11:53 PM;1454;33.8;36.5;0.2;0.2;
10/29/2019 4:11:54 PM;1455;33.8;36.4;0.2;0.2;
10/29/2019 4:11:55 PM;1456;33.8;36.4;0.2;0.2;
10/29/2019 4:11:56 PM;1457;33.8;36.4;0.2;0.2;
10/29/2019 4:11:57 PM;1458;33.7;36.4;0.2;0.2;
10/29/2019 4:11:58 PM;1459;33.7;36.4;0.2;0.2;
10/29/2019 4:11:59 PM;1460;33.7;36.4;0.2;0.2;
10/29/2019 4:12:00 PM;1461;33.7;36.4;0.2;0.2;
10/29/2019 4:12:01 PM;1462;33.7;36.4;0.2;0.2;
10/29/2019 4:12:02 PM;1463;33.7;36.4;0.2;0.2;
10/29/2019 4:12:03 PM;1464;33.7;36.3;0.2;0.2;
10/29/2019 4:12:04 PM;1465;33.7;36.3;0.2;0.2;
10/29/2019 4:12:05 PM;1466;33.7;36.2;0.2;0.2;
10/29/2019 4:12:06 PM;1467;33.7;36.1;0.2;0.2;
10/29/2019 4:12:07 PM;1468;33.7;36.0;0.2;0.2;
10/29/2019 4:12:08 PM;1469;33.7;36.0;0.2;0.2;
10/29/2019 4:12:09 PM;1470;33.7;36.0;0.2;0.2;
10/29/2019 4:12:10 PM;1471;33.7;35.9;0.2;0.2;
10/29/2019 4:12:11 PM;1472;33.7;35.9;0.2;0.2;
10/29/2019 4:12:12 PM;1473;33.7;35.8;0.2;0.2;
10/29/2019 4:12:13 PM;1474;33.7;35.8;0.2;0.2;
10/29/2019 4:12:14 PM;1475;33.7;35.7;0.2;0.2;
10/29/2019 4:12:15 PM;1476;33.7;35.6;0.2;0.2;
10/29/2019 4:12:16 PM;1477;33.7;35.6;0.2;0.2;
10/29/2019 4:12:17 PM;1478;33.7;35.5;0.2;0.2;
10/29/2019 4:12:18 PM;1479;33.7;35.5;0.2;0.2;
10/29/2019 4:12:19 PM;1480;33.7;35.5;0.2;0.2;
10/29/2019 4:12:20 PM;1481;33.7;35.5;0.2;0.2;
10/29/2019 4:12:21 PM;1482;33.7;35.4;0.2;0.2;
10/29/2019 4:12:22 PM;1483;33.6;35.4;0.2;0.2;
10/29/2019 4:12:23 PM;1484;33.6;35.4;0.2;0.2;
10/29/2019 4:12:24 PM;1485;33.5;35.4;0.2;0.2;
10/29/2019 4:12:25 PM;1486;33.4;35.5;0.2;0.2;
10/29/2019 4:12:26 PM;1487;33.4;35.4;0.2;0.2;
10/29/2019 4:12:27 PM;1488;33.4;35.4;0.2;0.2;
10/29/2019 4:12:28 PM;1489;33.4;35.4;0.2;0.2;
10/29/2019 4:12:29 PM;1490;33.4;35.4;0.2;0.2;
10/29/2019 4:12:30 PM;1491;33.4;35.4;0.2;0.2;
10/29/2019 4:12:31 PM;1492;33.4;35.5;0.2;0.2;
10/29/2019 4:12:32 PM;1493;33.4;35.5;0.2;0.2;
10/29/2019 4:12:33 PM;1494;33.4;35.5;0.2;0.2;
10/29/2019 4:12:34 PM;1495;33.4;35.4;0.2;0.2;
10/29/2019 4:12:35 PM;1496;33.4;35.4;0.2;0.2;
10/29/2019 4:12:36 PM;1497;33.3;35.4;0.2;0.2;
10/29/2019 4:12:37 PM;1498;33.3;35.4;0.2;0.2;
10/29/2019 4:12:38 PM;1499;33.2;35.4;0.2;0.2;
10/29/2019 4:12:39 PM;1500;33.2;35.4;0.2;0.2;
10/29/2019 4:12:40 PM;1501;33.2;35.4;0.2;0.2;
10/29/2019 4:12:41 PM;1502;33.2;35.3;0.2;0.2;
10/29/2019 4:12:42 PM;1503;33.2;35.3;0.2;0.2;
10/29/2019 4:12:43 PM;1504;33.2;35.3;0.2;0.2;
10/29/2019 4:12:44 PM;1505;33.1;35.3;0.2;0.2;
10/29/2019 4:12:45 PM;1506;33.1;35.3;0.2;0.2;
10/29/2019 4:12:46 PM;1507;33.1;35.2;0.2;0.2;
10/29/2019 4:12:47 PM;1508;33.1;35.2;0.2;0.2;
10/29/2019 4:12:48 PM;1509;33.1;35.1;0.2;0.2;
10/29/2019 4:12:49 PM;1510;33.1;35.1;0.2;0.2;
10/29/2019 4:12:50 PM;1511;33.1;35.0;0.2;0.2;
10/29/2019 4:12:51 PM;1512;33.1;35.0;0.2;0.2;
10/29/2019 4:12:52 PM;1513;33.1;34.9;0.2;0.2;
10/29/2019 4:12:53 PM;1514;33.1;34.9;0.2;0.2;
10/29/2019 4:12:54 PM;1515;33.2;34.9;0.2;0.2;
10/29/2019 4:12:55 PM;1516;33.2;34.9;0.2;0.2;
10/29/2019 4:12:56 PM;1517;33.2;34.9;0.2;0.2;
10/29/2019 4:12:57 PM;1518;33.2;34.9;0.2;0.2;
10/29/2019 4:12:58 PM;1519;33.2;34.9;0.2;0.2;
10/29/2019 4:12:59 PM;1520;33.1;34.9;0.2;0.2;
10/29/2019 4:13:00 PM;1521;33.1;34.9;0.2;0.2;
10/29/2019 4:13:01 PM;1522;33.0;34.8;0.2;0.2;
10/29/2019 4:13:02 PM;1523;33.0;34.8;0.2;0.2;
10/29/2019 4:13:03 PM;1524;33.0;34.7;0.2;0.2;
10/29/2019 4:13:04 PM;1525;33.0;34.7;0.2;0.2;
10/29/2019 4:13:05 PM;1526;33.0;34.7;0.2;0.2;
10/29/2019 4:13:06 PM;1527;32.9;34.7;0.2;0.2;
10/29/2019 4:13:07 PM;1528;32.9;34.7;0.2;0.2;
10/29/2019 4:13:08 PM;1529;32.8;34.7;0.2;0.2;
10/29/2019 4:13:09 PM;1530;32.8;34.7;0.2;0.2;
10/29/2019 4:13:10 PM;1531;32.8;34.6;0.2;0.2;
10/29/2019 4:13:11 PM;1532;32.8;34.6;0.2;0.2;
10/29/2019 4:13:12 PM;1533;32.8;34.6;0.2;0.2;
10/29/2019 4:13:13 PM;1534;32.8;34.6;0.2;0.2;
10/29/2019 4:13:14 PM;1535;32.8;34.5;0.2;0.2;
10/29/2019 4:13:15 PM;1536;32.8;34.5;0.2;0.2;
10/29/2019 4:13:16 PM;1537;32.8;34.5;0.2;0.2;
10/29/2019 4:13:17 PM;1538;32.8;34.4;0.2;0.2;
10/29/2019 4:13:18 PM;1539;32.8;34.4;0.2;0.2;
10/29/2019 4:13:19 PM;1540;32.8;34.3;0.2;0.2;
10/29/2019 4:13:20 PM;1541;32.8;34.3;0.2;0.2;
10/29/2019 4:13:21 PM;1542;32.8;34.3;0.2;0.2;
10/29/2019 4:13:22 PM;1543;32.8;34.3;0.2;0.2;
10/29/2019 4:13:23 PM;1544;32.8;34.2;0.2;0.2;
10/29/2019 4:13:24 PM;1545;32.8;34.2;0.2;0.2;
10/29/2019 4:13:25 PM;1546;32.8;34.2;0.2;0.2;
10/29/2019 4:13:26 PM;1547;32.8;34.2;0.2;0.2;
10/29/2019 4:13:27 PM;1548;32.8;34.1;0.2;0.2;
10/29/2019 4:13:28 PM;1549;32.8;34.1;0.2;0.2;
10/29/2019 4:13:29 PM;1550;32.8;34.1;0.2;0.2;
10/29/2019 4:13:30 PM;1551;32.8;34.1;0.2;0.2;
10/29/2019 4:13:31 PM;1552;32.8;34.1;0.2;0.2;
10/29/2019 4:13:32 PM;1553;32.8;34.1;0.2;0.2;
10/29/2019 4:13:33 PM;1554;32.8;34.1;0.2;0.2;
10/29/2019 4:13:34 PM;1555;32.8;34.1;0.2;0.2;
10/29/2019 4:13:35 PM;1556;32.8;34.1;0.2;0.2;
10/29/2019 4:13:36 PM;1557;32.8;34.1;0.2;0.2;
10/29/2019 4:13:37 PM;1558;32.8;34.1;0.2;0.2;
10/29/2019 4:13:38 PM;1559;32.7;34.1;0.2;0.2;
10/29/2019 4:13:39 PM;1560;32.7;34.1;0.2;0.2;
10/29/2019 4:13:40 PM;1561;32.6;34.1;0.2;0.2;
10/29/2019 4:13:41 PM;1562;32.5;34.1;0.2;0.2;
10/29/2019 4:13:42 PM;1563;32.4;34.1;0.2;0.2;
10/29/2019 4:13:43 PM;1564;32.4;34.1;0.2;0.2;
10/29/2019 4:13:44 PM;1565;32.4;34.1;0.2;0.2;
10/29/2019 4:13:45 PM;1566;32.4;34.1;0.2;0.2;
10/29/2019 4:13:46 PM;1567;32.5;34.1;0.2;0.2;
10/29/2019 4:13:47 PM;1568;32.5;34.1;0.2;0.2;
10/29/2019 4:13:48 PM;1569;32.6;34.1;0.2;0.2;
10/29/2019 4:13:49 PM;1570;32.6;34.1;0.2;0.2;
10/29/2019 4:13:50 PM;1571;32.6;34.1;0.2;0.2;
10/29/2019 4:13:51 PM;1572;32.6;34.1;0.2;0.2;
10/29/2019 4:13:52 PM;1573;32.6;34.1;0.2;0.2;
10/29/2019 4:13:53 PM;1574;32.6;34.1;0.2;0.2;
10/29/2019 4:13:54 PM;1575;32.6;34.1;0.2;0.2;
10/29/2019 4:13:55 PM;1576;32.6;34.1;0.2;0.2;
10/29/2019 4:13:56 PM;1577;32.6;34.0;0.2;0.2;
10/29/2019 4:13:57 PM;1578;32.6;34.0;0.2;0.2;
10/29/2019 4:13:58 PM;1579;32.6;33.9;0.2;0.2;
10/29/2019 4:13:59 PM;1580;32.6;33.9;0.2;0.2;
10/29/2019 4:14:00 PM;1581;32.6;33.9;0.2;0.2;
10/29/2019 4:14:01 PM;1582;32.5;33.9;0.2;0.2;
10/29/2019 4:14:02 PM;1583;32.5;34.0;0.2;0.2;
10/29/2019 4:14:03 PM;1584;32.4;34.0;0.2;0.2;
10/29/2019 4:14:04 PM;1585;32.4;34.0;0.2;0.2;
10/29/2019 4:14:05 PM;1586;32.4;33.9;0.2;0.2;
10/29/2019 4:14:06 PM;1587;32.4;33.9;0.2;0.2;
10/29/2019 4:14:07 PM;1588;32.4;33.9;0.2;0.2;
10/29/2019 4:14:08 PM;1589;32.4;33.9;0.2;0.2;
10/29/2019 4:14:09 PM;1590;32.5;33.9;0.2;0.2;
10/29/2019 4:14:10 PM;1591;32.5;33.9;0.2;0.2;
10/29/2019 4:14:11 PM;1592;32.5;33.9;0.2;0.2;
10/29/2019 4:14:12 PM;1593;32.4;33.9;0.2;0.2;
10/29/2019 4:14:13 PM;1594;32.4;33.9;0.2;0.2;
10/29/2019 4:14:14 PM;1595;32.4;33.9;0.2;0.2;
10/29/2019 4:14:15 PM;1596;32.3;33.9;0.2;0.2;
10/29/2019 4:14:16 PM;1597;32.2;33.9;0.2;0.2;
10/29/2019 4:14:17 PM;1598;32.2;33.9;0.2;0.2;
10/29/2019 4:14:18 PM;1599;32.2;33.9;0.2;0.2;
10/29/2019 4:14:19 PM;1600;32.2;33.9;0.2;0.2;
10/29/2019 4:14:20 PM;1601;32.2;33.9;0.2;0.2;
10/29/2019 4:14:21 PM;1602;32.3;33.9;0.2;0.2;
10/29/2019 4:14:22 PM;1603;32.3;33.9;0.2;0.2;
10/29/2019 4:14:23 PM;1604;32.4;33.8;0.2;0.2;
10/29/2019 4:14:24 PM;1605;32.4;33.8;0.2;0.2;
10/29/2019 4:14:25 PM;1606;32.4;33.7;0.2;0.2;
10/29/2019 4:14:26 PM;1607;32.4;33.7;0.2;0.2;
10/29/2019 4:14:27 PM;1608;32.4;33.6;0.2;0.2;
10/29/2019 4:14:28 PM;1609;32.4;33.5;0.2;0.2;
10/29/2019 4:14:29 PM;1610;32.4;33.5;0.2;0.2;
10/29/2019 4:14:30 PM;1611;32.4;33.4;0.2;0.2;
10/29/2019 4:14:31 PM;1612;32.4;33.3;0.2;0.2;
10/29/2019 4:14:32 PM;1613;32.4;33.3;0.2;0.2;
10/29/2019 4:14:33 PM;1614;32.3;33.3;0.2;0.2;
10/29/2019 4:14:34 PM;1615;32.3;33.3;0.2;0.2;
10/29/2019 4:14:35 PM;1616;32.2;33.3;0.2;0.2;
10/29/2019 4:14:36 PM;1617;32.2;33.3;0.2;0.2;
10/29/2019 4:14:37 PM;1618;32.1;33.3;0.2;0.2;
10/29/2019 4:14:38 PM;1619;32.1;33.3;0.2;0.2;
10/29/2019 4:14:39 PM;1620;32.1;33.3;0.2;0.2;
10/29/2019 4:14:40 PM;1621;32.2;33.3;0.2;0.2;
10/29/2019 4:14:41 PM;1622;32.2;33.3;0.2;0.2;
10/29/2019 4:14:42 PM;1623;32.2;33.2;0.2;0.2;
10/29/2019 4:14:43 PM;1624;32.2;33.2;0.2;0.2;
10/29/2019 4:14:44 PM;1625;32.2;33.2;0.2;0.2;
10/29/2019 4:14:45 PM;1626;32.2;33.2;0.2;0.2;
10/29/2019 4:14:46 PM;1627;32.2;33.2;0.2;0.2;
10/29/2019 4:14:47 PM;1628;32.2;33.2;0.2;0.2;
10/29/2019 4:14:48 PM;1629;32.2;33.2;0.2;0.2;
10/29/2019 4:14:49 PM;1630;32.2;33.2;0.2;0.2;
10/29/2019 4:14:50 PM;1631;32.2;33.2;0.2;0.2;
10/29/2019 4:14:51 PM;1632;32.2;33.2;0.2;0.2;
10/29/2019 4:14:52 PM;1633;32.2;33.2;0.2;0.2;
10/29/2019 4:14:53 PM;1634;32.2;33.2;0.2;0.2;
10/29/2019 4:14:54 PM;1635;32.2;33.2;0.2;0.2;
10/29/2019 4:14:55 PM;1636;32.2;33.2;0.2;0.2;
10/29/2019 4:14:56 PM;1637;32.1;33.2;0.2;0.2;
10/29/2019 4:14:57 PM;1638;32.1;33.2;0.2;0.2;
10/29/2019 4:14:58 PM;1639;32.0;33.2;0.2;0.2;
10/29/2019 4:14:59 PM;1640;32.0;33.2;0.2;0.2;
10/29/2019 4:15:00 PM;1641;32.0;33.2;0.2;0.2;
10/29/2019 4:15:01 PM;1642;32.0;33.2;0.2;0.2;
10/29/2019 4:15:02 PM;1643;32.0;33.2;0.2;0.2;
10/29/2019 4:15:03 PM;1644;32.0;33.2;0.2;0.2;
10/29/2019 4:15:04 PM;1645;32.0;33.2;0.2;0.2;
10/29/2019 4:15:05 PM;1646;32.1;33.2;0.2;0.2;
10/29/2019 4:15:06 PM;1647;32.1;33.2;0.2;0.2;
10/29/2019 4:15:07 PM;1648;32.1;33.2;0.2;0.2;
10/29/2019 4:15:08 PM;1649;32.1;33.2;0.2;0.2;
10/29/2019 4:15:09 PM;1650;32.1;33.2;0.2;0.2;
10/29/2019 4:15:10 PM;1651;32.1;33.1;0.2;0.2;
10/29/2019 4:15:11 PM;1652;32.0;33.1;0.2;0.2;
10/29/2019 4:15:12 PM;1653;32.0;33.0;0.2;0.2;
10/29/2019 4:15:13 PM;1654;32.0;33.0;0.2;0.2;
10/29/2019 4:15:14 PM;1655;32.0;33.0;0.2;0.2;
10/29/2019 4:15:15 PM;1656;32.0;33.0;0.2;0.2;
10/29/2019 4:15:16 PM;1657;32.0;33.0;0.2;0.2;
10/29/2019 4:15:17 PM;1658;32.0;33.0;0.2;0.2;
10/29/2019 4:15:18 PM;1659;32.0;32.9;0.2;0.2;
10/29/2019 4:15:19 PM;1660;32.0;32.9;0.2;0.2;
10/29/2019 4:15:20 PM;1661;32.0;32.8;0.2;0.2;
10/29/2019 4:15:21 PM;1662;32.0;32.8;0.2;0.2;
10/29/2019 4:15:22 PM;1663;32.0;32.8;0.2;0.2;
10/29/2019 4:15:23 PM;1664;31.9;32.8;0.2;0.2;
10/29/2019 4:15:24 PM;1665;31.9;32.8;0.2;0.2;
10/29/2019 4:15:25 PM;1666;31.8;32.8;0.2;0.2;
10/29/2019 4:15:26 PM;1667;31.8;32.8;0.2;0.2;
10/29/2019 4:15:27 PM;1668;31.8;32.8;0.2;0.2;
10/29/2019 4:15:28 PM;1669;31.8;32.8;0.2;0.2;
10/29/2019 4:15:29 PM;1670;31.8;32.8;0.2;0.2;
10/29/2019 4:15:30 PM;1671;31.8;32.8;0.2;0.2;
10/29/2019 4:15:31 PM;1672;31.8;32.8;0.2;0.2;
10/29/2019 4:15:32 PM;1673;31.8;32.8;0.2;0.2;
10/29/2019 4:15:33 PM;1674;31.8;32.8;0.2;0.2;
10/29/2019 4:15:34 PM;1675;31.8;32.8;0.2;0.2;
10/29/2019 4:15:35 PM;1676;31.8;32.8;0.2;0.2;
10/29/2019 4:15:36 PM;1677;31.8;32.8;0.2;0.2;
10/29/2019 4:15:37 PM;1678;31.8;32.8;0.2;0.2;
10/29/2019 4:15:38 PM;1679;31.8;32.8;0.2;0.2;
10/29/2019 4:15:39 PM;1680;31.8;32.8;0.2;0.2;
10/29/2019 4:15:40 PM;1681;31.8;32.7;0.2;0.2;
10/29/2019 4:15:41 PM;1682;31.8;32.7;0.2;0.2;
10/29/2019 4:15:42 PM;1683;31.8;32.6;0.2;0.2;
10/29/2019 4:15:43 PM;1684;31.8;32.6;0.2;0.2;
10/29/2019 4:15:44 PM;1685;31.8;32.6;0.2;0.2;
10/29/2019 4:15:45 PM;1686;31.8;32.6;0.2;0.2;
10/29/2019 4:15:46 PM;1687;31.8;32.6;0.2;0.2;
10/29/2019 4:15:47 PM;1688;31.8;32.5;0.2;0.2;
10/29/2019 4:15:48 PM;1689;31.8;32.5;0.2;0.2;
10/29/2019 4:15:49 PM;1690;31.8;32.5;0.2;0.2;
10/29/2019 4:15:50 PM;1691;31.8;32.4;0.2;0.2;
10/29/2019 4:15:51 PM;1692;31.8;32.4;0.2;0.2;
10/29/2019 4:15:52 PM;1693;31.8;32.4;0.2;0.2;
10/29/2019 4:15:53 PM;1694;31.8;32.4;0.2;0.2;
10/29/2019 4:15:54 PM;1695;31.7;32.4;0.2;0.2;
10/29/2019 4:15:55 PM;1696;31.7;32.4;0.2;0.2;
10/29/2019 4:15:56 PM;1697;31.7;32.3;0.2;0.2;
10/29/2019 4:15:57 PM;1698;31.7;32.3;0.2;0.2;
10/29/2019 4:15:58 PM;1699;31.7;32.2;0.2;0.2;
10/29/2019 4:15:59 PM;1700;31.8;32.2;0.2;0.2;
10/29/2019 4:16:00 PM;1701;31.8;32.2;0.2;0.2;
10/29/2019 4:16:01 PM;1702;31.8;32.2;0.2;0.2;
10/29/2019 4:16:02 PM;1703;31.8;32.2;0.2;0.2;
10/29/2019 4:16:03 PM;1704;31.8;32.2;0.2;0.2;
10/29/2019 4:16:04 PM;1705;31.8;32.2;0.2;0.2;
10/29/2019 4:16:05 PM;1706;31.8;32.2;0.2;0.2;
10/29/2019 4:16:06 PM;1707;31.8;32.2;0.2;0.2;
10/29/2019 4:16:07 PM;1708;31.8;32.2;0.2;0.2;
10/29/2019 4:16:08 PM;1709;31.8;32.2;0.2;0.2;
10/29/2019 4:16:09 PM;1710;31.8;32.2;0.2;0.2;
10/29/2019 4:16:10 PM;1711;31.7;32.2;0.2;0.2;
10/29/2019 4:16:11 PM;1712;31.7;32.2;0.2;0.2;
10/29/2019 4:16:12 PM;1713;31.6;32.2;0.2;0.2;
10/29/2019 4:16:13 PM;1714;31.6;32.2;0.2;0.2;
10/29/2019 4:16:14 PM;1715;31.6;32.2;0.2;0.2;
10/29/2019 4:16:15 PM;1716;31.7;32.2;0.2;0.2;
10/29/2019 4:16:16 PM;1717;31.7;32.2;0.2;0.2;
10/29/2019 4:16:17 PM;1718;31.7;32.2;0.2;0.2;
10/29/2019 4:16:18 PM;1719;31.7;32.2;0.2;0.2;
10/29/2019 4:16:19 PM;1720;31.7;32.2;0.2;0.2;
10/29/2019 4:16:20 PM;1721;31.7;32.2;0.2;0.2;
10/29/2019 4:16:21 PM;1722;31.6;32.2;0.2;0.2;
10/29/2019 4:16:22 PM;1723;31.6;32.2;0.2;0.2;
10/29/2019 4:16:23 PM;1724;31.6;32.2;0.2;0.2;
10/29/2019 4:16:24 PM;1725;31.6;32.2;0.2;0.2;
10/29/2019 4:16:25 PM;1726;31.6;32.1;0.2;0.2;
10/29/2019 4:16:26 PM;1727;31.6;32.1;0.2;0.2;
10/29/2019 4:16:27 PM;1728;31.6;32.1;0.2;0.2;
10/29/2019 4:16:28 PM;1729;31.6;32.1;0.2;0.2;
10/29/2019 4:16:29 PM;1730;31.6;32.1;0.2;0.2;
10/29/2019 4:16:30 PM;1731;31.6;32.1;0.2;0.2;
10/29/2019 4:16:31 PM;1732;31.6;32.0;0.2;0.2;
10/29/2019 4:16:32 PM;1733;31.6;32.0;0.2;0.2;
10/29/2019 4:16:33 PM;1734;31.6;32.0;0.2;0.2;
10/29/2019 4:16:34 PM;1735;31.6;32.0;0.2;0.2;
10/29/2019 4:16:35 PM;1736;31.6;32.0;0.2;0.2;
10/29/2019 4:16:36 PM;1737;31.6;32.0;0.2;0.2;
10/29/2019 4:16:37 PM;1738;31.6;32.0;0.2;0.2;
10/29/2019 4:16:38 PM;1739;31.7;32.0;0.2;0.2;
10/29/2019 4:16:39 PM;1740;31.7;32.0;0.2;0.2;
10/29/2019 4:16:40 PM;1741;31.7;32.0;0.2;0.2;
10/29/2019 4:16:41 PM;1742;31.7;32.0;0.2;0.2;
10/29/2019 4:16:42 PM;1743;31.7;32.0;0.2;0.2;
10/29/2019 4:16:43 PM;1744;31.7;32.0;0.2;0.2;
10/29/2019 4:16:44 PM;1745;31.7;32.0;0.2;0.2;
10/29/2019 4:16:45 PM;1746;31.7;32.0;0.2;0.2;
10/29/2019 4:16:46 PM;1747;31.7;32.0;0.2;0.2;
10/29/2019 4:16:47 PM;1748;31.7;32.0;0.2;0.2;
10/29/2019 4:16:48 PM;1749;31.6;32.0;0.2;0.2;
10/29/2019 4:16:49 PM;1750;31.6;32.0;0.2;0.2;
10/29/2019 4:16:50 PM;1751;31.6;32.0;0.2;0.2;
10/29/2019 4:16:51 PM;1752;31.6;32.0;0.2;0.2;
10/29/2019 4:16:52 PM;1753;31.6;32.0;0.2;0.2;
10/29/2019 4:16:53 PM;1754;31.6;32.0;0.2;0.2;
10/29/2019 4:16:54 PM;1755;31.5;32.0;0.2;0.2;
10/29/2019 4:16:55 PM;1756;31.5;32.0;0.2;0.2;
10/29/2019 4:16:56 PM;1757;31.5;32.0;0.2;0.2;
10/29/2019 4:16:57 PM;1758;31.5;32.0;0.2;0.2;
10/29/2019 4:16:58 PM;1759;31.5;32.0;0.2;0.2;
10/29/2019 4:16:59 PM;1760;31.6;32.0;0.2;0.2;
10/29/2019 4:17:00 PM;1761;31.6;32.0;0.2;0.2;
10/29/2019 4:17:01 PM;1762;31.6;32.0;0.2;0.2;
10/29/2019 4:17:02 PM;1763;31.6;32.0;0.2;0.2;
10/29/2019 4:17:03 PM;1764;31.6;32.0;0.2;0.2;
10/29/2019 4:17:04 PM;1765;31.6;32.0;0.2;0.2;
10/29/2019 4:17:05 PM;1766;31.6;32.0;0.2;0.2;
10/29/2019 4:17:06 PM;1767;31.6;31.9;0.2;0.2;
10/29/2019 4:17:07 PM;1768;31.6;31.9;0.2;0.2;
10/29/2019 4:17:08 PM;1769;31.6;31.8;0.2;0.2;
10/29/2019 4:17:09 PM;1770;31.6;31.8;0.2;0.2;
10/29/2019 4:17:10 PM;1771;31.6;31.8;0.2;0.2;
10/29/2019 4:17:11 PM;1772;31.6;31.8;0.2;0.2;
10/29/2019 4:17:12 PM;1773;31.6;31.8;0.2;0.2;
10/29/2019 4:17:13 PM;1774;31.6;31.8;0.2;0.2;
10/29/2019 4:17:14 PM;1775;31.6;31.8;0.2;0.2;
10/29/2019 4:17:15 PM;1776;31.6;31.7;0.2;0.2;
10/29/2019 4:17:16 PM;1777;31.7;31.7;0.2;0.2;
10/29/2019 4:17:17 PM;1778;31.7;31.6;0.2;0.2;
10/29/2019 4:17:18 PM;1779;31.7;31.6;0.2;0.2;
10/29/2019 4:17:19 PM;1780;31.7;31.6;0.2;0.2;
10/29/2019 4:17:20 PM;1781;31.7;31.6;0.2;0.2;
10/29/2019 4:17:21 PM;1782;31.7;31.6;0.2;0.2;
10/29/2019 4:17:22 PM;1783;31.7;31.6;0.2;0.2;
10/29/2019 4:17:23 PM;1784;31.8;31.6;0.2;0.2;
10/29/2019 4:17:24 PM;1785;31.8;31.6;0.2;0.2;
10/29/2019 4:17:25 PM;1786;31.8;31.6;0.2;0.2;
10/29/2019 4:17:26 PM;1787;31.8;31.6;0.2;0.2;
10/29/2019 4:17:27 PM;1788;31.8;31.6;0.2;0.2;
10/29/2019 4:17:28 PM;1789;31.8;31.6;0.2;0.2;
10/29/2019 4:17:29 PM;1790;31.8;31.6;0.2;0.2;
10/29/2019 4:17:30 PM;1791;31.8;31.6;0.2;0.2;
10/29/2019 4:17:31 PM;1792;31.8;31.6;0.2;0.2;
10/29/2019 4:17:32 PM;1793;31.8;31.6;0.2;0.2;
10/29/2019 4:17:33 PM;1794;31.8;31.6;0.2;0.2;
10/29/2019 4:17:34 PM;1795;31.8;31.6;0.2;0.2;
10/29/2019 4:17:35 PM;1796;31.8;31.6;0.2;0.2;
10/29/2019 4:17:36 PM;1797;31.8;31.6;0.2;0.2;
10/29/2019 4:17:37 PM;1798;31.8;31.6;0.2;0.2;
10/29/2019 4:17:38 PM;1799;31.8;31.6;0.2;0.2;
10/29/2019 4:17:39 PM;1800;31.8;31.6;0.2;0.2;
10/29/2019 4:17:40 PM;1801;31.8;31.6;0.2;0.2;
10/29/2019 4:17:41 PM;1802;31.8;31.6;0.2;0.2;
10/29/2019 4:17:42 PM;1803;31.8;31.6;0.2;0.2;
10/29/2019 4:17:43 PM;1804;31.8;31.5;0.2;0.2;
10/29/2019 4:17:44 PM;1805;31.8;31.5;0.2;0.2;
10/29/2019 4:17:45 PM;1806;31.8;31.5;0.2;0.2;
10/29/2019 4:17:46 PM;1807;31.8;31.5;0.2;0.2;
10/29/2019 4:17:47 PM;1808;31.8;31.5;0.2;0.2;
10/29/2019 4:17:48 PM;1809;31.8;31.6;0.2;0.2;
10/29/2019 4:17:49 PM;1810;31.7;31.6;0.2;0.2;
10/29/2019 4:17:50 PM;1811;31.7;31.6;0.2;0.2;
10/29/2019 4:17:51 PM;1812;31.7;31.6;0.2;0.2;
10/29/2019 4:17:52 PM;1813;31.7;31.6;0.2;0.2;
10/29/2019 4:17:53 PM;1814;31.7;31.6;0.2;0.2;
10/29/2019 4:17:54 PM;1815;31.7;31.6;0.2;0.2;
10/29/2019 4:17:55 PM;1816;31.8;31.6;0.2;0.2;
10/29/2019 4:17:56 PM;1817;31.8;31.6;0.2;0.2;
10/29/2019 4:17:57 PM;1818;31.8;31.5;0.2;0.2;
10/29/2019 4:17:58 PM;1819;31.8;31.5;0.2;0.2;
10/29/2019 4:17:59 PM;1820;31.8;31.4;0.2;0.2;
10/29/2019 4:18:00 PM;1821;31.8;31.4;0.2;0.2;
10/29/2019 4:18:01 PM;1822;31.8;31.4;0.2;0.2;
10/29/2019 4:18:02 PM;1823;31.8;31.4;0.2;0.2;
10/29/2019 4:18:03 PM;1824;31.9;31.4;0.2;0.2;
10/29/2019 4:18:04 PM;1825;31.9;31.4;0.2;0.2;
10/29/2019 4:18:05 PM;1826;32.0;31.4;0.2;0.2;
10/29/2019 4:18:06 PM;1827;32.0;31.4;0.2;0.2;
10/29/2019 4:18:07 PM;1828;32.0;31.4;0.2;0.2;
10/29/2019 4:18:08 PM;1829;32.0;31.4;0.2;0.2;
10/29/2019 4:18:09 PM;1830;32.0;31.4;0.2;0.2;
10/29/2019 4:18:10 PM;1831;32.0;31.4;0.2;0.2;
10/29/2019 4:18:11 PM;1832;32.0;31.4;0.2;0.2;
10/29/2019 4:18:12 PM;1833;32.0;31.4;0.2;0.2;
10/29/2019 4:18:13 PM;1834;32.0;31.4;0.2;0.2;
10/29/2019 4:18:14 PM;1835;32.0;31.4;0.2;0.2;
10/29/2019 4:18:15 PM;1836;32.0;31.4;0.2;0.2;
10/29/2019 4:18:16 PM;1837;32.0;31.4;0.2;0.2;
10/29/2019 4:18:17 PM;1838;32.0;31.4;0.2;0.2;
10/29/2019 4:18:18 PM;1839;32.0;31.4;0.2;0.2;
10/29/2019 4:18:19 PM;1840;32.1;31.4;0.2;0.2;
10/29/2019 4:18:20 PM;1841;32.1;31.4;0.2;0.2;
10/29/2019 4:18:21 PM;1842;32.1;31.4;0.2;0.2;
10/29/2019 4:18:22 PM;1843;32.0;31.4;0.2;0.2;
10/29/2019 4:18:23 PM;1844;32.0;31.4;0.2;0.2;
10/29/2019 4:18:24 PM;1845;32.0;31.4;0.2;0.2;
10/29/2019 4:18:25 PM;1846;32.0;31.4;0.2;0.2;
10/29/2019 4:18:26 PM;1847;32.0;31.4;0.2;0.2;
10/29/2019 4:18:27 PM;1848;32.0;31.4;0.2;0.2;
10/29/2019 4:18:28 PM;1849;32.0;31.4;0.2;0.2;
10/29/2019 4:18:29 PM;1850;32.0;31.4;0.2;0.2;
10/29/2019 4:18:30 PM;1851;32.0;31.4;0.2;0.2;
10/29/2019 4:18:31 PM;1852;31.9;31.4;0.2;0.2;
10/29/2019 4:18:32 PM;1853;31.7;31.4;0.2;0.2;
10/29/2019 4:18:33 PM;1854;31.4;31.4;0.2;0.2;
10/29/2019 4:18:34 PM;1855;31.2;31.4;0.2;0.2;
10/29/2019 4:18:35 PM;1856;31.0;31.4;0.2;0.2;
10/29/2019 4:18:36 PM;1857;30.9;31.4;0.2;0.2;
10/29/2019 4:18:37 PM;1858;30.9;31.4;0.2;0.2;
10/29/2019 4:18:38 PM;1859;30.9;31.3;0.2;0.2;
10/29/2019 4:18:39 PM;1860;30.9;31.3;0.2;0.2;
10/29/2019 4:18:40 PM;1861;30.9;31.3;0.2;0.2;
10/29/2019 4:18:41 PM;1862;30.9;31.2;0.2;0.2;
10/29/2019 4:18:42 PM;1863;31.0;31.2;0.2;0.2;
10/29/2019 4:18:43 PM;1864;31.0;31.2;0.2;0.2;
10/29/2019 4:18:44 PM;1865;31.1;31.2;0.2;0.2;
10/29/2019 4:18:45 PM;1866;31.1;31.2;0.2;0.2;
10/29/2019 4:18:46 PM;1867;31.1;31.2;0.2;0.2;
10/29/2019 4:18:47 PM;1868;31.1;31.2;0.2;0.2;
10/29/2019 4:18:48 PM;1869;31.1;31.2;0.2;0.2;
10/29/2019 4:18:49 PM;1870;31.1;31.2;0.2;0.2;
10/29/2019 4:18:50 PM;1871;31.1;31.2;0.2;0.2;
10/29/2019 4:18:51 PM;1872;31.1;31.2;0.2;0.2;
10/29/2019 4:18:52 PM;1873;31.1;31.2;0.2;0.2;
10/29/2019 4:18:53 PM;1874;31.0;31.2;0.2;0.2;
10/29/2019 4:18:54 PM;1875;31.0;31.2;0.2;0.2;
10/29/2019 4:18:55 PM;1876;30.9;31.2;0.2;0.2;
10/29/2019 4:18:56 PM;1877;30.9;31.2;0.2;0.2;
10/29/2019 4:18:57 PM;1878;30.9;31.2;0.2;0.2;
10/29/2019 4:18:58 PM;1879;30.9;31.2;0.2;0.2;
10/29/2019 4:18:59 PM;1880;30.9;31.2;0.2;0.2;
10/29/2019 4:19:00 PM;1881;30.9;31.2;0.2;0.2;
10/29/2019 4:19:01 PM;1882;30.9;31.2;0.2;0.2;
10/29/2019 4:19:02 PM;1883;30.9;31.2;0.2;0.2;
10/29/2019 4:19:03 PM;1884;30.9;31.2;0.2;0.2;
10/29/2019 4:19:04 PM;1885;30.9;31.2;0.2;0.2;
10/29/2019 4:19:05 PM;1886;30.9;31.2;0.2;0.2;
10/29/2019 4:19:06 PM;1887;30.9;31.2;0.2;0.2;
10/29/2019 4:19:07 PM;1888;30.9;31.2;0.2;0.2;
10/29/2019 4:19:08 PM;1889;31.0;31.2;0.2;0.2;
10/29/2019 4:19:09 PM;1890;31.0;31.2;0.2;0.2;
10/29/2019 4:19:10 PM;1891;31.1;31.2;0.2;0.2;
10/29/2019 4:19:11 PM;1892;31.1;31.2;0.2;0.2;
10/29/2019 4:19:12 PM;1893;31.1;31.2;0.2;0.2;
10/29/2019 4:19:13 PM;1894;31.1;31.2;0.2;0.2;
10/29/2019 4:19:14 PM;1895;31.1;31.2;0.2;0.2;
10/29/2019 4:19:15 PM;1896;31.1;31.2;0.2;0.2;
10/29/2019 4:19:16 PM;1897;31.0;31.2;0.2;0.2;
10/29/2019 4:19:17 PM;1898;31.0;31.2;0.2;0.2;
10/29/2019 4:19:18 PM;1899;30.9;31.2;0.2;0.2;
10/29/2019 4:19:19 PM;1900;30.9;31.1;0.2;0.2;
10/29/2019 4:19:20 PM;1901;30.9;31.1;0.2;0.2;
10/29/2019 4:19:21 PM;1902;31.0;31.1;0.2;0.2;
10/29/2019 4:19:22 PM;1903;31.0;31.1;0.2;0.2;
10/29/2019 4:19:23 PM;1904;31.1;31.1;0.2;0.2;
10/29/2019 4:19:24 PM;1905;31.1;31.1;0.2;0.2;
10/29/2019 4:19:25 PM;1906;31.1;31.1;0.2;0.2;
10/29/2019 4:19:26 PM;1907;31.1;31.1;0.2;0.2;
10/29/2019 4:19:27 PM;1908;31.1;31.1;0.2;0.2;
10/29/2019 4:19:28 PM;1909;31.1;31.1;0.2;0.2;
10/29/2019 4:19:29 PM;1910;31.1;31.1;0.2;0.2;
10/29/2019 4:19:30 PM;1911;31.1;31.1;0.2;0.2;
10/29/2019 4:19:31 PM;1912;31.1;31.1;0.2;0.2;
10/29/2019 4:19:32 PM;1913;31.1;31.1;0.2;0.2;
10/29/2019 4:19:33 PM;1914;31.0;31.1;0.2;0.2;
10/29/2019 4:19:34 PM;1915;31.0;31.1;0.2;0.2;
10/29/2019 4:19:35 PM;1916;30.9;31.1;0.2;0.2;
10/29/2019 4:19:36 PM;1917;30.9;31.1;0.2;0.2;
10/29/2019 4:19:37 PM;1918;30.9;31.1;0.2;0.2;
10/29/2019 4:19:38 PM;1919;30.9;31.1;0.2;0.2;
10/29/2019 4:19:39 PM;1920;31.0;31.0;0.2;0.2;
10/29/2019 4:19:40 PM;1921;31.0;31.0;0.2;0.2;
10/29/2019 4:19:41 PM;1922;31.1;31.0;0.2;0.2;
10/29/2019 4:19:42 PM;1923;31.1;30.9;0.2;0.2;
10/29/2019 4:19:43 PM;1924;31.1;30.9;0.2;0.2;
10/29/2019 4:19:44 PM;1925;31.1;30.9;0.2;0.2;
10/29/2019 4:19:45 PM;1926;31.1;30.9;0.2;0.2;
10/29/2019 4:19:46 PM;1927;31.1;30.9;0.2;0.2;
10/29/2019 4:19:47 PM;1928;31.1;30.9;0.2;0.2;
10/29/2019 4:19:48 PM;1929;31.1;30.9;0.2;0.2;
10/29/2019 4:19:49 PM;1930;31.1;30.9;0.2;0.2;
10/29/2019 4:19:50 PM;1931;31.1;30.9;0.2;0.2;
10/29/2019 4:19:51 PM;1932;31.1;30.9;0.2;0.2;
10/29/2019 4:19:52 PM;1933;31.1;30.9;0.2;0.2;
10/29/2019 4:19:53 PM;1934;31.2;30.9;0.2;0.2;
10/29/2019 4:19:54 PM;1935;31.2;30.9;0.2;0.2;
10/29/2019 4:19:55 PM;1936;31.3;30.9;0.2;0.2;
10/29/2019 4:19:56 PM;1937;31.3;30.9;0.2;0.2;
10/29/2019 4:19:57 PM;1938;31.3;30.9;0.2;0.2;
10/29/2019 4:19:58 PM;1939;31.3;30.9;0.2;0.2;
10/29/2019 4:19:59 PM;1940;31.3;30.9;0.2;0.2;
10/29/2019 4:20:00 PM;1941;31.3;30.9;0.2;0.2;
10/29/2019 4:20:01 PM;1942;31.3;30.9;0.2;0.2;
10/29/2019 4:20:02 PM;1943;31.3;30.9;0.2;0.2;
10/29/2019 4:20:03 PM;1944;31.3;30.9;0.2;0.2;
10/29/2019 4:20:04 PM;1945;31.3;30.9;0.2;0.2;
10/29/2019 4:20:05 PM;1946;31.3;30.9;0.2;0.2;
10/29/2019 4:20:06 PM;1947;31.3;30.9;0.2;0.2;
10/29/2019 4:20:07 PM;1948;31.3;30.9;0.2;0.2;
10/29/2019 4:20:08 PM;1949;31.3;30.9;0.2;0.2;
10/29/2019 4:20:09 PM;1950;31.3;30.9;0.2;0.2;
10/29/2019 4:20:10 PM;1951;31.3;30.9;0.2;0.2;
10/29/2019 4:20:11 PM;1952;31.3;30.9;0.2;0.2;
10/29/2019 4:20:12 PM;1953;31.3;30.9;0.2;0.2;
10/29/2019 4:20:13 PM;1954;31.3;30.9;0.2;0.2;
10/29/2019 4:20:14 PM;1955;31.3;30.9;0.2;0.2;
10/29/2019 4:20:15 PM;1956;31.2;30.9;0.2;0.2;
10/29/2019 4:20:16 PM;1957;31.2;30.9;0.2;0.2;
10/29/2019 4:20:17 PM;1958;31.1;30.9;0.2;0.2;
10/29/2019 4:20:18 PM;1959;31.1;30.9;0.2;0.2;
10/29/2019 4:20:19 PM;1960;31.1;30.9;0.2;0.2;
10/29/2019 4:20:20 PM;1961;31.1;30.9;0.2;0.2;
10/29/2019 4:20:21 PM;1962;31.1;30.9;0.2;0.2;
10/29/2019 4:20:22 PM;1963;31.1;30.9;0.2;0.2;
10/29/2019 4:20:23 PM;1964;31.1;30.9;0.2;0.2;
10/29/2019 4:20:24 PM;1965;31.1;30.9;0.2;0.2;
10/29/2019 4:20:25 PM;1966;31.1;30.9;0.2;0.2;
10/29/2019 4:20:26 PM;1967;31.1;30.9;0.2;0.2;
10/29/2019 4:20:27 PM;1968;31.1;30.9;0.2;0.2;
10/29/2019 4:20:28 PM;1969;31.1;30.9;0.2;0.2;
10/29/2019 4:20:29 PM;1970;31.1;30.9;0.2;0.2;
10/29/2019 4:20:30 PM;1971;31.1;30.9;0.2;0.2;
10/29/2019 4:20:31 PM;1972;31.1;30.9;0.2;0.2;
10/29/2019 4:20:32 PM;1973;31.1;30.9;0.2;0.2;
10/29/2019 4:20:33 PM;1974;31.1;30.9;0.2;0.2;
10/29/2019 4:20:34 PM;1975;31.1;30.9;0.2;0.2;
10/29/2019 4:20:35 PM;1976;31.1;30.9;0.2;0.2;
10/29/2019 4:20:36 PM;1977;31.1;30.9;0.2;0.2;
10/29/2019 4:20:37 PM;1978;31.1;30.9;0.2;0.2;
10/29/2019 4:20:38 PM;1979;31.1;30.9;0.2;0.2;
10/29/2019 4:20:39 PM;1980;31.1;30.9;0.2;0.2;
10/29/2019 4:20:40 PM;1981;31.1;30.9;0.2;0.2;
10/29/2019 4:20:41 PM;1982;31.1;30.9;0.2;0.2;
10/29/2019 4:20:42 PM;1983;31.1;30.9;0.2;0.2;
10/29/2019 4:20:43 PM;1984;31.2;30.9;0.2;0.2;
10/29/2019 4:20:44 PM;1985;31.2;30.9;0.2;0.2;
10/29/2019 4:20:45 PM;1986;31.3;30.9;0.2;0.2;
10/29/2019 4:20:46 PM;1987;31.3;30.9;0.2;0.2;
10/29/2019 4:20:47 PM;1988;31.2;30.9;0.2;0.2;
10/29/2019 4:20:48 PM;1989;31.2;30.9;0.2;0.2;
10/29/2019 4:20:49 PM;1990;31.2;30.8;0.2;0.2;
10/29/2019 4:20:50 PM;1991;31.2;30.8;0.2;0.2;
10/29/2019 4:20:51 PM;1992;31.1;30.7;0.2;0.2;
10/29/2019 4:20:52 PM;1993;31.1;30.7;0.2;0.2;
10/29/2019 4:20:53 PM;1994;31.1;30.7;0.2;0.2;
10/29/2019 4:20:54 PM;1995;31.1;30.7;0.2;0.2;
10/29/2019 4:20:55 PM;1996;31.1;30.7;0.2;0.2;
10/29/2019 4:20:56 PM;1997;31.1;30.7;0.2;0.2;
10/29/2019 4:20:57 PM;1998;31.1;30.7;0.2;0.2;
10/29/2019 4:20:58 PM;1999;31.1;30.7;0.2;0.2;
10/29/2019 4:20:59 PM;2000;31.1;30.7;0.2;0.2;
10/29/2019 4:21:00 PM;2001;31.1;30.7;0.2;0.2;
10/29/2019 4:21:01 PM;2002;31.1;30.7;0.2;0.2;
10/29/2019 4:21:02 PM;2003;31.1;30.7;0.2;0.2;
10/29/2019 4:21:03 PM;2004;31.1;30.7;0.2;0.2;
10/29/2019 4:21:04 PM;2005;31.2;30.7;0.2;0.2;
10/29/2019 4:21:05 PM;2006;31.2;30.7;0.2;0.2;
10/29/2019 4:21:06 PM;2007;31.2;30.7;0.2;0.2;
10/29/2019 4:21:07 PM;2008;31.3;30.7;0.2;0.2;
10/29/2019 4:21:08 PM;2009;31.2;30.7;0.2;0.2;
10/29/2019 4:21:09 PM;2010;31.2;30.7;0.2;0.2;
10/29/2019 4:21:10 PM;2011;31.2;30.7;0.2;0.2;
10/29/2019 4:21:11 PM;2012;31.2;30.8;0.2;0.2;
10/29/2019 4:21:12 PM;2013;31.2;30.8;0.2;0.2;
10/29/2019 4:21:13 PM;2014;31.3;30.7;0.2;0.2;
10/29/2019 4:21:14 PM;2015;31.3;30.7;0.2;0.2;
10/29/2019 4:21:15 PM;2016;31.3;30.7;0.2;0.2;
10/29/2019 4:21:16 PM;2017;31.3;30.7;0.2;0.2;
10/29/2019 4:21:17 PM;2018;31.3;30.7;0.2;0.2;
10/29/2019 4:21:18 PM;2019;31.2;30.7;0.2;0.2;
10/29/2019 4:21:19 PM;2020;31.2;30.7;0.2;0.2;
10/29/2019 4:21:20 PM;2021;31.2;30.7;0.2;0.2;
10/29/2019 4:21:21 PM;2022;31.2;30.7;0.2;0.2;
10/29/2019 4:21:22 PM;2023;31.2;30.7;0.2;0.2;
10/29/2019 4:21:23 PM;2024;31.2;30.8;0.2;0.2;
10/29/2019 4:21:24 PM;2025;31.2;30.8;0.2;0.2;
10/29/2019 4:21:25 PM;2026;31.2;30.8;0.2;0.2;
10/29/2019 4:21:26 PM;2027;31.3;30.8;0.2;0.2;
10/29/2019 4:21:27 PM;2028;31.3;30.8;0.2;0.2;
10/29/2019 4:21:28 PM;2029;31.3;30.8;0.2;0.2;
10/29/2019 4:21:29 PM;2030;31.3;30.7;0.2;0.2;
10/29/2019 4:21:30 PM;2031;31.3;30.7;0.2;0.2;
10/29/2019 4:21:31 PM;2032;31.3;30.8;0.2;0.2;
10/29/2019 4:21:32 PM;2033;31.3;30.8;0.2;0.2;
10/29/2019 4:21:33 PM;2034;31.3;30.8;0.2;0.2;
10/29/2019 4:21:34 PM;2035;31.3;30.9;0.2;0.2;
10/29/2019 4:21:35 PM;2036;31.3;30.9;0.2;0.2;
10/29/2019 4:21:36 PM;2037;31.3;30.9;0.2;0.2;
10/29/2019 4:21:37 PM;2038;31.3;30.9;0.2;0.2;
10/29/2019 4:21:38 PM;2039;31.3;30.9;0.2;0.2;
10/29/2019 4:21:39 PM;2040;31.3;30.9;0.2;0.2;
10/29/2019 4:21:40 PM;2041;31.3;30.9;0.2;0.2;
10/29/2019 4:21:41 PM;2042;31.3;30.9;0.2;0.2;
10/29/2019 4:21:42 PM;2043;31.3;30.9;0.2;0.2;
10/29/2019 4:21:43 PM;2044;31.3;30.9;0.2;0.2;
10/29/2019 4:21:44 PM;2045;31.3;30.9;0.2;0.2;
10/29/2019 4:21:45 PM;2046;31.3;30.9;0.2;0.2;
10/29/2019 4:21:46 PM;2047;31.3;30.9;0.2;0.2;
10/29/2019 4:21:47 PM;2048;31.3;30.9;0.2;0.2;
10/29/2019 4:21:48 PM;2049;31.3;30.9;0.2;0.2;
10/29/2019 4:21:49 PM;2050;31.3;30.9;0.2;0.2;
10/29/2019 4:21:50 PM;2051;31.3;30.9;0.2;0.2;
10/29/2019 4:21:51 PM;2052;31.3;30.9;0.2;0.2;
10/29/2019 4:21:52 PM;2053;31.3;30.9;0.2;0.2;
10/29/2019 4:21:53 PM;2054;31.3;30.9;0.2;0.2;
10/29/2019 4:21:54 PM;2055;31.3;30.9;0.2;0.2;
10/29/2019 4:21:55 PM;2056;31.3;30.9;0.2;0.2;
10/29/2019 4:21:56 PM;2057;31.3;30.9;0.2;0.2;
10/29/2019 4:21:57 PM;2058;31.3;30.9;0.2;0.2;
10/29/2019 4:21:58 PM;2059;31.3;30.9;0.2;0.2;
10/29/2019 4:21:59 PM;2060;31.3;30.9;0.2;0.2;
10/29/2019 4:22:00 PM;2061;31.3;30.9;0.2;0.2;
10/29/2019 4:22:01 PM;2062;31.3;30.9;0.2;0.2;
10/29/2019 4:22:02 PM;2063;31.3;30.9;0.2;0.2;
10/29/2019 4:22:03 PM;2064;31.3;30.9;0.2;0.2;
10/29/2019 4:22:04 PM;2065;31.3;30.9;0.2;0.2;
10/29/2019 4:22:05 PM;2066;31.3;30.9;0.2;0.2;
10/29/2019 4:22:06 PM;2067;31.3;30.9;0.2;0.2;
10/29/2019 4:22:07 PM;2068;31.3;30.9;0.2;0.2;
10/29/2019 4:22:08 PM;2069;31.3;30.9;0.2;0.2;
10/29/2019 4:22:09 PM;2070;31.3;30.9;0.2;0.2;
10/29/2019 4:22:10 PM;2071;31.3;30.9;0.2;0.2;
10/29/2019 4:22:11 PM;2072;31.3;30.9;0.2;0.2;
10/29/2019 4:22:12 PM;2073;31.3;30.9;0.2;0.2;
10/29/2019 4:22:13 PM;2074;31.3;30.9;0.2;0.2;
10/29/2019 4:22:14 PM;2075;31.2;30.9;0.2;0.2;
10/29/2019 4:22:15 PM;2076;31.2;30.9;0.2;0.2;
10/29/2019 4:22:16 PM;2077;31.2;30.9;0.2;0.2;
10/29/2019 4:22:17 PM;2078;31.2;30.9;0.2;0.2;
10/29/2019 4:22:18 PM;2079;31.2;30.9;0.2;0.2;
10/29/2019 4:22:19 PM;2080;31.2;30.9;0.2;0.2;
10/29/2019 4:22:20 PM;2081;31.2;30.9;0.2;0.2;
10/29/2019 4:22:21 PM;2082;31.2;30.9;0.2;0.2;
10/29/2019 4:22:22 PM;2083;31.2;30.9;0.2;0.2;
10/29/2019 4:22:23 PM;2084;31.2;30.9;0.2;0.2;
10/29/2019 4:22:24 PM;2085;31.3;30.9;0.2;0.2;
10/29/2019 4:22:25 PM;2086;31.3;30.9;0.2;0.2;
10/29/2019 4:22:26 PM;2087;31.3;30.9;0.2;0.2;
10/29/2019 4:22:27 PM;2088;31.3;30.9;0.2;0.2;
10/29/2019 4:22:28 PM;2089;31.3;30.9;0.2;0.2;
10/29/2019 4:22:29 PM;2090;31.4;30.9;0.2;0.2;
10/29/2019 4:22:30 PM;2091;31.4;30.9;0.2;0.2;
10/29/2019 4:22:31 PM;2092;31.3;30.9;0.2;0.2;
10/29/2019 4:22:32 PM;2093;31.3;30.9;0.2;0.2;
10/29/2019 4:22:33 PM;2094;31.3;30.9;0.2;0.2;
10/29/2019 4:22:34 PM;2095;31.3;30.9;0.2;0.2;
10/29/2019 4:22:35 PM;2096;31.3;30.9;0.2;0.2;
10/29/2019 4:22:36 PM;2097;31.3;30.9;0.2;0.2;
10/29/2019 4:22:37 PM;2098;31.3;30.9;0.2;0.2;
10/29/2019 4:22:38 PM;2099;31.3;30.9;0.2;0.2;
10/29/2019 4:22:39 PM;2100;31.3;30.9;0.2;0.2;
10/29/2019 4:22:40 PM;2101;31.3;30.9;0.2;0.2;
10/29/2019 4:22:41 PM;2102;31.3;30.9;0.2;0.2;
10/29/2019 4:22:42 PM;2103;31.3;30.9;0.2;0.2;
10/29/2019 4:22:43 PM;2104;31.4;30.9;0.2;0.2;
10/29/2019 4:22:44 PM;2105;31.4;30.9;0.2;0.2;
10/29/2019 4:22:45 PM;2106;31.4;30.9;0.2;0.2;
10/29/2019 4:22:46 PM;2107;31.4;30.9;0.2;0.2;
10/29/2019 4:22:47 PM;2108;31.3;30.9;0.2;0.2;
10/29/2019 4:22:48 PM;2109;31.3;30.9;0.2;0.2;
10/29/2019 4:22:49 PM;2110;31.3;30.9;0.2;0.2;
10/29/2019 4:22:50 PM;2111;31.3;30.9;0.2;0.2;
10/29/2019 4:22:51 PM;2112;31.3;30.9;0.2;0.2;
10/29/2019 4:22:52 PM;2113;31.3;30.9;0.2;0.2;
10/29/2019 4:22:53 PM;2114;31.4;30.9;0.2;0.2;
10/29/2019 4:22:54 PM;2115;31.4;30.9;0.2;0.2;
10/29/2019 4:22:55 PM;2116;31.4;30.9;0.2;0.2;
10/29/2019 4:22:56 PM;2117;31.4;30.9;0.2;0.2;
10/29/2019 4:22:57 PM;2118;31.4;30.9;0.2;0.2;
10/29/2019 4:22:58 PM;2119;31.4;30.9;0.2;0.2;
10/29/2019 4:22:59 PM;2120;31.4;30.9;0.2;0.2;
10/29/2019 4:23:00 PM;2121;31.4;30.9;0.2;0.2;
10/29/2019 4:23:01 PM;2122;31.4;30.9;0.2;0.2;
10/29/2019 4:23:02 PM;2123;31.4;30.9;0.2;0.2;
10/29/2019 4:23:03 PM;2124;31.4;30.8;0.2;0.2;
10/29/2019 4:23:04 PM;2125;31.4;30.8;0.2;0.2;
10/29/2019 4:23:05 PM;2126;31.4;30.8;0.2;0.2;
10/29/2019 4:23:06 PM;2127;31.4;30.7;0.2;0.2;
10/29/2019 4:23:07 PM;2128;31.4;30.7;0.2;0.2;
10/29/2019 4:23:08 PM;2129;31.4;30.7;0.2;0.2;
10/29/2019 4:23:09 PM;2130;31.4;30.7;0.2;0.2;
10/29/2019 4:23:10 PM;2131;31.4;30.7;0.2;0.2;
10/29/2019 4:23:11 PM;2132;31.4;30.7;0.2;0.2;
10/29/2019 4:23:12 PM;2133;31.3;30.7;0.2;0.2;
10/29/2019 4:23:13 PM;2134;31.3;30.7;0.2;0.2;
10/29/2019 4:23:14 PM;2135;31.3;30.7;0.2;0.2;
10/29/2019 4:23:15 PM;2136;31.3;30.7;0.2;0.2;
10/29/2019 4:23:16 PM;2137;31.3;30.7;0.2;0.2;
10/29/2019 4:23:17 PM;2138;31.3;30.7;0.2;0.2;
10/29/2019 4:23:18 PM;2139;31.3;30.7;0.2;0.2;
10/29/2019 4:23:19 PM;2140;31.3;30.7;0.2;0.2;
10/29/2019 4:23:20 PM;2141;31.3;30.7;0.2;0.2;
10/29/2019 4:23:21 PM;2142;31.3;30.7;0.2;0.2;
10/29/2019 4:23:22 PM;2143;31.3;30.7;0.2;0.2;
10/29/2019 4:23:23 PM;2144;31.3;30.7;0.2;0.2;
10/29/2019 4:23:24 PM;2145;31.3;30.7;0.2;0.2;
10/29/2019 4:23:25 PM;2146;31.3;30.7;0.2;0.2;
10/29/2019 4:23:26 PM;2147;31.3;30.7;0.2;0.2;
10/29/2019 4:23:27 PM;2148;31.3;30.7;0.2;0.2;
10/29/2019 4:23:28 PM;2149;31.3;30.7;0.2;0.2;
10/29/2019 4:23:29 PM;2150;31.2;30.7;0.2;0.2;
10/29/2019 4:23:30 PM;2151;31.2;30.7;0.2;0.2;
10/29/2019 4:23:31 PM;2152;31.2;30.7;0.2;0.2;
10/29/2019 4:23:32 PM;2153;31.2;30.7;0.2;0.2;
10/29/2019 4:23:33 PM;2154;31.2;30.7;0.2;0.2;
10/29/2019 4:23:34 PM;2155;31.2;30.7;0.2;0.2;
10/29/2019 4:23:35 PM;2156;31.2;30.7;0.2;0.2;
10/29/2019 4:23:36 PM;2157;31.2;30.7;0.2;0.2;
10/29/2019 4:23:37 PM;2158;31.2;30.7;0.2;0.2;
10/29/2019 4:23:38 PM;2159;31.2;30.7;0.2;0.2;
10/29/2019 4:23:39 PM;2160;31.3;30.7;0.2;0.2;
10/29/2019 4:23:40 PM;2161;31.3;30.7;0.2;0.2;
10/29/2019 4:23:41 PM;2162;31.3;30.7;0.2;0.2;
10/29/2019 4:23:42 PM;2163;31.3;30.7;0.2;0.2;
10/29/2019 4:23:43 PM;2164;31.3;30.7;0.2;0.2;
10/29/2019 4:23:44 PM;2165;31.3;30.7;0.2;0.2;
10/29/2019 4:23:45 PM;2166;31.2;30.7;0.2;0.2;
10/29/2019 4:23:46 PM;2167;31.2;30.7;0.2;0.2;
10/29/2019 4:23:47 PM;2168;31.3;30.7;0.2;0.2;
10/29/2019 4:23:48 PM;2169;31.2;30.7;0.2;0.2;
10/29/2019 4:23:49 PM;2170;31.2;30.7;0.2;0.2;
10/29/2019 4:23:50 PM;2171;31.3;30.7;0.2;0.2;
10/29/2019 4:23:51 PM;2172;31.3;30.7;0.2;0.2;
10/29/2019 4:23:52 PM;2173;31.2;30.7;0.2;0.2;
10/29/2019 4:23:53 PM;2174;31.2;30.7;0.2;0.2;
10/29/2019 4:23:54 PM;2175;31.2;30.7;0.2;0.2;
10/29/2019 4:23:55 PM;2176;31.3;30.7;0.2;0.2;
10/29/2019 4:23:56 PM;2177;31.3;30.7;0.2;0.2;
10/29/2019 4:23:57 PM;2178;31.3;30.7;0.2;0.2;
10/29/2019 4:23:58 PM;2179;31.3;30.7;0.2;0.2;
10/29/2019 4:23:59 PM;2180;31.4;30.7;0.2;0.2;
10/29/2019 4:24:00 PM;2181;31.4;30.7;0.2;0.2;
10/29/2019 4:24:01 PM;2182;31.4;30.7;0.2;0.2;
10/29/2019 4:24:02 PM;2183;31.4;30.7;0.2;0.2;
10/29/2019 4:24:03 PM;2184;31.4;30.7;0.2;0.2;
10/29/2019 4:24:04 PM;2185;31.4;30.7;0.2;0.2;
10/29/2019 4:24:05 PM;2186;31.4;30.7;0.2;0.2;
10/29/2019 4:24:06 PM;2187;31.4;30.7;0.2;0.2;
10/29/2019 4:24:07 PM;2188;31.4;30.7;0.2;0.2;
10/29/2019 4:24:08 PM;2189;31.4;30.7;0.2;0.2;
10/29/2019 4:24:09 PM;2190;31.4;30.7;0.2;0.2;
10/29/2019 4:24:10 PM;2191;31.4;30.7;0.2;0.2;
10/29/2019 4:24:11 PM;2192;31.4;30.7;0.2;0.2;
10/29/2019 4:24:12 PM;2193;31.4;30.7;0.2;0.2;
10/29/2019 4:24:13 PM;2194;31.4;30.7;0.2;0.2;
10/29/2019 4:24:14 PM;2195;31.4;30.7;0.2;0.2;
10/29/2019 4:24:15 PM;2196;31.3;30.7;0.2;0.2;
10/29/2019 4:24:16 PM;2197;31.3;30.7;0.2;0.2;
10/29/2019 4:24:17 PM;2198;31.2;30.7;0.2;0.2;
10/29/2019 4:24:18 PM;2199;31.2;30.7;0.2;0.2;
10/29/2019 4:24:19 PM;2200;31.2;30.7;0.2;0.2;
10/29/2019 4:24:20 PM;2201;31.3;30.7;0.2;0.2;
10/29/2019 4:24:21 PM;2202;31.3;30.7;0.2;0.2;
10/29/2019 4:24:22 PM;2203;31.4;30.7;0.2;0.2;
10/29/2019 4:24:23 PM;2204;31.4;30.7;0.2;0.2;
10/29/2019 4:24:24 PM;2205;31.4;30.7;0.2;0.2;
10/29/2019 4:24:25 PM;2206;31.4;30.7;0.2;0.2;
10/29/2019 4:24:26 PM;2207;31.4;30.7;0.2;0.2;
10/29/2019 4:24:27 PM;2208;31.4;30.7;0.2;0.2;
10/29/2019 4:24:28 PM;2209;31.4;30.7;0.2;0.2;
10/29/2019 4:24:29 PM;2210;31.4;30.7;0.2;0.2;
10/29/2019 4:24:30 PM;2211;31.4;30.7;0.2;0.2;
10/29/2019 4:24:31 PM;2212;31.4;30.7;0.2;0.2;
10/29/2019 4:24:32 PM;2213;31.4;30.7;0.2;0.2;
10/29/2019 4:24:33 PM;2214;31.4;30.7;0.2;0.2;
10/29/2019 4:24:34 PM;2215;31.4;30.7;0.2;0.2;
10/29/2019 4:24:35 PM;2216;31.4;30.7;0.2;0.2;
10/29/2019 4:24:36 PM;2217;31.4;30.7;0.2;0.2;
10/29/2019 4:24:37 PM;2218;31.4;30.7;0.2;0.2;
10/29/2019 4:24:38 PM;2219;31.4;30.7;0.2;0.2;
10/29/2019 4:24:39 PM;2220;31.4;30.7;0.2;0.2;
10/29/2019 4:24:40 PM;2221;31.4;30.7;0.2;0.2;
10/29/2019 4:24:41 PM;2222;31.4;30.7;0.2;0.2;
10/29/2019 4:24:42 PM;2223;31.5;30.7;0.2;0.2;
10/29/2019 4:24:43 PM;2224;31.5;30.7;0.2;0.2;
10/29/2019 4:24:44 PM;2225;31.5;30.7;0.2;0.2;
10/29/2019 4:24:45 PM;2226;31.4;30.7;0.2;0.2;
10/29/2019 4:24:46 PM;2227;31.5;30.7;0.2;0.2;
10/29/2019 4:24:47 PM;2228;31.5;30.7;0.2;0.2;
10/29/2019 4:24:48 PM;2229;31.5;30.7;0.2;0.2;
10/29/2019 4:24:49 PM;2230;31.5;30.7;0.2;0.2;
10/29/2019 4:24:50 PM;2231;31.6;30.7;0.2;0.2;
10/29/2019 4:24:51 PM;2232;31.6;30.7;0.2;0.2;
10/29/2019 4:24:52 PM;2233;31.6;30.3;0.2;0.2;
10/29/2019 4:24:53 PM;2234;31.6;29.5;0.2;0.2;
10/29/2019 4:24:54 PM;2235;31.6;28.6;0.2;0.2;
10/29/2019 4:24:55 PM;2236;31.6;27.8;0.2;0.2;
10/29/2019 4:24:56 PM;2237;31.6;27.0;0.2;0.2;
10/29/2019 4:24:57 PM;2238;31.6;26.5;0.2;0.2;
10/29/2019 4:24:58 PM;2239;31.6;26.4;0.2;0.2;
10/29/2019 4:24:59 PM;2240;31.6;26.3;0.2;0.2;
10/29/2019 4:25:00 PM;2241;31.6;26.1;0.2;0.2;
10/29/2019 4:25:01 PM;2242;31.6;25.8;0.2;0.2;
10/29/2019 4:25:02 PM;2243;31.6;27.4;0.2;0.2;
10/29/2019 4:25:03 PM;2244;31.6;28.7;0.2;0.2;
10/29/2019 4:25:04 PM;2245;31.7;30.0;0.2;0.2;
10/29/2019 4:25:05 PM;2246;31.7;31.5;0.2;0.2;
10/29/2019 4:25:06 PM;2247;31.7;33.1;0.2;0.2;
10/29/2019 4:25:07 PM;2248;31.7;32.7;0.2;0.2;
10/29/2019 4:25:08 PM;2249;31.7;32.8;0.2;0.2;
10/29/2019 4:25:09 PM;2250;31.7;32.8;0.2;0.2;
10/29/2019 4:25:10 PM;2251;31.5;32.8;0.2;0.2;
10/29/2019 4:25:11 PM;2252;31.4;32.8;0.2;0.2;
10/29/2019 4:25:12 PM;2253;31.3;32.8;0.2;0.2;
10/29/2019 4:25:13 PM;2254;31.2;32.8;0.2;0.2;
10/29/2019 4:25:14 PM;2255;31.1;32.8;0.2;0.2;
10/29/2019 4:25:15 PM;2256;31.2;32.8;0.2;0.2;
10/29/2019 4:25:16 PM;2257;31.2;32.8;0.2;0.2;
10/29/2019 4:25:17 PM;2258;31.2;32.8;0.2;0.2;
10/29/2019 4:25:18 PM;2259;31.2;32.8;0.2;0.2;
10/29/2019 4:25:19 PM;2260;31.2;32.8;0.2;0.2;
10/29/2019 4:25:20 PM;2261;31.2;32.8;0.2;0.2;
10/29/2019 4:25:21 PM;2262;31.3;32.8;0.2;0.2;
10/29/2019 4:25:22 PM;2263;31.3;32.8;0.2;0.2;
10/29/2019 4:25:23 PM;2264;31.3;32.8;0.2;0.2;
10/29/2019 4:25:24 PM;2265;31.3;32.8;0.2;0.2;
10/29/2019 4:25:25 PM;2266;31.4;32.8;0.2;0.2;
10/29/2019 4:25:26 PM;2267;31.4;32.8;0.2;0.2;
10/29/2019 4:25:27 PM;2268;31.4;32.8;0.2;0.2;
10/29/2019 4:25:28 PM;2269;31.4;32.8;0.2;0.2;
10/29/2019 4:25:29 PM;2270;31.4;32.8;0.2;0.2;
10/29/2019 4:25:30 PM;2271;31.4;32.8;0.2;0.2;
10/29/2019 4:25:31 PM;2272;31.4;32.8;0.2;0.2;
10/29/2019 4:25:32 PM;2273;31.4;32.8;0.2;0.2;
10/29/2019 4:25:33 PM;2274;31.4;32.8;0.2;0.2;
10/29/2019 4:25:34 PM;2275;31.4;32.8;0.2;0.2;
10/29/2019 4:25:35 PM;2276;31.4;32.8;0.2;0.2;
10/29/2019 4:25:36 PM;2277;31.4;32.8;0.2;0.2;
10/29/2019 4:25:37 PM;2278;31.4;32.8;0.2;0.2;
10/29/2019 4:25:38 PM;2279;31.4;32.8;0.2;0.2;
10/29/2019 4:25:39 PM;2280;31.4;32.8;0.2;0.2;
10/29/2019 4:25:40 PM;2281;31.4;32.8;0.2;0.2;
10/29/2019 4:25:41 PM;2282;31.4;32.8;0.2;0.2;
10/29/2019 4:25:42 PM;2283;31.5;32.8;0.2;0.2;
10/29/2019 4:25:43 PM;2284;31.5;32.8;0.2;0.2;
10/29/2019 4:25:44 PM;2285;31.5;32.8;0.2;0.2;
10/29/2019 4:25:45 PM;2286;31.5;32.8;0.2;0.2;
10/29/2019 4:25:46 PM;2287;31.5;32.8;0.2;0.2;
10/29/2019 4:25:47 PM;2288;31.5;32.8;0.2;0.2;
10/29/2019 4:25:48 PM;2289;31.5;32.8;0.2;0.2;
10/29/2019 4:25:49 PM;2290;31.5;32.8;0.2;0.2;
10/29/2019 4:25:50 PM;2291;31.5;32.8;0.2;0.2;
10/29/2019 4:25:51 PM;2292;31.5;32.8;0.2;0.2;
10/29/2019 4:25:52 PM;2293;31.5;32.8;0.2;0.2;
10/29/2019 4:25:53 PM;2294;31.5;32.8;0.2;0.2;
10/29/2019 4:25:54 PM;2295;31.5;32.8;0.2;0.2;
10/29/2019 4:25:55 PM;2296;31.5;32.8;0.2;0.2;
10/29/2019 4:25:56 PM;2297;31.5;32.8;0.2;0.2;
10/29/2019 4:25:57 PM;2298;31.5;32.8;0.2;0.2;
10/29/2019 4:25:58 PM;2299;31.5;32.8;0.2;0.2;
10/29/2019 4:25:59 PM;2300;31.6;32.9;0.2;0.2;
10/29/2019 4:26:00 PM;2301;31.6;32.9;0.2;0.2;
10/29/2019 4:26:01 PM;2302;31.6;32.9;0.2;0.2;
10/29/2019 4:26:02 PM;2303;31.6;32.9;0.2;0.2;
10/29/2019 4:26:03 PM;2304;31.6;32.9;0.2;0.2;
10/29/2019 4:26:04 PM;2305;31.6;32.8;0.2;0.2;
10/29/2019 4:26:05 PM;2306;31.6;32.8;0.2;0.2;
10/29/2019 4:26:06 PM;2307;31.6;32.8;0.2;0.2;
10/29/2019 4:26:07 PM;2308;31.6;32.8;0.2;0.2;
10/29/2019 4:26:08 PM;2309;31.6;32.8;0.2;0.2;
10/29/2019 4:26:09 PM;2310;31.6;32.8;0.2;0.2;
10/29/2019 4:26:10 PM;2311;31.6;32.8;0.2;0.2;
10/29/2019 4:26:11 PM;2312;31.6;32.8;0.2;0.2;
10/29/2019 4:26:12 PM;2313;31.6;32.8;0.2;0.2;
10/29/2019 4:26:13 PM;2314;31.7;32.8;0.2;0.2;
10/29/2019 4:26:14 PM;2315;31.7;32.8;0.2;0.2;
10/29/2019 4:26:15 PM;2316;31.8;32.8;0.2;0.2;
10/29/2019 4:26:16 PM;2317;31.8;32.9;0.2;0.2;
10/29/2019 4:26:17 PM;2318;31.8;32.9;0.2;0.2;
10/29/2019 4:26:18 PM;2319;31.8;32.8;0.2;0.2;
10/29/2019 4:26:19 PM;2320;31.8;32.8;0.2;0.2;
10/29/2019 4:26:20 PM;2321;31.8;32.8;0.2;0.2;
10/29/2019 4:26:21 PM;2322;31.8;32.8;0.2;0.2;
10/29/2019 4:26:22 PM;2323;31.8;32.8;0.2;0.2;
10/29/2019 4:26:23 PM;2324;31.8;32.8;0.2;0.2;
10/29/2019 4:26:24 PM;2325;31.8;32.8;0.2;0.2;
10/29/2019 4:26:25 PM;2326;31.8;32.8;0.2;0.2;
10/29/2019 4:26:26 PM;2327;31.8;32.8;0.2;0.2;
10/29/2019 4:26:27 PM;2328;31.8;32.8;0.2;0.2;
10/29/2019 4:26:28 PM;2329;31.8;32.8;0.2;0.2;
10/29/2019 4:26:29 PM;2330;31.9;32.8;0.2;0.2;
10/29/2019 4:26:30 PM;2331;31.9;32.8;0.2;0.2;
10/29/2019 4:26:31 PM;2332;31.9;32.8;0.2;0.2;
10/29/2019 4:26:32 PM;2333;31.9;32.8;0.2;0.2;
10/29/2019 4:26:33 PM;2334;31.8;32.8;0.2;0.2;
10/29/2019 4:26:34 PM;2335;31.8;32.8;0.2;0.2;
10/29/2019 4:26:35 PM;2336;31.8;32.8;0.2;0.2;
10/29/2019 4:26:36 PM;2337;31.8;32.8;0.2;0.2;
10/29/2019 4:26:37 PM;2338;31.8;32.8;0.2;0.2;
10/29/2019 4:26:38 PM;2339;31.9;32.8;0.2;0.2;
10/29/2019 4:26:39 PM;2340;31.9;32.8;0.2;0.2;
10/29/2019 4:26:40 PM;2341;32.0;32.8;0.2;0.2;
10/29/2019 4:26:41 PM;2342;32.0;32.8;0.2;0.2;
10/29/2019 4:26:42 PM;2343;32.0;32.8;0.2;0.2;
10/29/2019 4:26:43 PM;2344;32.0;32.8;0.2;0.2;
10/29/2019 4:26:44 PM;2345;32.0;32.8;0.2;0.2;
10/29/2019 4:26:45 PM;2346;31.9;32.8;0.2;0.2;
10/29/2019 4:26:46 PM;2347;31.9;32.8;0.2;0.2;
10/29/2019 4:26:47 PM;2348;31.8;32.8;0.2;0.2;
10/29/2019 4:26:48 PM;2349;31.8;32.8;0.2;0.2;
10/29/2019 4:26:49 PM;2350;31.8;32.8;0.2;0.2;
10/29/2019 4:26:50 PM;2351;31.8;32.8;0.2;0.2;
10/29/2019 4:26:51 PM;2352;31.8;32.8;0.2;0.2;
10/29/2019 4:26:52 PM;2353;31.9;32.8;0.2;0.2;
10/29/2019 4:26:53 PM;2354;31.8;32.8;0.2;0.2;
10/29/2019 4:26:54 PM;2355;31.8;32.8;0.2;0.2;
10/29/2019 4:26:55 PM;2356;31.9;32.8;0.2;0.2;
10/29/2019 4:26:56 PM;2357;31.9;32.8;0.2;0.2;
10/29/2019 4:26:57 PM;2358;31.9;32.9;0.2;0.2;
10/29/2019 4:26:58 PM;2359;32.0;32.9;0.2;0.2;
10/29/2019 4:26:59 PM;2360;32.0;33.0;0.2;0.2;
10/29/2019 4:27:00 PM;2361;31.9;33.0;0.2;0.2;
10/29/2019 4:27:01 PM;2362;31.9;33.0;0.2;0.2;
10/29/2019 4:27:02 PM;2363;31.9;32.9;0.2;0.2;
10/29/2019 4:27:03 PM;2364;31.9;32.9;0.2;0.2;
10/29/2019 4:27:04 PM;2365;31.9;32.9;0.2;0.2;
10/29/2019 4:27:05 PM;2366;32.0;32.9;0.2;0.2;
10/29/2019 4:27:06 PM;2367;32.0;32.9;0.2;0.2;
10/29/2019 4:27:07 PM;2368;32.0;33.0;0.2;0.2;
10/29/2019 4:27:08 PM;2369;32.0;33.0;0.2;0.2;
10/29/2019 4:27:09 PM;2370;32.0;33.0;0.2;0.2;
10/29/2019 4:27:10 PM;2371;32.0;33.0;0.2;0.2;
10/29/2019 4:27:11 PM;2372;32.0;33.0;0.2;0.2;
10/29/2019 4:27:12 PM;2373;32.0;33.0;0.2;0.2;
10/29/2019 4:27:13 PM;2374;32.0;33.0;0.2;0.2;
10/29/2019 4:27:14 PM;2375;31.9;33.0;0.2;0.2;
10/29/2019 4:27:15 PM;2376;31.9;33.0;0.2;0.2;
10/29/2019 4:27:16 PM;2377;31.9;33.0;0.2;0.2;
10/29/2019 4:27:17 PM;2378;31.9;33.0;0.2;0.2;
10/29/2019 4:27:18 PM;2379;31.9;33.0;0.2;0.2;
10/29/2019 4:27:19 PM;2380;32.0;33.0;0.2;0.2;
10/29/2019 4:27:20 PM;2381;32.0;33.0;0.2;0.2;
10/29/2019 4:27:21 PM;2382;32.0;33.0;0.2;0.2;
10/29/2019 4:27:22 PM;2383;32.0;33.0;0.2;0.2;
10/29/2019 4:27:23 PM;2384;32.0;33.0;0.2;0.2;
10/29/2019 4:27:24 PM;2385;32.0;33.0;0.2;0.2;
10/29/2019 4:27:25 PM;2386;32.0;33.0;0.2;0.2;
10/29/2019 4:27:26 PM;2387;32.0;33.0;0.2;0.2;
10/29/2019 4:27:27 PM;2388;32.0;33.0;0.2;0.2;
10/29/2019 4:27:28 PM;2389;32.0;33.0;0.2;0.2;
10/29/2019 4:27:29 PM;2390;32.0;33.0;0.2;0.2;
10/29/2019 4:27:30 PM;2391;32.1;33.0;0.2;0.2;
10/29/2019 4:27:31 PM;2392;32.0;33.0;0.2;0.2;
10/29/2019 4:27:32 PM;2393;32.0;33.0;0.2;0.2;
10/29/2019 4:27:33 PM;2394;32.1;33.0;0.2;0.2;
10/29/2019 4:27:34 PM;2395;32.1;33.0;0.2;0.2;
10/29/2019 4:27:35 PM;2396;32.1;33.0;0.2;0.2;
10/29/2019 4:27:36 PM;2397;32.2;33.0;0.2;0.2;
10/29/2019 4:27:37 PM;2398;32.2;33.0;0.2;0.2;
10/29/2019 4:27:38 PM;2399;32.2;33.0;0.2;0.2;
10/29/2019 4:27:39 PM;2400;32.1;33.0;0.2;0.2;
10/29/2019 4:27:40 PM;2401;32.1;33.0;0.2;0.2;
10/29/2019 4:27:41 PM;2402;32.0;33.0;0.2;0.2;
10/29/2019 4:27:42 PM;2403;32.0;33.0;0.2;0.2;
10/29/2019 4:27:43 PM;2404;32.0;33.0;0.2;0.2;
10/29/2019 4:27:44 PM;2405;32.0;33.0;0.2;0.2;
10/29/2019 4:27:45 PM;2406;32.1;33.0;0.2;0.2;
10/29/2019 4:27:46 PM;2407;32.1;33.0;0.2;0.2;
10/29/2019 4:27:47 PM;2408;32.1;33.0;0.2;0.2;
10/29/2019 4:27:48 PM;2409;32.2;33.0;0.2;0.2;
10/29/2019 4:27:49 PM;2410;32.2;33.0;0.2;0.2;
10/29/2019 4:27:50 PM;2411;32.2;33.0;0.2;0.2;
10/29/2019 4:27:51 PM;2412;32.2;33.0;0.2;0.2;
10/29/2019 4:27:52 PM;2413;32.2;33.0;0.2;0.2;
10/29/2019 4:27:53 PM;2414;32.2;33.0;0.2;0.2;
10/29/2019 4:27:54 PM;2415;32.2;33.0;0.2;0.2;
10/29/2019 4:27:55 PM;2416;32.2;33.0;0.2;0.2;
10/29/2019 4:27:56 PM;2417;32.2;33.0;0.2;0.2;
10/29/2019 4:27:57 PM;2418;32.2;33.0;0.2;0.2;
10/29/2019 4:27:58 PM;2419;32.2;33.0;0.2;0.2;
10/29/2019 4:27:59 PM;2420;32.2;33.0;0.2;0.2;
10/29/2019 4:28:00 PM;2421;32.2;33.0;0.2;0.2;
10/29/2019 4:28:01 PM;2422;32.2;33.0;0.2;0.2;
10/29/2019 4:28:02 PM;2423;32.2;33.0;0.2;0.2;
10/29/2019 4:28:03 PM;2424;32.2;33.0;0.2;0.2;
10/29/2019 4:28:04 PM;2425;32.2;33.0;0.2;0.2;
10/29/2019 4:28:05 PM;2426;32.2;33.0;0.2;0.2;
10/29/2019 4:28:06 PM;2427;32.2;33.0;0.2;0.2;
10/29/2019 4:28:07 PM;2428;32.2;33.0;0.2;0.2;
10/29/2019 4:28:08 PM;2429;32.2;33.0;0.2;0.2;
10/29/2019 4:28:09 PM;2430;32.2;33.0;0.2;0.2;
10/29/2019 4:28:10 PM;2431;32.2;33.0;0.2;0.2;
10/29/2019 4:28:11 PM;2432;32.2;33.1;0.2;0.2;
10/29/2019 4:28:12 PM;2433;32.2;33.1;0.2;0.2;
10/29/2019 4:28:13 PM;2434;32.2;33.1;0.2;0.2;
10/29/2019 4:28:14 PM;2435;32.2;33.2;0.2;0.2;
10/29/2019 4:28:15 PM;2436;32.2;33.2;0.2;0.2;
10/29/2019 4:28:16 PM;2437;32.2;33.2;0.2;0.2;
10/29/2019 4:28:17 PM;2438;32.2;33.2;0.2;0.2;
10/29/2019 4:28:18 PM;2439;32.2;33.2;0.2;0.2;
10/29/2019 4:28:19 PM;2440;32.2;33.2;0.2;0.2;
10/29/2019 4:28:20 PM;2441;32.2;33.2;0.2;0.2;
10/29/2019 4:28:21 PM;2442;32.2;33.2;0.2;0.2;
10/29/2019 4:28:22 PM;2443;32.2;33.2;0.2;0.2;
10/29/2019 4:28:23 PM;2444;32.2;33.2;0.2;0.2;
10/29/2019 4:28:24 PM;2445;32.2;33.2;0.2;0.2;
10/29/2019 4:28:25 PM;2446;32.2;33.2;0.2;0.2;
10/29/2019 4:28:26 PM;2447;32.2;33.2;0.2;0.2;
10/29/2019 4:28:27 PM;2448;32.2;33.2;0.2;0.2;
10/29/2019 4:28:28 PM;2449;32.2;33.2;0.2;0.2;
10/29/2019 4:28:29 PM;2450;32.2;33.2;0.2;0.2;
10/29/2019 4:28:30 PM;2451;32.2;33.2;0.2;0.2;
10/29/2019 4:28:31 PM;2452;32.2;33.2;0.2;0.2;
10/29/2019 4:28:32 PM;2453;32.2;33.2;0.2;0.2;
10/29/2019 4:28:33 PM;2454;32.2;33.2;0.2;0.2;
10/29/2019 4:28:34 PM;2455;32.2;33.2;0.2;0.2;
10/29/2019 4:28:35 PM;2456;32.2;33.2;0.2;0.2;
10/29/2019 4:28:36 PM;2457;32.2;33.2;0.2;0.2;
10/29/2019 4:28:37 PM;2458;32.2;33.2;0.2;0.2;
10/29/2019 4:28:38 PM;2459;32.2;33.2;0.2;0.2;
10/29/2019 4:28:39 PM;2460;32.2;33.2;0.2;0.2;
10/29/2019 4:28:40 PM;2461;32.2;33.2;0.2;0.2;
10/29/2019 4:28:41 PM;2462;32.2;33.2;0.2;0.2;
10/29/2019 4:28:42 PM;2463;32.2;33.2;0.2;0.2;
10/29/2019 4:28:43 PM;2464;32.2;33.2;0.2;0.2;
10/29/2019 4:28:44 PM;2465;32.2;33.2;0.2;0.2;
10/29/2019 4:28:45 PM;2466;32.2;33.3;0.2;0.2;
10/29/2019 4:28:46 PM;2467;32.2;33.3;0.2;0.2;
10/29/2019 4:28:47 PM;2468;32.2;33.3;0.2;0.2;
10/29/2019 4:28:48 PM;2469;32.2;33.3;0.2;0.2;
10/29/2019 4:28:49 PM;2470;32.2;33.3;0.2;0.2;
10/29/2019 4:28:50 PM;2471;32.2;33.3;0.2;0.2;
10/29/2019 4:28:51 PM;2472;32.2;33.3;0.2;0.2;
10/29/2019 4:28:52 PM;2473;32.2;33.3;0.2;0.2;
10/29/2019 4:28:53 PM;2474;32.2;33.3;0.2;0.2;
10/29/2019 4:28:54 PM;2475;32.2;33.3;0.2;0.2;
10/29/2019 4:28:55 PM;2476;32.2;33.3;0.2;0.2;
10/29/2019 4:28:56 PM;2477;32.2;33.3;0.2;0.2;
10/29/2019 4:28:57 PM;2478;32.2;33.3;0.2;0.2;
10/29/2019 4:28:58 PM;2479;32.2;33.3;0.2;0.2;
10/29/2019 4:28:59 PM;2480;32.2;33.3;0.2;0.2;
10/29/2019 4:29:00 PM;2481;32.2;33.3;0.2;0.2;
10/29/2019 4:29:01 PM;2482;32.2;33.3;0.2;0.2;
10/29/2019 4:29:02 PM;2483;32.2;33.3;0.2;0.2;
10/29/2019 4:29:03 PM;2484;32.2;33.3;0.2;0.2;
10/29/2019 4:29:04 PM;2485;32.2;33.3;0.2;0.2;
10/29/2019 4:29:05 PM;2486;32.2;33.3;0.2;0.2;
10/29/2019 4:29:06 PM;2487;32.2;33.3;0.2;0.2;
10/29/2019 4:29:07 PM;2488;32.2;33.3;0.2;0.2;
10/29/2019 4:29:08 PM;2489;32.2;33.3;0.2;0.2;
10/29/2019 4:29:09 PM;2490;32.2;33.3;0.2;0.2;
10/29/2019 4:29:10 PM;2491;32.2;33.3;0.2;0.2;
10/29/2019 4:29:11 PM;2492;32.2;33.3;0.2;0.2;
10/29/2019 4:29:12 PM;2493;32.2;33.3;0.2;0.2;
10/29/2019 4:29:13 PM;2494;32.2;33.3;0.2;0.2;
10/29/2019 4:29:14 PM;2495;32.2;33.3;0.2;0.2;
10/29/2019 4:29:15 PM;2496;32.2;33.3;0.2;0.2;
10/29/2019 4:29:16 PM;2497;32.2;33.3;0.2;0.2;
10/29/2019 4:29:17 PM;2498;32.2;33.3;0.2;0.2;
10/29/2019 4:29:18 PM;2499;32.2;33.3;0.2;0.2;
10/29/2019 4:29:19 PM;2500;32.2;33.3;0.2;0.2;
10/29/2019 4:29:20 PM;2501;32.2;33.3;0.2;0.2;
10/29/2019 4:29:21 PM;2502;32.2;33.3;0.2;0.2;
10/29/2019 4:29:22 PM;2503;32.2;33.3;0.2;0.2;
10/29/2019 4:29:23 PM;2504;32.2;33.3;0.2;0.2;
10/29/2019 4:29:24 PM;2505;32.2;33.3;0.2;0.2;
10/29/2019 4:29:25 PM;2506;32.2;33.3;0.2;0.2;
10/29/2019 4:29:26 PM;2507;32.2;33.3;0.2;0.2;
10/29/2019 4:29:27 PM;2508;32.2;33.3;0.2;0.2;
10/29/2019 4:29:28 PM;2509;32.2;33.3;0.2;0.2;
10/29/2019 4:29:29 PM;2510;32.2;33.3;0.2;0.2;
10/29/2019 4:29:30 PM;2511;32.2;33.4;0.2;0.2;
10/29/2019 4:29:31 PM;2512;32.2;33.4;0.2;0.2;
10/29/2019 4:29:32 PM;2513;32.2;33.4;0.2;0.2;
10/29/2019 4:29:33 PM;2514;32.2;33.5;0.2;0.2;
10/29/2019 4:29:34 PM;2515;32.2;33.5;0.2;0.2;
10/29/2019 4:29:35 PM;2516;32.2;33.5;0.2;0.2;
10/29/2019 4:29:36 PM;2517;32.2;33.5;0.2;0.2;
10/29/2019 4:29:37 PM;2518;32.2;33.5;0.2;0.2;
10/29/2019 4:29:38 PM;2519;32.2;33.5;0.2;0.2;
10/29/2019 4:29:39 PM;2520;32.2;33.5;0.2;0.2;
10/29/2019 4:29:40 PM;2521;32.2;33.5;0.2;0.2;
10/29/2019 4:29:41 PM;2522;32.2;33.5;0.2;0.2;
10/29/2019 4:29:42 PM;2523;32.2;33.5;0.2;0.2;
10/29/2019 4:29:43 PM;2524;32.2;33.5;0.2;0.2;
10/29/2019 4:29:44 PM;2525;32.2;33.5;0.2;0.2;
10/29/2019 4:29:45 PM;2526;32.2;33.5;0.2;0.2;
10/29/2019 4:29:46 PM;2527;32.2;33.5;0.2;0.2;
10/29/2019 4:29:47 PM;2528;32.2;33.5;0.2;0.2;
10/29/2019 4:29:48 PM;2529;32.2;33.5;0.2;0.2;
10/29/2019 4:29:49 PM;2530;32.2;33.5;0.2;0.2;
10/29/2019 4:29:50 PM;2531;32.2;33.5;0.2;0.2;
10/29/2019 4:29:51 PM;2532;32.2;33.5;0.2;0.2;
10/29/2019 4:29:52 PM;2533;32.2;33.5;0.2;0.2;
10/29/2019 4:29:53 PM;2534;32.2;33.5;0.2;0.2;
10/29/2019 4:29:54 PM;2535;32.2;33.5;0.2;0.2;
10/29/2019 4:29:55 PM;2536;32.2;33.5;0.2;0.2;
10/29/2019 4:29:56 PM;2537;32.2;33.5;0.2;0.2;
10/29/2019 4:29:57 PM;2538;32.2;33.5;0.2;0.2;
10/29/2019 4:29:58 PM;2539;32.2;33.5;0.2;0.2;
10/29/2019 4:29:59 PM;2540;32.2;33.5;0.2;0.2;
10/29/2019 4:30:00 PM;2541;32.2;33.5;0.2;0.2;
10/29/2019 4:30:01 PM;2542;32.2;33.5;0.2;0.2;
10/29/2019 4:30:02 PM;2543;32.2;33.5;0.2;0.2;
10/29/2019 4:30:03 PM;2544;32.2;33.5;0.2;0.2;
10/29/2019 4:30:04 PM;2545;32.2;33.5;0.2;0.2;
10/29/2019 4:30:05 PM;2546;32.2;33.5;0.2;0.2;
10/29/2019 4:30:06 PM;2547;32.2;33.5;0.2;0.2;
10/29/2019 4:30:07 PM;2548;32.2;33.5;0.2;0.2;
10/29/2019 4:30:08 PM;2549;32.2;33.5;0.2;0.2;
10/29/2019 4:30:09 PM;2550;32.2;33.5;0.2;0.2;
10/29/2019 4:30:10 PM;2551;32.2;33.5;0.2;0.2;
10/29/2019 4:30:11 PM;2552;32.2;33.5;0.2;0.2;
10/29/2019 4:30:12 PM;2553;32.2;33.5;0.2;0.2;
10/29/2019 4:30:13 PM;2554;32.2;33.5;0.2;0.2;
10/29/2019 4:30:14 PM;2555;32.2;33.5;0.2;0.2;
10/29/2019 4:30:15 PM;2556;32.2;33.5;0.2;0.2;
10/29/2019 4:30:16 PM;2557;32.2;33.5;0.2;0.2;
10/29/2019 4:30:17 PM;2558;32.2;33.5;0.2;0.2;
10/29/2019 4:30:18 PM;2559;32.2;33.5;0.2;0.2;
10/29/2019 4:30:19 PM;2560;32.2;33.5;0.2;0.2;
10/29/2019 4:30:20 PM;2561;32.2;33.5;0.2;0.2;
10/29/2019 4:30:21 PM;2562;32.2;33.5;0.2;0.2;
10/29/2019 4:30:22 PM;2563;32.2;33.5;0.2;0.2;
10/29/2019 4:30:23 PM;2564;32.2;33.5;0.2;0.2;
10/29/2019 4:30:24 PM;2565;32.2;33.5;0.2;0.2;
10/29/2019 4:30:25 PM;2566;32.2;33.5;0.2;0.2;
10/29/2019 4:30:26 PM;2567;32.2;33.5;0.2;0.2;
10/29/2019 4:30:27 PM;2568;32.2;33.5;0.2;0.2;
10/29/2019 4:30:28 PM;2569;32.2;33.5;0.2;0.2;
10/29/2019 4:30:29 PM;2570;32.2;33.5;0.2;0.2;
10/29/2019 4:30:30 PM;2571;32.2;33.5;0.2;0.2;
10/29/2019 4:30:31 PM;2572;32.2;33.5;0.2;0.2;
10/29/2019 4:30:32 PM;2573;32.2;33.5;0.2;0.2;
10/29/2019 4:30:33 PM;2574;32.2;33.5;0.2;0.2;
10/29/2019 4:30:34 PM;2575;32.2;33.5;0.2;0.2;
10/29/2019 4:30:35 PM;2576;32.2;33.5;0.2;0.2;
10/29/2019 4:30:36 PM;2577;32.2;33.5;0.2;0.2;
10/29/2019 4:30:37 PM;2578;32.2;33.5;0.2;0.2;
10/29/2019 4:30:38 PM;2579;32.2;33.5;0.2;0.2;
10/29/2019 4:30:39 PM;2580;32.2;33.5;0.2;0.2;
10/29/2019 4:30:40 PM;2581;32.2;33.5;0.2;0.2;
10/29/2019 4:30:41 PM;2582;32.2;33.5;0.2;0.2;
10/29/2019 4:30:42 PM;2583;32.2;33.5;0.2;0.2;
10/29/2019 4:30:43 PM;2584;32.2;33.5;0.2;0.2;
10/29/2019 4:30:44 PM;2585;32.2;33.5;0.2;0.2;
10/29/2019 4:30:45 PM;2586;32.2;33.5;0.2;0.2;
10/29/2019 4:30:46 PM;2587;32.2;33.5;0.2;0.2;
10/29/2019 4:30:47 PM;2588;32.2;33.5;0.2;0.2;
10/29/2019 4:30:48 PM;2589;32.2;33.5;0.2;0.2;
10/29/2019 4:30:49 PM;2590;32.2;33.5;0.2;0.2;
10/29/2019 4:30:50 PM;2591;32.2;33.5;0.2;0.2;
10/29/2019 4:30:51 PM;2592;32.2;33.5;0.2;0.2;
10/29/2019 4:30:52 PM;2593;32.2;33.5;0.2;0.2;
10/29/2019 4:30:53 PM;2594;32.2;33.5;0.2;0.2;
10/29/2019 4:30:54 PM;2595;32.2;33.5;0.2;0.2;
10/29/2019 4:30:55 PM;2596;32.2;33.5;0.2;0.2;
10/29/2019 4:30:56 PM;2597;32.2;33.5;0.2;0.2;
10/29/2019 4:30:57 PM;2598;32.2;33.5;0.2;0.2;
10/29/2019 4:30:58 PM;2599;32.2;33.5;0.2;0.2;
10/29/2019 4:30:59 PM;2600;32.2;33.5;0.2;0.2;
10/29/2019 4:31:00 PM;2601;32.2;33.6;0.2;0.2;
10/29/2019 4:31:01 PM;2602;32.2;33.5;0.2;0.2;
10/29/2019 4:31:02 PM;2603;32.2;33.5;0.2;0.2;
10/29/2019 4:31:03 PM;2604;32.2;33.5;0.2;0.2;
10/29/2019 4:31:04 PM;2605;32.2;33.5;0.2;0.2;
10/29/2019 4:31:05 PM;2606;32.2;33.5;0.2;0.2;
10/29/2019 4:31:06 PM;2607;32.2;33.5;0.2;0.2;
10/29/2019 4:31:07 PM;2608;32.2;33.6;0.2;0.2;
10/29/2019 4:31:08 PM;2609;32.2;33.6;0.2;0.2;
10/29/2019 4:31:09 PM;2610;32.2;33.6;0.2;0.2;
10/29/2019 4:31:10 PM;2611;32.2;33.6;0.2;0.2;
10/29/2019 4:31:11 PM;2612;32.0;33.7;0.2;0.2;
10/29/2019 4:31:12 PM;2613;31.9;33.7;0.2;0.2;
10/29/2019 4:31:13 PM;2614;31.9;33.7;0.2;0.2;
10/29/2019 4:31:14 PM;2615;31.8;33.7;0.2;0.2;
10/29/2019 4:31:15 PM;2616;31.8;33.7;0.2;0.2;
10/29/2019 4:31:16 PM;2617;31.9;33.7;0.2;0.2;
10/29/2019 4:31:17 PM;2618;32.0;33.7;0.2;0.2;
10/29/2019 4:31:18 PM;2619;32.0;33.7;0.2;0.2;
10/29/2019 4:31:19 PM;2620;32.0;33.7;0.2;0.2;
10/29/2019 4:31:20 PM;2621;32.0;33.7;0.2;0.2;
10/29/2019 4:31:21 PM;2622;32.0;33.7;0.2;0.2;
10/29/2019 4:31:22 PM;2623;32.0;33.7;0.2;0.2;
10/29/2019 4:31:23 PM;2624;32.1;33.7;0.2;0.2;
10/29/2019 4:31:24 PM;2625;32.1;33.7;0.2;0.2;
10/29/2019 4:31:25 PM;2626;32.0;33.7;0.2;0.2;
10/29/2019 4:31:26 PM;2627;32.1;33.7;0.2;0.2;
10/29/2019 4:31:27 PM;2628;32.1;33.7;0.2;0.2;
10/29/2019 4:31:28 PM;2629;32.1;33.7;0.2;0.2;
10/29/2019 4:31:29 PM;2630;32.0;33.8;0.2;0.2;
10/29/2019 4:31:30 PM;2631;32.0;33.8;0.2;0.2;
10/29/2019 4:31:31 PM;2632;32.0;33.8;0.2;0.2;
10/29/2019 4:31:32 PM;2633;31.9;33.8;0.2;0.2;
10/29/2019 4:31:33 PM;2634;31.9;33.8;0.2;0.2;
10/29/2019 4:31:34 PM;2635;32.0;33.8;0.2;0.2;
10/29/2019 4:31:35 PM;2636;32.1;33.9;0.2;0.2;
10/29/2019 4:31:36 PM;2637;32.1;33.9;0.2;0.2;
10/29/2019 4:31:37 PM;2638;32.2;33.9;0.2;0.2;
10/29/2019 4:31:38 PM;2639;32.2;33.9;0.2;0.2;
10/29/2019 4:31:39 PM;2640;32.2;33.9;0.2;0.2;
10/29/2019 4:31:40 PM;2641;32.2;33.9;0.2;0.2;
10/29/2019 4:31:41 PM;2642;32.2;33.9;0.2;0.2;
10/29/2019 4:31:42 PM;2643;32.2;33.9;0.2;0.2;
10/29/2019 4:31:43 PM;2644;32.2;33.9;0.2;0.2;
10/29/2019 4:31:44 PM;2645;32.2;33.9;0.2;0.2;
10/29/2019 4:31:45 PM;2646;32.2;33.9;0.2;0.2;
10/29/2019 4:31:46 PM;2647;32.2;33.9;0.2;0.2;
10/29/2019 4:31:47 PM;2648;32.2;33.9;0.2;0.2;
10/29/2019 4:31:48 PM;2649;32.2;33.9;0.2;0.2;
10/29/2019 4:31:49 PM;2650;32.2;33.9;0.2;0.2;
10/29/2019 4:31:50 PM;2651;32.2;33.9;0.2;0.2;
10/29/2019 4:31:51 PM;2652;32.2;33.9;0.2;0.2;
10/29/2019 4:31:52 PM;2653;32.2;33.9;0.2;0.2;
10/29/2019 4:31:53 PM;2654;32.2;33.9;0.2;0.2;
10/29/2019 4:31:54 PM;2655;32.2;33.9;0.2;0.2;
10/29/2019 4:31:55 PM;2656;32.2;33.9;0.2;0.2;
10/29/2019 4:31:56 PM;2657;32.2;33.9;0.2;0.2;
10/29/2019 4:31:57 PM;2658;32.2;33.9;0.2;0.2;
10/29/2019 4:31:58 PM;2659;32.2;33.9;0.2;0.2;
10/29/2019 4:31:59 PM;2660;32.2;33.9;0.2;0.2;
10/29/2019 4:32:00 PM;2661;32.2;33.9;0.2;0.2;
10/29/2019 4:32:01 PM;2662;32.2;33.9;0.2;0.2;
10/29/2019 4:32:02 PM;2663;32.2;33.9;0.2;0.2;
10/29/2019 4:32:03 PM;2664;32.2;33.9;0.2;0.2;
10/29/2019 4:32:04 PM;2665;32.2;33.9;0.2;0.2;
10/29/2019 4:32:05 PM;2666;32.2;33.9;0.2;0.2;
10/29/2019 4:32:06 PM;2667;32.2;33.9;0.2;0.2;
10/29/2019 4:32:07 PM;2668;32.2;33.9;0.2;0.2;
10/29/2019 4:32:08 PM;2669;32.2;33.9;0.2;0.2;
10/29/2019 4:32:09 PM;2670;32.2;33.9;0.2;0.2;
10/29/2019 4:32:10 PM;2671;32.2;33.9;0.2;0.2;
10/29/2019 4:32:11 PM;2672;32.2;33.9;0.2;0.2;
10/29/2019 4:32:12 PM;2673;32.2;33.9;0.2;0.2;
10/29/2019 4:32:13 PM;2674;32.2;33.9;0.2;0.2;
10/29/2019 4:32:14 PM;2675;32.2;33.9;0.2;0.2;
10/29/2019 4:32:15 PM;2676;32.2;33.9;0.2;0.2;
10/29/2019 4:32:16 PM;2677;32.2;33.9;0.2;0.2;
10/29/2019 4:32:17 PM;2678;32.2;33.9;0.2;0.2;
10/29/2019 4:32:18 PM;2679;32.2;33.9;0.2;0.2;
10/29/2019 4:32:19 PM;2680;32.2;34.0;0.2;0.2;
10/29/2019 4:32:20 PM;2681;32.3;34.0;0.2;0.2;
10/29/2019 4:32:21 PM;2682;32.3;34.0;0.2;0.2;
10/29/2019 4:32:22 PM;2683;32.3;34.0;0.2;0.2;
10/29/2019 4:32:23 PM;2684;32.3;33.9;0.2;0.2;
10/29/2019 4:32:24 PM;2685;32.3;33.9;0.2;0.2;
10/29/2019 4:32:25 PM;2686;32.2;33.9;0.2;0.2;
10/29/2019 4:32:26 PM;2687;32.2;33.9;0.2;0.2;
10/29/2019 4:32:27 PM;2688;32.3;34.0;0.2;0.2;
10/29/2019 4:32:28 PM;2689;32.3;34.0;0.2;0.2;
10/29/2019 4:32:29 PM;2690;32.3;34.0;0.2;0.2;
10/29/2019 4:32:30 PM;2691;32.3;34.0;0.2;0.2;
10/29/2019 4:32:31 PM;2692;32.3;34.0;0.2;0.2;
10/29/2019 4:32:32 PM;2693;32.3;34.0;0.2;0.2;
10/29/2019 4:32:33 PM;2694;32.2;34.0;0.2;0.2;
10/29/2019 4:32:34 PM;2695;32.2;34.1;0.2;0.2;
10/29/2019 4:32:35 PM;2696;32.2;34.1;0.2;0.2;
10/29/2019 4:32:36 PM;2697;32.2;34.1;0.2;0.2;
10/29/2019 4:32:37 PM;2698;32.2;34.1;0.2;0.2;
10/29/2019 4:32:38 PM;2699;32.2;34.1;0.2;0.2;
10/29/2019 4:32:39 PM;2700;32.3;34.1;0.2;0.2;
10/29/2019 4:32:40 PM;2701;32.3;34.0;0.2;0.2;
10/29/2019 4:32:41 PM;2702;32.4;34.0;0.2;0.2;
10/29/2019 4:32:42 PM;2703;32.3;34.0;0.2;0.2;
10/29/2019 4:32:43 PM;2704;32.3;34.0;0.2;0.2;
10/29/2019 4:32:44 PM;2705;32.3;34.0;0.2;0.2;
10/29/2019 4:32:45 PM;2706;32.3;34.1;0.2;0.2;
10/29/2019 4:32:46 PM;2707;32.3;34.1;0.2;0.2;
10/29/2019 4:32:47 PM;2708;32.3;34.1;0.2;0.2;
10/29/2019 4:32:48 PM;2709;32.3;34.1;0.2;0.2;
10/29/2019 4:32:49 PM;2710;32.3;34.1;0.2;0.2;
10/29/2019 4:32:50 PM;2711;32.3;34.1;0.2;0.2;
10/29/2019 4:32:51 PM;2712;32.3;34.1;0.2;0.2;
10/29/2019 4:32:52 PM;2713;32.3;34.1;0.2;0.2;
10/29/2019 4:32:53 PM;2714;32.3;34.1;0.2;0.2;
10/29/2019 4:32:54 PM;2715;32.3;34.1;0.2;0.2;
10/29/2019 4:32:55 PM;2716;32.3;34.1;0.2;0.2;
10/29/2019 4:32:56 PM;2717;32.2;34.1;0.2;0.2;
10/29/2019 4:32:57 PM;2718;32.2;34.1;0.2;0.2;
10/29/2019 4:32:58 PM;2719;32.2;34.1;0.2;0.2;
10/29/2019 4:32:59 PM;2720;32.2;34.1;0.2;0.2;
10/29/2019 4:33:00 PM;2721;32.2;34.1;0.2;0.2;
10/29/2019 4:33:01 PM;2722;32.3;34.1;0.2;0.2;
10/29/2019 4:33:02 PM;2723;32.3;34.1;0.2;0.2;
10/29/2019 4:33:03 PM;2724;32.2;34.1;0.2;0.2;
10/29/2019 4:33:04 PM;2725;32.2;34.1;0.2;0.2;
10/29/2019 4:33:05 PM;2726;32.2;34.1;0.2;0.2;
10/29/2019 4:33:06 PM;2727;32.2;34.1;0.2;0.2;
10/29/2019 4:33:07 PM;2728;32.2;34.1;0.2;0.2;
10/29/2019 4:33:08 PM;2729;32.2;34.1;0.2;0.2;
10/29/2019 4:33:09 PM;2730;32.2;34.1;0.2;0.2;
10/29/2019 4:33:10 PM;2731;32.2;34.1;0.2;0.2;
10/29/2019 4:33:11 PM;2732;32.2;34.1;0.2;0.2;
10/29/2019 4:33:12 PM;2733;32.2;34.1;0.2;0.2;
10/29/2019 4:33:13 PM;2734;32.2;34.1;0.2;0.2;
10/29/2019 4:33:14 PM;2735;32.2;34.1;0.2;0.2;
10/29/2019 4:33:15 PM;2736;32.2;34.1;0.2;0.2;
10/29/2019 4:33:16 PM;2737;32.2;34.1;0.2;0.2;
10/29/2019 4:33:17 PM;2738;32.2;34.1;0.2;0.2;
10/29/2019 4:33:18 PM;2739;32.2;34.1;0.2;0.2;
10/29/2019 4:33:19 PM;2740;32.2;34.1;0.2;0.2;
10/29/2019 4:33:20 PM;2741;32.2;34.1;0.2;0.2;
10/29/2019 4:33:21 PM;2742;32.2;34.1;0.2;0.2;
10/29/2019 4:33:22 PM;2743;32.2;34.1;0.2;0.2;
10/29/2019 4:33:23 PM;2744;32.2;34.1;0.2;0.2;
10/29/2019 4:33:24 PM;2745;32.2;34.1;0.2;0.2;
10/29/2019 4:33:25 PM;2746;32.2;34.1;0.2;0.2;
10/29/2019 4:33:26 PM;2747;32.2;34.1;0.2;0.2;
10/29/2019 4:33:27 PM;2748;32.2;34.1;0.2;0.2;
10/29/2019 4:33:28 PM;2749;32.2;34.1;0.2;0.2;
10/29/2019 4:33:29 PM;2750;32.2;34.1;0.2;0.2;
10/29/2019 4:33:30 PM;2751;32.2;34.1;0.2;0.2;
10/29/2019 4:33:31 PM;2752;32.2;34.1;0.2;0.2;
10/29/2019 4:33:32 PM;2753;32.2;34.1;0.2;0.2;
10/29/2019 4:33:33 PM;2754;32.2;34.1;0.2;0.2;
10/29/2019 4:33:34 PM;2755;32.2;34.1;0.2;0.2;
10/29/2019 4:33:35 PM;2756;32.2;34.1;0.2;0.2;
10/29/2019 4:33:36 PM;2757;32.2;34.1;0.2;0.2;
10/29/2019 4:33:37 PM;2758;32.2;34.1;0.2;0.2;
10/29/2019 4:33:38 PM;2759;32.2;34.1;0.2;0.2;
10/29/2019 4:33:39 PM;2760;32.2;34.2;0.2;0.2;
10/29/2019 4:33:40 PM;2761;32.2;34.2;0.2;0.2;
10/29/2019 4:33:41 PM;2762;32.2;34.3;0.2;0.2;
10/29/2019 4:33:42 PM;2763;32.2;34.3;0.2;0.2;
10/29/2019 4:33:43 PM;2764;32.2;34.3;0.2;0.2;
10/29/2019 4:33:44 PM;2765;32.2;34.3;0.2;0.2;
10/29/2019 4:33:45 PM;2766;32.2;34.3;0.2;0.2;
10/29/2019 4:33:46 PM;2767;32.2;34.3;0.2;0.2;
10/29/2019 4:33:47 PM;2768;32.2;34.3;0.2;0.2;
10/29/2019 4:33:48 PM;2769;32.2;34.3;0.2;0.2;
10/29/2019 4:33:49 PM;2770;32.2;34.3;0.2;0.2;
10/29/2019 4:33:50 PM;2771;32.2;34.3;0.2;0.2;
10/29/2019 4:33:51 PM;2772;32.2;34.2;0.2;0.2;
10/29/2019 4:33:52 PM;2773;32.2;34.2;0.2;0.2;
10/29/2019 4:33:53 PM;2774;32.2;34.2;0.2;0.2;
10/29/2019 4:33:54 PM;2775;32.2;34.2;0.2;0.2;
10/29/2019 4:33:55 PM;2776;32.2;34.2;0.2;0.2;
10/29/2019 4:33:56 PM;2777;32.2;34.3;0.2;0.2;
10/29/2019 4:33:57 PM;2778;32.2;34.3;0.2;0.2;
10/29/2019 4:33:58 PM;2779;32.2;34.3;0.2;0.2;
10/29/2019 4:33:59 PM;2780;32.2;34.3;0.2;0.2;
10/29/2019 4:34:00 PM;2781;32.2;34.3;0.2;0.2;
10/29/2019 4:34:01 PM;2782;32.2;34.3;0.2;0.2;
10/29/2019 4:34:02 PM;2783;32.2;34.3;0.2;0.2;
10/29/2019 4:34:03 PM;2784;32.2;34.3;0.2;0.2;
10/29/2019 4:34:04 PM;2785;32.2;34.3;0.2;0.2;
10/29/2019 4:34:05 PM;2786;32.2;34.3;0.2;0.2;
10/29/2019 4:34:06 PM;2787;32.2;34.3;0.2;0.2;
10/29/2019 4:34:07 PM;2788;32.2;34.3;0.2;0.2;
10/29/2019 4:34:08 PM;2789;32.2;34.3;0.2;0.2;
10/29/2019 4:34:09 PM;2790;32.2;34.2;0.2;0.2;
10/29/2019 4:34:10 PM;2791;32.2;34.2;0.2;0.2;
10/29/2019 4:34:11 PM;2792;32.2;34.2;0.2;0.2;
10/29/2019 4:34:12 PM;2793;32.2;34.2;0.2;0.2;
10/29/2019 4:34:13 PM;2794;32.2;34.2;0.2;0.2;
10/29/2019 4:34:14 PM;2795;32.2;34.2;0.2;0.2;
10/29/2019 4:34:15 PM;2796;32.2;34.2;0.2;0.2;
10/29/2019 4:34:16 PM;2797;32.2;34.3;0.2;0.2;
10/29/2019 4:34:17 PM;2798;32.2;34.3;0.2;0.2;
10/29/2019 4:34:18 PM;2799;32.2;34.3;0.2;0.2;
10/29/2019 4:34:19 PM;2800;32.2;34.3;0.2;0.2;
10/29/2019 4:34:20 PM;2801;32.2;34.3;0.2;0.2;
10/29/2019 4:34:21 PM;2802;32.2;34.2;0.2;0.2;
10/29/2019 4:34:22 PM;2803;32.2;34.2;0.2;0.2;
10/29/2019 4:34:23 PM;2804;32.2;34.2;0.2;0.2;
10/29/2019 4:34:24 PM;2805;32.2;34.2;0.2;0.2;
10/29/2019 4:34:25 PM;2806;32.2;34.2;0.2;0.2;
10/29/2019 4:34:26 PM;2807;32.2;34.3;0.2;0.2;
10/29/2019 4:34:27 PM;2808;32.2;34.3;0.2;0.2;
10/29/2019 4:34:28 PM;2809;32.2;34.3;0.2;0.2;
10/29/2019 4:34:29 PM;2810;32.2;34.3;0.2;0.2;
10/29/2019 4:34:30 PM;2811;32.2;34.3;0.2;0.2;
10/29/2019 4:34:31 PM;2812;32.2;34.2;0.2;0.2;
10/29/2019 4:34:32 PM;2813;32.2;34.2;0.2;0.2;
10/29/2019 4:34:33 PM;2814;32.2;34.2;0.2;0.2;
10/29/2019 4:34:34 PM;2815;32.2;34.2;0.2;0.2;
10/29/2019 4:34:35 PM;2816;32.2;34.2;0.2;0.2;
10/29/2019 4:34:36 PM;2817;32.2;34.2;0.2;0.2;
10/29/2019 4:34:37 PM;2818;32.2;34.2;0.2;0.2;
10/29/2019 4:34:38 PM;2819;32.2;34.2;0.2;0.2;
10/29/2019 4:34:39 PM;2820;32.2;34.2;0.2;0.2;
10/29/2019 4:34:40 PM;2821;32.2;34.2;0.2;0.2;
10/29/2019 4:34:41 PM;2822;32.2;34.2;0.2;0.2;
10/29/2019 4:34:42 PM;2823;32.2;34.2;0.2;0.2;
10/29/2019 4:34:43 PM;2824;32.2;34.2;0.2;0.2;
10/29/2019 4:34:44 PM;2825;32.2;34.3;0.2;0.2;
10/29/2019 4:34:45 PM;2826;32.2;34.3;0.2;0.2;
10/29/2019 4:34:46 PM;2827;32.2;34.3;0.2;0.2;
10/29/2019 4:34:47 PM;2828;32.2;34.3;0.2;0.2;
10/29/2019 4:34:48 PM;2829;32.2;34.3;0.2;0.2;
10/29/2019 4:34:49 PM;2830;32.2;34.3;0.2;0.2;
10/29/2019 4:34:50 PM;2831;32.2;34.3;0.2;0.2;
10/29/2019 4:34:51 PM;2832;32.2;34.3;0.2;0.2;
10/29/2019 4:34:52 PM;2833;32.2;34.3;0.2;0.2;
10/29/2019 4:34:53 PM;2834;32.2;34.3;0.2;0.2;
10/29/2019 4:34:54 PM;2835;32.2;34.3;0.2;0.2;
10/29/2019 4:34:55 PM;2836;32.2;34.3;0.2;0.2;
10/29/2019 4:34:56 PM;2837;32.2;34.3;0.2;0.2;
10/29/2019 4:34:57 PM;2838;32.2;34.3;0.2;0.2;
10/29/2019 4:34:58 PM;2839;32.2;34.3;0.2;0.2;
10/29/2019 4:34:59 PM;2840;32.2;34.3;0.2;0.2;
10/29/2019 4:35:00 PM;2841;32.2;34.3;0.2;0.2;
10/29/2019 4:35:01 PM;2842;32.2;34.3;0.2;0.2;
10/29/2019 4:35:02 PM;2843;32.2;34.3;0.2;0.2;
10/29/2019 4:35:03 PM;2844;32.2;34.3;0.2;0.2;
10/29/2019 4:35:04 PM;2845;32.2;34.3;0.2;0.2;
10/29/2019 4:35:05 PM;2846;32.2;34.3;0.2;0.2;
10/29/2019 4:35:06 PM;2847;32.2;34.3;0.2;0.2;
10/29/2019 4:35:07 PM;2848;32.2;34.3;0.2;0.2;
10/29/2019 4:35:08 PM;2849;32.2;34.3;0.2;0.2;
10/29/2019 4:35:09 PM;2850;32.2;34.3;0.2;0.2;
10/29/2019 4:35:10 PM;2851;32.2;34.3;0.2;0.2;
10/29/2019 4:35:11 PM;2852;32.2;34.3;0.2;0.2;
10/29/2019 4:35:12 PM;2853;32.2;34.3;0.2;0.2;
10/29/2019 4:35:13 PM;2854;32.2;34.3;0.2;0.2;
10/29/2019 4:35:14 PM;2855;32.2;34.3;0.2;0.2;
10/29/2019 4:35:15 PM;2856;32.2;34.3;0.2;0.2;
10/29/2019 4:35:16 PM;2857;32.2;34.3;0.2;0.2;
10/29/2019 4:35:17 PM;2858;32.2;34.3;0.2;0.2;
10/29/2019 4:35:18 PM;2859;32.2;34.3;0.2;0.2;
10/29/2019 4:35:19 PM;2860;32.2;34.3;0.2;0.2;
10/29/2019 4:35:20 PM;2861;32.2;34.3;0.2;0.2;
10/29/2019 4:35:21 PM;2862;32.2;34.3;0.2;0.2;
10/29/2019 4:35:22 PM;2863;32.2;34.3;0.2;0.2;
10/29/2019 4:35:23 PM;2864;32.2;34.3;0.2;0.2;
10/29/2019 4:35:24 PM;2865;32.2;34.3;0.2;0.2;
10/29/2019 4:35:25 PM;2866;32.2;34.3;0.2;0.2;
10/29/2019 4:35:26 PM;2867;32.2;34.3;0.2;0.2;
10/29/2019 4:35:27 PM;2868;32.2;34.3;0.2;0.2;
10/29/2019 4:35:28 PM;2869;32.2;34.3;0.2;0.2;
10/29/2019 4:35:29 PM;2870;32.2;34.3;0.2;0.2;
10/29/2019 4:35:30 PM;2871;32.2;34.3;0.2;0.2;
10/29/2019 4:35:31 PM;2872;32.2;34.3;0.2;0.2;
10/29/2019 4:35:32 PM;2873;32.2;34.3;0.2;0.2;
10/29/2019 4:35:33 PM;2874;32.2;34.3;0.2;0.2;
10/29/2019 4:35:34 PM;2875;32.2;34.3;0.2;0.2;
10/29/2019 4:35:35 PM;2876;32.2;34.3;0.2;0.2;
10/29/2019 4:35:36 PM;2877;32.2;34.3;0.2;0.2;
10/29/2019 4:35:37 PM;2878;32.2;34.3;0.2;0.2;
10/29/2019 4:35:38 PM;2879;32.2;34.3;0.2;0.2;
10/29/2019 4:35:39 PM;2880;32.2;34.3;0.2;0.2;
10/29/2019 4:35:40 PM;2881;32.2;34.3;0.2;0.2;
10/29/2019 4:35:41 PM;2882;32.2;34.3;0.2;0.2;
10/29/2019 4:35:42 PM;2883;32.2;34.2;0.2;0.2;
10/29/2019 4:35:43 PM;2884;32.2;34.2;0.2;0.2;
10/29/2019 4:35:44 PM;2885;32.2;34.2;0.2;0.2;
10/29/2019 4:35:45 PM;2886;32.2;34.2;0.2;0.2;
10/29/2019 4:35:46 PM;2887;32.2;34.2;0.2;0.2;
10/29/2019 4:35:47 PM;2888;32.2;34.3;0.2;0.2;
10/29/2019 4:35:48 PM;2889;32.2;34.3;0.2;0.2;
10/29/2019 4:35:49 PM;2890;32.2;34.3;0.2;0.2;
10/29/2019 4:35:50 PM;2891;32.2;34.3;0.2;0.2;
10/29/2019 4:35:51 PM;2892;32.2;34.3;0.2;0.2;
10/29/2019 4:35:52 PM;2893;32.2;34.3;0.2;0.2;
10/29/2019 4:35:53 PM;2894;32.2;34.3;0.2;0.2;
10/29/2019 4:35:54 PM;2895;32.2;34.3;0.2;0.2;
10/29/2019 4:35:55 PM;2896;32.2;34.3;0.2;0.2;
10/29/2019 4:35:56 PM;2897;32.2;34.3;0.2;0.2;
10/29/2019 4:35:57 PM;2898;32.2;34.3;0.2;0.2;
10/29/2019 4:35:58 PM;2899;32.2;34.3;0.2;0.2;
10/29/2019 4:35:59 PM;2900;32.2;34.3;0.2;0.2;
10/29/2019 4:36:00 PM;2901;32.2;34.2;0.2;0.2;
10/29/2019 4:36:01 PM;2902;32.2;34.2;0.2;0.2;
10/29/2019 4:36:02 PM;2903;32.2;34.2;0.2;0.2;
10/29/2019 4:36:03 PM;2904;32.2;34.2;0.2;0.2;
10/29/2019 4:36:04 PM;2905;32.2;34.2;0.2;0.2;
10/29/2019 4:36:05 PM;2906;32.2;34.2;0.2;0.2;
10/29/2019 4:36:06 PM;2907;32.2;34.2;0.2;0.2;
10/29/2019 4:36:07 PM;2908;32.2;34.2;0.2;0.2;
10/29/2019 4:36:08 PM;2909;32.2;34.2;0.2;0.2;
10/29/2019 4:36:09 PM;2910;32.2;34.3;0.2;0.2;
10/29/2019 4:36:10 PM;2911;32.2;34.3;0.2;0.2;
10/29/2019 4:36:11 PM;2912;32.2;34.3;0.2;0.2;
10/29/2019 4:36:12 PM;2913;32.2;34.2;0.2;0.2;
10/29/2019 4:36:13 PM;2914;32.2;34.2;0.2;0.2;
10/29/2019 4:36:14 PM;2915;32.2;34.2;0.2;0.2;
10/29/2019 4:36:15 PM;2916;32.2;34.2;0.2;0.2;
10/29/2019 4:36:16 PM;2917;32.2;34.2;0.2;0.2;
10/29/2019 4:36:17 PM;2918;32.2;34.3;0.2;0.2;
10/29/2019 4:36:18 PM;2919;32.2;34.2;0.2;0.2;
10/29/2019 4:36:19 PM;2920;32.2;34.2;0.2;0.2;
10/29/2019 4:36:20 PM;2921;32.2;34.2;0.2;0.2;
10/29/2019 4:36:21 PM;2922;32.2;34.2;0.2;0.2;
10/29/2019 4:36:22 PM;2923;32.2;34.2;0.2;0.2;
10/29/2019 4:36:23 PM;2924;32.2;34.2;0.2;0.2;
10/29/2019 4:36:24 PM;2925;32.2;34.2;0.2;0.2;
10/29/2019 4:36:25 PM;2926;32.2;34.2;0.2;0.2;
10/29/2019 4:36:26 PM;2927;32.2;34.2;0.2;0.2;
10/29/2019 4:36:27 PM;2928;32.0;34.2;0.2;0.2;
10/29/2019 4:36:28 PM;2929;32.0;34.2;0.2;0.2;
10/29/2019 4:36:29 PM;2930;31.9;34.2;0.2;0.2;
10/29/2019 4:36:30 PM;2931;31.8;34.2;0.2;0.2;
10/29/2019 4:36:31 PM;2932;31.7;34.1;0.2;0.2;
10/29/2019 4:36:32 PM;2933;31.8;34.1;0.2;0.2;
10/29/2019 4:36:33 PM;2934;31.8;34.1;0.2;0.2;
10/29/2019 4:36:34 PM;2935;31.8;34.2;0.2;0.2;
10/29/2019 4:36:35 PM;2936;31.9;34.2;0.2;0.2;
10/29/2019 4:36:36 PM;2937;31.9;34.3;0.2;0.2;
10/29/2019 4:36:37 PM;2938;32.0;34.3;0.2;0.2;
10/29/2019 4:36:38 PM;2939;32.0;34.2;0.2;0.2;
10/29/2019 4:36:39 PM;2940;32.0;34.2;0.2;0.2;
10/29/2019 4:36:40 PM;2941;32.0;34.2;0.2;0.2;
10/29/2019 4:36:41 PM;2942;32.0;34.2;0.2;0.2;
10/29/2019 4:36:42 PM;2943;32.0;34.1;0.2;0.2;
10/29/2019 4:36:43 PM;2944;32.0;34.2;0.2;0.2;
10/29/2019 4:36:44 PM;2945;32.0;34.2;0.2;0.2;
10/29/2019 4:36:45 PM;2946;32.0;34.2;0.2;0.2;
10/29/2019 4:36:46 PM;2947;32.0;34.1;0.2;0.2;
10/29/2019 4:36:47 PM;2948;32.0;34.1;0.2;0.2;
10/29/2019 4:36:48 PM;2949;32.0;34.1;0.2;0.2;
10/29/2019 4:36:49 PM;2950;32.0;34.1;0.2;0.2;
10/29/2019 4:36:50 PM;2951;32.0;34.1;0.2;0.2;
10/29/2019 4:36:51 PM;2952;32.0;34.1;0.2;0.2;
10/29/2019 4:36:52 PM;2953;32.0;34.1;0.2;0.2;
10/29/2019 4:36:53 PM;2954;32.0;34.2;0.2;0.2;
10/29/2019 4:36:54 PM;2955;32.0;34.1;0.2;0.2;
10/29/2019 4:36:55 PM;2956;32.0;34.1;0.2;0.2;
10/29/2019 4:36:56 PM;2957;32.0;34.1;0.2;0.2;
10/29/2019 4:36:57 PM;2958;32.0;34.1;0.2;0.2;
10/29/2019 4:36:58 PM;2959;32.0;34.1;0.2;0.2;
10/29/2019 4:36:59 PM;2960;32.0;34.1;0.2;0.2;
10/29/2019 4:37:00 PM;2961;32.0;34.1;0.2;0.2;
10/29/2019 4:37:01 PM;2962;32.0;34.1;0.2;0.2;
10/29/2019 4:37:02 PM;2963;32.0;34.1;0.2;0.2;
10/29/2019 4:37:03 PM;2964;32.0;34.1;0.2;0.2;
10/29/2019 4:37:04 PM;2965;32.0;34.1;0.2;0.2;
10/29/2019 4:37:05 PM;2966;32.0;34.1;0.2;0.2;
10/29/2019 4:37:06 PM;2967;32.0;34.1;0.2;0.2;
10/29/2019 4:37:07 PM;2968;32.0;34.1;0.2;0.2;
10/29/2019 4:37:08 PM;2969;32.0;34.1;0.2;0.2;
10/29/2019 4:37:09 PM;2970;32.0;34.1;0.2;0.2;
10/29/2019 4:37:10 PM;2971;32.0;34.2;0.2;0.2;
10/29/2019 4:37:11 PM;2972;32.0;34.1;0.2;0.2;
10/29/2019 4:37:12 PM;2973;32.0;34.2;0.2;0.2;
10/29/2019 4:37:13 PM;2974;32.0;34.2;0.2;0.2;
10/29/2019 4:37:14 PM;2975;32.0;34.2;0.2;0.2;
10/29/2019 4:37:15 PM;2976;32.0;34.1;0.2;0.2;
10/29/2019 4:37:16 PM;2977;32.0;34.1;0.2;0.2;
10/29/2019 4:37:17 PM;2978;32.0;34.1;0.2;0.2;
10/29/2019 4:37:18 PM;2979;32.0;34.1;0.2;0.2;
10/29/2019 4:37:19 PM;2980;32.0;34.1;0.2;0.2;
10/29/2019 4:37:20 PM;2981;32.0;34.1;0.2;0.2;
10/29/2019 4:37:21 PM;2982;32.0;34.1;0.2;0.2;
10/29/2019 4:37:22 PM;2983;32.0;34.1;0.2;0.2;
10/29/2019 4:37:23 PM;2984;32.0;34.1;0.2;0.2;
10/29/2019 4:37:24 PM;2985;32.0;34.1;0.2;0.2;
10/29/2019 4:37:25 PM;2986;32.0;34.1;0.2;0.2;
10/29/2019 4:37:26 PM;2987;32.0;34.1;0.2;0.2;
10/29/2019 4:37:27 PM;2988;32.0;34.1;0.2;0.2;
10/29/2019 4:37:28 PM;2989;32.0;34.1;0.2;0.2;
10/29/2019 4:37:29 PM;2990;32.0;34.1;0.2;0.2;
10/29/2019 4:37:30 PM;2991;32.0;34.1;0.2;0.2;
10/29/2019 4:37:31 PM;2992;32.0;34.1;0.2;0.2;
10/29/2019 4:37:32 PM;2993;32.0;34.1;0.2;0.2;
10/29/2019 4:37:33 PM;2994;32.0;34.1;0.2;0.2;
10/29/2019 4:37:34 PM;2995;32.0;34.1;0.2;0.2;
10/29/2019 4:37:35 PM;2996;32.0;34.1;0.2;0.2;
10/29/2019 4:37:36 PM;2997;32.0;34.1;0.2;0.2;
10/29/2019 4:37:37 PM;2998;32.0;34.1;0.2;0.2;
10/29/2019 4:37:38 PM;2999;32.0;34.1;0.2;0.2;
10/29/2019 4:37:39 PM;3000;32.0;34.1;0.2;0.2;
10/29/2019 4:37:40 PM;3001;32.0;34.1;0.2;0.2;
10/29/2019 4:37:41 PM;3002;32.0;34.1;0.2;0.2;
10/29/2019 4:37:42 PM;3003;32.0;34.1;0.2;0.2;
10/29/2019 4:37:43 PM;3004;32.0;34.1;0.2;0.2;
10/29/2019 4:37:44 PM;3005;32.0;34.1;0.2;0.2;
10/29/2019 4:37:45 PM;3006;32.0;34.1;0.2;0.2;
10/29/2019 4:37:46 PM;3007;32.0;34.1;0.2;0.2;
10/29/2019 4:37:47 PM;3008;32.0;34.1;0.2;0.2;
10/29/2019 4:37:48 PM;3009;32.0;34.1;0.2;0.2;
10/29/2019 4:37:49 PM;3010;32.0;34.1;0.2;0.2;
10/29/2019 4:37:50 PM;3011;32.0;34.1;0.2;0.2;
10/29/2019 4:37:51 PM;3012;32.0;34.1;0.2;0.2;
10/29/2019 4:37:52 PM;3013;32.0;34.1;0.2;0.2;
10/29/2019 4:37:53 PM;3014;32.0;34.1;0.2;0.2;
10/29/2019 4:37:54 PM;3015;32.0;34.1;0.2;0.2;
10/29/2019 4:37:55 PM;3016;32.0;34.1;0.2;0.2;
10/29/2019 4:37:56 PM;3017;32.0;34.1;0.2;0.2;
10/29/2019 4:37:57 PM;3018;32.0;34.1;0.2;0.2;
10/29/2019 4:37:58 PM;3019;32.0;34.1;0.2;0.2;
10/29/2019 4:37:59 PM;3020;32.0;34.1;0.2;0.2;
10/29/2019 4:38:00 PM;3021;32.0;34.1;0.2;0.2;
10/29/2019 4:38:01 PM;3022;32.0;34.1;0.2;0.2;
10/29/2019 4:38:02 PM;3023;32.0;34.1;0.2;0.2;
10/29/2019 4:38:03 PM;3024;32.0;34.1;0.2;0.2;
10/29/2019 4:38:04 PM;3025;32.0;34.1;0.2;0.2;
10/29/2019 4:38:05 PM;3026;32.0;34.1;0.2;0.2;
10/29/2019 4:38:06 PM;3027;32.0;34.1;0.2;0.2;
10/29/2019 4:38:07 PM;3028;32.0;34.1;0.2;0.2;
10/29/2019 4:38:08 PM;3029;32.0;34.1;0.2;0.2;
10/29/2019 4:38:09 PM;3030;32.0;34.1;0.2;0.2;
10/29/2019 4:38:10 PM;3031;32.0;34.1;0.2;0.2;
10/29/2019 4:38:11 PM;3032;32.0;34.1;0.2;0.2;
10/29/2019 4:38:12 PM;3033;32.0;34.1;0.2;0.2;
10/29/2019 4:38:13 PM;3034;32.0;34.1;0.2;0.2;
10/29/2019 4:38:14 PM;3035;32.0;34.1;0.2;0.2;
10/29/2019 4:38:15 PM;3036;32.0;34.1;0.2;0.2;
10/29/2019 4:38:16 PM;3037;32.0;34.1;0.2;0.2;
10/29/2019 4:38:17 PM;3038;32.0;34.1;0.2;0.2;
10/29/2019 4:38:18 PM;3039;32.0;34.1;0.2;0.2;
10/29/2019 4:38:19 PM;3040;32.0;34.1;0.2;0.2;
10/29/2019 4:38:20 PM;3041;32.0;34.1;0.2;0.2;
10/29/2019 4:38:21 PM;3042;32.0;34.1;0.2;0.2;
10/29/2019 4:38:22 PM;3043;32.0;34.1;0.2;0.2;
10/29/2019 4:38:23 PM;3044;32.0;34.1;0.2;0.2;
10/29/2019 4:38:24 PM;3045;32.0;34.1;0.2;0.2;
10/29/2019 4:38:25 PM;3046;32.0;34.1;0.2;0.2;
10/29/2019 4:38:26 PM;3047;32.0;34.1;0.2;0.2;
10/29/2019 4:38:27 PM;3048;32.0;34.1;0.2;0.2;
10/29/2019 4:38:28 PM;3049;31.9;34.1;0.2;0.2;
10/29/2019 4:38:29 PM;3050;31.9;34.1;0.2;0.2;
10/29/2019 4:38:30 PM;3051;31.9;34.1;0.2;0.2;
10/29/2019 4:38:31 PM;3052;31.9;34.1;0.2;0.2;
10/29/2019 4:38:32 PM;3053;31.9;34.1;0.2;0.2;
10/29/2019 4:38:33 PM;3054;31.9;34.1;0.2;0.2;
10/29/2019 4:38:34 PM;3055;32.0;34.1;0.2;0.2;
10/29/2019 4:38:35 PM;3056;32.0;34.1;0.2;0.2;
10/29/2019 4:38:36 PM;3057;32.0;34.1;0.2;0.2;
10/29/2019 4:38:37 PM;3058;32.0;34.1;0.2;0.2;
10/29/2019 4:38:38 PM;3059;32.0;34.1;0.2;0.2;
10/29/2019 4:38:39 PM;3060;32.0;34.1;0.2;0.2;
10/29/2019 4:38:40 PM;3061;32.0;34.1;0.2;0.2;
10/29/2019 4:38:41 PM;3062;32.0;34.1;0.2;0.2;
10/29/2019 4:38:42 PM;3063;32.0;34.1;0.2;0.2;
10/29/2019 4:38:43 PM;3064;32.0;34.1;0.2;0.2;
10/29/2019 4:38:44 PM;3065;32.0;34.1;0.2;0.2;
10/29/2019 4:38:45 PM;3066;32.0;34.1;0.2;0.2;
10/29/2019 4:38:46 PM;3067;32.0;34.1;0.2;0.2;
10/29/2019 4:38:47 PM;3068;32.0;34.1;0.2;0.2;
10/29/2019 4:38:48 PM;3069;32.0;34.1;0.2;0.2;
10/29/2019 4:38:49 PM;3070;32.0;34.1;0.2;0.2;
10/29/2019 4:38:50 PM;3071;32.0;34.1;0.2;0.2;
10/29/2019 4:38:51 PM;3072;32.0;34.1;0.2;0.2;
10/29/2019 4:38:52 PM;3073;32.0;34.1;0.2;0.2;
10/29/2019 4:38:53 PM;3074;32.0;34.1;0.2;0.2;
10/29/2019 4:38:54 PM;3075;32.0;34.1;0.2;0.2;
10/29/2019 4:38:55 PM;3076;32.0;34.1;0.2;0.2;
10/29/2019 4:38:56 PM;3077;32.0;34.1;0.2;0.2;
10/29/2019 4:38:57 PM;3078;32.0;34.1;0.2;0.2;
10/29/2019 4:38:58 PM;3079;32.0;34.1;0.2;0.2;
10/29/2019 4:38:59 PM;3080;32.0;34.1;0.2;0.2;
10/29/2019 4:39:00 PM;3081;32.0;34.1;0.2;0.2;
10/29/2019 4:39:01 PM;3082;32.0;34.1;0.2;0.2;
10/29/2019 4:39:02 PM;3083;32.0;34.1;0.2;0.2;
10/29/2019 4:39:03 PM;3084;32.0;34.1;0.2;0.2;
10/29/2019 4:39:04 PM;3085;32.0;34.1;0.2;0.2;
10/29/2019 4:39:05 PM;3086;32.0;34.1;0.2;0.2;
10/29/2019 4:39:06 PM;3087;32.0;34.1;0.2;0.2;
10/29/2019 4:39:07 PM;3088;32.0;34.1;0.2;0.2;
10/29/2019 4:39:08 PM;3089;32.0;34.1;0.2;0.2;
10/29/2019 4:39:09 PM;3090;32.0;34.1;0.2;0.2;
10/29/2019 4:39:10 PM;3091;32.0;34.1;0.2;0.2;
10/29/2019 4:39:11 PM;3092;32.0;34.1;0.2;0.2;
10/29/2019 4:39:12 PM;3093;32.0;34.1;0.2;0.2;
10/29/2019 4:39:13 PM;3094;32.0;34.1;0.2;0.2;
10/29/2019 4:39:14 PM;3095;32.0;34.1;0.2;0.2;
10/29/2019 4:39:15 PM;3096;32.0;34.1;0.2;0.2;
10/29/2019 4:39:16 PM;3097;32.0;34.1;0.2;0.2;
10/29/2019 4:39:17 PM;3098;32.0;34.1;0.2;0.2;
10/29/2019 4:39:18 PM;3099;32.0;34.1;0.2;0.2;
10/29/2019 4:39:19 PM;3100;32.0;34.1;0.2;0.2;
10/29/2019 4:39:20 PM;3101;32.0;34.1;0.2;0.2;
10/29/2019 4:39:21 PM;3102;32.0;34.1;0.2;0.2;
10/29/2019 4:39:22 PM;3103;32.0;34.1;0.2;0.2;
10/29/2019 4:39:23 PM;3104;32.0;34.1;0.2;0.2;
10/29/2019 4:39:24 PM;3105;32.0;34.1;0.2;0.2;
10/29/2019 4:39:25 PM;3106;32.0;34.1;0.2;0.2;
10/29/2019 4:39:26 PM;3107;32.0;34.1;0.2;0.2;
10/29/2019 4:39:27 PM;3108;32.0;34.1;0.2;0.2;
10/29/2019 4:39:28 PM;3109;32.0;34.1;0.2;0.2;
10/29/2019 4:39:29 PM;3110;32.0;34.1;0.2;0.2;
10/29/2019 4:39:30 PM;3111;32.0;34.1;0.2;0.2;
10/29/2019 4:39:31 PM;3112;32.0;34.1;0.2;0.2;
10/29/2019 4:39:32 PM;3113;32.0;34.1;0.2;0.2;
10/29/2019 4:39:33 PM;3114;32.0;34.1;0.2;0.2;
10/29/2019 4:39:34 PM;3115;32.0;34.1;0.2;0.2;
10/29/2019 4:39:35 PM;3116;32.0;34.1;0.2;0.2;
10/29/2019 4:39:36 PM;3117;32.0;34.1;0.2;0.2;
10/29/2019 4:39:37 PM;3118;32.0;34.1;0.2;0.2;
10/29/2019 4:39:38 PM;3119;32.0;34.1;0.2;0.2;
10/29/2019 4:39:39 PM;3120;32.0;34.1;0.2;0.2;
10/29/2019 4:39:40 PM;3121;32.0;34.1;0.2;0.2;
10/29/2019 4:39:41 PM;3122;32.0;34.1;0.2;0.2;
10/29/2019 4:39:42 PM;3123;32.0;34.1;0.2;0.2;
10/29/2019 4:39:43 PM;3124;32.0;34.1;0.2;0.2;
10/29/2019 4:39:44 PM;3125;32.0;34.1;0.2;0.2;
10/29/2019 4:39:45 PM;3126;32.0;34.1;0.2;0.2;
10/29/2019 4:39:46 PM;3127;32.0;34.1;0.2;0.2;
10/29/2019 4:39:47 PM;3128;32.0;34.1;0.2;0.2;
10/29/2019 4:39:48 PM;3129;32.0;34.1;0.2;0.2;
10/29/2019 4:39:49 PM;3130;32.0;34.1;0.2;0.2;
10/29/2019 4:39:50 PM;3131;32.0;34.1;0.2;0.2;
10/29/2019 4:39:51 PM;3132;32.0;34.1;0.2;0.2;
10/29/2019 4:39:52 PM;3133;32.0;34.1;0.2;0.2;
10/29/2019 4:39:53 PM;3134;32.0;34.1;0.2;0.2;
10/29/2019 4:39:54 PM;3135;32.0;34.1;0.2;0.2;
10/29/2019 4:39:55 PM;3136;32.0;34.1;0.2;0.2;
10/29/2019 4:39:56 PM;3137;32.0;34.1;0.2;0.2;
10/29/2019 4:39:57 PM;3138;32.0;34.1;0.2;0.2;
10/29/2019 4:39:58 PM;3139;32.0;34.1;0.2;0.2;
10/29/2019 4:39:59 PM;3140;32.0;34.1;0.2;0.2;
10/29/2019 4:40:00 PM;3141;32.0;34.1;0.2;0.2;
10/29/2019 4:40:01 PM;3142;32.0;34.1;0.2;0.2;
10/29/2019 4:40:02 PM;3143;32.0;34.1;0.2;0.2;
10/29/2019 4:40:03 PM;3144;32.0;34.1;0.2;0.2;
10/29/2019 4:40:04 PM;3145;32.0;34.1;0.2;0.2;
10/29/2019 4:40:05 PM;3146;32.0;34.1;0.2;0.2;
10/29/2019 4:40:06 PM;3147;32.0;34.1;0.2;0.2;
10/29/2019 4:40:07 PM;3148;32.0;34.1;0.2;0.2;
10/29/2019 4:40:08 PM;3149;32.0;34.1;0.2;0.2;
10/29/2019 4:40:09 PM;3150;32.0;34.1;0.2;0.2;
10/29/2019 4:40:10 PM;3151;32.0;34.1;0.2;0.2;
10/29/2019 4:40:11 PM;3152;32.0;34.1;0.2;0.2;
10/29/2019 4:40:12 PM;3153;32.0;34.1;0.2;0.2;
10/29/2019 4:40:13 PM;3154;32.0;34.1;0.2;0.2;
10/29/2019 4:40:14 PM;3155;32.0;34.1;0.2;0.2;
10/29/2019 4:40:15 PM;3156;32.0;34.1;0.2;0.2;
10/29/2019 4:40:16 PM;3157;32.0;34.1;0.2;0.2;
10/29/2019 4:40:17 PM;3158;32.0;34.1;0.2;0.2;
10/29/2019 4:40:18 PM;3159;32.0;34.1;0.2;0.2;
10/29/2019 4:40:19 PM;3160;32.0;34.1;0.2;0.2;
10/29/2019 4:40:20 PM;3161;32.0;34.1;0.2;0.2;
10/29/2019 4:40:21 PM;3162;32.0;34.1;0.2;0.2;
10/29/2019 4:40:22 PM;3163;32.0;34.1;0.2;0.2;
10/29/2019 4:40:23 PM;3164;32.0;34.1;0.2;0.2;
10/29/2019 4:40:24 PM;3165;32.0;34.1;0.2;0.2;
10/29/2019 4:40:25 PM;3166;32.0;34.1;0.2;0.2;
10/29/2019 4:40:26 PM;3167;32.0;34.1;0.2;0.2;
10/29/2019 4:40:27 PM;3168;32.0;34.1;0.2;0.2;
10/29/2019 4:40:28 PM;3169;32.0;34.1;0.2;0.2;
10/29/2019 4:40:29 PM;3170;32.0;34.1;0.2;0.2;
10/29/2019 4:40:30 PM;3171;32.0;34.1;0.2;0.2;
10/29/2019 4:40:31 PM;3172;32.0;34.1;0.2;0.2;
10/29/2019 4:40:32 PM;3173;32.0;34.1;0.2;0.2;
10/29/2019 4:40:33 PM;3174;32.0;34.1;0.2;0.2;
10/29/2019 4:40:34 PM;3175;32.0;34.1;0.2;0.2;
10/29/2019 4:40:35 PM;3176;32.0;34.1;0.2;0.2;
10/29/2019 4:40:36 PM;3177;32.0;34.1;0.2;0.2;
10/29/2019 4:40:37 PM;3178;32.0;34.1;0.2;0.2;
10/29/2019 4:40:38 PM;3179;32.0;34.1;0.2;0.2;
10/29/2019 4:40:39 PM;3180;32.0;34.1;0.2;0.2;
10/29/2019 4:40:40 PM;3181;32.0;34.1;0.2;0.2;
10/29/2019 4:40:41 PM;3182;32.0;34.1;0.2;0.2;
10/29/2019 4:40:42 PM;3183;32.0;34.1;0.2;0.2;
10/29/2019 4:40:43 PM;3184;32.0;34.1;0.2;0.2;
10/29/2019 4:40:44 PM;3185;32.0;34.1;0.2;0.2;
10/29/2019 4:40:45 PM;3186;32.0;34.1;0.2;0.2;
10/29/2019 4:40:46 PM;3187;32.0;34.1;0.2;0.2;
10/29/2019 4:40:47 PM;3188;32.0;34.1;0.2;0.2;
10/29/2019 4:40:48 PM;3189;32.0;34.1;0.2;0.2;
10/29/2019 4:40:49 PM;3190;32.0;34.1;0.2;0.2;
10/29/2019 4:40:50 PM;3191;32.0;34.1;0.2;0.2;
10/29/2019 4:40:51 PM;3192;32.0;34.1;0.2;0.2;
10/29/2019 4:40:52 PM;3193;32.0;34.1;0.2;0.2;
10/29/2019 4:40:53 PM;3194;32.0;34.1;0.2;0.2;
10/29/2019 4:40:54 PM;3195;32.0;34.1;0.2;0.2;
10/29/2019 4:40:55 PM;3196;32.0;34.1;0.2;0.2;
10/29/2019 4:40:56 PM;3197;32.0;34.1;0.2;0.2;
10/29/2019 4:40:57 PM;3198;32.0;34.1;0.2;0.2;
10/29/2019 4:40:58 PM;3199;32.0;34.1;0.2;0.2;
10/29/2019 4:40:59 PM;3200;32.0;34.1;0.2;0.2;
10/29/2019 4:41:00 PM;3201;32.0;34.1;0.2;0.2;
10/29/2019 4:41:01 PM;3202;32.0;34.1;0.2;0.2;
10/29/2019 4:41:02 PM;3203;32.0;34.1;0.2;0.2;
10/29/2019 4:41:03 PM;3204;32.0;34.1;0.2;0.2;
10/29/2019 4:41:04 PM;3205;32.0;34.1;0.2;0.2;
10/29/2019 4:41:05 PM;3206;32.0;34.1;0.2;0.2;
10/29/2019 4:41:06 PM;3207;32.0;34.1;0.2;0.2;
10/29/2019 4:41:07 PM;3208;32.0;34.1;0.2;0.2;
10/29/2019 4:41:08 PM;3209;32.0;34.1;0.2;0.2;
10/29/2019 4:41:09 PM;3210;32.0;34.1;0.2;0.2;
10/29/2019 4:41:10 PM;3211;32.0;34.1;0.2;0.2;
10/29/2019 4:41:11 PM;3212;32.0;34.1;0.2;0.2;
10/29/2019 4:41:12 PM;3213;32.0;34.1;0.2;0.2;
10/29/2019 4:41:13 PM;3214;32.0;34.1;0.2;0.2;
10/29/2019 4:41:14 PM;3215;32.0;34.1;0.2;0.2;
10/29/2019 4:41:15 PM;3216;32.0;34.1;0.2;0.2;
10/29/2019 4:41:16 PM;3217;32.0;34.1;0.2;0.2;
10/29/2019 4:41:17 PM;3218;32.0;34.1;0.2;0.2;
10/29/2019 4:41:18 PM;3219;32.0;34.1;0.2;0.2;
10/29/2019 4:41:19 PM;3220;32.0;34.1;0.2;0.2;
10/29/2019 4:41:20 PM;3221;32.0;34.1;0.2;0.2;
10/29/2019 4:41:21 PM;3222;32.0;34.1;0.2;0.2;
10/29/2019 4:41:22 PM;3223;32.0;34.1;0.2;0.2;
10/29/2019 4:41:23 PM;3224;32.0;34.1;0.2;0.2;
10/29/2019 4:41:24 PM;3225;32.0;34.1;0.2;0.2;
10/29/2019 4:41:25 PM;3226;32.0;34.1;0.2;0.2;
10/29/2019 4:41:26 PM;3227;32.0;34.1;0.2;0.2;
10/29/2019 4:41:27 PM;3228;32.0;34.1;0.2;0.2;
10/29/2019 4:41:28 PM;3229;32.0;34.1;0.2;0.2;
10/29/2019 4:41:29 PM;3230;32.0;34.1;0.2;0.2;
10/29/2019 4:41:30 PM;3231;32.0;34.1;0.2;0.2;
10/29/2019 4:41:31 PM;3232;32.0;34.1;0.2;0.2;
10/29/2019 4:41:32 PM;3233;32.0;34.1;0.2;0.2;
10/29/2019 4:41:33 PM;3234;32.0;34.1;0.2;0.2;
10/29/2019 4:41:34 PM;3235;32.0;34.1;0.2;0.2;
10/29/2019 4:41:35 PM;3236;32.0;34.1;0.2;0.2;
10/29/2019 4:41:36 PM;3237;32.0;34.1;0.2;0.2;
10/29/2019 4:41:37 PM;3238;32.0;34.1;0.2;0.2;
10/29/2019 4:41:38 PM;3239;32.0;34.1;0.2;0.2;
10/29/2019 4:41:39 PM;3240;32.0;34.1;0.2;0.2;
10/29/2019 4:41:40 PM;3241;32.0;34.1;0.2;0.2;
10/29/2019 4:41:41 PM;3242;32.0;34.1;0.2;0.2;
10/29/2019 4:41:42 PM;3243;32.0;34.1;0.2;0.2;
10/29/2019 4:41:43 PM;3244;32.0;34.1;0.2;0.2;
10/29/2019 4:41:44 PM;3245;32.0;34.1;0.2;0.2;
10/29/2019 4:41:45 PM;3246;32.0;34.1;0.2;0.2;
10/29/2019 4:41:46 PM;3247;32.0;34.1;0.2;0.2;
10/29/2019 4:41:47 PM;3248;32.0;34.1;0.2;0.2;
10/29/2019 4:41:48 PM;3249;32.0;34.1;0.2;0.2;
10/29/2019 4:41:49 PM;3250;32.0;34.1;0.2;0.2;
10/29/2019 4:41:50 PM;3251;32.0;34.1;0.2;0.2;
10/29/2019 4:41:51 PM;3252;32.0;34.1;0.2;0.2;
10/29/2019 4:41:52 PM;3253;32.0;34.1;0.2;0.2;
10/29/2019 4:41:53 PM;3254;32.0;34.1;0.2;0.2;
10/29/2019 4:41:54 PM;3255;32.0;34.1;0.2;0.2;
10/29/2019 4:41:55 PM;3256;32.0;34.1;0.2;0.2;
10/29/2019 4:41:56 PM;3257;32.0;34.1;0.2;0.2;
10/29/2019 4:41:57 PM;3258;32.0;34.1;0.2;0.2;
10/29/2019 4:41:58 PM;3259;32.0;34.1;0.2;0.2;
10/29/2019 4:41:59 PM;3260;32.0;34.1;0.2;0.2;
10/29/2019 4:42:00 PM;3261;32.0;34.1;0.2;0.2;
10/29/2019 4:42:01 PM;3262;32.0;34.1;0.2;0.2;
10/29/2019 4:42:02 PM;3263;32.0;34.1;0.2;0.2;
10/29/2019 4:42:03 PM;3264;32.0;34.1;0.2;0.2;
10/29/2019 4:42:04 PM;3265;32.0;34.1;0.2;0.2;
10/29/2019 4:42:05 PM;3266;32.0;34.1;0.2;0.2;
10/29/2019 4:42:06 PM;3267;32.0;34.1;0.2;0.2;
10/29/2019 4:42:07 PM;3268;32.0;34.1;0.2;0.2;
10/29/2019 4:42:08 PM;3269;32.0;34.1;0.2;0.2;
10/29/2019 4:42:09 PM;3270;32.0;34.1;0.2;0.2;
10/29/2019 4:42:10 PM;3271;32.0;34.1;0.2;0.2;
10/29/2019 4:42:11 PM;3272;32.0;34.1;0.2;0.2;
10/29/2019 4:42:12 PM;3273;32.0;34.1;0.2;0.2;
10/29/2019 4:42:13 PM;3274;32.0;34.1;0.2;0.2;
10/29/2019 4:42:14 PM;3275;32.0;34.1;0.2;0.2;
10/29/2019 4:42:15 PM;3276;32.0;34.1;0.2;0.2;
10/29/2019 4:42:16 PM;3277;32.0;34.1;0.2;0.2;
10/29/2019 4:42:17 PM;3278;32.0;34.1;0.2;0.2;
10/29/2019 4:42:18 PM;3279;32.0;34.1;0.2;0.2;
10/29/2019 4:42:19 PM;3280;32.0;34.1;0.2;0.2;
10/29/2019 4:42:20 PM;3281;32.0;34.1;0.2;0.2;
10/29/2019 4:42:21 PM;3282;32.0;34.1;0.2;0.2;
10/29/2019 4:42:22 PM;3283;32.0;34.1;0.2;0.2;
10/29/2019 4:42:23 PM;3284;32.0;34.1;0.2;0.2;
10/29/2019 4:42:24 PM;3285;32.0;34.1;0.2;0.2;
10/29/2019 4:42:25 PM;3286;32.0;34.1;0.2;0.2;
10/29/2019 4:42:26 PM;3287;32.0;34.1;0.2;0.2;
10/29/2019 4:42:27 PM;3288;32.0;34.1;0.2;0.2;
10/29/2019 4:42:28 PM;3289;32.0;34.1;0.2;0.2;
10/29/2019 4:42:29 PM;3290;32.0;34.1;0.2;0.2;
10/29/2019 4:42:30 PM;3291;32.0;34.1;0.2;0.2;
10/29/2019 4:42:31 PM;3292;32.0;34.1;0.2;0.2;
10/29/2019 4:42:32 PM;3293;32.0;34.1;0.2;0.2;
10/29/2019 4:42:33 PM;3294;32.0;34.1;0.2;0.2;
10/29/2019 4:42:34 PM;3295;32.0;34.1;0.2;0.2;
10/29/2019 4:42:35 PM;3296;32.0;34.1;0.2;0.2;
10/29/2019 4:42:36 PM;3297;32.0;34.1;0.2;0.2;
10/29/2019 4:42:37 PM;3298;32.0;34.1;0.2;0.2;
10/29/2019 4:42:38 PM;3299;32.0;34.1;0.2;0.2;
10/29/2019 4:42:39 PM;3300;32.0;34.1;0.2;0.2;
10/29/2019 4:42:40 PM;3301;32.0;34.1;0.2;0.2;
10/29/2019 4:42:41 PM;3302;32.0;34.1;0.2;0.2;
10/29/2019 4:42:42 PM;3303;32.0;34.1;0.2;0.2;
10/29/2019 4:42:43 PM;3304;32.0;34.1;0.2;0.2;
10/29/2019 4:42:44 PM;3305;32.0;34.1;0.2;0.2;
10/29/2019 4:42:45 PM;3306;32.0;34.1;0.2;0.2;
10/29/2019 4:42:46 PM;3307;32.0;34.1;0.2;0.2;
10/29/2019 4:42:47 PM;3308;32.0;34.1;0.2;0.2;
10/29/2019 4:42:48 PM;3309;32.0;34.1;0.2;0.2;
10/29/2019 4:42:49 PM;3310;32.0;34.1;0.2;0.2;
10/29/2019 4:42:50 PM;3311;32.0;34.1;0.2;0.2;
10/29/2019 4:42:51 PM;3312;32.0;34.1;0.2;0.2;
10/29/2019 4:42:52 PM;3313;32.0;34.1;0.2;0.2;
10/29/2019 4:42:53 PM;3314;32.0;34.1;0.2;0.2;
10/29/2019 4:42:54 PM;3315;32.0;34.1;0.2;0.2;
10/29/2019 4:42:55 PM;3316;32.0;34.1;0.2;0.2;
10/29/2019 4:42:56 PM;3317;32.0;34.1;0.2;0.2;
10/29/2019 4:42:57 PM;3318;32.0;34.1;0.2;0.2;
10/29/2019 4:42:58 PM;3319;32.0;34.1;0.2;0.2;
10/29/2019 4:42:59 PM;3320;32.0;34.1;0.2;0.2;
10/29/2019 4:43:00 PM;3321;32.0;34.1;0.2;0.2;
10/29/2019 4:43:01 PM;3322;32.0;34.1;0.2;0.2;
10/29/2019 4:43:02 PM;3323;32.0;34.1;0.2;0.2;
10/29/2019 4:43:03 PM;3324;32.0;34.1;0.2;0.2;
10/29/2019 4:43:04 PM;3325;32.0;34.1;0.2;0.2;
10/29/2019 4:43:05 PM;3326;32.0;34.1;0.2;0.2;
10/29/2019 4:43:06 PM;3327;32.0;34.1;0.2;0.2;
10/29/2019 4:43:07 PM;3328;32.0;34.1;0.2;0.2;
10/29/2019 4:43:08 PM;3329;32.0;34.1;0.2;0.2;
10/29/2019 4:43:09 PM;3330;32.0;34.1;0.2;0.2;
10/29/2019 4:43:10 PM;3331;32.0;34.1;0.2;0.2;
10/29/2019 4:43:11 PM;3332;32.0;34.1;0.2;0.2;
10/29/2019 4:43:12 PM;3333;32.0;34.1;0.2;0.2;
10/29/2019 4:43:13 PM;3334;32.0;34.1;0.2;0.2;
10/29/2019 4:43:14 PM;3335;32.0;34.1;0.2;0.2;
10/29/2019 4:43:15 PM;3336;32.0;34.1;0.2;0.2;
10/29/2019 4:43:16 PM;3337;32.0;34.1;0.2;0.2;
10/29/2019 4:43:17 PM;3338;32.0;34.1;0.2;0.2;
10/29/2019 4:43:18 PM;3339;32.0;34.1;0.2;0.2;
10/29/2019 4:43:19 PM;3340;32.0;34.1;0.2;0.2;
10/29/2019 4:43:20 PM;3341;32.0;34.1;0.2;0.2;
10/29/2019 4:43:21 PM;3342;32.0;34.1;0.2;0.2;
10/29/2019 4:43:22 PM;3343;32.0;34.1;0.2;0.2;
10/29/2019 4:43:23 PM;3344;32.0;34.1;0.2;0.2;
10/29/2019 4:43:24 PM;3345;32.0;34.1;0.2;0.2;
10/29/2019 4:43:25 PM;3346;32.0;34.1;0.2;0.2;
10/29/2019 4:43:26 PM;3347;32.0;34.1;0.2;0.2;
10/29/2019 4:43:27 PM;3348;32.0;34.1;0.2;0.2;
10/29/2019 4:43:28 PM;3349;32.0;34.1;0.2;0.2;
10/29/2019 4:43:29 PM;3350;32.0;34.1;0.2;0.2;
10/29/2019 4:43:30 PM;3351;32.0;34.1;0.2;0.2;
10/29/2019 4:43:31 PM;3352;32.0;34.1;0.2;0.2;
10/29/2019 4:43:32 PM;3353;32.0;34.1;0.2;0.2;
10/29/2019 4:43:33 PM;3354;32.0;34.1;0.2;0.2;
10/29/2019 4:43:34 PM;3355;32.0;34.1;0.2;0.2;
10/29/2019 4:43:35 PM;3356;32.0;34.1;0.2;0.2;
10/29/2019 4:43:36 PM;3357;32.0;34.1;0.2;0.2;
10/29/2019 4:43:37 PM;3358;32.0;34.1;0.2;0.2;
10/29/2019 4:43:38 PM;3359;32.0;34.1;0.2;0.2;
10/29/2019 4:43:39 PM;3360;32.0;34.1;0.2;0.2;
10/29/2019 4:43:40 PM;3361;32.0;34.1;0.2;0.2;
10/29/2019 4:43:41 PM;3362;32.0;34.1;0.2;0.2;
10/29/2019 4:43:42 PM;3363;32.0;34.1;0.2;0.2;
10/29/2019 4:43:43 PM;3364;32.0;34.1;0.2;0.2;
10/29/2019 4:43:44 PM;3365;32.0;34.1;0.2;0.2;
10/29/2019 4:43:45 PM;3366;32.0;34.1;0.2;0.2;
10/29/2019 4:43:46 PM;3367;32.0;34.1;0.2;0.2;
10/29/2019 4:43:47 PM;3368;32.0;34.1;0.2;0.2;
10/29/2019 4:43:48 PM;3369;32.0;34.1;0.2;0.2;
10/29/2019 4:43:49 PM;3370;32.0;34.1;0.2;0.2;
10/29/2019 4:43:50 PM;3371;32.0;34.1;0.2;0.2;
10/29/2019 4:43:51 PM;3372;32.0;34.1;0.2;0.2;
10/29/2019 4:43:52 PM;3373;32.0;34.1;0.2;0.2;
10/29/2019 4:43:53 PM;3374;32.0;34.1;0.2;0.2;
10/29/2019 4:43:54 PM;3375;32.0;34.1;0.2;0.2;
10/29/2019 4:43:55 PM;3376;32.0;34.1;0.2;0.2;
10/29/2019 4:43:56 PM;3377;32.0;34.1;0.2;0.2;
10/29/2019 4:43:57 PM;3378;32.0;34.1;0.2;0.2;
10/29/2019 4:43:58 PM;3379;32.0;34.1;0.2;0.2;
10/29/2019 4:43:59 PM;3380;32.0;34.1;0.2;0.2;
10/29/2019 4:44:00 PM;3381;32.0;34.1;0.2;0.2;
10/29/2019 4:44:01 PM;3382;32.0;34.1;0.2;0.2;
10/29/2019 4:44:02 PM;3383;32.0;34.1;0.2;0.2;
10/29/2019 4:44:03 PM;3384;32.0;34.1;0.2;0.2;
10/29/2019 4:44:04 PM;3385;32.0;34.1;0.2;0.2;
10/29/2019 4:44:05 PM;3386;32.0;34.1;0.2;0.2;
10/29/2019 4:44:06 PM;3387;32.0;34.1;0.2;0.2;
10/29/2019 4:44:07 PM;3388;32.0;34.1;0.2;0.2;
10/29/2019 4:44:08 PM;3389;32.0;34.1;0.2;0.2;
10/29/2019 4:44:09 PM;3390;32.0;34.1;0.2;0.2;
10/29/2019 4:44:10 PM;3391;32.0;34.1;0.2;0.2;
10/29/2019 4:44:11 PM;3392;32.0;34.1;0.2;0.2;
10/29/2019 4:44:12 PM;3393;32.0;34.1;0.2;0.2;
10/29/2019 4:44:13 PM;3394;32.0;34.1;0.2;0.2;
10/29/2019 4:44:14 PM;3395;32.0;34.1;0.2;0.2;
10/29/2019 4:44:15 PM;3396;32.0;34.1;0.2;0.2;
10/29/2019 4:44:16 PM;3397;32.0;34.1;0.2;0.2;
10/29/2019 4:44:17 PM;3398;32.0;34.1;0.2;0.2;
10/29/2019 4:44:18 PM;3399;32.0;34.1;0.2;0.2;
10/29/2019 4:44:19 PM;3400;32.0;34.1;0.2;0.2;
10/29/2019 4:44:20 PM;3401;32.0;34.1;0.2;0.2;
10/29/2019 4:44:21 PM;3402;32.0;34.1;0.2;0.2;
10/29/2019 4:44:22 PM;3403;32.0;34.1;0.2;0.2;
10/29/2019 4:44:23 PM;3404;32.0;34.1;0.2;0.2;
10/29/2019 4:44:24 PM;3405;32.0;34.1;0.2;0.2;
10/29/2019 4:44:25 PM;3406;32.0;34.1;0.2;0.2;
10/29/2019 4:44:26 PM;3407;32.0;34.1;0.2;0.2;
10/29/2019 4:44:27 PM;3408;32.0;34.1;0.2;0.2;
10/29/2019 4:44:28 PM;3409;32.0;34.1;0.2;0.2;
10/29/2019 4:44:29 PM;3410;32.0;34.1;0.2;0.2;
10/29/2019 4:44:30 PM;3411;32.0;34.1;0.2;0.2;
10/29/2019 4:44:31 PM;3412;32.0;34.1;0.2;0.2;
10/29/2019 4:44:32 PM;3413;32.0;34.1;0.2;0.2;
10/29/2019 4:44:33 PM;3414;32.0;34.1;0.2;0.2;
10/29/2019 4:44:34 PM;3415;32.0;34.1;0.2;0.2;
10/29/2019 4:44:35 PM;3416;32.0;34.1;0.2;0.2;
10/29/2019 4:44:36 PM;3417;32.0;34.1;0.2;0.2;
10/29/2019 4:44:37 PM;3418;32.0;34.1;0.2;0.2;
10/29/2019 4:44:38 PM;3419;32.0;34.1;0.2;0.2;
10/29/2019 4:44:39 PM;3420;32.0;34.1;0.2;0.2;
10/29/2019 4:44:40 PM;3421;32.0;34.1;0.2;0.2;
10/29/2019 4:44:41 PM;3422;32.0;34.1;0.2;0.2;
10/29/2019 4:44:42 PM;3423;32.0;34.1;0.2;0.2;
10/29/2019 4:44:43 PM;3424;32.0;34.1;0.2;0.2;
10/29/2019 4:44:44 PM;3425;32.0;34.1;0.2;0.2;
10/29/2019 4:44:45 PM;3426;32.0;34.1;0.2;0.2;
10/29/2019 4:44:46 PM;3427;32.0;34.1;0.2;0.2;
